query_id,target_id,variant,target_rank,target_rank_change_vs_full,embedding_cosine_to_full,top5_overlap_with_full,top1_id
B00CZ7QJUG,B005AD7WZI,full,284.0,0.0,1.0,5,B00A0OC4BY
B00CZ7QJUG,B005AD7WZI,shuffled,6226.0,5942.0,0.05668502673506737,0,B0098GE9GI
B00CZ7QJUG,B005AD7WZI,uniform,6125.0,5841.0,0.379377543926239,0,B007XCU72Y
B0083I6W08,B00BPD4N5E,full,70.0,0.0,1.0000001192092896,5,B0062B5JQQ
B0083I6W08,B00BPD4N5E,shuffled,2295.0,2225.0,0.09106288105249405,0,B005IYLOYE
B0083I6W08,B00BPD4N5E,uniform,484.0,414.0,0.20710554718971252,0,B006U6ENVK
B0083WOL16,B008VNAKSU,full,141.0,0.0,1.0,5,B002UFT5JA
B0083WOL16,B008VNAKSU,shuffled,2896.0,2755.0,0.12557172775268555,0,B0027W297Q
B0083WOL16,B008VNAKSU,uniform,6057.0,5916.0,0.23533888161182404,0,B004KJEOKO
B005Y4KFPM,B005Y4JJ0Y,full,92.0,0.0,1.000000238418579,5,B0087J58OE
B005Y4KFPM,B005Y4JJ0Y,shuffled,3475.0,3383.0,0.194870263338089,0,B000VX05IS
B005Y4KFPM,B005Y4JJ0Y,uniform,243.0,151.0,0.5601847767829895,0,B002NCIATQ
B006QHPYIY,B005NYBUF2,full,167.0,0.0,1.0000001192092896,5,B008O7SX5U
B006QHPYIY,B005NYBUF2,shuffled,1394.0,1227.0,0.18135155737400055,0,B005F0NY26
B006QHPYIY,B005NYBUF2,uniform,861.0,694.0,0.4526636600494385,0,B00A6X1ZHS
B001OATAN8,B001OAN6BK,full,1.0,0.0,1.0,5,B001OAN6BK
B001OATAN8,B001OAN6BK,shuffled,2.0,1.0,0.4098730981349945,1,B001LV9ZQM
B001OATAN8,B001OAN6BK,uniform,1.0,0.0,0.7904365062713623,3,B001OAN6BK
B0075G2YFG,B007A4H2IW,full,23.0,0.0,1.000000238418579,5,B005HIQ9KA
B0075G2YFG,B007A4H2IW,shuffled,5477.0,5454.0,0.2506648898124695,0,B005XEIPZK
B0075G2YFG,B007A4H2IW,uniform,1871.0,1848.0,0.5212108492851257,0,B001MG8S82
B005XIGOL8,B003IB71I2,full,1.0,0.0,1.000000238418579,5,B003IB71I2
B005XIGOL8,B003IB71I2,shuffled,3493.0,3492.0,0.2212894707918167,0,B005C91FL2
B005XIGOL8,B003IB71I2,uniform,152.0,151.0,0.476711243391037,0,B005C91IGE
B009LM1ZJS,B00B4EF1AA,full,1.0,0.0,0.9999998211860657,5,B00B4EF1AA
B009LM1ZJS,B00B4EF1AA,shuffled,316.0,315.0,0.2215816080570221,0,B007VYSBSG
B009LM1ZJS,B00B4EF1AA,uniform,419.0,418.0,0.2762088477611542,0,B003HIWLVI
B00EW84RMS,B00BGVUTBC,full,117.0,0.0,1.000000238418579,5,B006AJXW0A
B00EW84RMS,B00BGVUTBC,shuffled,831.0,714.0,0.11773920059204102,0,B00B4EF1AA
B00EW84RMS,B00BGVUTBC,uniform,54.0,-63.0,0.4977472424507141,0,B0088N39PY
B0073OGKDW,B004PLN0DO,full,2.0,0.0,1.0000001192092896,5,B00842GS3O
B0073OGKDW,B004PLN0DO,shuffled,4.0,2.0,0.2794665992259979,1,B004L627X2
B0073OGKDW,B004PLN0DO,uniform,8.0,6.0,0.6870999932289124,0,B003AQK8G2
B00AZLY7QM,B009MB8Q7C,full,1.0,0.0,1.000000238418579,5,B009MB8Q7C
B00AZLY7QM,B009MB8Q7C,shuffled,104.0,103.0,0.25126445293426514,0,B000A1OIUM
B00AZLY7QM,B009MB8Q7C,uniform,15.0,14.0,0.8429846167564392,1,B004V93LYI
B008TP27PY,B004WSVYX8,full,316.0,0.0,1.0000001192092896,5,B007UOM818
B008TP27PY,B004WSVYX8,shuffled,3424.0,3108.0,0.24304035305976868,0,B005UL00IQ
B008TP27PY,B004WSVYX8,uniform,750.0,434.0,0.41083598136901855,0,B00E4AE148
B00CFZQIUE,B0062UCEE2,full,44.0,0.0,1.0,5,B006CS7RIC
B00CFZQIUE,B0062UCEE2,shuffled,2195.0,2151.0,0.2179240584373474,0,B00785L9Y6
B00CFZQIUE,B0062UCEE2,uniform,296.0,252.0,0.35697731375694275,1,B004OOXD6G
B003WESSNM,B008LK6OUQ,full,768.0,0.0,1.0,5,B001N2QH4M
B003WESSNM,B008LK6OUQ,shuffled,2061.0,1293.0,0.043101079761981964,0,B0020Q11LE
B003WESSNM,B008LK6OUQ,uniform,104.0,-664.0,0.6468135714530945,0,B0031QGXJM
B002P7569Q,B009ZI10CK,full,38.0,0.0,1.0,5,B0084A8JCO
B002P7569Q,B009ZI10CK,shuffled,3891.0,3853.0,0.15201810002326965,0,B009K1O7XG
B002P7569Q,B009ZI10CK,uniform,821.0,783.0,0.3154371678829193,0,B00B27IIPE
B003X7AFR0,B00EU03D1E,full,80.0,0.0,1.0,5,B00DCXXZQ8
B003X7AFR0,B00EU03D1E,shuffled,755.0,675.0,0.24639183282852173,0,B007R1NWUU
B003X7AFR0,B00EU03D1E,uniform,21.0,-59.0,0.3063446581363678,0,B006PGE428
B007POL3U0,B008XDHOEQ,full,208.0,0.0,1.0,5,B00CZ6L9XO
B007POL3U0,B008XDHOEQ,shuffled,4066.0,3858.0,0.24339982867240906,0,B004MYFR3K
B007POL3U0,B008XDHOEQ,uniform,565.0,357.0,0.527996838092804,0,B00AA13RN6
B007X2DHT4,B0090YV46G,full,82.0,0.0,1.0000001192092896,5,B001C1I46S
B007X2DHT4,B0090YV46G,shuffled,1027.0,945.0,0.2912050187587738,0,B008XFM6OW
B007X2DHT4,B0090YV46G,uniform,538.0,456.0,0.5175787210464478,1,B0096UD3FO
B00AYJ94AE,B004ZIJQVM,full,16.0,0.0,1.0,5,B004UR1R2Y
B00AYJ94AE,B004ZIJQVM,shuffled,2937.0,2921.0,0.07730691134929657,0,B00DM8KA7U
B00AYJ94AE,B004ZIJQVM,uniform,2359.0,2343.0,0.5896657705307007,0,B007JFEWQW
B004J1JDH2,B0012C826O,full,5120.0,0.0,1.0,5,B00613EZ8S
B004J1JDH2,B0012C826O,shuffled,1927.0,-3193.0,0.4187454283237457,0,B00687SPR4
B004J1JDH2,B0012C826O,uniform,3194.0,-1926.0,0.368497371673584,0,B002HR9OT2
B0051D0X2Q,B003INE0Q6,full,18.0,0.0,1.0000001192092896,5,B008TOOBWW
B0051D0X2Q,B003INE0Q6,shuffled,2143.0,2125.0,0.11898988485336304,0,B007PJ3ORU
B0051D0X2Q,B003INE0Q6,uniform,110.0,92.0,0.5702338814735413,0,B00AA13RN6
B008VRA3AG,B008JBOODG,full,1730.0,0.0,1.0000001192092896,5,B006Q8U9D8
B008VRA3AG,B008JBOODG,shuffled,6202.0,4472.0,0.20662592351436615,0,B00AX0Q7FE
B008VRA3AG,B008JBOODG,uniform,6142.0,4412.0,0.37232062220573425,0,B004U940JY
B00C51HF46,B00BSGTYMA,full,31.0,0.0,1.0000001192092896,5,B007WGBT1O
B00C51HF46,B00BSGTYMA,shuffled,820.0,789.0,0.23608848452568054,0,B00A0NBNRQ
B00C51HF46,B00BSGTYMA,uniform,5034.0,5003.0,0.49261873960494995,0,B007HB6I4C
B006SDZ0JY,B004M17G1Y,full,45.0,0.0,0.9999998807907104,5,B004YO7H3G
B006SDZ0JY,B004M17G1Y,shuffled,434.0,389.0,0.3675958514213562,0,B006L2ZOXO
B006SDZ0JY,B004M17G1Y,uniform,539.0,494.0,0.42280808091163635,0,B0055XGYQG
B00AYU2QZ8,B00E3QGVFU,full,34.0,0.0,1.0000001192092896,5,B0099694TE
B00AYU2QZ8,B00E3QGVFU,shuffled,4820.0,4786.0,0.07781225442886353,0,B005NH73N2
B00AYU2QZ8,B00E3QGVFU,uniform,4315.0,4281.0,0.12844444811344147,0,B007JFEUUA
B005LCVMIG,B00073GAX6,full,33.0,0.0,1.0000001192092896,5,B003TWOPKW
B005LCVMIG,B00073GAX6,shuffled,3117.0,3084.0,0.07648004591464996,0,B00CBEYC20
B005LCVMIG,B00073GAX6,uniform,2242.0,2209.0,0.35491856932640076,0,B00B8XSUSW
B0081ZLSWU,B0013EKE3K,full,319.0,0.0,1.000000238418579,5,B0068YW1EA
B0081ZLSWU,B0013EKE3K,shuffled,2263.0,1944.0,0.06354881823062897,0,B005PZA8F2
B0081ZLSWU,B0013EKE3K,uniform,26.0,-293.0,0.4602418541908264,0,B006FULMTC
B001SN7NRQ,B004OP2J56,full,278.0,0.0,1.0,5,B004HHO2DI
B001SN7NRQ,B004OP2J56,shuffled,856.0,578.0,0.22392503917217255,0,B004LAO7PE
B001SN7NRQ,B004OP2J56,uniform,271.0,-7.0,0.722061276435852,2,B00C2O3K72
B00ALRS9OG,B00EABHQPC,full,116.0,0.0,1.0000001192092896,5,B00EMN9GXI
B00ALRS9OG,B00EABHQPC,shuffled,129.0,13.0,0.3844762146472931,0,B008MC25JM
B00ALRS9OG,B00EABHQPC,uniform,363.0,247.0,0.5978164672851562,0,B008PGPSJY
B0081V2U6C,B00B8XSUSW,full,137.0,0.0,1.0,5,B00BE3Z99O
B0081V2U6C,B00B8XSUSW,shuffled,2729.0,2592.0,0.14616933465003967,0,B0038FT02S
B0081V2U6C,B00B8XSUSW,uniform,238.0,101.0,0.8579412698745728,2,B002PDJJ0M
B00853SE8E,B004IP8H7Q,full,64.0,0.0,1.0,5,B004V4RYX2
B00853SE8E,B004IP8H7Q,shuffled,1138.0,1074.0,0.629481852054596,1,B00517ABEW
B00853SE8E,B004IP8H7Q,uniform,994.0,930.0,0.5465903878211975,0,B005HFBLQA
B006TTQX6G,B009JOTMXY,full,36.0,0.0,1.0000001192092896,5,B007TXNVVG
B006TTQX6G,B009JOTMXY,shuffled,1796.0,1760.0,0.1071116179227829,0,B001AGEBZI
B006TTQX6G,B009JOTMXY,uniform,1764.0,1728.0,0.23996232450008392,0,B007MI4PIG
B003OUWT0W,B0014UCUXU,full,550.0,0.0,1.0000001192092896,5,B00BCA2ORE
B003OUWT0W,B0014UCUXU,shuffled,5314.0,4764.0,0.12370532751083374,0,B0056X4BM4
B003OUWT0W,B0014UCUXU,uniform,2180.0,1630.0,0.5749346613883972,0,B007PY6E40
B008YCX6KC,B008R7FM1A,full,52.0,0.0,1.0,5,B007GF53EK
B008YCX6KC,B008R7FM1A,shuffled,5375.0,5323.0,-0.08616285771131516,0,B004K2NSGM
B008YCX6KC,B008R7FM1A,uniform,1185.0,1133.0,0.3219444751739502,0,B008VRA3AG
B0038PZMTI,B000BFH7FA,full,218.0,0.0,1.0,5,B004AYV3U8
B0038PZMTI,B000BFH7FA,shuffled,406.0,188.0,0.17073777318000793,1,B004G4G00K
B0038PZMTI,B000BFH7FA,uniform,158.0,-60.0,0.603754997253418,0,B008VD5WE2
B000QHCNV6,B00G6UFA94,full,115.0,0.0,1.0,5,B0057XC4P4
B000QHCNV6,B00G6UFA94,shuffled,1866.0,1751.0,0.3003893792629242,0,B001LNGY1E
B000QHCNV6,B00G6UFA94,uniform,1812.0,1697.0,0.23814645409584045,0,B008V2JXTS
B001KBZ1QQ,B004XASV0O,full,23.0,0.0,1.0000001192092896,5,B000RN76GG
B001KBZ1QQ,B004XASV0O,shuffled,2122.0,2099.0,0.18544720113277435,0,B003NGJPX6
B001KBZ1QQ,B004XASV0O,uniform,129.0,106.0,0.38427770137786865,0,B000GYAKW8
B001XWTNGQ,B00BQ3R3CI,full,635.0,0.0,1.000000238418579,5,B004L0KZOQ
B001XWTNGQ,B00BQ3R3CI,shuffled,1683.0,1048.0,0.468101441860199,0,B00ELXKL1U
B001XWTNGQ,B00BQ3R3CI,uniform,1128.0,493.0,0.6047908663749695,0,B002HNSH80
B0059A4A5C,B004BGYQPO,full,11.0,0.0,1.0,5,B00B4EF1AA
B0059A4A5C,B004BGYQPO,shuffled,167.0,156.0,0.3780594766139984,0,B00CODF8CQ
B0059A4A5C,B004BGYQPO,uniform,1809.0,1798.0,0.4096726179122925,0,B00CODF8CQ
B009NUR66O,B00DJ3UPPA,full,485.0,0.0,1.000000238418579,5,B008I5ZL4Y
B009NUR66O,B00DJ3UPPA,shuffled,4481.0,3996.0,0.37492096424102783,0,B005EQRGZW
B009NUR66O,B00DJ3UPPA,uniform,4932.0,4447.0,0.18049247562885284,0,B001E203KU
B00BK77UC8,B00D6G9NX0,full,4770.0,0.0,1.0000001192092896,5,B006R1IWZQ
B00BK77UC8,B00D6G9NX0,shuffled,2126.0,-2644.0,0.035359326750040054,0,B00DCUQA7M
B00BK77UC8,B00D6G9NX0,uniform,5032.0,262.0,0.5755214691162109,0,B008B10SOS
B00EABHQPC,B00ALRS9OG,full,86.0,0.0,0.9999999403953552,5,B000FEIJ2C
B00EABHQPC,B00ALRS9OG,shuffled,468.0,382.0,0.31308624148368835,0,B0085288EA
B00EABHQPC,B00ALRS9OG,uniform,4048.0,3962.0,0.352565199136734,0,B00DEVN0ZY
B007HZ9C6Y,B004XJDKCO,full,33.0,0.0,1.0,5,B00861KWY4
B007HZ9C6Y,B004XJDKCO,shuffled,471.0,438.0,0.31181156635284424,0,B005LIXPPI
B007HZ9C6Y,B004XJDKCO,uniform,1741.0,1708.0,0.26620081067085266,0,B007JFEUUA
B001CWN1A6,B001VAF1G6,full,7.0,0.0,1.0,5,B008LK7CAW
B001CWN1A6,B001VAF1G6,shuffled,714.0,707.0,0.22768071293830872,0,B007AHADCG
B001CWN1A6,B001VAF1G6,uniform,51.0,44.0,0.636824369430542,0,B003AQQ370
B008HO2HZ2,B0099S89HA,full,31.0,0.0,1.0,5,B0031WU9F0
B008HO2HZ2,B0099S89HA,shuffled,2054.0,2023.0,0.1670297086238861,0,B00CT5A57W
B008HO2HZ2,B0099S89HA,uniform,485.0,454.0,0.6850167512893677,0,B00A7ZSCNU
B002NCIATQ,B008J4E76W,full,107.0,0.0,1.0000001192092896,5,B00865CPJ0
B002NCIATQ,B008J4E76W,shuffled,5178.0,5071.0,0.17636583745479584,0,B00DGCXJ0W
B002NCIATQ,B008J4E76W,uniform,515.0,408.0,0.36764639616012573,0,B00BHKFFAW
B007ZGZ80E,B0060K7LLU,full,119.0,0.0,1.0000001192092896,5,B009QEERZK
B007ZGZ80E,B0060K7LLU,shuffled,686.0,567.0,0.40780308842658997,1,B0016BK4T4
B007ZGZ80E,B0060K7LLU,uniform,48.0,-71.0,0.6587396264076233,0,B0064SJ6EI
B009VZW24C,B004ZITRGQ,full,1361.0,0.0,0.9999999403953552,5,B007F85FQO
B009VZW24C,B004ZITRGQ,shuffled,167.0,-1194.0,0.19384078681468964,0,B00A2BE440
B009VZW24C,B004ZITRGQ,uniform,8.0,-1353.0,0.5460914969444275,0,B0094JP1PW
B0013FPI8K,B001GHIUDK,full,17.0,0.0,1.0,5,B0013FI8JQ
B0013FPI8K,B001GHIUDK,shuffled,563.0,546.0,0.2955703139305115,0,B004TMGDME
B0013FPI8K,B001GHIUDK,uniform,60.0,43.0,0.7161669731140137,3,B0013FJWT6
B003TWOPKW,B001A92CC4,full,9.0,0.0,1.0000001192092896,5,B008CXZBG0
B003TWOPKW,B001A92CC4,shuffled,5047.0,5038.0,0.1123824268579483,0,B007ZGZ80E
B003TWOPKW,B001A92CC4,uniform,3205.0,3196.0,0.5434412956237793,0,B00F5XVN9Y
B003TSDPJI,B0062VX9YA,full,41.0,0.0,1.0000001192092896,5,B007TXSQ6G
B003TSDPJI,B0062VX9YA,shuffled,156.0,115.0,0.1959580034017563,0,B005LB6ETE
B003TSDPJI,B0062VX9YA,uniform,53.0,12.0,0.9081194996833801,3,B007TXSQ6G
B003XCKD3G,B0061SL9LO,full,183.0,0.0,1.0,5,B006H6V636
B003XCKD3G,B0061SL9LO,shuffled,5297.0,5114.0,0.09991079568862915,0,B0062VX9YA
B003XCKD3G,B0061SL9LO,uniform,3724.0,3541.0,0.612343430519104,0,B00BGJ4OQA
B003Z6OPF2,B00BARY35A,full,83.0,0.0,1.0000001192092896,5,B00B1P3ANC
B003Z6OPF2,B00BARY35A,shuffled,937.0,854.0,0.17390678822994232,0,B009R1CC3Q
B003Z6OPF2,B00BARY35A,uniform,1439.0,1356.0,0.4960082173347473,0,B00378LDVC
B00AREPLXK,B0081K48FY,full,17.0,0.0,1.0,5,B0046RDF00
B00AREPLXK,B0081K48FY,shuffled,1125.0,1108.0,0.09506808966398239,0,B008EYEBMM
B00AREPLXK,B0081K48FY,uniform,10.0,-7.0,0.4571726620197296,0,B0045Y0YKS
B00449EW9S,B0035GKKEM,full,39.0,0.0,0.9999998211860657,5,B00BUIZB1O
B00449EW9S,B0035GKKEM,shuffled,1696.0,1657.0,0.12928611040115356,0,B00BA7ZWEG
B00449EW9S,B0035GKKEM,uniform,9.0,-30.0,0.5795833468437195,1,B00AIITKFK
B004ZC2HIC,B00BV2SB20,full,132.0,0.0,1.0,5,B0085XLJZO
B004ZC2HIC,B00BV2SB20,shuffled,5550.0,5418.0,0.14998386800289154,0,B00BI4DTR8
B004ZC2HIC,B00BV2SB20,uniform,2468.0,2336.0,0.4849604666233063,1,B005CTG47W
B004BO6CXA,B003I7CZ8C,full,2551.0,0.0,1.0,5,B00470CH6O
B004BO6CXA,B003I7CZ8C,shuffled,3123.0,572.0,0.3396018445491791,0,B007RU6370
B004BO6CXA,B003I7CZ8C,uniform,3804.0,1253.0,0.41210171580314636,0,B008B7QHZG
B009G0S8CM,B005OQ0QDG,full,171.0,0.0,1.0000001192092896,5,B00CMTB5GU
B009G0S8CM,B005OQ0QDG,shuffled,6110.0,5939.0,-0.07751394063234329,0,B0075MLEHE
B009G0S8CM,B005OQ0QDG,uniform,1637.0,1466.0,0.22149547934532166,0,B003HNA8WW
B000BQ09GS,B0046R0BDE,full,227.0,0.0,1.000000238418579,5,B00BMPMJ6U
B000BQ09GS,B0046R0BDE,shuffled,147.0,-80.0,0.5235830545425415,1,B0023UORQS
B000BQ09GS,B0046R0BDE,uniform,412.0,185.0,0.5825996398925781,0,B0058RUUH8
B00BT0JNWQ,B00ADZ1H8G,full,2278.0,0.0,1.0,5,B0064POSPI
B00BT0JNWQ,B00ADZ1H8G,shuffled,2889.0,611.0,0.3927357792854309,0,B009WPPV44
B00BT0JNWQ,B00ADZ1H8G,uniform,1432.0,-846.0,0.4359666705131531,0,B0088N39PY
B005TGMERW,B002SBOJHY,full,829.0,0.0,1.000000238418579,5,B006RI31XW
B005TGMERW,B002SBOJHY,shuffled,468.0,-361.0,0.5091697573661804,0,B004Y6XML0
B005TGMERW,B002SBOJHY,uniform,678.0,-151.0,0.5427029132843018,2,B007ZTRDBI
B003FGW8MO,B00GHN6XLY,full,296.0,0.0,1.0000001192092896,5,B005Q0B9ZY
B003FGW8MO,B00GHN6XLY,shuffled,4234.0,3938.0,0.3357887864112854,0,B005VF6TK4
B003FGW8MO,B00GHN6XLY,uniform,4553.0,4257.0,0.4254641532897949,0,B009LJ2BM6
B0029529MG,B0098ZHBY6,full,49.0,0.0,1.0,5,B00B7Q8HK6
B0029529MG,B0098ZHBY6,shuffled,3706.0,3657.0,0.4323747754096985,0,B00345LEIK
B0029529MG,B0098ZHBY6,uniform,1938.0,1889.0,0.4833196997642517,0,B004W0ZVA8
B0098GE9GI,B00589BQSI,full,103.0,0.0,1.0,5,B003WHN082
B0098GE9GI,B00589BQSI,shuffled,5180.0,5077.0,0.38918086886405945,0,B00EQV0DC4
B0098GE9GI,B00589BQSI,uniform,1333.0,1230.0,0.3988339602947235,0,B0081365S4
B000JM3A1A,B000QGPYP4,full,237.0,0.0,1.0,5,B005TF2WUM
B000JM3A1A,B000QGPYP4,shuffled,3556.0,3319.0,0.03741844743490219,0,B001SERZCS
B000JM3A1A,B000QGPYP4,uniform,377.0,140.0,0.4706888794898987,0,B007P28IKK
B007V9SM0S,B005AONB34,full,454.0,0.0,1.0,5,B00B4EF1AA
B007V9SM0S,B005AONB34,shuffled,1797.0,1343.0,0.06369337439537048,0,B000WK6SDQ
B007V9SM0S,B005AONB34,uniform,919.0,465.0,0.1447952836751938,0,B00DUHBZ2C
B00B71D7E2,B00394FK5E,full,5040.0,0.0,1.0,5,B007PY6E40
B00B71D7E2,B00394FK5E,shuffled,1894.0,-3146.0,0.024340428411960602,0,B004YO9IVU
B00B71D7E2,B00394FK5E,uniform,1046.0,-3994.0,0.4942004382610321,0,B00FJW4OGK
B0099AHZXW,B002TEW3IM,full,617.0,0.0,1.0,5,B007SZNT8A
B0099AHZXW,B002TEW3IM,shuffled,6085.0,5468.0,0.19892264902591705,0,B00ALRS9OG
B0099AHZXW,B002TEW3IM,uniform,5180.0,4563.0,0.6241048574447632,0,B005P7DL7W
B004SBSY3W,B008CS4MZ6,full,324.0,0.0,1.0000001192092896,5,B0041O2UJK
B004SBSY3W,B008CS4MZ6,shuffled,738.0,414.0,0.1981334537267685,0,B008E0N29E
B004SBSY3W,B008CS4MZ6,uniform,765.0,441.0,0.4174727201461792,0,B00EDOCC82
B00G6UFA94,B0086F6HIK,full,63.0,0.0,1.0,5,B0067F9J1I
B00G6UFA94,B0086F6HIK,shuffled,5818.0,5755.0,0.05263207107782364,0,B00A4YLIDA
B00G6UFA94,B0086F6HIK,uniform,547.0,484.0,0.4756215214729309,0,B00BHKFFAW
B005ILK060,B007PYE17M,full,108.0,0.0,1.0,5,B00AX0Q7FE
B005ILK060,B007PYE17M,shuffled,1088.0,980.0,0.28453707695007324,0,B002UFUCII
B005ILK060,B007PYE17M,uniform,275.0,167.0,0.48866793513298035,0,B001ET7H66
B0014J7Y8W,B000U0PPXC,full,1610.0,0.0,1.0,5,B009VI0H7S
B0014J7Y8W,B000U0PPXC,shuffled,5164.0,3554.0,0.2399517297744751,0,B008S0KPT0
B0014J7Y8W,B000U0PPXC,uniform,1706.0,96.0,0.6355645060539246,2,B0074AWK4S
B003T70M3G,B00AOCAELE,full,259.0,0.0,1.0000001192092896,5,B0048KPWFG
B003T70M3G,B00AOCAELE,shuffled,2699.0,2440.0,0.11510779708623886,0,B00DNQYIM4
B003T70M3G,B00AOCAELE,uniform,2544.0,2285.0,0.621501624584198,0,B00AEJQ4RK
B007FGYDAK,B0051VBW7S,full,2704.0,0.0,0.9999998807907104,5,B00DV0BIE8
B007FGYDAK,B0051VBW7S,shuffled,2445.0,-259.0,0.13745930790901184,0,B0046IFV6K
B007FGYDAK,B0051VBW7S,uniform,2369.0,-335.0,0.45579037070274353,1,B0064SJ6EI
B00A9IW94I,B00A9IVY5I,full,45.0,0.0,1.0,5,B00B40E1K0
B00A9IW94I,B00A9IVY5I,shuffled,5332.0,5287.0,0.10632100701332092,0,B008I5ZL4Y
B00A9IW94I,B00A9IVY5I,uniform,3234.0,3189.0,0.35102835297584534,0,B00FJW4OGK
B0073PSC3M,B00DEIUVB8,full,215.0,0.0,1.0000001192092896,5,B0059002HW
B0073PSC3M,B00DEIUVB8,shuffled,4595.0,4380.0,0.05967129021883011,0,B0091BZBHQ
B0073PSC3M,B00DEIUVB8,uniform,2793.0,2578.0,0.06290077418088913,0,B00FJW4OGK
B001U239PU,B007JES6SI,full,1104.0,0.0,1.0,5,B0041TFD80
B001U239PU,B007JES6SI,shuffled,2139.0,1035.0,0.3197261393070221,0,B000NHU42O
B001U239PU,B007JES6SI,uniform,2093.0,989.0,0.708174467086792,1,B0076OAOL8
B005W44GZO,B007VN04BO,full,35.0,0.0,1.0,5,B009CI5IL2
B005W44GZO,B007VN04BO,shuffled,740.0,705.0,0.2321077585220337,1,B004M17U88
B005W44GZO,B007VN04BO,uniform,355.0,320.0,0.5410419702529907,0,B007AEUC98
B008588ZPQ,B00FPBE0X2,full,4619.0,0.0,1.0000001192092896,5,B00687SPR4
B008588ZPQ,B00FPBE0X2,shuffled,4478.0,-141.0,0.3933093845844269,0,B00CJS9W7S
B008588ZPQ,B00FPBE0X2,uniform,5432.0,813.0,0.4684407711029053,0,B00FD8I2HC
B004APGLNG,B00BLL79L0,full,695.0,0.0,1.0,5,B005IZUOOE
B004APGLNG,B00BLL79L0,shuffled,5824.0,5129.0,0.07118789851665497,0,B000KOU8E4
B004APGLNG,B00BLL79L0,uniform,5738.0,5043.0,0.6279270648956299,1,B009I1PKKC
B0051GDT4M,B0027EBMU4,full,9.0,0.0,1.0,5,B00BMR73SC
B0051GDT4M,B0027EBMU4,shuffled,4083.0,4074.0,0.1392488181591034,0,B008VTTIXM
B0051GDT4M,B0027EBMU4,uniform,261.0,252.0,0.5702994465827942,0,B001DIQ02K
B00926S118,B008H6R3UY,full,46.0,0.0,1.0000001192092896,5,B00BIXSATQ
B00926S118,B008H6R3UY,shuffled,5325.0,5279.0,0.2981387674808502,0,B003QCGEVS
B00926S118,B008H6R3UY,uniform,3904.0,3858.0,0.0852666050195694,0,B009ZW10P8
B00B88ZKXA,B00EZUKCCM,full,495.0,0.0,1.0000001192092896,5,B00C6QJ8EA
B00B88ZKXA,B00EZUKCCM,shuffled,2501.0,2006.0,0.34024691581726074,0,B00BQ4IATW
B00B88ZKXA,B00EZUKCCM,uniform,5058.0,4563.0,0.22316326200962067,0,B00GXFHVYE
B00923GT8S,B00844FELO,full,64.0,0.0,1.0000001192092896,5,B0091VAKBI
B00923GT8S,B00844FELO,shuffled,668.0,604.0,0.2647240161895752,1,B000S942Z2
B00923GT8S,B00844FELO,uniform,419.0,355.0,0.6405090093612671,0,B002HR9OT2
B0045KCG7Q,B006JPU6JA,full,107.0,0.0,1.000000238418579,5,B006TG84O8
B0045KCG7Q,B006JPU6JA,shuffled,109.0,2.0,0.24824675917625427,0,B001BISBCY
B0045KCG7Q,B006JPU6JA,uniform,496.0,389.0,0.10983756184577942,0,B002HR9OT2
B00461228C,B00C5RAHMW,full,8.0,0.0,1.0000001192092896,5,B002XUMZN0
B00461228C,B00C5RAHMW,shuffled,4796.0,4788.0,0.12433445453643799,0,B006TG84O8
B00461228C,B00C5RAHMW,uniform,3960.0,3952.0,0.29405316710472107,0,B006HT40OK
B0093OQBCK,B0071BYF0M,full,2234.0,0.0,1.0000001192092896,5,B00B0DNZ5S
B0093OQBCK,B0071BYF0M,shuffled,4712.0,2478.0,0.12241379916667938,0,B00BCLMPQS
B0093OQBCK,B0071BYF0M,uniform,3774.0,1540.0,0.6138045191764832,0,B00B2ZMJOM
B005344CDE,B000HRTB60,full,181.0,0.0,1.0,5,B000WK5FXK
B005344CDE,B000HRTB60,shuffled,388.0,207.0,0.40406203269958496,0,B0018TCBXG
B005344CDE,B000HRTB60,uniform,1438.0,1257.0,0.7963292598724365,2,B000WK5FXK
B00BRB2H8O,B00BRB29YQ,full,2885.0,0.0,1.0,5,B00DR5TW2M
B00BRB2H8O,B00BRB29YQ,shuffled,846.0,-2039.0,0.3030466139316559,0,B005KGF70M
B00BRB2H8O,B00BRB29YQ,uniform,3915.0,1030.0,0.4762060046195984,0,B004NIZR44
B000XK9KKI,B005IR27EC,full,799.0,0.0,1.0,5,B0065K71Z6
B000XK9KKI,B005IR27EC,shuffled,812.0,13.0,0.4075159430503845,0,B009L4ZBNM
B000XK9KKI,B005IR27EC,uniform,6231.0,5432.0,0.2191493809223175,0,B00092SAR4
B004CO39EO,B006Z8HHGQ,full,4.0,0.0,1.000000238418579,5,B000BZGDDM
B004CO39EO,B006Z8HHGQ,shuffled,2104.0,2100.0,0.06744861602783203,0,B004DR1834
B004CO39EO,B006Z8HHGQ,uniform,62.0,58.0,0.6487340331077576,0,B001OPHACG
B0067OAL7U,B00C68VOYA,full,20.0,0.0,1.0000001192092896,5,B005CXDOA8
B0067OAL7U,B00C68VOYA,shuffled,2093.0,2073.0,0.23656661808490753,0,B003SSVYXI
B0067OAL7U,B00C68VOYA,uniform,3578.0,3558.0,0.18729695677757263,0,B007MI4PIG
B000TYT49U,B007IRLCPU,full,1163.0,0.0,1.0,5,B008XDHOEQ
B000TYT49U,B007IRLCPU,shuffled,3702.0,2539.0,0.39668598771095276,1,B0051SN0LC
B000TYT49U,B007IRLCPU,uniform,5663.0,4500.0,0.4775432050228119,0,B00GNKJKFC
B001QL8NVA,B008Z398FC,full,2218.0,0.0,1.0,5,B000XK9KKI
B001QL8NVA,B008Z398FC,shuffled,4333.0,2115.0,-0.03795386850833893,0,B005967P9Y
B001QL8NVA,B008Z398FC,uniform,1479.0,-739.0,0.7539154291152954,0,B00FD8I2HC
B007SH2NT4,B004KF9LM4,full,633.0,0.0,1.0000001192092896,5,B006RI31XW
B007SH2NT4,B004KF9LM4,shuffled,1257.0,624.0,0.4434075355529785,1,B00DI9YY8O
B007SH2NT4,B004KF9LM4,uniform,3451.0,2818.0,0.6235255002975464,3,B005TGMERW
B000QGPYP4,B0083Z6QDO,full,13.0,0.0,1.0000001192092896,5,B009YQF6B4
B000QGPYP4,B0083Z6QDO,shuffled,1819.0,1806.0,0.1042487844824791,0,B008EYOK2S
B000QGPYP4,B0083Z6QDO,uniform,1524.0,1511.0,0.22360223531723022,0,B003OUWT0W
B0072D8DD4,B004LTR2XY,full,1.0,0.0,1.0,5,B004LTR2XY
B0072D8DD4,B004LTR2XY,shuffled,2288.0,2287.0,0.11864886432886124,0,B003WER4FK
B0072D8DD4,B004LTR2XY,uniform,5.0,4.0,0.7963693737983704,2,B009ZYNH84
B0012NBP4O,B0051IRDJC,full,84.0,0.0,1.0000001192092896,5,B007U6TYUY
B0012NBP4O,B0051IRDJC,shuffled,190.0,106.0,0.08882689476013184,0,B00C9W3VE4
B0012NBP4O,B0051IRDJC,uniform,80.0,-4.0,0.7145677208900452,0,B0012O8DC0
B0041IY8I2,B007TW76EU,full,85.0,0.0,1.0,5,B0081QK3A2
B0041IY8I2,B007TW76EU,shuffled,174.0,89.0,0.24308542907238007,0,B006ZP4SU2
B0041IY8I2,B007TW76EU,uniform,1076.0,991.0,0.5801817774772644,0,B007MI4PIG
B005BLUUJY,B00305G9I4,full,22.0,0.0,1.000000238418579,5,B0062UCEE2
B005BLUUJY,B00305G9I4,shuffled,669.0,647.0,0.22238793969154358,0,B0083SDCOC
B005BLUUJY,B00305G9I4,uniform,42.0,20.0,0.7668923139572144,1,B00BR23BMO
B008K644U8,B008K66VG8,full,19.0,0.0,1.0,5,B004QYHZ6I
B008K644U8,B008K66VG8,shuffled,57.0,38.0,0.15343740582466125,0,B00ARCXAHG
B008K644U8,B008K66VG8,uniform,60.0,41.0,0.7731664776802063,1,B004QYHZ6I
B002PY6O0E,B000W34L2I,full,369.0,0.0,1.000000238418579,5,B00BCWHW2E
B002PY6O0E,B000W34L2I,shuffled,4917.0,4548.0,0.09485641866922379,0,B003ZZM6G8
B002PY6O0E,B000W34L2I,uniform,5969.0,5600.0,0.16849660873413086,0,B00CBP45Q2
B000W7YJP8,B0096F6D6U,full,18.0,0.0,0.9999998807907104,5,B003WER4FK
B000W7YJP8,B0096F6D6U,shuffled,3545.0,3527.0,0.05114294961094856,0,B008KYREYS
B000W7YJP8,B0096F6D6U,uniform,1142.0,1124.0,0.6004452705383301,0,B00GNKJKFC
B00CWVIPQ6,B00AFC4VDA,full,209.0,0.0,1.0,5,B00AA0UOBK
B00CWVIPQ6,B00AFC4VDA,shuffled,6181.0,5972.0,0.17357629537582397,0,B003IBNHAS
B00CWVIPQ6,B00AFC4VDA,uniform,4848.0,4639.0,0.5899894833564758,0,B0013V4QRI
B003EKOBTY,B001KUGM6U,full,160.0,0.0,1.0,5,B00FDW5WNK
B003EKOBTY,B001KUGM6U,shuffled,5324.0,5164.0,0.38399478793144226,0,B007UOM818
B003EKOBTY,B001KUGM6U,uniform,1077.0,917.0,0.4987632632255554,0,B00BGBUR00
B004WU17MY,B0046CZBPM,full,77.0,0.0,1.0000001192092896,5,B007ZTRDBI
B004WU17MY,B0046CZBPM,shuffled,1272.0,1195.0,0.3504766821861267,0,B00CLJ18BS
B004WU17MY,B0046CZBPM,uniform,862.0,785.0,0.1550336480140686,0,B001DIQ02K
B006N1KIHK,B006N1KCB2,full,22.0,0.0,1.0,5,B007VR5ELU
B006N1KIHK,B006N1KCB2,shuffled,736.0,714.0,0.23369812965393066,0,B00C2B0ESS
B006N1KIHK,B006N1KCB2,uniform,17.0,-5.0,0.8076763153076172,2,B006NR72OQ
B007M68RR8,B009ELWRYS,full,28.0,0.0,1.0,5,B0096UD3FO
B007M68RR8,B009ELWRYS,shuffled,3940.0,3912.0,0.004939687438309193,0,B008LWSZX8
B007M68RR8,B009ELWRYS,uniform,104.0,76.0,0.7154951095581055,0,B005JQ2GP2
B000VSHLSK,B005588YAA,full,55.0,0.0,1.0000001192092896,5,B005JQ2IFK
B000VSHLSK,B005588YAA,shuffled,2280.0,2225.0,-0.012640351429581642,0,B003XMV8VC
B000VSHLSK,B005588YAA,uniform,231.0,176.0,0.4632624387741089,1,B004U28BBY
B0033EFCIK,B004FTPTR6,full,7.0,0.0,1.0,5,B004VPBZ8G
B0033EFCIK,B004FTPTR6,shuffled,4853.0,4846.0,0.05161226913332939,0,B005XLNYL8
B0033EFCIK,B004FTPTR6,uniform,16.0,9.0,0.6486594676971436,0,B004DLNRSE
B005XIGCYW,B009Q7CK8I,full,4917.0,0.0,1.000000238418579,5,B005CTFBAI
B005XIGCYW,B009Q7CK8I,shuffled,5939.0,1022.0,0.04196745529770851,0,B004GIZYTE
B005XIGCYW,B009Q7CK8I,uniform,5860.0,943.0,0.17370325326919556,0,B00C26O5DS
B00844FELO,B00CH1JZ92,full,39.0,0.0,1.0000001192092896,5,B002GUA5P2
B00844FELO,B00CH1JZ92,shuffled,841.0,802.0,0.2017870992422104,0,B003X5SLM8
B00844FELO,B00CH1JZ92,uniform,151.0,112.0,0.5306122303009033,0,B005IZUOOE
B007TM9B70,B009G0S8CM,full,143.0,0.0,1.0,5,B002QEBQ3I
B007TM9B70,B009G0S8CM,shuffled,1205.0,1062.0,0.2661677598953247,0,B00BJ9HE2S
B007TM9B70,B009G0S8CM,uniform,5638.0,5495.0,0.4462757110595703,0,B0083JEAWY
B000W8UAR8,B00B4YHCJS,full,2379.0,0.0,1.0000001192092896,5,B00164ITHU
B000W8UAR8,B00B4YHCJS,shuffled,2291.0,-88.0,0.22876572608947754,0,B00BFZ0UYK
B000W8UAR8,B00B4YHCJS,uniform,1784.0,-595.0,0.5897958278656006,1,B00018A9XO
B009L80RS2,B0089HEOHG,full,5009.0,0.0,1.0,5,B002AH1PSC
B009L80RS2,B0089HEOHG,shuffled,4750.0,-259.0,0.24469038844108582,0,B005R961PM
B009L80RS2,B0089HEOHG,uniform,467.0,-4542.0,0.624710738658905,0,B003BQTQPA
B005JQ5YBU,B0013HD6MS,full,200.0,0.0,1.000000238418579,5,B00605YPSC
B005JQ5YBU,B0013HD6MS,shuffled,1293.0,1093.0,0.15671250224113464,0,B0083WQ3MQ
B005JQ5YBU,B0013HD6MS,uniform,2411.0,2211.0,0.12344082444906235,0,B0057XC4P4
B0032HJXKG,B0043DWIR8,full,235.0,0.0,1.0,5,B00C9GENNS
B0032HJXKG,B0043DWIR8,shuffled,844.0,609.0,0.03014569729566574,0,B00DDXR4QO
B0032HJXKG,B0043DWIR8,uniform,24.0,-211.0,0.5671452879905701,0,B0083WQ3MQ
B00CZ6OWA6,B00CYJT2VS,full,35.0,0.0,0.9999998807907104,5,B0085OX8LQ
B00CZ6OWA6,B00CYJT2VS,shuffled,374.0,339.0,0.35649755597114563,0,B0047BJE0K
B00CZ6OWA6,B00CYJT2VS,uniform,709.0,674.0,0.5334850549697876,0,B007R0J9UI
B00A81ZUWO,B00DD63R4E,full,605.0,0.0,1.0,5,B009EB1WBW
B00A81ZUWO,B00DD63R4E,shuffled,5089.0,4484.0,0.2371814101934433,0,B009YLJZI4
B00A81ZUWO,B00DD63R4E,uniform,1488.0,883.0,0.4722920060157776,0,B001F8IK0S
B0094KCP96,B009YQF6B4,full,1.0,0.0,1.0,5,B009YQF6B4
B0094KCP96,B009YQF6B4,shuffled,2282.0,2281.0,-0.05009385943412781,0,B003L4LYB6
B0094KCP96,B009YQF6B4,uniform,155.0,154.0,0.5162404179573059,0,B00BFGXK8C
B00BQ71QVI,B00ANLQM44,full,17.0,0.0,1.0,5,B000BZGDDM
B00BQ71QVI,B00ANLQM44,shuffled,2229.0,2212.0,-0.10377062857151031,0,B0077D4IHY
B00BQ71QVI,B00ANLQM44,uniform,258.0,241.0,0.40339717268943787,0,B003FGW8MO
B00B80RFOA,B008DBTWIY,full,239.0,0.0,1.000000238418579,5,B004DR1834
B00B80RFOA,B008DBTWIY,shuffled,1331.0,1092.0,0.0700678601861,0,B001CMIN4K
B00B80RFOA,B008DBTWIY,uniform,1141.0,902.0,0.5391354560852051,0,B007PY6E40
B007ZNLENM,B00ARJ65AI,full,2483.0,0.0,1.000000238418579,5,B008GY5K5C
B007ZNLENM,B00ARJ65AI,shuffled,5095.0,2612.0,0.406505823135376,0,B009QR83ZM
B007ZNLENM,B00ARJ65AI,uniform,2058.0,-425.0,0.5518773198127747,0,B0009ALW8U
B0013FJWT6,B00A6JE1C8,full,4.0,0.0,1.0000001192092896,5,B007C3JKJA
B0013FJWT6,B00A6JE1C8,shuffled,53.0,49.0,0.40680429339408875,0,B009ADCOP2
B0013FJWT6,B00A6JE1C8,uniform,130.0,126.0,0.5552421808242798,0,B0013FPI8K
B0048KUVYS,B002PY6O0E,full,147.0,0.0,1.0000001192092896,5,B00E6355S4
B0048KUVYS,B002PY6O0E,shuffled,5348.0,5201.0,0.18062347173690796,0,B00461228C
B0048KUVYS,B002PY6O0E,uniform,287.0,140.0,0.4940495491027832,0,B00378LDVC
B004AM0XUQ,B00BY87U8W,full,12.0,0.0,1.000000238418579,5,B00C8660N0
B004AM0XUQ,B00BY87U8W,shuffled,5213.0,5201.0,0.12024243921041489,0,B00452WXMC
B004AM0XUQ,B00BY87U8W,uniform,74.0,62.0,0.5048267841339111,0,B004LYG40Q
B005ILK060,B007AEUC98,full,2.0,0.0,1.0,5,B009VCN7IA
B005ILK060,B007AEUC98,shuffled,786.0,784.0,0.11823372542858124,0,B00347D72Y
B005ILK060,B007AEUC98,uniform,1.0,-1.0,0.8230017423629761,4,B007AEUC98
B002TUTMCG,B008UXAEF0,full,288.0,0.0,1.0000001192092896,5,B00606OMNO
B002TUTMCG,B008UXAEF0,shuffled,5360.0,5072.0,0.49032920598983765,0,B00CPOQX1Y
B002TUTMCG,B008UXAEF0,uniform,2423.0,2135.0,0.6732506155967712,0,B00B4CTKHW
B001KQ3YDS,B00EIKWHN6,full,921.0,0.0,1.0000001192092896,5,B00AY0K6N2
B001KQ3YDS,B00EIKWHN6,shuffled,1338.0,417.0,0.5156674385070801,0,B00CMBWV0W
B001KQ3YDS,B00EIKWHN6,uniform,5817.0,4896.0,0.453294575214386,0,B00FM6HAQY
B007Z8W47C,B0077RZYKA,full,29.0,0.0,1.0000001192092896,5,B00CHROXXE
B007Z8W47C,B0077RZYKA,shuffled,176.0,147.0,0.3296261429786682,0,B00CMBWV0W
B007Z8W47C,B0077RZYKA,uniform,41.0,12.0,0.2741938829421997,0,B0016D7DRI
B003H3B9ZM,B00CTSBLU4,full,879.0,0.0,0.9999998807907104,5,B00DUEF8LY
B003H3B9ZM,B00CTSBLU4,shuffled,1003.0,124.0,0.47309616208076477,0,B000FEIJ2C
B003H3B9ZM,B00CTSBLU4,uniform,5015.0,4136.0,0.7413758635520935,2,B007RPQMEY
B000MX1M98,B002DYJC3M,full,473.0,0.0,1.0,5,B000HEC75U
B000MX1M98,B002DYJC3M,shuffled,5367.0,4894.0,0.35182738304138184,0,B001LV9ZQM
B000MX1M98,B002DYJC3M,uniform,2858.0,2385.0,0.3532170355319977,0,B0094I4IOI
B005AJ1Q7M,B00AEMT5Z0,full,106.0,0.0,1.0000001192092896,5,B007PZQYV2
B005AJ1Q7M,B00AEMT5Z0,shuffled,149.0,43.0,0.24507002532482147,0,B002DP8NB8
B005AJ1Q7M,B00AEMT5Z0,uniform,99.0,-7.0,0.6852947473526001,1,B002NKM6PM
B00BOHU9ZE,B00AFZ38RM,full,245.0,0.0,1.0000001192092896,5,B009VMTQGC
B00BOHU9ZE,B00AFZ38RM,shuffled,2604.0,2359.0,0.12310051918029785,0,B004OAOJOU
B00BOHU9ZE,B00AFZ38RM,uniform,5888.0,5643.0,0.37080880999565125,0,B00AL1LOEE
B00B6E7IHW,B0011RLPW8,full,5.0,0.0,1.000000238418579,5,B008PDB7JM
B00B6E7IHW,B0011RLPW8,shuffled,1428.0,1423.0,0.08117596805095673,0,B004ZIJQVM
B00B6E7IHW,B0011RLPW8,uniform,315.0,310.0,0.4588627219200134,0,B007BLNDLO
B00166XERS,B00GXF7CCK,full,490.0,0.0,1.0000001192092896,5,B005ERXK06
B00166XERS,B00GXF7CCK,shuffled,981.0,491.0,0.12441252917051315,0,B00BUIZB1O
B00166XERS,B00GXF7CCK,uniform,2156.0,1666.0,0.44656431674957275,0,B0057XC6S4
B008C72B7S,B00CWJ5K16,full,148.0,0.0,1.0000001192092896,5,B003IWOUS0
B008C72B7S,B00CWJ5K16,shuffled,509.0,361.0,0.12473302334547043,0,B0046Q4F28
B008C72B7S,B00CWJ5K16,uniform,7.0,-141.0,0.5150342583656311,0,B00FJW4OGK
B009NBSZOU,B00AOJHF8M,full,46.0,0.0,1.0,5,B007ENCGTY
B009NBSZOU,B00AOJHF8M,shuffled,2873.0,2827.0,0.10846459865570068,0,B0073VMNT0
B009NBSZOU,B00AOJHF8M,uniform,67.0,21.0,0.418086975812912,0,B00DS3GB3G
B007SJE6RE,B000XK9KKI,full,13.0,0.0,1.0000001192092896,5,B007ZT9PVO
B007SJE6RE,B000XK9KKI,shuffled,3055.0,3042.0,0.2625907063484192,0,B005KS080Y
B007SJE6RE,B000XK9KKI,uniform,14.0,1.0,0.45395857095718384,0,B0040Z0XYO
B00DE1BDLC,B0030BG78U,full,11.0,0.0,1.0,5,B00726ORDQ
B00DE1BDLC,B0030BG78U,shuffled,3414.0,3403.0,-0.013539870269596577,0,B000V6VMZK
B00DE1BDLC,B0030BG78U,uniform,3158.0,3147.0,0.34851813316345215,0,B007S41PRS
B004TNLWVA,B004LTL34S,full,997.0,0.0,1.0,5,B0071NRKF2
B004TNLWVA,B004LTL34S,shuffled,3922.0,2925.0,0.41829973459243774,0,B00BHA7IBG
B004TNLWVA,B004LTL34S,uniform,5940.0,4943.0,0.33836454153060913,0,B0064POSPI
B004K2NSGM,B00B0R0JZ8,full,1.0,0.0,1.0,5,B00B0R0JZ8
B004K2NSGM,B00B0R0JZ8,shuffled,376.0,375.0,0.28368061780929565,0,B00337XRJS
B004K2NSGM,B00B0R0JZ8,uniform,9.0,8.0,0.5677080750465393,2,B004BNNGUS
B006H4KOTA,B00EHYJ2EU,full,1520.0,0.0,1.0000001192092896,5,B0092UH97G
B006H4KOTA,B00EHYJ2EU,shuffled,3398.0,1878.0,0.011697961017489433,0,B009L176KQ
B006H4KOTA,B00EHYJ2EU,uniform,2986.0,1466.0,0.47978514432907104,0,B007IJPKVU
B00AY2FULS,B0075G2YFG,full,338.0,0.0,0.9999998807907104,5,B003BJXWX4
B00AY2FULS,B0075G2YFG,shuffled,1789.0,1451.0,0.3156183063983917,0,B0018FZHA4
B00AY2FULS,B0075G2YFG,uniform,4326.0,3988.0,0.4465567171573639,0,B00B9JK0DI
B000EGBBTE,B00C7QLO00,full,1075.0,0.0,0.9999998807907104,5,B004V4AH7M
B000EGBBTE,B00C7QLO00,shuffled,2264.0,1189.0,0.26884254813194275,0,B0077DT5SG
B000EGBBTE,B00C7QLO00,uniform,467.0,-608.0,0.8101092576980591,3,B003J2XSY6
B003INE0Q6,B00BQ4IATW,full,146.0,0.0,1.0,5,B005DIJSPM
B003INE0Q6,B00BQ4IATW,shuffled,1641.0,1495.0,0.09873444586992264,0,B00C9UTWZS
B003INE0Q6,B00BQ4IATW,uniform,1144.0,998.0,0.533837080001831,0,B002ONC79I
B00563EGWE,B007KREYFI,full,1.0,0.0,1.0,5,B007KREYFI
B00563EGWE,B007KREYFI,shuffled,1940.0,1939.0,0.07300855219364166,0,B008LK6YTC
B00563EGWE,B007KREYFI,uniform,1242.0,1241.0,0.20142920315265656,0,B00BHKFFAW
B008MATL6Y,B004VSEBNY,full,188.0,0.0,1.0,5,B00C9W3VE4
B008MATL6Y,B004VSEBNY,shuffled,155.0,-33.0,0.4016478657722473,0,B007KREYFI
B008MATL6Y,B004VSEBNY,uniform,4038.0,3850.0,0.22331035137176514,0,B002XUMZN0
B006ZZHEU8,B00AOI54L8,full,278.0,0.0,1.0000001192092896,5,B00B2ZMJOM
B006ZZHEU8,B00AOI54L8,shuffled,5138.0,4860.0,0.07848456501960754,0,B00C5KIT1A
B006ZZHEU8,B00AOI54L8,uniform,4606.0,4328.0,0.34150922298431396,0,B005ZCA21K
B00BSN9X6K,B00EBUFSAW,full,17.0,0.0,1.0,5,B000BWRD66
B00BSN9X6K,B00EBUFSAW,shuffled,1206.0,1189.0,6.0235150158405304e-05,0,B009W2ETIQ
B00BSN9X6K,B00EBUFSAW,uniform,697.0,680.0,0.2232784628868103,0,B007DJ2XQA
B005HJPL0I,B00CDRJ54A,full,2136.0,0.0,1.0,5,B00345LEIK
B005HJPL0I,B00CDRJ54A,shuffled,3615.0,1479.0,-0.013119674287736416,0,B0046VB9PE
B005HJPL0I,B00CDRJ54A,uniform,5853.0,3717.0,0.542516827583313,0,B006RDR6RE
B004CVDPAA,B00AYXZ7S8,full,68.0,0.0,1.0000001192092896,5,B00BGJ4OQA
B004CVDPAA,B00AYXZ7S8,shuffled,4845.0,4777.0,0.23467667400836945,0,B000S6G5NM
B004CVDPAA,B00AYXZ7S8,uniform,3776.0,3708.0,0.42473477125167847,0,B0016IA014
B004GIZYTE,B004JZWH0I,full,13.0,0.0,1.0000001192092896,5,B000Q53KRE
B004GIZYTE,B004JZWH0I,shuffled,389.0,376.0,0.2765667736530304,0,B000XSFJF0
B004GIZYTE,B004JZWH0I,uniform,48.0,35.0,0.6105777621269226,0,B006HSD3AI
B00BYQH3D6,B0081QK3A2,full,212.0,0.0,1.0000001192092896,5,B004YO9IVU
B00BYQH3D6,B0081QK3A2,shuffled,1244.0,1032.0,0.5439070463180542,0,B00BEZ7YU4
B00BYQH3D6,B0081QK3A2,uniform,5245.0,5033.0,0.26714596152305603,0,B005ZCA21K
B005ESA9SG,B0068ETQWA,full,138.0,0.0,1.0000001192092896,5,B00B7E2L8W
B005ESA9SG,B0068ETQWA,shuffled,1626.0,1488.0,0.3312298357486725,0,B004VLW43A
B005ESA9SG,B0068ETQWA,uniform,447.0,309.0,0.6860377192497253,0,B00C6AOL2K
B001U9DJ0I,B000WK6SDQ,full,488.0,0.0,1.0000001192092896,5,B00BOO7OLO
B001U9DJ0I,B000WK6SDQ,shuffled,629.0,141.0,0.1421569138765335,0,B0032VYCUI
B001U9DJ0I,B000WK6SDQ,uniform,4068.0,3580.0,0.22874858975410461,0,B00B0F8R4A
B00AOJE63E,B00138MPS8,full,3529.0,0.0,0.9999999403953552,5,B00B8ACUXQ
B00AOJE63E,B00138MPS8,shuffled,5108.0,1579.0,-0.04194960743188858,0,B009L176KQ
B00AOJE63E,B00138MPS8,uniform,50.0,-3479.0,-0.05276685953140259,0,B00FBBN4EW
B005DIJSPM,B00A8D13CI,full,11.0,0.0,1.0,5,B00CU8PDPW
B005DIJSPM,B00A8D13CI,shuffled,3989.0,3978.0,0.09640458226203918,0,B00125VGFA
B005DIJSPM,B00A8D13CI,uniform,101.0,90.0,0.6853288412094116,0,B00BXEQ132
B006SHCSEU,B007Y8L4VK,full,125.0,0.0,1.0000001192092896,5,B0048KRAWE
B006SHCSEU,B007Y8L4VK,shuffled,1003.0,878.0,0.04528521001338959,0,B008PRFP14
B006SHCSEU,B007Y8L4VK,uniform,4279.0,4154.0,0.1492917239665985,0,B00AJ9EZMG
B005FYKZ8I,B005OCJOEC,full,101.0,0.0,1.0,5,B00865CPJ0
B005FYKZ8I,B005OCJOEC,shuffled,383.0,282.0,0.2276230752468109,0,B0077PMHIO
B005FYKZ8I,B005OCJOEC,uniform,158.0,57.0,0.43047377467155457,0,B004V4AH7M
B004Y9NQ1S,B009EUI4G4,full,162.0,0.0,1.0,5,B00AA2BC0U
B004Y9NQ1S,B009EUI4G4,shuffled,1027.0,865.0,0.21528968214988708,0,B009ZHNKGA
B004Y9NQ1S,B009EUI4G4,uniform,49.0,-113.0,0.1618814468383789,0,B0050TBC4Y
B008MO9EY4,B00EPDU2PG,full,323.0,0.0,1.0000001192092896,5,B00B4DXN4W
B008MO9EY4,B00EPDU2PG,shuffled,582.0,259.0,0.3040502369403839,0,B00BQVW6PY
B008MO9EY4,B00EPDU2PG,uniform,3858.0,3535.0,0.21848604083061218,0,B001F8IK0S
B0024FAZ4A,B0044R8CE6,full,231.0,0.0,1.0,5,B000NZW3JI
B0024FAZ4A,B0044R8CE6,shuffled,2257.0,2026.0,0.01841794140636921,0,B0017WRLYI
B0024FAZ4A,B0044R8CE6,uniform,351.0,120.0,0.7772311568260193,1,B007PY6E40
B002XGG0AS,B001HYRKS8,full,663.0,0.0,1.000000238418579,5,B00CAVN1LM
B002XGG0AS,B001HYRKS8,shuffled,1951.0,1288.0,0.27312415838241577,0,B0083EZDD4
B002XGG0AS,B001HYRKS8,uniform,4569.0,3906.0,0.25536632537841797,0,B00CL4JIWO
B000Z3V2JA,B003X46ZKO,full,28.0,0.0,1.0,5,B0094I4IOI
B000Z3V2JA,B003X46ZKO,shuffled,2098.0,2070.0,0.3312205970287323,0,B00DOL44JK
B000Z3V2JA,B003X46ZKO,uniform,836.0,808.0,0.6609935760498047,0,B009ZGPRMQ
B0048KPWFG,B00D6KCEI2,full,3214.0,0.0,1.0,5,B007TMU7Z0
B0048KPWFG,B00D6KCEI2,shuffled,845.0,-2369.0,0.13325314223766327,0,B005Y0FUKQ
B0048KPWFG,B00D6KCEI2,uniform,5675.0,2461.0,0.20412087440490723,0,B003BQTQPA
B0069IQPPQ,B00028I7R8,full,2.0,0.0,1.0,5,B000M12Z28
B0069IQPPQ,B00028I7R8,shuffled,398.0,396.0,0.09289616346359253,0,B0084G4OKO
B0069IQPPQ,B00028I7R8,uniform,113.0,111.0,0.7574307918548584,0,B003X00QGW
B0020Q11LE,B000WB6WTU,full,52.0,0.0,1.000000238418579,5,B007CM1XC8
B0020Q11LE,B000WB6WTU,shuffled,161.0,109.0,0.26759880781173706,0,B00ELPTH9K
B0020Q11LE,B000WB6WTU,uniform,4714.0,4662.0,0.3905576765537262,0,B007N7LX86
B002HNSH80,B0072Y3CWK,full,20.0,0.0,1.0000001192092896,5,B007WTSTVY
B002HNSH80,B0072Y3CWK,shuffled,701.0,681.0,0.1609431356191635,0,B00BBD1GV2
B002HNSH80,B0072Y3CWK,uniform,23.0,3.0,0.5582287311553955,1,B005GW1I2Q
B00AZWLNV8,B005KGF70M,full,1619.0,0.0,1.0000001192092896,5,B007QQ3E8G
B00AZWLNV8,B005KGF70M,shuffled,505.0,-1114.0,0.1843227595090866,0,B00BI4DTR8
B00AZWLNV8,B005KGF70M,uniform,3645.0,2026.0,0.22373616695404053,0,B004RENPLG
B0075BECBK,B007CM1XC8,full,29.0,0.0,1.0,5,B000Z7DTWE
B0075BECBK,B007CM1XC8,shuffled,5845.0,5816.0,0.014173739589750767,0,B008PJKJOU
B0075BECBK,B007CM1XC8,uniform,727.0,698.0,0.11966554820537567,0,B0094JP1PW
B005588YAA,B0002FHIMQ,full,6.0,0.0,1.0000001192092896,5,B0031TVNNK
B005588YAA,B0002FHIMQ,shuffled,1043.0,1037.0,0.16123008728027344,0,B00CL0541M
B005588YAA,B0002FHIMQ,uniform,69.0,63.0,0.7609137296676636,1,B004U28BBY
B00C9T317O,B00BFA20GG,full,54.0,0.0,0.9999999403953552,5,B004D39JI4
B00C9T317O,B00BFA20GG,shuffled,5019.0,4965.0,0.29173821210861206,0,B000VX6TAG
B00C9T317O,B00BFA20GG,uniform,451.0,397.0,0.5330832004547119,0,B0085X1DLE
B004ZC5RL6,B004ZC5PXG,full,1.0,0.0,1.0000001192092896,5,B004ZC5QLC
B004ZC5RL6,B004ZC5PXG,shuffled,982.0,981.0,0.030694205313920975,0,B004MYFR3K
B004ZC5RL6,B004ZC5PXG,uniform,2.0,1.0,0.6573412418365479,3,B004ZC5RWK
B007VYS9I8,B000N9FHLU,full,30.0,0.0,1.0,5,B007N7LX86
B007VYS9I8,B000N9FHLU,shuffled,316.0,286.0,0.15446069836616516,0,B003JY6WY2
B007VYS9I8,B000N9FHLU,uniform,95.0,65.0,0.6010825037956238,0,B00GSXZD0K
B0089ODSU8,B0086YNVVM,full,105.0,0.0,1.0,5,B00BARYBBG
B0089ODSU8,B0086YNVVM,shuffled,618.0,513.0,0.6554011106491089,0,B005KNQ4J8
B0089ODSU8,B0086YNVVM,uniform,42.0,-63.0,0.25607189536094666,0,B0096UD3FO
B006KNW59K,B003H3B9ZM,full,472.0,0.0,1.0000001192092896,5,B00CQ9P4Q8
B006KNW59K,B003H3B9ZM,shuffled,5227.0,4755.0,0.4757421016693115,0,B0019GNH1S
B006KNW59K,B003H3B9ZM,uniform,5303.0,4831.0,0.6492633819580078,0,245600258X
B00BWTZIC8,B008QPAUAG,full,94.0,0.0,1.0,5,B006RI34ZC
B00BWTZIC8,B008QPAUAG,shuffled,4364.0,4270.0,0.44882699847221375,1,B007KDGECS
B00BWTZIC8,B008QPAUAG,uniform,549.0,455.0,0.565665066242218,1,B004JHM9E0
B00B9DYVZC,B005LXFXIA,full,4030.0,0.0,1.0,5,B00613EZ8S
B00B9DYVZC,B005LXFXIA,shuffled,3132.0,-898.0,0.34352290630340576,0,B00C2B0ESS
B00B9DYVZC,B005LXFXIA,uniform,3420.0,-610.0,-0.014281024225056171,0,B00GXFHVYE
B005JQ4WEK,B0013HB3KK,full,24.0,0.0,1.0,5,B004VN5X72
B005JQ4WEK,B0013HB3KK,shuffled,3593.0,3569.0,-0.05272669717669487,0,B000JTANLS
B005JQ4WEK,B0013HB3KK,uniform,250.0,226.0,0.7127198576927185,1,B006HT3WBC
B0064SJ6EI,B00164ITHU,full,45.0,0.0,1.000000238418579,5,B001SERZCS
B0064SJ6EI,B00164ITHU,shuffled,3181.0,3136.0,0.28224608302116394,0,B0051UW60Q
B0064SJ6EI,B00164ITHU,uniform,958.0,913.0,0.5862751603126526,0,B00E1QPNKQ
B000GA5YPK,B00075ZVH0,full,59.0,0.0,1.0,5,B00EV75J9U
B000GA5YPK,B00075ZVH0,shuffled,1904.0,1845.0,0.1898299753665924,0,B003WER4FK
B000GA5YPK,B00075ZVH0,uniform,441.0,382.0,0.4712079167366028,0,B005CT0T8C
B004FN2OYI,B005XIFIRO,full,1262.0,0.0,1.0,5,B008UYXL90
B004FN2OYI,B005XIFIRO,shuffled,175.0,-1087.0,0.3238629102706909,0,B0084YZBAI
B004FN2OYI,B005XIFIRO,uniform,38.0,-1224.0,0.49914005398750305,0,B007MI4PIG
B0098GE6OI,B003XF2ULG,full,55.0,0.0,1.0000001192092896,5,B0081365S4
B0098GE6OI,B003XF2ULG,shuffled,70.0,15.0,0.5520625114440918,1,B0081365S4
B0098GE6OI,B003XF2ULG,uniform,43.0,-12.0,0.7389159202575684,2,B0081365S4
B00BCXL3QE,B004YJVIQS,full,1.0,0.0,1.0000001192092896,5,B004YJVIQS
B00BCXL3QE,B004YJVIQS,shuffled,12.0,11.0,0.6380572319030762,0,B00CRLM5A8
B00BCXL3QE,B004YJVIQS,uniform,51.0,50.0,0.4887876510620117,0,B007MI4PIG
B00DX7P1IS,B004GSOVXO,full,449.0,0.0,1.0000001192092896,5,B006JGXIVC
B00DX7P1IS,B004GSOVXO,shuffled,313.0,-136.0,0.23211489617824554,0,B00BARYBBG
B00DX7P1IS,B004GSOVXO,uniform,129.0,-320.0,0.43873506784439087,0,B0017WRLYI
B00AOJG07E,B009LIZU52,full,234.0,0.0,1.0000001192092896,5,B007IRL1VA
B00AOJG07E,B009LIZU52,shuffled,1305.0,1071.0,0.09103932976722717,0,B007Q3TXRA
B00AOJG07E,B009LIZU52,uniform,992.0,758.0,0.6638563275337219,1,B00CBMHGQG
B005ISINDU,B005LU36LY,full,2960.0,0.0,0.9999999403953552,5,B00BT0JKAQ
B005ISINDU,B005LU36LY,shuffled,1513.0,-1447.0,0.25028958916664124,0,B00BIQ1XCE
B005ISINDU,B005LU36LY,uniform,5676.0,2716.0,0.5455642938613892,0,B002PDJJ0M
B006JATIK8,B00BC41R46,full,211.0,0.0,1.0,5,B0019QUS92
B006JATIK8,B00BC41R46,shuffled,2586.0,2375.0,0.1828308254480362,0,B003OQV4HA
B006JATIK8,B00BC41R46,uniform,1036.0,825.0,0.47381049394607544,1,B009V5GO1E
B006RI34ZC,B00DR4IZTE,full,7.0,0.0,1.000000238418579,5,B00699EPO8
B006RI34ZC,B00DR4IZTE,shuffled,4775.0,4768.0,0.298258900642395,0,B004ZC2HIC
B006RI34ZC,B00DR4IZTE,uniform,458.0,451.0,0.7772716283798218,1,B000JM3A1A
B0084UUHB0,B009LJCL8A,full,178.0,0.0,1.0000001192092896,5,B0038FT02S
B0084UUHB0,B009LJCL8A,shuffled,6110.0,5932.0,0.18425989151000977,0,B009L354J4
B0084UUHB0,B009LJCL8A,uniform,376.0,198.0,0.609426736831665,1,B007JFEWQW
B004OKFF7K,B009ZYPCQO,full,28.0,0.0,1.0,5,B000EXUEZ4
B004OKFF7K,B009ZYPCQO,shuffled,171.0,143.0,0.36109593510627747,1,B000EXUEZ4
B004OKFF7K,B009ZYPCQO,uniform,25.0,-3.0,0.8962027430534363,3,B000EXUEZ4
B0012GILRK,B005YUZ678,full,431.0,0.0,1.0000001192092896,5,B008CQKIX8
B0012GILRK,B005YUZ678,shuffled,1193.0,762.0,0.26130473613739014,0,B000LQVB9W
B0012GILRK,B005YUZ678,uniform,1276.0,845.0,0.21185234189033508,0,B0026GVH8A
B005B6ZIE6,B00ACDAOGU,full,3.0,0.0,1.0,5,B006QHPYIY
B005B6ZIE6,B00ACDAOGU,shuffled,278.0,275.0,0.11762697249650955,0,B00AEMT5Z0
B005B6ZIE6,B00ACDAOGU,uniform,99.0,96.0,0.6133381724357605,1,B0084YXY9S
B007WMC41C,B00BXRE5UU,full,61.0,0.0,1.0,5,B00AJ9EZMG
B007WMC41C,B00BXRE5UU,shuffled,2197.0,2136.0,0.26950162649154663,0,B005N56BXW
B007WMC41C,B00BXRE5UU,uniform,1797.0,1736.0,0.2990226745605469,0,B007Y5A38I
B001OQYE24,B0031TVNNK,full,1.0,0.0,1.0000001192092896,5,B0031TVNNK
B001OQYE24,B0031TVNNK,shuffled,5041.0,5040.0,0.05074559897184372,0,B00AKR3VPO
B001OQYE24,B0031TVNNK,uniform,252.0,251.0,0.5344334244728088,0,B00ARCXAHG
B000783TCQ,B007IRL1VA,full,1514.0,0.0,1.000000238418579,5,B0047BJE0K
B000783TCQ,B007IRL1VA,shuffled,3738.0,2224.0,0.19688311219215393,0,B000RN76GG
B000783TCQ,B007IRL1VA,uniform,1194.0,-320.0,0.08736936748027802,0,B000783T2Q
B007CBS7OG,B004SWYOZI,full,1.0,0.0,1.0000001192092896,5,B004SWYOZI
B007CBS7OG,B004SWYOZI,shuffled,5798.0,5797.0,-0.03436379134654999,0,B001CSPUZE
B007CBS7OG,B004SWYOZI,uniform,7.0,6.0,0.5356403589248657,0,B0026GXEZY
B00APU4KE2,B006AN59CA,full,4449.0,0.0,1.0000001192092896,5,B007PYDLD2
B00APU4KE2,B006AN59CA,shuffled,4625.0,176.0,0.0886552557349205,0,B001AN3MOC
B00APU4KE2,B006AN59CA,uniform,2371.0,-2078.0,0.43246763944625854,0,B0042P6BVG
B000X74R7C,B003RW8XFW,full,1192.0,0.0,1.0000001192092896,5,B0059DQYU8
B000X74R7C,B003RW8XFW,shuffled,1497.0,305.0,0.18147414922714233,0,B0085288EA
B000X74R7C,B003RW8XFW,uniform,6128.0,4936.0,0.42521125078201294,0,B00A7DWRC4
B007T5JNJ8,B00GQWTJ6C,full,2930.0,0.0,1.0,5,B002MXY19Y
B007T5JNJ8,B00GQWTJ6C,shuffled,4970.0,2040.0,0.3401438295841217,0,B00CFP6098
B007T5JNJ8,B00GQWTJ6C,uniform,924.0,-2006.0,0.5570550560951233,0,B000OTIGJY
B00A758348,B00FBBN4EW,full,2.0,0.0,1.0,5,B00DBDYW3Y
B00A758348,B00FBBN4EW,shuffled,3434.0,3432.0,-0.024476133286952972,0,B00318CJ3Y
B00A758348,B00FBBN4EW,uniform,1.0,-1.0,0.8357714414596558,3,B00FBBN4EW
B0094D2LWE,B007QAPB1A,full,66.0,0.0,1.0,5,B00C6NS0BK
B0094D2LWE,B007QAPB1A,shuffled,6335.0,6269.0,0.05087611824274063,0,B00C2O32A2
B0094D2LWE,B007QAPB1A,uniform,6309.0,6243.0,0.2666073441505432,0,B005C91IGE
B00AR0ARLK,B00AYJNE3M,full,28.0,0.0,0.9999999403953552,5,B003WE90FW
B00AR0ARLK,B00AYJNE3M,shuffled,33.0,5.0,0.4172336459159851,1,B00861KWY4
B00AR0ARLK,B00AYJNE3M,uniform,447.0,419.0,0.6143620014190674,1,B00H9FBM5Q
B008LDGQK6,B00BLL7CB2,full,627.0,0.0,0.9999998807907104,5,B00AK46JK6
B008LDGQK6,B00BLL7CB2,shuffled,1585.0,958.0,0.0484958179295063,0,B0081TUBCY
B008LDGQK6,B00BLL7CB2,uniform,263.0,-364.0,0.533242404460907,0,B005HWTURA
B008Z0FTB2,B007BLNDLO,full,117.0,0.0,1.0,5,B004DJ0A0Y
B008Z0FTB2,B007BLNDLO,shuffled,4602.0,4485.0,0.1763264387845993,0,B003M67AYS
B008Z0FTB2,B007BLNDLO,uniform,4087.0,3970.0,0.651614248752594,0,B0014QR9QM
B0020Q11LE,B0030EX7Z8,full,649.0,0.0,1.0,5,B005980IJG
B0020Q11LE,B0030EX7Z8,shuffled,817.0,168.0,0.08048500865697861,0,B00BMR73SC
B0020Q11LE,B0030EX7Z8,uniform,1129.0,480.0,0.6286811828613281,0,B002MWCYDA
B00112FYQG,B005JQN9C6,full,44.0,0.0,1.0,5,B00AJWOFY6
B00112FYQG,B005JQN9C6,shuffled,257.0,213.0,0.4631410241127014,1,B004B7PMVK
B00112FYQG,B005JQN9C6,uniform,126.0,82.0,0.7521674633026123,1,B004B7PMVK
B004QYHZ6I,B005UL02C0,full,6.0,0.0,1.0000001192092896,5,B00729P2UA
B004QYHZ6I,B005UL02C0,shuffled,347.0,341.0,0.5528913736343384,0,B001L3GYSW
B004QYHZ6I,B005UL02C0,uniform,107.0,101.0,0.42332834005355835,0,B008K644U8
B008F39HRQ,B000ZN8Z3G,full,688.0,0.0,1.0000001192092896,5,B00AJ9EZMG
B008F39HRQ,B000ZN8Z3G,shuffled,384.0,-304.0,0.17627768218517303,0,B001CKECFQ
B008F39HRQ,B000ZN8Z3G,uniform,3716.0,3028.0,0.40874117612838745,0,B002DYJC3M
B00827XZUK,B003XGPATY,full,101.0,0.0,1.0000001192092896,5,B009L80RS2
B00827XZUK,B003XGPATY,shuffled,5354.0,5253.0,-0.013606902211904526,0,B00D9NUE2O
B00827XZUK,B003XGPATY,uniform,3787.0,3686.0,0.5524932742118835,1,B00DX7Q8O4
B0002X4OES,B0050OFMB8,full,9.0,0.0,1.0000001192092896,5,B0012FRM2G
B0002X4OES,B0050OFMB8,shuffled,140.0,131.0,0.2865822911262512,0,B006Z8FZ06
B0002X4OES,B0050OFMB8,uniform,24.0,15.0,0.4892333149909973,0,B008LT19QG
B006N1KCB2,B00F3YS42Y,full,57.0,0.0,1.0,5,B00006NQ0N
B006N1KCB2,B00F3YS42Y,shuffled,1590.0,1533.0,0.2008488029241562,0,B00A0OC4BY
B006N1KCB2,B00F3YS42Y,uniform,148.0,91.0,0.45071133971214294,0,B001M0MYCE
B006WFFTTO,B00F3SJQ72,full,240.0,0.0,1.0000001192092896,5,B0065ZE500
B006WFFTTO,B00F3SJQ72,shuffled,229.0,-11.0,0.3973013758659363,2,B007QUOJFY
B006WFFTTO,B00F3SJQ72,uniform,744.0,504.0,0.8730342388153076,3,B004SK95TA
B005S6YGO2,B005N56BXW,full,456.0,0.0,1.0,5,B0083JEAWY
B005S6YGO2,B005N56BXW,shuffled,4800.0,4344.0,0.027680519968271255,0,B00E8HEGQU
B005S6YGO2,B005N56BXW,uniform,767.0,311.0,0.6118295192718506,2,B000VZOJG0
B005AJNKEE,B001M0MWSK,full,80.0,0.0,0.9999998807907104,5,B007VN04BO
B005AJNKEE,B001M0MWSK,shuffled,3120.0,3040.0,0.2664957046508789,0,B003QCESSE
B005AJNKEE,B001M0MWSK,uniform,5281.0,5201.0,0.22477403283119202,0,B0002FHIWQ
B004TMGDME,B000WNEK7Y,full,78.0,0.0,1.0000001192092896,5,B005IYLOYE
B004TMGDME,B000WNEK7Y,shuffled,3425.0,3347.0,0.10167372226715088,0,B000VU56SU
B004TMGDME,B000WNEK7Y,uniform,1074.0,996.0,0.3343844413757324,0,B0084UXV86
B003H7RKB0,B00AQFAWU2,full,31.0,0.0,1.0,5,B00861KWY4
B003H7RKB0,B00AQFAWU2,shuffled,369.0,338.0,0.2550419569015503,0,B0002NZ11I
B003H7RKB0,B00AQFAWU2,uniform,1749.0,1718.0,0.3753165602684021,0,B00A3BNT36
B00BY24W7K,B003AQQ370,full,30.0,0.0,1.0000001192092896,5,B0006GH2C2
B00BY24W7K,B003AQQ370,shuffled,5295.0,5265.0,0.15544463694095612,0,B000OH6O4A
B00BY24W7K,B003AQQ370,uniform,134.0,104.0,0.6879570484161377,0,B004KJEOKO
B008T3V1YO,B00E9JZ6D4,full,105.0,0.0,1.0,5,B00AEYXOX2
B008T3V1YO,B00E9JZ6D4,shuffled,1664.0,1559.0,0.13635894656181335,0,B006FSRHMA
B008T3V1YO,B00E9JZ6D4,uniform,2193.0,2088.0,0.49439626932144165,0,B00ASK9HGA
B00ARF686S,B00CL08O0A,full,347.0,0.0,1.0,5,B00CFP6098
B00ARF686S,B00CL08O0A,shuffled,1176.0,829.0,0.12556293606758118,0,B009XWWJV4
B00ARF686S,B00CL08O0A,uniform,4984.0,4637.0,0.24746237695217133,0,B005Q0B9ZY
B0060EYIU8,B005XS00E0,full,21.0,0.0,0.9999998807907104,5,B00AEJQ7SQ
B0060EYIU8,B005XS00E0,shuffled,918.0,897.0,0.348438560962677,0,B00E3Z2XFS
B0060EYIU8,B005XS00E0,uniform,30.0,9.0,0.6906784176826477,4,B0098GE6OI
B0057V76WM,B001ET7HSE,full,5.0,0.0,1.000000238418579,5,B001ET7H66
B0057V76WM,B001ET7HSE,shuffled,2327.0,2322.0,0.17123912274837494,0,B00FDL73BK
B0057V76WM,B001ET7HSE,uniform,626.0,621.0,0.5323953032493591,0,B005KSBJL6
B006N1KIHK,B008YF7M2M,full,1.0,0.0,1.0,5,B008YF7M2M
B006N1KIHK,B008YF7M2M,shuffled,673.0,672.0,0.1332346796989441,0,B00926S118
B006N1KIHK,B008YF7M2M,uniform,5.0,4.0,0.5666934251785278,1,B006N1KCB2
B006ID7VIC,B00FZ57788,full,39.0,0.0,1.000000238418579,5,B005HWTURA
B006ID7VIC,B00FZ57788,shuffled,179.0,140.0,0.27482929825782776,0,B0045VQCWA
B006ID7VIC,B00FZ57788,uniform,77.0,38.0,0.7887541055679321,3,B005P7DL7W
B00AY9O4WC,B005ZCA5PI,full,8.0,0.0,1.0,5,B0045MS86W
B00AY9O4WC,B005ZCA5PI,shuffled,153.0,145.0,0.38203251361846924,0,B005HWTURA
B00AY9O4WC,B005ZCA5PI,uniform,38.0,30.0,0.52242112159729,0,B0030ZR9TC
B00680JY4O,B0068YW1EA,full,1.0,0.0,1.0000001192092896,5,B0068YW1EA
B00680JY4O,B0068YW1EA,shuffled,4276.0,4275.0,0.0368332713842392,0,B0048KRJ98
B00680JY4O,B0068YW1EA,uniform,313.0,312.0,0.4680836498737335,0,B004W75SW2
B0092UH97G,B000N4U0LC,full,536.0,0.0,1.0000001192092896,5,B00B92J932
B0092UH97G,B000N4U0LC,shuffled,2787.0,2251.0,0.020430028438568115,0,B003QCBBJI
B0092UH97G,B000N4U0LC,uniform,1080.0,544.0,0.22694361209869385,0,B00916YLW2
B001L0ZVIE,B0086WETGU,full,37.0,0.0,1.0,5,B0009G3YQW
B001L0ZVIE,B0086WETGU,shuffled,7.0,-30.0,0.3628862500190735,0,B007PVC4R4
B001L0ZVIE,B0086WETGU,uniform,162.0,125.0,0.8208664059638977,1,B00GNKJKFC
B0009MIGVO,B00BOY9EWQ,full,97.0,0.0,1.0,5,B00A7BR9XS
B0009MIGVO,B00BOY9EWQ,shuffled,5909.0,5812.0,0.354592502117157,0,B000BWRD66
B0009MIGVO,B00BOY9EWQ,uniform,386.0,289.0,0.23682187497615814,0,B000P4U9Z2
B003TQ05QQ,B006IZI2H4,full,8.0,0.0,1.0000001192092896,5,B0045VQCWA
B003TQ05QQ,B006IZI2H4,shuffled,6176.0,6168.0,0.05992773547768593,0,B002WOSLVM
B003TQ05QQ,B006IZI2H4,uniform,51.0,43.0,0.3793163001537323,0,B0085YPIXC
B0064IPVGK,B0083SDC9M,full,1971.0,0.0,0.9999998807907104,5,B006ONQTF2
B0064IPVGK,B0083SDC9M,shuffled,3096.0,1125.0,0.43357840180397034,0,B005R961PM
B0064IPVGK,B0083SDC9M,uniform,478.0,-1493.0,0.39971762895584106,0,B007JFEUUA
B00CC2O4PQ,B00B4BAP2M,full,101.0,0.0,1.000000238418579,5,B00BCWHW2E
B00CC2O4PQ,B00B4BAP2M,shuffled,4491.0,4390.0,0.40117841958999634,0,B0046R0BDE
B00CC2O4PQ,B00B4BAP2M,uniform,2518.0,2417.0,0.35680392384529114,0,B002WM7FEI
B003DQKR1A,B0079085BA,full,358.0,0.0,1.0000001192092896,5,B008BSWMFE
B003DQKR1A,B0079085BA,shuffled,1985.0,1627.0,0.4180167615413666,1,B004VMI3DO
B003DQKR1A,B0079085BA,uniform,2700.0,2342.0,0.7419828176498413,1,B009JJG3JA
B003TW4V2Y,B006OWP8GO,full,4501.0,0.0,0.9999998807907104,5,B002Z8VH7K
B003TW4V2Y,B006OWP8GO,shuffled,4114.0,-387.0,0.2318221479654312,0,B001AN3MOC
B003TW4V2Y,B006OWP8GO,uniform,4570.0,69.0,0.3555513024330139,0,B0064SJ6EI
B0095XTJNW,B00GM38ZBK,full,20.0,0.0,1.0,5,B0046Q4F28
B0095XTJNW,B00GM38ZBK,shuffled,1122.0,1102.0,0.357339471578598,0,B004DR1834
B0095XTJNW,B00GM38ZBK,uniform,2039.0,2019.0,0.2939338684082031,0,B0089SXGAQ
B007Y5A38I,B0051EPWF8,full,2.0,0.0,1.0,5,B0012FRM2G
B007Y5A38I,B0051EPWF8,shuffled,41.0,39.0,0.4172971844673157,0,B007WNRED4
B007Y5A38I,B0051EPWF8,uniform,169.0,167.0,0.45337653160095215,0,B0094H2TAO
B000N4TP72,B004TMPIWK,full,231.0,0.0,1.0,5,B00C5KIT1A
B000N4TP72,B004TMPIWK,shuffled,4914.0,4683.0,0.09358900040388107,0,B0054PCK4U
B000N4TP72,B004TMPIWK,uniform,1615.0,1384.0,0.45382532477378845,0,B004K2NSGM
B005ESA9SG,B009P9OF9O,full,3.0,0.0,1.0,5,B005VN36Q6
B005ESA9SG,B009P9OF9O,shuffled,1177.0,1174.0,0.17190773785114288,0,B001LV9ZQM
B005ESA9SG,B009P9OF9O,uniform,210.0,207.0,0.5344911217689514,0,B00C6AOL2K
B00ALRS9OG,B00DW88CA2,full,387.0,0.0,1.000000238418579,5,B009CLF22E
B00ALRS9OG,B00DW88CA2,shuffled,3224.0,2837.0,0.2237740308046341,0,B00B02JOHM
B00ALRS9OG,B00DW88CA2,uniform,3613.0,3226.0,0.5811969637870789,0,B008PGPSJY
B00812S67S,B005Y4L6KK,full,417.0,0.0,1.000000238418579,5,B00018A9XO
B00812S67S,B005Y4L6KK,shuffled,302.0,-115.0,0.05000092834234238,0,B009FG9K2Y
B00812S67S,B005Y4L6KK,uniform,4241.0,3824.0,0.4948855936527252,0,B009SF0J1I
B004YO7ZNS,B004JJVF48,full,2178.0,0.0,0.9999998807907104,5,B00FMZNOFQ
B004YO7ZNS,B004JJVF48,shuffled,1966.0,-212.0,0.46266382932662964,0,B00C865IWY
B004YO7ZNS,B004JJVF48,uniform,1721.0,-457.0,0.5326972603797913,1,B007CGQ5AY
B00AZIB0ZG,B004LWZE54,full,3.0,0.0,1.0000001192092896,5,B00A8D1YMC
B00AZIB0ZG,B004LWZE54,shuffled,1290.0,1287.0,0.2569947838783264,0,B007PYDN62
B00AZIB0ZG,B004LWZE54,uniform,1419.0,1416.0,0.352057546377182,0,B0083F58H4
B00E89R5KC,B000NPJ9H2,full,58.0,0.0,1.0000001192092896,5,B007XJBQCM
B00E89R5KC,B000NPJ9H2,shuffled,4686.0,4628.0,0.2674170732498169,0,B005NJWXTE
B00E89R5KC,B000NPJ9H2,uniform,5523.0,5465.0,0.3108045756816864,0,B00BY2UU8A
B00398WXHI,B00D83U984,full,288.0,0.0,1.0000001192092896,5,B00CQ9P4Q8
B00398WXHI,B00D83U984,shuffled,2831.0,2543.0,0.09908938407897949,0,B00E9E3PQO
B00398WXHI,B00D83U984,uniform,3806.0,3518.0,0.5338704586029053,1,B00CQ9P4Q8
B00B31W2TC,B00C0CMGOY,full,39.0,0.0,1.0000001192092896,5,B00B2JDNHU
B00B31W2TC,B00C0CMGOY,shuffled,306.0,267.0,0.2533601224422455,0,B00BF7PCVY
B00B31W2TC,B00C0CMGOY,uniform,2054.0,2015.0,0.28940367698669434,0,B00BS7FFQ8
B003Y5LY76,B005XIGH92,full,3.0,0.0,1.000000238418579,5,B005CZM4XE
B003Y5LY76,B005XIGH92,shuffled,5145.0,5142.0,0.049358632415533066,0,B00BEZ7YU4
B003Y5LY76,B005XIGH92,uniform,58.0,55.0,0.5588486790657043,0,B00DR2643A
B00DGA6TWY,B006YE9WLY,full,155.0,0.0,1.0000001192092896,5,B00D0XI5LA
B00DGA6TWY,B006YE9WLY,shuffled,862.0,707.0,0.14045636355876923,0,B0027W297Q
B00DGA6TWY,B006YE9WLY,uniform,5968.0,5813.0,0.09481460601091385,0,B00A788IEU
B004EDHI0Y,B00263KHX4,full,54.0,0.0,1.0,5,B001CMIN4K
B004EDHI0Y,B00263KHX4,shuffled,1909.0,1855.0,0.10682588815689087,0,B00D40JIBA
B004EDHI0Y,B00263KHX4,uniform,5274.0,5220.0,0.020864756777882576,0,B00H9FBM5Q
B009YFB2Q8,B007LHVZJK,full,3636.0,0.0,1.0,5,B00380DSDU
B009YFB2Q8,B007LHVZJK,shuffled,3933.0,297.0,0.17499898374080658,0,B00AQRO6YS
B009YFB2Q8,B007LHVZJK,uniform,2141.0,-1495.0,0.31266170740127563,0,B007CGRWWY
B009DLYLS4,B00A1WCYXS,full,25.0,0.0,0.9999998807907104,5,B007WGBT1O
B009DLYLS4,B00A1WCYXS,shuffled,1006.0,981.0,0.183749258518219,1,B005OCBIX2
B009DLYLS4,B00A1WCYXS,uniform,16.0,-9.0,0.670322060585022,1,B002GKSLYE
B00ECY8GWO,B002PUSVT0,full,465.0,0.0,1.0,5,B00B3VCRMY
B00ECY8GWO,B002PUSVT0,shuffled,2999.0,2534.0,0.5079880952835083,0,B004LC8XJ8
B00ECY8GWO,B002PUSVT0,uniform,2643.0,2178.0,0.5644500851631165,0,B006I8W14Q
B002NCIATQ,B000JI5NY6,full,171.0,0.0,1.0000001192092896,5,B007MEZRC8
B002NCIATQ,B000JI5NY6,shuffled,641.0,470.0,0.4954512417316437,0,B009SDCLNY
B002NCIATQ,B000JI5NY6,uniform,4013.0,3842.0,0.377412885427475,0,B00BHKFFAW
B009REO9Q6,B00C6AVPXS,full,26.0,0.0,0.9999998807907104,5,B00B4DX3XI
B009REO9Q6,B00C6AVPXS,shuffled,4110.0,4084.0,0.3906536102294922,0,B005N55Z7K
B009REO9Q6,B00C6AVPXS,uniform,5604.0,5578.0,0.375995397567749,0,B00BOXRPIC
B003IT639C,B00AMD5I7U,full,1.0,0.0,0.9999998211860657,5,B00AMD5I7U
B003IT639C,B00AMD5I7U,shuffled,2080.0,2079.0,0.11201831698417664,0,B0058YIYM4
B003IT639C,B00AMD5I7U,uniform,11.0,10.0,0.5951016545295715,1,B00AEJOVYS
B00C26O5DS,B00B89J29W,full,548.0,0.0,0.9999999403953552,5,B005TGFWE4
B00C26O5DS,B00B89J29W,shuffled,3310.0,2762.0,0.3930324912071228,0,B002X115DK
B00C26O5DS,B00B89J29W,uniform,5276.0,4728.0,0.6950552463531494,0,B00BFGXK8C
B004KF7JM8,B00354MXJY,full,334.0,0.0,0.9999999403953552,5,B001GX4VQO
B004KF7JM8,B00354MXJY,shuffled,1248.0,914.0,0.37721243500709534,0,B002AH1PSC
B004KF7JM8,B00354MXJY,uniform,848.0,514.0,0.4811069071292877,1,B00FD8I2HC
B00B88ZKXA,B00B88TB9O,full,340.0,0.0,1.0000001192092896,5,B00A6C6SS0
B00B88ZKXA,B00B88TB9O,shuffled,1090.0,750.0,0.05229678004980087,0,B005VF6TK4
B00B88ZKXA,B00B88TB9O,uniform,238.0,-102.0,0.4825424551963806,0,B00GXFHVYE
B00A3OSBJ0,B0007UBWPK,full,27.0,0.0,1.0000001192092896,5,B008IHM2V2
B00A3OSBJ0,B0007UBWPK,shuffled,2575.0,2548.0,0.048154111951589584,0,B009EQJZJI
B00A3OSBJ0,B0007UBWPK,uniform,4906.0,4879.0,0.4016408920288086,0,B0045Y0YKS
B00BAQ74CA,B004R89JYO,full,185.0,0.0,1.000000238418579,5,B003JY6WY2
B00BAQ74CA,B004R89JYO,shuffled,1275.0,1090.0,0.14273212850093842,0,B00BQ9SS8U
B00BAQ74CA,B004R89JYO,uniform,99.0,-86.0,0.4666873812675476,1,B0017MBXVA
B004OKFF7K,B00BFTMTJA,full,3638.0,0.0,1.0000001192092896,5,B004N8SX1I
B004OKFF7K,B00BFTMTJA,shuffled,2418.0,-1220.0,0.2966333329677582,0,B0051VMI3K
B004OKFF7K,B00BFTMTJA,uniform,1646.0,-1992.0,0.7077051997184753,4,B000EXUEZ4
B0048KPZO4,B004YO7H3G,full,2.0,0.0,1.0,5,B00AHAH5BA
B0048KPZO4,B004YO7H3G,shuffled,2661.0,2659.0,0.0840243399143219,0,B003R4ZLE6
B0048KPZO4,B004YO7H3G,uniform,166.0,164.0,0.5424199104309082,0,B0047PRDTA
B00BT0JNWQ,B007DJ2XQA,full,2461.0,0.0,1.0,5,B0065RNL94
B00BT0JNWQ,B007DJ2XQA,shuffled,4193.0,1732.0,0.3767833113670349,0,B00BYIUQXS
B00BT0JNWQ,B007DJ2XQA,uniform,635.0,-1826.0,0.563783586025238,0,B0088N39PY
B00CU8PDPW,B00D7N1178,full,41.0,0.0,1.0000001192092896,5,B0085IG1NY
B00CU8PDPW,B00D7N1178,shuffled,4505.0,4464.0,0.025390012189745903,0,B007JQKWGU
B00CU8PDPW,B00D7N1178,uniform,5731.0,5690.0,0.18642447888851166,0,B004KJEOKO
B008LOSNCE,B0019SBBPK,full,820.0,0.0,1.0,5,B0007L1ZGK
B008LOSNCE,B0019SBBPK,shuffled,3951.0,3131.0,0.21237701177597046,0,B00CBEYFHW
B008LOSNCE,B0019SBBPK,uniform,1186.0,366.0,0.8012194633483887,2,B001DIQ02K
B004Z21SHS,B008SAGOWW,full,24.0,0.0,0.9999998807907104,5,B005F0NY26
B004Z21SHS,B008SAGOWW,shuffled,2559.0,2535.0,-0.03541135787963867,0,B001DIQ02K
B004Z21SHS,B008SAGOWW,uniform,5379.0,5355.0,0.42333918809890747,0,B00AMD5I7U
B009RUTFV4,B006Z2HG0Y,full,1.0,0.0,1.0,5,B006Z2HG0Y
B009RUTFV4,B006Z2HG0Y,shuffled,3214.0,3213.0,0.27330881357192993,0,B00865CPJ0
B009RUTFV4,B006Z2HG0Y,uniform,2578.0,2577.0,0.4002813994884491,0,B005IZUOOE
B006VY6A12,B007JQKAFI,full,8.0,0.0,1.0,5,B003V75YYQ
B006VY6A12,B007JQKAFI,shuffled,2636.0,2628.0,0.402629017829895,0,B002Y7ABEC
B006VY6A12,B007JQKAFI,uniform,112.0,104.0,0.5365043878555298,0,B002CJLUOW
B00ANR1M8Y,B006MHJB1O,full,111.0,0.0,1.0000001192092896,5,B00DYA9R5M
B00ANR1M8Y,B006MHJB1O,shuffled,2445.0,2334.0,0.37945103645324707,0,B005HWTURA
B00ANR1M8Y,B006MHJB1O,uniform,2997.0,2886.0,0.629960298538208,2,B00AKYDNFA
B007X2DHT4,B006TTQKU0,full,20.0,0.0,1.0000001192092896,5,B0048KPWFG
B007X2DHT4,B006TTQKU0,shuffled,441.0,421.0,0.30977001786231995,0,B00AMD5I7U
B007X2DHT4,B006TTQKU0,uniform,1586.0,1566.0,0.6151313781738281,1,B0096UD3FO
B000XEBDA4,B00AKR3VPO,full,5663.0,0.0,1.0,5,B009CI5IL2
B000XEBDA4,B00AKR3VPO,shuffled,2237.0,-3426.0,0.15791763365268707,0,B001C1I46S
B000XEBDA4,B00AKR3VPO,uniform,1471.0,-4192.0,0.49258172512054443,0,B003VRUFSQ
B0015GIECO,B005XXYY2O,full,2.0,0.0,1.0,5,B00BUIZB1O
B0015GIECO,B005XXYY2O,shuffled,4026.0,4024.0,0.12709514796733856,0,B0049IALEE
B0015GIECO,B005XXYY2O,uniform,5468.0,5466.0,0.22183814644813538,0,B0085OX8LQ
B0084NYYRK,B0084TQIUA,full,15.0,0.0,0.9999999403953552,5,B000A1OIUM
B0084NYYRK,B0084TQIUA,shuffled,18.0,3.0,0.3114911913871765,0,B002E0G86O
B0084NYYRK,B0084TQIUA,uniform,34.0,19.0,0.5886524319648743,1,B0083WQ3MQ
B0046Q4F28,B00CP5TV58,full,15.0,0.0,1.0,5,B0051VMI3K
B0046Q4F28,B00CP5TV58,shuffled,2197.0,2182.0,0.07370208948850632,0,B001PJ5DQQ
B0046Q4F28,B00CP5TV58,uniform,2547.0,2532.0,0.5198469161987305,0,B00FD8I2HC
B007P28IKK,B004OOXD6G,full,2.0,0.0,1.000000238418579,5,B00C4YRJKO
B007P28IKK,B004OOXD6G,shuffled,33.0,31.0,0.4417176842689514,1,B006H4LI7C
B007P28IKK,B004OOXD6G,uniform,11.0,9.0,0.676947295665741,2,B003WE90FW
B004UR1MY2,B003MCOPWW,full,192.0,0.0,1.0,5,B006G28OXG
B004UR1MY2,B003MCOPWW,shuffled,1468.0,1276.0,0.2852060794830322,1,B006G28OXG
B004UR1MY2,B003MCOPWW,uniform,40.0,-152.0,0.4384046792984009,2,B006G28OXG
B0098AWTUW,B000P47ZAE,full,34.0,0.0,1.000000238418579,5,B004P40LX8
B0098AWTUW,B000P47ZAE,shuffled,742.0,708.0,0.026466917246580124,0,B00DE4GBUM
B0098AWTUW,B000P47ZAE,uniform,3557.0,3523.0,0.3035070300102234,0,B003DVRWH2
B006NCQPYO,B00C6BN2CO,full,57.0,0.0,1.0,5,B007ZNLENM
B006NCQPYO,B00C6BN2CO,shuffled,4684.0,4627.0,0.06999772787094116,0,B009X97PHK
B006NCQPYO,B00C6BN2CO,uniform,3.0,-54.0,0.4438786208629608,0,B00FBBN4EW
B002GP7QO0,B002GP7QNQ,full,1.0,0.0,1.0,5,B002GP7QNQ
B002GP7QO0,B002GP7QNQ,shuffled,20.0,19.0,0.3299158811569214,0,B001CMIN4K
B002GP7QO0,B002GP7QNQ,uniform,18.0,17.0,0.6576237678527832,0,B001GHIUDK
B00DYR63RK,B00A8Q37YC,full,3.0,0.0,1.0000001192092896,5,B005ERXK06
B00DYR63RK,B00A8Q37YC,shuffled,1.0,-2.0,0.516433835029602,1,B00A8Q37YC
B00DYR63RK,B00A8Q37YC,uniform,16.0,13.0,0.4178280830383301,0,B00BHKFFAW
B000G1FDF0,B002WYUFIY,full,10.0,0.0,1.0000001192092896,5,B002QLE37C
B000G1FDF0,B002WYUFIY,shuffled,1594.0,1584.0,0.20041640102863312,0,B003TQ05QQ
B000G1FDF0,B002WYUFIY,uniform,8.0,-2.0,0.6578121185302734,2,B00DEKLOYO
B007MD9MN4,B001U0F5QI,full,366.0,0.0,1.0,5,B006VE8IQC
B007MD9MN4,B001U0F5QI,shuffled,424.0,58.0,0.39172497391700745,0,B000L3XSBY
B007MD9MN4,B001U0F5QI,uniform,136.0,-230.0,0.18755875527858734,0,B006HSD3AI
B00AZUNPNE,B0058XVNC8,full,2143.0,0.0,1.0,5,B006Q8U9D8
B00AZUNPNE,B0058XVNC8,shuffled,6097.0,3954.0,0.14436617493629456,0,B008ILTI24
B00AZUNPNE,B0058XVNC8,uniform,4297.0,2154.0,0.39882344007492065,0,B008B10SOS
B004ZC7H0K,B003C7NPA0,full,3.0,0.0,1.0,5,B0083V1912
B004ZC7H0K,B003C7NPA0,shuffled,1213.0,1210.0,0.18418335914611816,0,B006RDR6RE
B004ZC7H0K,B003C7NPA0,uniform,189.0,186.0,0.6248235106468201,0,B000EDFWXS
B0094D2LWE,B00863JI88,full,77.0,0.0,1.0000001192092896,5,B00C9GENNS
B0094D2LWE,B00863JI88,shuffled,3969.0,3892.0,0.02151588350534439,0,B009ADCOP2
B0094D2LWE,B00863JI88,uniform,296.0,219.0,0.3602200448513031,0,B005C91IGE
B00AESNT5Q,B008447TR6,full,23.0,0.0,1.0000001192092896,5,B00AXOZ1XO
B00AESNT5Q,B008447TR6,shuffled,394.0,371.0,0.06345569342374802,0,B00CYMFFVQ
B00AESNT5Q,B008447TR6,uniform,103.0,80.0,0.5612684488296509,0,B00DEKLOYO
B00DSY5UOQ,B0090E0GLA,full,400.0,0.0,1.0000001192092896,5,B00E45CCJO
B00DSY5UOQ,B0090E0GLA,shuffled,4503.0,4103.0,0.18106819689273834,0,B007CGRWWY
B00DSY5UOQ,B0090E0GLA,uniform,6.0,-394.0,0.5202463865280151,0,B008AXCUF2
B001PJ6ZX6,B001PIWUZ4,full,4.0,0.0,1.0000001192092896,5,B005KMKG9S
B001PJ6ZX6,B001PIWUZ4,shuffled,565.0,561.0,0.2926783859729767,0,B008SAGOWW
B001PJ6ZX6,B001PIWUZ4,uniform,2.0,-2.0,0.7725647687911987,1,B00CMI6PSY
B000CAZVI4,B007JWZZIO,full,172.0,0.0,1.0,5,B00DEE3LC8
B000CAZVI4,B007JWZZIO,shuffled,6319.0,6147.0,0.23568971455097198,0,B003LR3ES4
B000CAZVI4,B007JWZZIO,uniform,5449.0,5277.0,0.459234356880188,0,B00D7N1178
B00A21JW60,B004L63QNW,full,28.0,0.0,1.0,5,B00C7T6J4I
B00A21JW60,B004L63QNW,shuffled,3729.0,3701.0,0.011107153259217739,0,B00DEE3LC8
B00A21JW60,B004L63QNW,uniform,222.0,194.0,0.35220304131507874,0,B0045Y0YKS
B005OCFG3K,B00A3HIN6I,full,1492.0,0.0,1.000000238418579,5,B004NDW9RC
B005OCFG3K,B00A3HIN6I,shuffled,576.0,-916.0,0.12138793617486954,0,B007Q3TXRA
B005OCFG3K,B00A3HIN6I,uniform,4242.0,2750.0,0.3868997395038605,0,B0088A4Z8M
B00AZLH99O,B00AK47K0E,full,2658.0,0.0,1.000000238418579,5,B006CS7RIC
B00AZLH99O,B00AK47K0E,shuffled,1986.0,-672.0,0.23660695552825928,0,B001BZ6ILS
B00AZLH99O,B00AK47K0E,uniform,5881.0,3223.0,0.5510973930358887,1,B00DDXEQ9M
B009G0SO62,B002PZHYQ6,full,13.0,0.0,1.0,5,B003WER4FK
B009G0SO62,B002PZHYQ6,shuffled,190.0,177.0,0.34042543172836304,0,B00D0XI5LA
B009G0SO62,B002PZHYQ6,uniform,1537.0,1524.0,0.5170907378196716,0,B0037KIXK4
B000VTMXZU,B003HEYFBG,full,98.0,0.0,1.0000001192092896,5,B002PUSVT0
B000VTMXZU,B003HEYFBG,shuffled,3458.0,3360.0,0.2318299114704132,0,B002PZHYQ6
B000VTMXZU,B003HEYFBG,uniform,3191.0,3093.0,0.5626894235610962,0,B009VI0H7S
B00140FIFC,B0045889NS,full,80.0,0.0,1.0,5,B00B4EF1AA
B00140FIFC,B0045889NS,shuffled,5682.0,5602.0,0.24749019742012024,0,B0051J2X78
B00140FIFC,B0045889NS,uniform,4324.0,4244.0,0.4177296757698059,0,B00A6C6SS0
B00BGJ4OQA,B005F0JPDI,full,393.0,0.0,1.0000001192092896,5,B00G96C2NC
B00BGJ4OQA,B005F0JPDI,shuffled,3857.0,3464.0,0.10449672490358353,0,B00B1FCGFU
B00BGJ4OQA,B005F0JPDI,uniform,1942.0,1549.0,0.2281617671251297,0,B004K2NSGM
B005MV78O8,B00313Y4BY,full,268.0,0.0,0.9999998807907104,5,B009HGZMVA
B005MV78O8,B00313Y4BY,shuffled,4235.0,3967.0,0.10351376980543137,0,B005AD7WZI
B005MV78O8,B00313Y4BY,uniform,2946.0,2678.0,0.21008102595806122,0,B004FN2OYI
B00AZ0180G,B005MGDZ04,full,26.0,0.0,1.0000001192092896,5,B009LM1ZJS
B00AZ0180G,B005MGDZ04,shuffled,2873.0,2847.0,0.1076047271490097,0,B005UZEMT0
B00AZ0180G,B005MGDZ04,uniform,777.0,751.0,0.4951702952384949,1,B0065RNL94
B004C43LO2,B001KAN812,full,340.0,0.0,1.0000001192092896,5,B007JLDPPA
B004C43LO2,B001KAN812,shuffled,6152.0,5812.0,0.3271096348762512,0,B007CCWNBI
B004C43LO2,B001KAN812,uniform,437.0,97.0,0.308607816696167,0,B008RJUC7M
B00714Q6LA,B007RJG5J2,full,288.0,0.0,1.0,5,B003ZL943A
B00714Q6LA,B007RJG5J2,shuffled,116.0,-172.0,0.4716278910636902,0,B0065RNL94
B00714Q6LA,B007RJG5J2,uniform,755.0,467.0,0.46530023217201233,0,B009MMPJ5I
B00B4DXN4W,B00BNBFJ7E,full,8.0,0.0,1.0000001192092896,5,B00E8IO0VA
B00B4DXN4W,B00BNBFJ7E,shuffled,170.0,162.0,0.25933632254600525,0,B006U6ENVK
B00B4DXN4W,B00BNBFJ7E,uniform,80.0,72.0,0.45612722635269165,0,B004U28BBY
B007C3IEOC,B00804T1HQ,full,14.0,0.0,1.000000238418579,5,B003Y74AOI
B007C3IEOC,B00804T1HQ,shuffled,40.0,26.0,0.5635671019554138,0,B009K8BJJY
B007C3IEOC,B00804T1HQ,uniform,491.0,477.0,0.28587567806243896,0,B003R4ZAII
B00AO1T42U,B008CP94U2,full,5.0,0.0,1.000000238418579,5,B005F0NY26
B00AO1T42U,B008CP94U2,shuffled,544.0,539.0,0.25271621346473694,0,B0085IGAU8
B00AO1T42U,B008CP94U2,uniform,4612.0,4607.0,0.160376638174057,0,B003FGW8MO
B005MV78O8,B005HMPACO,full,129.0,0.0,1.0,5,B002RXBEOO
B005MV78O8,B005HMPACO,shuffled,1959.0,1830.0,-0.06986385583877563,0,B009GMTC2K
B005MV78O8,B005HMPACO,uniform,4113.0,3984.0,0.29549920558929443,0,B004FN2OYI
B007JFCWQY,B003IT639C,full,14.0,0.0,1.0,5,B0084SUJ92
B007JFCWQY,B003IT639C,shuffled,752.0,738.0,0.17541491985321045,0,B001MG8S82
B007JFCWQY,B003IT639C,uniform,36.0,22.0,0.6057277917861938,0,B00AEJQ7SQ
B005G3VM80,B008RMD5HS,full,1.0,0.0,1.0000001192092896,5,B008RMD5HS
B005G3VM80,B008RMD5HS,shuffled,4822.0,4821.0,0.08406215161085129,0,B004ZIJQVM
B005G3VM80,B008RMD5HS,uniform,131.0,130.0,0.32235419750213623,0,B0081365S4
B003FWLRD4,B001G8UIZW,full,478.0,0.0,1.0000001192092896,5,B00519PPCS
B003FWLRD4,B001G8UIZW,shuffled,629.0,151.0,0.22442235052585602,0,B00DEE3LC8
B003FWLRD4,B001G8UIZW,uniform,1387.0,909.0,0.26573097705841064,0,B00213K0NG
B000OM3WSQ,B00ANR01C2,full,1908.0,0.0,1.0000001192092896,5,B005NYB9HG
B000OM3WSQ,B00ANR01C2,shuffled,1402.0,-506.0,0.3709529638290405,0,B0056X4BM4
B000OM3WSQ,B00ANR01C2,uniform,4702.0,2794.0,0.61397784948349,0,B0047PRDTA
B003U4T928,B00EQ85MY6,full,38.0,0.0,1.000000238418579,5,B008RMD5HS
B003U4T928,B00EQ85MY6,shuffled,756.0,718.0,0.1796673983335495,0,B00BH1F9B6
B003U4T928,B00EQ85MY6,uniform,3155.0,3117.0,0.2310539036989212,0,B007JFEWQW
B0053DV6AW,B00AA13RN6,full,14.0,0.0,1.0,5,B00A8D1Q8Y
B0053DV6AW,B00AA13RN6,shuffled,2478.0,2464.0,0.17749378085136414,0,B002DEMCGG
B0053DV6AW,B00AA13RN6,uniform,2915.0,2901.0,0.18057328462600708,0,B004HHO2DI
B002UFT5JA,B00CCR7O1C,full,2962.0,0.0,1.000000238418579,5,B00G8QCD50
B002UFT5JA,B00CCR7O1C,shuffled,4577.0,1615.0,0.25189605355262756,0,B00AG24UEO
B002UFT5JA,B00CCR7O1C,uniform,1800.0,-1162.0,0.7088180184364319,2,B006FSRHMA
B005IR27EC,B006OIVJCK,full,1.0,0.0,1.0,5,B006OIVJCK
B005IR27EC,B006OIVJCK,shuffled,4772.0,4771.0,0.13179823756217957,0,B008ILTI24
B005IR27EC,B006OIVJCK,uniform,80.0,79.0,0.5596284866333008,0,B00CWGKTLK
B004UIOL3K,B004UTATIU,full,7.0,0.0,1.0,5,B007FX9LAA
B004UIOL3K,B004UTATIU,shuffled,1732.0,1725.0,0.38199761509895325,0,B00DOL44JK
B004UIOL3K,B004UTATIU,uniform,35.0,28.0,0.5656464099884033,0,B000OFIYP4
B0081FLAGO,B00AAJ67QW,full,17.0,0.0,1.0,5,B00B27IIPE
B0081FLAGO,B00AAJ67QW,shuffled,2781.0,2764.0,0.3332957625389099,0,B009EXKQEY
B0081FLAGO,B00AAJ67QW,uniform,3032.0,3015.0,0.38624370098114014,0,B003LR3ES4
B00AREHSMM,B006N7NITO,full,33.0,0.0,0.9999998807907104,5,B00FRGP0CA
B00AREHSMM,B006N7NITO,shuffled,396.0,363.0,0.24918781220912933,0,B0081GC3AK
B00AREHSMM,B006N7NITO,uniform,5771.0,5738.0,0.2635997533798218,0,B007AEUC98
B00B7HVJZA,B008NAGF26,full,839.0,0.0,0.9999999403953552,5,B000A38K4A
B00B7HVJZA,B008NAGF26,shuffled,2076.0,1237.0,0.3616016209125519,0,B0095ODDBK
B00B7HVJZA,B008NAGF26,uniform,4718.0,3879.0,0.13046446442604065,0,B005CT0T8C
B007TXNW9M,B006SDZ0JY,full,236.0,0.0,1.0,5,B002SH08KA
B007TXNW9M,B006SDZ0JY,shuffled,1604.0,1368.0,0.07774414122104645,0,B00318CIL2
B007TXNW9M,B006SDZ0JY,uniform,701.0,465.0,0.43904709815979004,0,B003OUWT0W
B0046IFV6K,B006405WPI,full,47.0,0.0,1.000000238418579,5,B007WNRED4
B0046IFV6K,B006405WPI,shuffled,4910.0,4863.0,0.3118245601654053,0,B0026T5LDY
B0046IFV6K,B006405WPI,uniform,133.0,86.0,0.79314124584198,0,B00CP77EEG
B001PIWUZ4,B001TSZPM0,full,5.0,0.0,1.0,5,B00EUSPSUA
B001PIWUZ4,B001TSZPM0,shuffled,66.0,61.0,0.49005013704299927,0,B001PFBE2C
B001PIWUZ4,B001TSZPM0,uniform,227.0,222.0,0.3627353608608246,0,B0074AWK4S
B008447TR6,B004G4G00K,full,2.0,0.0,1.0000001192092896,5,B00BXXX3PM
B008447TR6,B004G4G00K,shuffled,58.0,56.0,0.48097389936447144,0,B0081ST50O
B008447TR6,B004G4G00K,uniform,39.0,37.0,0.7252915501594543,0,B00C69YVRG
B009T5NMS4,B004VFHTL8,full,3.0,0.0,1.0000001192092896,5,B004VDCRW6
B009T5NMS4,B004VFHTL8,shuffled,159.0,156.0,0.3857141137123108,0,B0089MW1E4
B009T5NMS4,B004VFHTL8,uniform,480.0,477.0,0.24186788499355316,0,B004U940JY
B0013F2JGE,B000H84DIA,full,4.0,0.0,1.0000001192092896,5,B000EMROT4
B0013F2JGE,B000H84DIA,shuffled,852.0,848.0,0.265732079744339,0,B003VW0VNK
B0013F2JGE,B000H84DIA,uniform,15.0,11.0,0.5856826901435852,0,B003IG5HAQ
B00CRZ1D66,B00BYEA52Y,full,256.0,0.0,1.0000001192092896,5,B00DEI25ZI
B00CRZ1D66,B00BYEA52Y,shuffled,5164.0,4908.0,0.24697794020175934,0,B00AETFOD0
B00CRZ1D66,B00BYEA52Y,uniform,2506.0,2250.0,0.25771501660346985,0,B004N1BFR4
B004SWYOZI,B007G03S2Y,full,585.0,0.0,1.000000238418579,5,B00BSXLX9U
B004SWYOZI,B007G03S2Y,shuffled,784.0,199.0,0.003818799741566181,0,B006RDOWRQ
B004SWYOZI,B007G03S2Y,uniform,2678.0,2093.0,0.310009628534317,0,B004U940JY
B00AX2ZUCS,B0081SF8AU,full,3290.0,0.0,1.0,5,B008X7AQSI
B00AX2ZUCS,B0081SF8AU,shuffled,6003.0,2713.0,0.33053529262542725,2,B006VE8GR8
B00AX2ZUCS,B0081SF8AU,uniform,4733.0,1443.0,0.4483721852302551,0,B00BS7FFQ8
B00DTIO7G8,B002SK8VGK,full,1506.0,0.0,1.0000001192092896,5,B0024FAZO0
B00DTIO7G8,B002SK8VGK,shuffled,823.0,-683.0,0.35791125893592834,1,B00A9IVY5I
B00DTIO7G8,B002SK8VGK,uniform,842.0,-664.0,0.6907842755317688,1,B00BGJ4OQA
B00DTIO7G8,B00AYJA4G2,full,30.0,0.0,1.0000001192092896,5,B00A9IVY5I
B00DTIO7G8,B00AYJA4G2,shuffled,111.0,81.0,0.4754353165626526,2,B005C91FL2
B00DTIO7G8,B00AYJA4G2,uniform,470.0,440.0,0.3327111005783081,1,B00A9IVY5I
B00EQV08XS,B004UKNYZ4,full,7.0,0.0,1.0,5,B002YGT08G
B00EQV08XS,B004UKNYZ4,shuffled,5912.0,5905.0,0.030828455463051796,0,B0019QUS92
B00EQV08XS,B004UKNYZ4,uniform,59.0,52.0,0.6458287835121155,0,B0098GE6OI
B006G2Z1W8,B00FM6HAQY,full,3357.0,0.0,1.0000001192092896,5,B00851M3YW
B006G2Z1W8,B00FM6HAQY,shuffled,3881.0,524.0,0.07022353261709213,0,B005AD7WZI
B006G2Z1W8,B00FM6HAQY,uniform,601.0,-2756.0,0.44173985719680786,0,B005VF64V8
B00CD7L1WY,B0009RIYES,full,108.0,0.0,1.0,5,B00BBSZEQ0
B00CD7L1WY,B0009RIYES,shuffled,4526.0,4418.0,0.14358192682266235,0,B001LNWGDE
B00CD7L1WY,B0009RIYES,uniform,116.0,8.0,0.5716339945793152,0,B0096UD3FO
B00BAXTUN4,B009QR8QAE,full,3170.0,0.0,1.0,5,B003J5CFXS
B00BAXTUN4,B009QR8QAE,shuffled,6000.0,2830.0,0.38297054171562195,0,B00AFJA89O
B00BAXTUN4,B009QR8QAE,uniform,1643.0,-1527.0,0.6570039987564087,1,B0078W27NQ
B00BWDCPUW,B00BJPLEYG,full,24.0,0.0,1.0,5,B007XJBQCM
B00BWDCPUW,B00BJPLEYG,shuffled,2176.0,2152.0,0.2225804179906845,0,B004OP2J56
B00BWDCPUW,B00BJPLEYG,uniform,2171.0,2147.0,0.38116705417633057,0,B007JQKD7S
B005FS7LEK,B00BP47QWK,full,34.0,0.0,1.0,5,B00BJJJNS6
B005FS7LEK,B00BP47QWK,shuffled,1049.0,1015.0,0.32147321105003357,0,B003HIWLVI
B005FS7LEK,B00BP47QWK,uniform,338.0,304.0,0.5208926200866699,0,B003HIWLVI
B004RRB10U,B007R1NWEG,full,5042.0,0.0,1.0,5,B000GG5PDK
B004RRB10U,B007R1NWEG,shuffled,5278.0,236.0,0.42467910051345825,1,B006JPU6JA
B004RRB10U,B007R1NWEG,uniform,4004.0,-1038.0,0.5786929726600647,0,B007ZT9PVO
B00CXMYX2E,B00DAMLQKS,full,246.0,0.0,0.9999999403953552,5,B00DG934QE
B00CXMYX2E,B00DAMLQKS,shuffled,493.0,247.0,0.47394058108329773,1,B004J8I4VQ
B00CXMYX2E,B00DAMLQKS,uniform,5188.0,4942.0,0.5894234776496887,0,B005F0NY26
B0013FJWT6,B002C6FOII,full,14.0,0.0,1.0,5,B00C5RAHMW
B0013FJWT6,B002C6FOII,shuffled,79.0,65.0,0.20281466841697693,0,B001C1I46S
B0013FJWT6,B002C6FOII,uniform,189.0,175.0,0.42177239060401917,0,B0013FPI8K
B009QR8VNQ,B00DB5ERM8,full,3733.0,0.0,1.0000001192092896,5,B004BNNGUS
B009QR8VNQ,B00DB5ERM8,shuffled,1964.0,-1769.0,0.24774913489818573,0,B0088I8SBO
B009QR8VNQ,B00DB5ERM8,uniform,5885.0,2152.0,0.8938828110694885,3,B009ZGNJ6W
B008447TR6,B00AEF5VKA,full,3.0,0.0,1.000000238418579,5,B00DEKLOYO
B008447TR6,B00AEF5VKA,shuffled,156.0,153.0,0.08569419384002686,0,B005MRT3EK
B008447TR6,B00AEF5VKA,uniform,97.0,94.0,0.739069938659668,0,B00C69YVRG
B00B4WT108,B002KG6OOS,full,296.0,0.0,1.0,5,B0085HCN82
B00B4WT108,B002KG6OOS,shuffled,3047.0,2751.0,0.4516603946685791,0,B002QLE37C
B00B4WT108,B002KG6OOS,uniform,826.0,530.0,0.6139850616455078,0,B0036XLH7I
B003R4ZLE6,B007TFPS3S,full,6.0,0.0,1.0000001192092896,5,B006042IYG
B003R4ZLE6,B007TFPS3S,shuffled,4559.0,4553.0,0.1521044224500656,0,B004KB7T18
B003R4ZLE6,B007TFPS3S,uniform,29.0,23.0,0.6845340132713318,1,B0028K388G
B00DE1BDLC,B004RDY5LQ,full,146.0,0.0,1.0000001192092896,5,B004G09EE8
B00DE1BDLC,B004RDY5LQ,shuffled,332.0,186.0,0.12692700326442719,0,B00BSM4OC4
B00DE1BDLC,B004RDY5LQ,uniform,100.0,-46.0,0.4663172662258148,0,B0086EZ6WY
B00CXMYX2E,B004LTGJYC,full,204.0,0.0,0.9999999403953552,5,B002DYJC3M
B00CXMYX2E,B004LTGJYC,shuffled,1539.0,1335.0,0.10577674955129623,0,B008ARBG2Q
B00CXMYX2E,B004LTGJYC,uniform,121.0,-83.0,0.7491753697395325,0,B007XCU72Y
B0073PSC3M,B007MY9PUI,full,337.0,0.0,1.0000001192092896,5,B00380DSDU
B0073PSC3M,B007MY9PUI,shuffled,929.0,592.0,0.024890508502721786,0,B004LWZE54
B0073PSC3M,B007MY9PUI,uniform,516.0,179.0,0.07716752588748932,0,B00FJW4OGK
B008VTKSMM,B008P8A022,full,1.0,0.0,1.0000001192092896,5,B008P8A022
B008VTKSMM,B008P8A022,shuffled,1380.0,1379.0,0.33403417468070984,0,B00761ARU4
B008VTKSMM,B008P8A022,uniform,45.0,44.0,0.45623156428337097,0,B008XGB4RQ
B003JZCDFS,B005H9ZP8Q,full,39.0,0.0,1.0,5,B008ILTI24
B003JZCDFS,B005H9ZP8Q,shuffled,365.0,326.0,0.3489227294921875,0,B005B4MD0K
B003JZCDFS,B005H9ZP8Q,uniform,2082.0,2043.0,0.2873363792896271,0,B003FGW8MO
B005LB3I6G,B005BNN1U2,full,220.0,0.0,1.0,5,B00644PHPO
B005LB3I6G,B005BNN1U2,shuffled,569.0,349.0,0.24983079731464386,0,B00CIBHIO0
B005LB3I6G,B005BNN1U2,uniform,710.0,490.0,0.3696729838848114,0,B00CL4JTB4
B00BL5C9FM,B008ACDRIC,full,82.0,0.0,1.0000001192092896,5,B0095X7ENO
B00BL5C9FM,B008ACDRIC,shuffled,159.0,77.0,0.43924152851104736,1,B00FH65X5E
B00BL5C9FM,B008ACDRIC,uniform,291.0,209.0,0.7105607390403748,0,B0085YPIXC
B001XWTNGQ,B00563EO9O,full,332.0,0.0,1.0,5,B00018A9XO
B001XWTNGQ,B00563EO9O,shuffled,1088.0,756.0,0.43546387553215027,0,B00BQ1QHVI
B001XWTNGQ,B00563EO9O,uniform,48.0,-284.0,0.3982260227203369,0,B002HNSH80
B0042RUEJY,B00AZIN2P2,full,7.0,0.0,0.9999998807907104,5,B0068YW5MI
B0042RUEJY,B00AZIN2P2,shuffled,2101.0,2094.0,0.04823745787143707,0,B00B4CTKHW
B0042RUEJY,B00AZIN2P2,uniform,171.0,164.0,0.5664913654327393,0,B0011MPO0M
B000V999DY,B004TEMWHC,full,452.0,0.0,1.0000001192092896,5,B00853SE8E
B000V999DY,B004TEMWHC,shuffled,3197.0,2745.0,0.2572144567966461,0,B006Q8U9D8
B000V999DY,B004TEMWHC,uniform,2514.0,2062.0,0.39297452569007874,0,B005MGDZ04
B00AY9O4WC,B004APGLNG,full,19.0,0.0,1.0000001192092896,5,B00BCLT7PU
B00AY9O4WC,B004APGLNG,shuffled,163.0,144.0,0.3077735900878906,0,B009ZHNKGA
B00AY9O4WC,B004APGLNG,uniform,9.0,-10.0,0.5756866335868835,0,B008XGB4RQ
B0085O4Q7Q,B008AFYG9I,full,2490.0,0.0,0.9999999403953552,5,B004H4WSBE
B0085O4Q7Q,B008AFYG9I,shuffled,1502.0,-988.0,0.009827899746596813,0,B007GNMQ8I
B0085O4Q7Q,B008AFYG9I,uniform,45.0,-2445.0,0.4896577000617981,0,B0051D0X2Q
B004JXAKD6,B005NYBNEU,full,400.0,0.0,1.0,5,B00916YLW2
B004JXAKD6,B005NYBNEU,shuffled,5923.0,5523.0,0.14405028522014618,0,B005AD7WZI
B004JXAKD6,B005NYBNEU,uniform,3292.0,2892.0,0.38946953415870667,0,B00AL1LOEE
B004MYFR3K,B005KXL6TQ,full,1360.0,0.0,0.9999999403953552,5,B00FM5WA1K
B004MYFR3K,B005KXL6TQ,shuffled,2595.0,1235.0,0.1918601542711258,0,B003WE90FW
B004MYFR3K,B005KXL6TQ,uniform,3411.0,2051.0,0.37819716334342957,0,B00378LDVC
B0085UCF3M,B001V3ST94,full,1376.0,0.0,1.0000001192092896,5,B006MZQT20
B0085UCF3M,B001V3ST94,shuffled,838.0,-538.0,0.15214069187641144,0,B00BPXKESE
B0085UCF3M,B001V3ST94,uniform,2042.0,666.0,0.3798814117908478,0,B005FSOBZW
B000KHDKJQ,B00642IYH4,full,185.0,0.0,1.0000001192092896,5,B002AT6HYM
B000KHDKJQ,B00642IYH4,shuffled,776.0,591.0,0.24436083436012268,0,B006MZQT20
B000KHDKJQ,B00642IYH4,uniform,2110.0,1925.0,0.3139374852180481,0,B004T6PKTW
B00GA1Q00M,B00820LZAO,full,78.0,0.0,1.0,5,B000E22CFA
B00GA1Q00M,B00820LZAO,shuffled,3162.0,3084.0,0.3604826331138611,0,B005N1I9TK
B00GA1Q00M,B00820LZAO,uniform,2971.0,2893.0,0.36599212884902954,0,B00D7N1178
B004J1HDHE,B004J1HFKE,full,28.0,0.0,1.0000001192092896,5,B004J1JDH2
B004J1HDHE,B004J1HFKE,shuffled,412.0,384.0,0.37307482957839966,0,B005TDPITQ
B004J1HDHE,B004J1HFKE,uniform,78.0,50.0,0.7605688571929932,1,B005PGGSQ4
B0046ICFPU,B002CJ7O2Y,full,22.0,0.0,0.9999998807907104,5,B003WE90FW
B0046ICFPU,B002CJ7O2Y,shuffled,4565.0,4543.0,0.05671500414609909,0,B008GNPWNI
B0046ICFPU,B002CJ7O2Y,uniform,2922.0,2900.0,0.38428688049316406,0,B00A8JOCAC
B0083Z6QDO,B0051VMCEK,full,443.0,0.0,0.9999999403953552,5,B0080FV3BW
B0083Z6QDO,B0051VMCEK,shuffled,3621.0,3178.0,0.2538850009441376,0,B004JF5VJW
B0083Z6QDO,B0051VMCEK,uniform,603.0,160.0,0.443888396024704,0,B007JQKPXA
B003TYLO3G,B005LJJ9AC,full,173.0,0.0,1.0000001192092896,5,B007DJAQDC
B003TYLO3G,B005LJJ9AC,shuffled,633.0,460.0,0.5063526034355164,0,B00CIAX7WS
B003TYLO3G,B005LJJ9AC,uniform,784.0,611.0,0.7878095507621765,1,B003G8MLWS
B00F3KMWX0,B005OODLGW,full,4536.0,0.0,1.000000238418579,5,B009LI97P6
B00F3KMWX0,B005OODLGW,shuffled,3159.0,-1377.0,0.6402202248573303,3,B009LI97P6
B00F3KMWX0,B005OODLGW,uniform,2406.0,-2130.0,0.6308760643005371,0,B00BFTS1DI
B005344CDE,B00AUV3TQQ,full,25.0,0.0,1.000000238418579,5,B004R0XJM0
B005344CDE,B00AUV3TQQ,shuffled,413.0,388.0,0.14176753163337708,0,B000V5CWWS
B005344CDE,B00AUV3TQQ,uniform,4973.0,4948.0,0.4047645330429077,0,B00C865IWY
B008351BMA,B007U6TYUY,full,4.0,0.0,1.0,5,B008LOSIZ6
B008351BMA,B007U6TYUY,shuffled,2846.0,2842.0,0.12171555310487747,0,B003QCGEVS
B008351BMA,B007U6TYUY,uniform,39.0,35.0,0.6039851307868958,0,B007T7AGSI
B009R8P6QO,B00GOGK2SO,full,308.0,0.0,1.0,5,B00CD7L1WY
B009R8P6QO,B00GOGK2SO,shuffled,2787.0,2479.0,0.30285707116127014,0,B004L6HJK8
B009R8P6QO,B00GOGK2SO,uniform,179.0,-129.0,0.5855376720428467,1,B00BHKFFAW
B0001TP9FG,B0015N1DYI,full,201.0,0.0,1.0000001192092896,5,B00943FZTA
B0001TP9FG,B0015N1DYI,shuffled,5054.0,4853.0,0.3386186957359314,0,B00BI4DTR8
B0001TP9FG,B0015N1DYI,uniform,2242.0,2041.0,0.5856555700302124,0,B005PZA8F2
B007TB59A4,B00FK45MG8,full,120.0,0.0,0.9999998807907104,5,B003JVH5ZK
B007TB59A4,B00FK45MG8,shuffled,5321.0,5201.0,0.21949845552444458,0,B004I7EJJO
B007TB59A4,B00FK45MG8,uniform,6113.0,5993.0,0.24698002636432648,0,B000UZCE2M
B003QCGEVS,B003QD1Q3I,full,31.0,0.0,1.0,5,B005GQEYVO
B003QCGEVS,B003QD1Q3I,shuffled,112.0,81.0,0.2156352549791336,0,B009BBDBGY
B003QCGEVS,B003QD1Q3I,uniform,294.0,263.0,0.4547356963157654,0,B004TB5VQO
B004VG7H4G,B00B7SB6RA,full,84.0,0.0,1.000000238418579,5,B00DCUQA7M
B004VG7H4G,B00B7SB6RA,shuffled,5833.0,5749.0,0.05196893587708473,0,B00AL8I7E2
B004VG7H4G,B00B7SB6RA,uniform,5915.0,5831.0,0.23839187622070312,0,B0096UD3FO
B004D39JI4,B007B8MGMY,full,217.0,0.0,1.0,5,B007TXNVVG
B004D39JI4,B007B8MGMY,shuffled,1069.0,852.0,0.22342471778392792,0,B0084A8JCO
B004D39JI4,B007B8MGMY,uniform,4039.0,3822.0,0.3621690273284912,0,B008XGB4RQ
B000LUIBH8,B00826ZXF6,full,36.0,0.0,1.0000001192092896,5,B003U9V4OO
B000LUIBH8,B00826ZXF6,shuffled,626.0,590.0,0.5574185848236084,0,B0084DEKW4
B000LUIBH8,B00826ZXF6,uniform,289.0,253.0,0.5082918405532837,0,B004U28BBY
B0059DQYU8,B005N1I9TK,full,2110.0,0.0,1.0,5,B00AR0ARLK
B0059DQYU8,B005N1I9TK,shuffled,5644.0,3534.0,0.21900320053100586,0,B0087J4VGK
B0059DQYU8,B005N1I9TK,uniform,272.0,-1838.0,0.6138036847114563,0,B009G4CVHG
B007VHEYAM,B00GUQOCLQ,full,100.0,0.0,1.0,5,B009UTVW3Q
B007VHEYAM,B00GUQOCLQ,shuffled,2723.0,2623.0,0.1537487953901291,0,B005AD7WZI
B007VHEYAM,B00GUQOCLQ,uniform,2668.0,2568.0,0.18769292533397675,0,B00AWOGGQ6
B0012FNHIO,B001MD8CZ4,full,231.0,0.0,1.0000001192092896,5,B0000ANEC9
B0012FNHIO,B001MD8CZ4,shuffled,2207.0,1976.0,0.3934054970741272,0,B004ZIJQVM
B0012FNHIO,B001MD8CZ4,uniform,314.0,83.0,0.49894002079963684,0,B000EDFWXS
B00AWQ7KG4,B004PEMI7U,full,325.0,0.0,0.9999999403953552,5,B004NN9K9C
B00AWQ7KG4,B004PEMI7U,shuffled,3657.0,3332.0,0.1964416652917862,0,B00B1SXGIS
B00AWQ7KG4,B004PEMI7U,uniform,643.0,318.0,0.3382406532764435,1,B002S0NVEW
B004XQF8FE,B004QY6QKY,full,903.0,0.0,1.000000238418579,5,B00BXQTGGY
B004XQF8FE,B004QY6QKY,shuffled,714.0,-189.0,0.3964160084724426,0,B006KNUZQK
B004XQF8FE,B004QY6QKY,uniform,60.0,-843.0,0.4733927249908447,0,B006KNUZQK
B007DJ3EYA,B0046JZMOK,full,5604.0,0.0,0.9999998807907104,5,B007KDGECS
B007DJ3EYA,B0046JZMOK,shuffled,3430.0,-2174.0,0.3768101632595062,0,B0061SL9LO
B007DJ3EYA,B0046JZMOK,uniform,6160.0,556.0,0.6247660517692566,0,B005XIFIRO
B0016LURJ6,B00184FGT2,full,16.0,0.0,1.0,5,B0009EMQQI
B0016LURJ6,B00184FGT2,shuffled,4120.0,4104.0,-0.006127297878265381,0,B009Q7CK8I
B0016LURJ6,B00184FGT2,uniform,676.0,660.0,0.6863724589347839,0,B0051VMI3K
B004FN2OYI,B001UHMZHI,full,32.0,0.0,1.0000001192092896,5,B00AO7K6TE
B004FN2OYI,B001UHMZHI,shuffled,5949.0,5917.0,-0.02015807293355465,0,B003LR3ES4
B004FN2OYI,B001UHMZHI,uniform,1000.0,968.0,0.2041885405778885,0,B007MI4PIG
B00AN9K6DE,B00AE16OLO,full,31.0,0.0,1.0000001192092896,5,B00EQI4GYS
B00AN9K6DE,B00AE16OLO,shuffled,3119.0,3088.0,0.1933141052722931,0,B008SAGOWW
B00AN9K6DE,B00AE16OLO,uniform,1164.0,1133.0,0.37890344858169556,0,B00512NGTY
B00AQR2JM4,B004J8I4VQ,full,1.0,0.0,1.0000001192092896,5,B004J8I4VQ
B00AQR2JM4,B004J8I4VQ,shuffled,192.0,191.0,0.3201817274093628,0,B0050YAQ6O
B00AQR2JM4,B004J8I4VQ,uniform,444.0,443.0,0.4236232340335846,0,B00AREHPXE
B00G5N5VPK,B002INKDGI,full,277.0,0.0,1.000000238418579,5,B0006SCZYA
B00G5N5VPK,B002INKDGI,shuffled,2600.0,2323.0,0.19119052588939667,0,B0097ZSOHA
B00G5N5VPK,B002INKDGI,uniform,339.0,62.0,0.28002026677131653,0,B007PJ2XTK
B006C6XSFA,B00A7O1W0G,full,9.0,0.0,1.0000001192092896,5,B00DHX3Y5U
B006C6XSFA,B00A7O1W0G,shuffled,1364.0,1355.0,0.066958948969841,0,B004HW68YY
B006C6XSFA,B00A7O1W0G,uniform,361.0,352.0,0.6134566068649292,0,B008L40DC2
B005O76TKE,B00A8KZAIE,full,1020.0,0.0,1.0,5,B00BF9Z6HC
B005O76TKE,B00A8KZAIE,shuffled,4847.0,3827.0,0.35829195380210876,0,B00AZWLNV8
B005O76TKE,B00A8KZAIE,uniform,1148.0,128.0,0.5535758137702942,0,B004W75SW2
B000L7G8OY,B000MXQ7CA,full,123.0,0.0,1.0,5,B008CONWCO
B000L7G8OY,B000MXQ7CA,shuffled,552.0,429.0,0.06249876692891121,0,B004Y6L5IM
B000L7G8OY,B000MXQ7CA,uniform,29.0,-94.0,0.788671612739563,0,B0093NPKO6
B009NBSZOU,B00BFG8QL8,full,250.0,0.0,1.0000001192092896,5,B00AH830F2
B009NBSZOU,B00BFG8QL8,shuffled,2249.0,1999.0,0.0900067538022995,0,B00G4MTFBS
B009NBSZOU,B00BFG8QL8,uniform,2909.0,2659.0,0.46219366788864136,0,B001DIKL4I
B0091RIIRA,B00DXZ2S5E,full,603.0,0.0,1.0000001192092896,5,B007WNRED4
B0091RIIRA,B00DXZ2S5E,shuffled,2075.0,1472.0,0.23806361854076385,0,B0001TOU74
B0091RIIRA,B00DXZ2S5E,uniform,5831.0,5228.0,0.4023606479167938,0,B00A6XSJQI
B00501BIXW,B001LZV83Q,full,3128.0,0.0,0.9999999403953552,5,B00CS6RC4Q
B00501BIXW,B001LZV83Q,shuffled,2560.0,-568.0,0.33584073185920715,0,B0055KXZ48
B00501BIXW,B001LZV83Q,uniform,5321.0,2193.0,0.4759204387664795,0,B009Z41GL4
B002EEP43I,B001E2PNT6,full,95.0,0.0,1.000000238418579,5,B002H0SQT8
B002EEP43I,B001E2PNT6,shuffled,4869.0,4774.0,0.36778542399406433,0,B005NMRNSC
B002EEP43I,B001E2PNT6,uniform,1744.0,1649.0,0.7386260032653809,0,B001MIMB1A
B009WVA51M,B007ENCGTY,full,3.0,0.0,0.9999999403953552,5,B004V93LYI
B009WVA51M,B007ENCGTY,shuffled,5490.0,5487.0,-0.09916668385267258,0,B004MTVMJI
B009WVA51M,B007ENCGTY,uniform,198.0,195.0,0.382843554019928,0,B00ED8TVDW
B00EKT8ASG,B00822FD2I,full,2.0,0.0,1.0,5,B0028K37TG
B00EKT8ASG,B00822FD2I,shuffled,2044.0,2042.0,0.3453367054462433,0,B00CEJLS7E
B00EKT8ASG,B00822FD2I,uniform,4903.0,4901.0,0.5136600136756897,0,B007JFEUUA
B00B31W2TC,B00B2JD2CQ,full,12.0,0.0,1.0000001192092896,5,B00BS7FFQ8
B00B31W2TC,B00B2JD2CQ,shuffled,2457.0,2445.0,0.4540344476699829,0,B00AWJT5LY
B00B31W2TC,B00B2JD2CQ,uniform,478.0,466.0,0.604292631149292,1,B007ENCGTY
B00AJSWYI4,B007IF36VA,full,71.0,0.0,0.9999999403953552,5,B003T5IXUC
B00AJSWYI4,B007IF36VA,shuffled,57.0,-14.0,0.7530366778373718,1,B004V93LYI
B00AJSWYI4,B007IF36VA,uniform,20.0,-51.0,0.8387914299964905,1,B004V93LYI
B001ELCD7M,B0024V5VKM,full,5.0,0.0,1.0,5,B001F6KQF2
B001ELCD7M,B0024V5VKM,shuffled,287.0,282.0,0.4357638359069824,0,B007V9SGZE
B001ELCD7M,B0024V5VKM,uniform,28.0,23.0,0.5514248609542847,0,B0036YWMBM
B0013HB3KK,B005L9UW26,full,3300.0,0.0,1.0,5,B003ZHH2MY
B0013HB3KK,B005L9UW26,shuffled,1413.0,-1887.0,0.24339795112609863,0,B00BQVW6PY
B0013HB3KK,B005L9UW26,uniform,4433.0,1133.0,0.14023956656455994,0,B0000C2VLK
B00BW5K82C,B007VDLVSE,full,5343.0,0.0,1.000000238418579,5,B006ID7VIC
B00BW5K82C,B007VDLVSE,shuffled,6108.0,765.0,0.3451768755912781,0,B008AYYVVM
B00BW5K82C,B007VDLVSE,uniform,4148.0,-1195.0,0.6802594661712646,0,B00C9QJ0PO
B00AOJG2QS,B0014480CG,full,93.0,0.0,0.9999999403953552,5,B001MT5QAM
B00AOJG2QS,B0014480CG,shuffled,641.0,548.0,0.19824764132499695,0,B00CBMHGQG
B00AOJG2QS,B0014480CG,uniform,98.0,5.0,0.42543894052505493,0,B00CBMHGQG
B0081SF8AU,B009E6STY0,full,2883.0,0.0,1.0,5,B00CLWETHU
B0081SF8AU,B009E6STY0,shuffled,5882.0,2999.0,0.33267855644226074,0,B009AY93Y6
B0081SF8AU,B009E6STY0,uniform,6214.0,3331.0,0.4958794116973877,0,B005JQN9C6
B00BTYJGY2,B00AASO2OM,full,5.0,0.0,1.0000001192092896,5,B007Y4P08W
B00BTYJGY2,B00AASO2OM,shuffled,5508.0,5503.0,0.13751424849033356,0,B00BEZ7YU4
B00BTYJGY2,B00AASO2OM,uniform,2720.0,2715.0,0.2364494949579239,0,B004KJEOKO
B009RVTT4G,B003T70M3G,full,28.0,0.0,1.000000238418579,5,B009XE5M0C
B009RVTT4G,B003T70M3G,shuffled,376.0,348.0,0.14561408758163452,0,B00C2TGS6W
B009RVTT4G,B003T70M3G,uniform,437.0,409.0,0.5046311616897583,0,B007F2LW2Q
B000PNTVAC,B000VT8W7S,full,19.0,0.0,1.0,5,B0088OX7ZA
B000PNTVAC,B000VT8W7S,shuffled,5586.0,5567.0,0.3127228915691376,0,B00A9OC50U
B000PNTVAC,B000VT8W7S,uniform,1058.0,1039.0,0.5025886297225952,0,B0077PMHIO
B00EJRN3HM,B006GCKVK0,full,389.0,0.0,1.0,5,B000BQSZBY
B00EJRN3HM,B006GCKVK0,shuffled,4280.0,3891.0,-0.005458698142319918,0,B009QEERZK
B00EJRN3HM,B006GCKVK0,uniform,5756.0,5367.0,0.24885180592536926,0,B008UAI8II
B006XD31RC,B00B0ZBOTA,full,67.0,0.0,1.0000001192092896,5,B004KB7T18
B006XD31RC,B00B0ZBOTA,shuffled,3663.0,3596.0,-0.062434758991003036,0,B00DM8KA7U
B006XD31RC,B00B0ZBOTA,uniform,1986.0,1919.0,0.744594395160675,3,B00BOO7OLO
B00ASK9HGA,B000GHTGHK,full,99.0,0.0,1.0,5,B001MG8S82
B00ASK9HGA,B000GHTGHK,shuffled,1816.0,1717.0,0.3372834324836731,0,B00AETFOD0
B00ASK9HGA,B000GHTGHK,uniform,148.0,49.0,0.6319586038589478,0,B009PPO9KI
B00AZIN2P2,B005A22HD6,full,114.0,0.0,1.0,5,B00A2NMCV0
B00AZIN2P2,B005A22HD6,shuffled,187.0,73.0,0.019999735057353973,0,B00C87EJ3M
B00AZIN2P2,B005A22HD6,uniform,82.0,-32.0,0.5133101940155029,0,B009Y6OC78
B004OYVAIY,B00CR90T2Q,full,23.0,0.0,1.0,5,B0013KWSK6
B004OYVAIY,B00CR90T2Q,shuffled,1715.0,1692.0,0.034069500863552094,0,B007PVC4R4
B004OYVAIY,B00CR90T2Q,uniform,704.0,681.0,0.525676965713501,0,B007T7AGSI
B008BTI85Q,B005KN1S9Y,full,6.0,0.0,1.0,5,B00C8660N0
B008BTI85Q,B005KN1S9Y,shuffled,1029.0,1023.0,0.034121278673410416,0,B0026YCH54
B008BTI85Q,B005KN1S9Y,uniform,11.0,5.0,0.5598210096359253,0,B0096UD3FO
B00B0QP1XY,B009XP1HUA,full,15.0,0.0,1.0,5,B008BHSGWS
B00B0QP1XY,B009XP1HUA,shuffled,2146.0,2131.0,0.19336041808128357,0,B00B5FT6IG
B00B0QP1XY,B009XP1HUA,uniform,125.0,110.0,0.5724692344665527,1,B007IE40W0
B004PP120I,B00BFLIM6M,full,212.0,0.0,1.0,5,B009Z3XPBY
B004PP120I,B00BFLIM6M,shuffled,4920.0,4708.0,0.0041719768196344376,0,B0023UORQS
B004PP120I,B00BFLIM6M,uniform,78.0,-134.0,0.43461138010025024,0,B00EDT0SME
B007R1OJ7A,B00BAXTUN4,full,668.0,0.0,1.0,5,B00AOO0HMS
B007R1OJ7A,B00BAXTUN4,shuffled,4285.0,3617.0,0.16895610094070435,0,B00667268A
B007R1OJ7A,B00BAXTUN4,uniform,868.0,200.0,0.7543240189552307,3,B0088N39PY
B004GGUA9U,B009LIZAES,full,5.0,0.0,1.0000001192092896,5,B0051D3GF2
B004GGUA9U,B009LIZAES,shuffled,3649.0,3644.0,0.058810003101825714,0,B0041IY8I2
B004GGUA9U,B009LIZAES,uniform,1425.0,1420.0,0.5251547694206238,0,B004MDLAF0
B001H8TM80,B00BB50XXM,full,9.0,0.0,1.0,5,B00DCUQA7M
B001H8TM80,B00BB50XXM,shuffled,919.0,910.0,0.3701311945915222,0,B002RXBEOO
B001H8TM80,B00BB50XXM,uniform,15.0,6.0,0.6781651973724365,2,B0062N3JZW
B00DEO56HQ,B0052U6EBC,full,261.0,0.0,1.0,5,B004HZQTXG
B00DEO56HQ,B0052U6EBC,shuffled,271.0,10.0,0.26255881786346436,0,B0081ST50O
B00DEO56HQ,B0052U6EBC,uniform,5256.0,4995.0,0.5384049415588379,0,B009XERVHO
B00EZLD1NI,B00D83J282,full,25.0,0.0,1.0,5,B006DI2W36
B00EZLD1NI,B00D83J282,shuffled,1740.0,1715.0,0.1665244847536087,0,B00ALRS9OG
B00EZLD1NI,B00D83J282,uniform,509.0,484.0,0.5061800479888916,0,B002W8LPOI
B0072ZCRLQ,B00GJ1N5AG,full,23.0,0.0,1.0,5,B000BTMG0C
B0072ZCRLQ,B00GJ1N5AG,shuffled,1304.0,1281.0,0.09627334028482437,0,B00BOWS1W2
B0072ZCRLQ,B00GJ1N5AG,uniform,336.0,313.0,0.3314051330089569,0,B006UKWGCO
B003I86JVK,B0097TBXCE,full,4237.0,0.0,1.0,5,B0024FAZO0
B003I86JVK,B0097TBXCE,shuffled,1217.0,-3020.0,0.536260187625885,0,B00BCXLU30
B003I86JVK,B0097TBXCE,uniform,5011.0,774.0,0.6348597407341003,0,B00378LDVC
B003ITZNYS,B00BQVW6PY,full,14.0,0.0,0.9999999403953552,5,B00865CPJ0
B003ITZNYS,B00BQVW6PY,shuffled,309.0,295.0,0.17289869487285614,0,B00A9WRDY0
B003ITZNYS,B00BQVW6PY,uniform,158.0,144.0,0.46101802587509155,0,B006KNUZQK
B007IF36VA,B008QT38YW,full,14.0,0.0,1.0000001192092896,5,B004UG6Q0S
B007IF36VA,B008QT38YW,shuffled,132.0,118.0,0.4984966814517975,0,B00C3MHU5Q
B007IF36VA,B008QT38YW,uniform,583.0,569.0,0.4727371335029602,0,B003X00QGW
B003XMOFP8,B001GQZNQS,full,50.0,0.0,1.0000001192092896,5,B008O4N4DO
B003XMOFP8,B001GQZNQS,shuffled,704.0,654.0,0.41018804907798767,0,B000XJM6J6
B003XMOFP8,B001GQZNQS,uniform,67.0,17.0,0.6887409687042236,0,B003X00QGW
B000BO1R2K,B00512NGTY,full,2430.0,0.0,1.0,5,B006RI34ZC
B000BO1R2K,B00512NGTY,shuffled,5421.0,2991.0,0.1204889714717865,0,B002GUA5P2
B000BO1R2K,B00512NGTY,uniform,654.0,-1776.0,0.2067447006702423,0,B000BPUVQC
B00CWJ5K16,B00CVJFQ2K,full,5165.0,0.0,1.0000001192092896,5,B00A5JAR86
B00CWJ5K16,B00CVJFQ2K,shuffled,2598.0,-2567.0,0.34057244658470154,0,B005K7SZGO
B00CWJ5K16,B00CVJFQ2K,uniform,6310.0,1145.0,0.28751295804977417,0,B007MI4PIG
B0074AWK4S,B009SDCLNY,full,202.0,0.0,1.0000001192092896,5,B00294F366
B0074AWK4S,B009SDCLNY,shuffled,1842.0,1640.0,0.17170679569244385,0,B0085PJDJG
B0074AWK4S,B009SDCLNY,uniform,1862.0,1660.0,0.3954581916332245,1,B009VI0H7S
B00EZAK902,B00AAG5H5C,full,1336.0,0.0,1.0,5,B001TY9VCY
B00EZAK902,B00AAG5H5C,shuffled,89.0,-1247.0,0.4131975769996643,0,B006YUDD9K
B00EZAK902,B00AAG5H5C,uniform,2520.0,1184.0,0.2857781946659088,0,B0013PPA8S
B0094KCP96,B009PQRI82,full,262.0,0.0,1.0000001192092896,5,B002KQ6MY0
B0094KCP96,B009PQRI82,shuffled,2227.0,1965.0,0.12666647136211395,0,B0081GC3AK
B0094KCP96,B009PQRI82,uniform,3243.0,2981.0,0.7145874500274658,2,B002KQ6MY0
B008CP95LA,B003YLJOJU,full,991.0,0.0,1.0000001192092896,5,B005NYBNEU
B008CP95LA,B003YLJOJU,shuffled,450.0,-541.0,0.3869713842868805,0,B007HZ9C6Y
B008CP95LA,B003YLJOJU,uniform,694.0,-297.0,0.8409116268157959,2,B005XIGOL8
B00CL0541M,B008MC2KTC,full,79.0,0.0,1.0000001192092896,5,B0077DT5SG
B00CL0541M,B008MC2KTC,shuffled,6112.0,6033.0,0.2165611833333969,0,B00B4CTKHW
B00CL0541M,B008MC2KTC,uniform,6242.0,6163.0,0.26938730478286743,0,B00AD5BU6U
B007VHEYAM,B009P73OCK,full,892.0,0.0,0.9999999403953552,5,B00C3TWRM0
B007VHEYAM,B009P73OCK,shuffled,1214.0,322.0,0.060414522886276245,0,B00C6EU4I6
B007VHEYAM,B009P73OCK,uniform,4219.0,3327.0,0.3172006905078888,0,B0006GH2C2
B008TOOBWW,B00FRGP0CA,full,7.0,0.0,1.0,5,B00APU4PO2
B008TOOBWW,B00FRGP0CA,shuffled,1932.0,1925.0,0.3036583364009857,0,B008823MBQ
B008TOOBWW,B00FRGP0CA,uniform,2296.0,2289.0,0.42600736021995544,0,B00BS7FFQ8
B00CFZQIUE,B007Q3HCSC,full,3.0,0.0,1.0,5,B0024YV8R4
B00CFZQIUE,B007Q3HCSC,shuffled,954.0,951.0,0.23136509954929352,0,B009YLJZI4
B00CFZQIUE,B007Q3HCSC,uniform,1013.0,1010.0,0.2945908010005951,0,B009UW1TRC
B0006SCZRM,B00BWTZIC8,full,3843.0,0.0,1.0,5,B004SBSY3W
B0006SCZRM,B00BWTZIC8,shuffled,2689.0,-1154.0,0.15447387099266052,0,B0024YV8R4
B0006SCZRM,B00BWTZIC8,uniform,6266.0,2423.0,0.448343425989151,0,B001ET7H66
B005UQ9WKI,B00AL8I7E2,full,105.0,0.0,0.9999998807907104,5,B0043RJLWY
B005UQ9WKI,B00AL8I7E2,shuffled,2576.0,2471.0,0.06284096837043762,0,B007BRMYGS
B005UQ9WKI,B00AL8I7E2,uniform,2821.0,2716.0,0.31492671370506287,0,B005XIFIRO
B006QSYMFO,B006HT1XRC,full,87.0,0.0,0.9999999403953552,5,B00BCWHW2E
B006QSYMFO,B006HT1XRC,shuffled,1226.0,1139.0,-0.050891026854515076,0,B002KQ6H4U
B006QSYMFO,B006HT1XRC,uniform,957.0,870.0,0.35124847292900085,0,B003R4ZAII
B0006SCZRM,B00AYOY3BO,full,23.0,0.0,1.0,5,B007JGEFZY
B0006SCZRM,B00AYOY3BO,shuffled,90.0,67.0,0.22167396545410156,0,B00A2NMCV0
B0006SCZRM,B00AYOY3BO,uniform,136.0,113.0,0.45887255668640137,0,B006IPRHOI
B00DV4AIL8,B007CGS5HK,full,12.0,0.0,1.0000001192092896,5,B009IRQ98S
B00DV4AIL8,B007CGS5HK,shuffled,2192.0,2180.0,0.16017217934131622,0,B007E4SN6S
B00DV4AIL8,B007CGS5HK,uniform,2454.0,2442.0,0.12133464962244034,0,B000A35AMK
B007POLATE,B00C0CNKTE,full,43.0,0.0,1.000000238418579,5,B00926S118
B007POLATE,B00C0CNKTE,shuffled,364.0,321.0,0.13359607756137848,0,B008TOOBWW
B007POLATE,B00C0CNKTE,uniform,76.0,33.0,0.4433507025241852,0,B007CGRWWY
B00BJO34NG,B00006NQ0N,full,12.0,0.0,1.0,5,B00B4X5XLI
B00BJO34NG,B00006NQ0N,shuffled,602.0,590.0,0.36097171902656555,0,B006Z2HG0Y
B00BJO34NG,B00006NQ0N,uniform,116.0,104.0,0.9001488089561462,1,B004G54QUK
B0002X4R18,B00075ZWR4,full,22.0,0.0,1.0,5,B005LLE270
B0002X4R18,B00075ZWR4,shuffled,3765.0,3743.0,0.12440520524978638,0,B000VIMKXG
B0002X4R18,B00075ZWR4,uniform,667.0,645.0,0.5322624444961548,0,B0013FJWT6
B00468PEQC,B009FTYOCM,full,2.0,0.0,1.0,5,B005Y5C7PC
B00468PEQC,B009FTYOCM,shuffled,3897.0,3895.0,0.1290128082036972,0,B0038298J6
B00468PEQC,B009FTYOCM,uniform,2853.0,2851.0,0.2483423352241516,0,B008P8A022
B000NCVT3M,B00383VNX4,full,305.0,0.0,1.0,5,B007VKX0J0
B000NCVT3M,B00383VNX4,shuffled,138.0,-167.0,0.4134499430656433,0,B003HEYHV4
B000NCVT3M,B00383VNX4,uniform,247.0,-58.0,0.46656203269958496,0,B00BSN9X6K
B00AFR24ZW,B008EIXL38,full,581.0,0.0,1.0000001192092896,5,B008N67V8W
B00AFR24ZW,B008EIXL38,shuffled,423.0,-158.0,0.12496024370193481,0,B00A2BE440
B00AFR24ZW,B008EIXL38,uniform,2114.0,1533.0,0.037438586354255676,0,B004KJEOKO
B00ARF686S,B004MKMG1U,full,216.0,0.0,1.0,5,B00BXEQ132
B00ARF686S,B004MKMG1U,shuffled,4796.0,4580.0,0.07103195041418076,0,B004YO9IVU
B00ARF686S,B004MKMG1U,uniform,1391.0,1175.0,0.5024957060813904,0,B005Q0B9ZY
B005IZUOOE,B007YVZFYY,full,32.0,0.0,1.0,5,B004OAOJOU
B005IZUOOE,B007YVZFYY,shuffled,235.0,203.0,0.33695071935653687,0,B003VCBBGQ
B005IZUOOE,B007YVZFYY,uniform,1354.0,1322.0,0.6485011577606201,0,B004TTHNIA
B00BK77UC8,B00G46E9CY,full,19.0,0.0,1.000000238418579,5,B007JR86O4
B00BK77UC8,B00G46E9CY,shuffled,5.0,-14.0,0.4736526906490326,0,B0077DT5SG
B00BK77UC8,B00G46E9CY,uniform,15.0,-4.0,0.5609709024429321,0,B006IE7JLA
B008BSWH22,B008BSWM4K,full,1227.0,0.0,0.9999999403953552,5,B0087B04FU
B008BSWH22,B008BSWM4K,shuffled,1266.0,39.0,0.28049808740615845,0,B004DMTN1S
B008BSWH22,B008BSWM4K,uniform,87.0,-1140.0,0.5123504400253296,0,B009Y6OC78
B00597L3W8,B005HJPL0I,full,72.0,0.0,0.9999999403953552,5,B006HT3WBC
B00597L3W8,B005HJPL0I,shuffled,2571.0,2499.0,0.12131348252296448,0,B00A8D0RMU
B00597L3W8,B005HJPL0I,uniform,139.0,67.0,0.4105679988861084,1,B006HT40OK
B0089ODSU8,B005TX2N6M,full,464.0,0.0,0.9999999403953552,5,B00844FELO
B0089ODSU8,B005TX2N6M,shuffled,1316.0,852.0,0.24938079714775085,0,B00C61LJUQ
B0089ODSU8,B005TX2N6M,uniform,1089.0,625.0,0.29640623927116394,0,B005MKSBAE
B0026GQET2,B004ZBM5OY,full,63.0,0.0,1.0000001192092896,5,B008EF1L5G
B0026GQET2,B004ZBM5OY,shuffled,1077.0,1014.0,0.17898023128509521,0,B0001TP9FG
B0026GQET2,B004ZBM5OY,uniform,769.0,706.0,0.2582404911518097,0,B0009MDF9W
B0090OIMUW,B00A9OC50U,full,4778.0,0.0,0.9999999403953552,5,B0094PKRXM
B0090OIMUW,B00A9OC50U,shuffled,457.0,-4321.0,0.22728103399276733,0,B00AY0K6N2
B0090OIMUW,B00A9OC50U,uniform,1195.0,-3583.0,0.4739820957183838,0,B00BXL2922
B00D0XHGGA,B007V9SGZE,full,43.0,0.0,1.0,5,B0081ME1GI
B00D0XHGGA,B007V9SGZE,shuffled,1471.0,1428.0,0.33060526847839355,0,B001G2AEEI
B00D0XHGGA,B007V9SGZE,uniform,2042.0,1999.0,0.4728119671344757,0,B008RMD8M0
B00CMQ8ZXO,B009SREU1G,full,241.0,0.0,1.0000001192092896,5,B00G96C2NC
B00CMQ8ZXO,B009SREU1G,shuffled,1023.0,782.0,0.304564505815506,0,B0077DT5SG
B00CMQ8ZXO,B009SREU1G,uniform,65.0,-176.0,0.4994767904281616,0,B007SO7J46
B00C2CZTYG,B00BPDHMCU,full,14.0,0.0,1.0,5,B000S8Y834
B00C2CZTYG,B00BPDHMCU,shuffled,1330.0,1316.0,0.143331378698349,0,B00CUL3A2M
B00C2CZTYG,B00BPDHMCU,uniform,160.0,146.0,0.4657842516899109,0,B0095X7ENO
B00GGR9BSS,B004DCCKBI,full,175.0,0.0,1.0000001192092896,5,B0053WWJWC
B00GGR9BSS,B004DCCKBI,shuffled,3534.0,3359.0,0.21150639653205872,0,B009G4CVHG
B00GGR9BSS,B004DCCKBI,uniform,3076.0,2901.0,0.5756726264953613,1,B004L6HJK8
B005BN2YN2,B0064DPOAS,full,60.0,0.0,1.0000001192092896,5,B00B3PNS5K
B005BN2YN2,B0064DPOAS,shuffled,274.0,214.0,0.3920988142490387,0,B0019TVN1Q
B005BN2YN2,B0064DPOAS,uniform,10.0,-50.0,0.5230879187583923,0,B0055AWQSO
B005EJDQ0S,B006R1IXXW,full,1.0,0.0,1.0000001192092896,5,B006R1IXXW
B005EJDQ0S,B006R1IXXW,shuffled,302.0,301.0,0.2483140081167221,0,B007AEUC98
B005EJDQ0S,B006R1IXXW,uniform,20.0,19.0,0.7065929770469666,1,B00CVT5U5I
B005LBXRWQ,B005B4MD0K,full,1410.0,0.0,1.0,5,B004NIZR44
B005LBXRWQ,B005B4MD0K,shuffled,223.0,-1187.0,0.1734074354171753,0,B002GUA5P2
B005LBXRWQ,B005B4MD0K,uniform,1946.0,536.0,0.5299726128578186,0,B0064POSPI
B00DOYXAVA,B007R1OAP6,full,3054.0,0.0,1.0,5,B001CVLKWS
B00DOYXAVA,B007R1OAP6,shuffled,188.0,-2866.0,0.22211021184921265,0,B00E3GLZXS
B00DOYXAVA,B007R1OAP6,uniform,714.0,-2340.0,0.3552663326263428,0,B005VN36Q6
B008V2JXTS,B005Y0FUKQ,full,1298.0,0.0,0.9999999403953552,5,B000XK9KKI
B008V2JXTS,B005Y0FUKQ,shuffled,611.0,-687.0,0.3834104537963867,0,B008BK5HOU
B008V2JXTS,B005Y0FUKQ,uniform,964.0,-334.0,0.6228104829788208,0,B0076OAOL8
B00AOCAUEK,B00B2ZMJOM,full,2.0,0.0,1.0,5,B005G4XMFK
B00AOCAUEK,B00B2ZMJOM,shuffled,3983.0,3981.0,0.2737257182598114,0,B004TEMWHC
B00AOCAUEK,B00B2ZMJOM,uniform,4277.0,4275.0,0.3654136061668396,0,B007XCU2PG
B001FO5LAY,B008X8YET4,full,1526.0,0.0,1.0000001192092896,5,B000LBF01C
B001FO5LAY,B008X8YET4,shuffled,544.0,-982.0,0.0740927904844284,0,B0063TRZD2
B001FO5LAY,B008X8YET4,uniform,1619.0,93.0,0.4260718524456024,0,B004SGCCQW
B00B92J932,B00DEKLOYO,full,138.0,0.0,1.0000001192092896,5,B005DIJSPM
B00B92J932,B00DEKLOYO,shuffled,3270.0,3132.0,-0.10469330847263336,0,B0081RM7XW
B00B92J932,B00DEKLOYO,uniform,3065.0,2927.0,0.26427340507507324,0,B003HNA8WW
B001H0F2J6,B004LDLLG4,full,134.0,0.0,0.9999998807907104,5,B003K1MIYW
B001H0F2J6,B004LDLLG4,shuffled,4930.0,4796.0,-0.02608424611389637,0,B000L45WVW
B001H0F2J6,B004LDLLG4,uniform,3593.0,3459.0,0.4838502109050751,0,B003FGW8MO
B00F6FD5UG,B000TUTVXS,full,2884.0,0.0,1.0000001192092896,5,B000LVSFX2
B00F6FD5UG,B000TUTVXS,shuffled,6233.0,3349.0,0.08374468982219696,0,B000NRXXBS
B00F6FD5UG,B000TUTVXS,uniform,3471.0,587.0,0.49428191781044006,0,B008588ZPQ
B007QAPB1A,B007EC5YKI,full,1028.0,0.0,1.0000001192092896,5,B00BUR8KXQ
B007QAPB1A,B007EC5YKI,shuffled,6082.0,5054.0,0.30107879638671875,0,B008EYOK2S
B007QAPB1A,B007EC5YKI,uniform,5933.0,4905.0,0.4313500225543976,0,B00C1LSHL0
B00AKOIQDE,B00BBFV80E,full,9.0,0.0,1.0000001192092896,5,B005VN36Q6
B00AKOIQDE,B00BBFV80E,shuffled,3624.0,3615.0,0.05698404833674431,0,B004QDCRZS
B00AKOIQDE,B00BBFV80E,uniform,2550.0,2541.0,0.35186806321144104,0,B00ENXP19K
B003LNPB70,B00FEQ60KY,full,215.0,0.0,0.9999998807907104,5,B005CZM4XE
B003LNPB70,B00FEQ60KY,shuffled,3525.0,3310.0,0.05727254971861839,0,B005KS080Y
B003LNPB70,B00FEQ60KY,uniform,1131.0,916.0,0.33821386098861694,0,B00CL4JTB4
B00A4770HK,B003ZL943A,full,92.0,0.0,1.0000001192092896,5,B009B62UIY
B00A4770HK,B003ZL943A,shuffled,2420.0,2328.0,0.13742031157016754,0,B001HTAEXQ
B00A4770HK,B003ZL943A,uniform,500.0,408.0,0.4726220369338989,0,B00C4YRJKO
B00DX7Q8O4,B009Z3YN4W,full,99.0,0.0,1.0000001192092896,5,B007IJZ2KO
B00DX7Q8O4,B009Z3YN4W,shuffled,317.0,218.0,0.3946056663990021,1,B005HWTURA
B00DX7Q8O4,B009Z3YN4W,uniform,55.0,-44.0,0.8638100028038025,1,B009UTVW3Q
B004YO7CFY,B0094IVR2E,full,2.0,0.0,1.0,5,B00B2ZMJOM
B004YO7CFY,B0094IVR2E,shuffled,646.0,644.0,0.2779493033885956,0,B004U9F624
B004YO7CFY,B0094IVR2E,uniform,157.0,155.0,0.6074453592300415,0,B0084DEM2W
B003AU61WI,B004AHL5DU,full,357.0,0.0,1.000000238418579,5,B008TOOBWW
B003AU61WI,B004AHL5DU,shuffled,979.0,622.0,0.3225553631782532,0,B006VE8GR8
B003AU61WI,B004AHL5DU,uniform,4490.0,4133.0,0.7079867720603943,0,B00BS7FFQ8
B0046IB5PQ,B0046VB9PE,full,8.0,0.0,1.0,5,B002BOUBHK
B0046IB5PQ,B0046VB9PE,shuffled,624.0,616.0,0.22170661389827728,0,B000TFWVQ2
B0046IB5PQ,B0046VB9PE,uniform,730.0,722.0,0.6958878040313721,1,B001E2PNT6
B0084TQIUA,B0084NYEPW,full,6.0,0.0,1.0,5,B004ZC5QLC
B0084TQIUA,B0084NYEPW,shuffled,1.0,-5.0,0.4646432399749756,0,B0084NYEPW
B0084TQIUA,B0084NYEPW,uniform,40.0,34.0,0.47111910581588745,0,B0084NYJ5C
B009CCS6JO,B00G0IUSB2,full,332.0,0.0,1.0000001192092896,5,B003TYLO3G
B009CCS6JO,B00G0IUSB2,shuffled,3060.0,2728.0,0.3850190341472626,0,B00BQVW6PY
B009CCS6JO,B00G0IUSB2,uniform,3498.0,3166.0,0.7438108325004578,3,B00961JN4I
B00AWK9TGE,B00AX0SS24,full,1.0,0.0,1.0000001192092896,5,B00AX0SS24
B00AWK9TGE,B00AX0SS24,shuffled,387.0,386.0,0.00042431289330124855,0,B004XKUY7M
B00AWK9TGE,B00AX0SS24,uniform,1.0,0.0,0.6229268312454224,1,B00AX0SS24
B0096LL2W4,B0099MIZH0,full,28.0,0.0,1.0,5,B005DHVF4U
B0096LL2W4,B0099MIZH0,shuffled,1921.0,1893.0,0.19449517130851746,0,B00B0QP1XY
B0096LL2W4,B0099MIZH0,uniform,421.0,393.0,0.5931980013847351,0,B0048KTUYU
B006VJXGAU,B0046IB5JW,full,683.0,0.0,1.0000001192092896,5,B004UHPEU0
B006VJXGAU,B0046IB5JW,shuffled,4289.0,3606.0,0.312673956155777,0,B007FGYDAK
B006VJXGAU,B0046IB5JW,uniform,5227.0,4544.0,0.4911951422691345,0,B0085YPIXC
B005HWY12E,B007ZTL5US,full,27.0,0.0,1.0,5,B00B8A4SK4
B005HWY12E,B007ZTL5US,shuffled,672.0,645.0,0.42653888463974,0,B009GMTC2K
B005HWY12E,B007ZTL5US,uniform,1593.0,1566.0,0.5626465678215027,0,B009UWS7EK
B00BHKFFAW,B0015D0PWY,full,24.0,0.0,1.0000001192092896,5,B0075MPQLE
B00BHKFFAW,B0015D0PWY,shuffled,26.0,2.0,0.4673859179019928,0,B00CD7L1WY
B00BHKFFAW,B0015D0PWY,uniform,95.0,71.0,0.6587498784065247,1,B0087SEBZ2
B002NCIAU0,B000PNTVAC,full,12.0,0.0,0.9999999403953552,5,B005228AX0
B002NCIAU0,B000PNTVAC,shuffled,204.0,192.0,0.4699710011482239,0,B00821CBTC
B002NCIAU0,B000PNTVAC,uniform,1412.0,1400.0,0.6281334757804871,0,B00BHKFFAW
B003L4LYB6,B000RQO9S6,full,13.0,0.0,1.0,5,B00B1NCXKA
B003L4LYB6,B000RQO9S6,shuffled,1103.0,1090.0,0.28561583161354065,0,B00A9IW94I
B003L4LYB6,B000RQO9S6,uniform,139.0,126.0,0.5896668434143066,0,B009JDKK04
B00AO1FBBS,B004YWBYNW,full,464.0,0.0,1.0,5,B00AJ9EZMG
B00AO1FBBS,B004YWBYNW,shuffled,2014.0,1550.0,0.13899052143096924,0,B008TOOBWW
B00AO1FBBS,B004YWBYNW,uniform,2199.0,1735.0,0.29926738142967224,0,B007IGDSTO
B00EOYR308,B000VTMXZU,full,521.0,0.0,1.0,5,B0081JANLI
B00EOYR308,B000VTMXZU,shuffled,686.0,165.0,0.3847472071647644,1,B0081JANLI
B00EOYR308,B000VTMXZU,uniform,165.0,-356.0,0.38416844606399536,0,B00FD8I2HC
B009MMPFOS,B0090UWAVI,full,31.0,0.0,1.0000001192092896,5,B005DHVF4U
B009MMPFOS,B0090UWAVI,shuffled,5808.0,5777.0,0.011166024021804333,0,B0054PCCTS
B009MMPFOS,B0090UWAVI,uniform,286.0,255.0,0.3109418451786041,0,B003FGW8MO
B00C5RC12G,B00EI584U6,full,2508.0,0.0,1.0000001192092896,5,B00816SVKQ
B00C5RC12G,B00EI584U6,shuffled,4369.0,1861.0,0.2033453732728958,0,B0085YPIXC
B00C5RC12G,B00EI584U6,uniform,4050.0,1542.0,0.611148476600647,0,B00C5RAHMW
B00CR90T2Q,B009NI9M3Q,full,1191.0,0.0,1.0,5,B00CIPIY3K
B00CR90T2Q,B009NI9M3Q,shuffled,2018.0,827.0,0.036318957805633545,0,B004YO9IVU
B00CR90T2Q,B009NI9M3Q,uniform,3191.0,2000.0,0.28622087836265564,0,B008Q6MIAA
B008GXHZ7O,B005G6MYK2,full,13.0,0.0,1.0,5,B006Z8FZ06
B008GXHZ7O,B005G6MYK2,shuffled,5082.0,5069.0,0.1619497835636139,0,B008BOX3J2
B008GXHZ7O,B005G6MYK2,uniform,2892.0,2879.0,0.431796133518219,0,B009T6010U
B00BMR73SC,B00517FPKC,full,333.0,0.0,1.000000238418579,5,B0055D4PBW
B00BMR73SC,B00517FPKC,shuffled,3583.0,3250.0,0.21443819999694824,0,B00E8HEGQU
B00BMR73SC,B00517FPKC,uniform,951.0,618.0,0.5537052750587463,0,B0051EPWF8
B001S9X34W,B007X5PGQS,full,20.0,0.0,1.0000001192092896,5,B008BZANP8
B001S9X34W,B007X5PGQS,shuffled,2397.0,2377.0,-0.01052226684987545,0,B004A97HSA
B001S9X34W,B007X5PGQS,uniform,2609.0,2589.0,0.3434158265590668,0,B000QHCNV6
B00611XBS0,B0001TOMJA,full,111.0,0.0,1.0,5,B0074AWK4S
B00611XBS0,B0001TOMJA,shuffled,6.0,-105.0,0.49803149700164795,0,B006GLN8O2
B00611XBS0,B0001TOMJA,uniform,312.0,201.0,0.39774030447006226,0,B00E5HRLRE
B005W44GZO,B0013L5KI2,full,277.0,0.0,1.0,5,B00DCUQD7Y
B005W44GZO,B0013L5KI2,shuffled,1233.0,956.0,0.21851803362369537,0,B003FL7SME
B005W44GZO,B0013L5KI2,uniform,3736.0,3459.0,0.040070563554763794,0,B002NKM6PM
B007VYRFX8,B000REM4EE,full,46.0,0.0,1.0000001192092896,5,B001LNWGDE
B007VYRFX8,B000REM4EE,shuffled,1169.0,1123.0,0.34055331349372864,0,B006CXC0IY
B007VYRFX8,B000REM4EE,uniform,2964.0,2918.0,0.4393225908279419,0,B00CL4JTB4
B003T70M3G,B007CCWITA,full,50.0,0.0,1.0000001192092896,5,B0081365S4
B003T70M3G,B007CCWITA,shuffled,5216.0,5166.0,0.06177526339888573,0,B009EWW5VC
B003T70M3G,B007CCWITA,uniform,778.0,728.0,0.7582938075065613,3,B00AEJQ4RK
B004QMA13O,B00AJJRKLY,full,175.0,0.0,1.0,5,B005QCQTOI
B004QMA13O,B00AJJRKLY,shuffled,2744.0,2569.0,0.1687382012605667,0,B002RXBEOO
B004QMA13O,B00AJJRKLY,uniform,1758.0,1583.0,0.5294710993766785,1,B009CYLW52
B004QZ9T9I,B007IOX6N4,full,5797.0,0.0,0.9999999403953552,5,B008823MBQ
B004QZ9T9I,B007IOX6N4,shuffled,5825.0,28.0,0.2189205288887024,0,B009ADCOP2
B004QZ9T9I,B007IOX6N4,uniform,202.0,-5595.0,0.354231595993042,0,B002RL87FK
B00ELPU4J2,B0094S068A,full,20.0,0.0,1.0000001192092896,5,B00CYMFFVQ
B00ELPU4J2,B0094S068A,shuffled,1933.0,1913.0,0.01397552341222763,0,B000YVERLI
B00ELPU4J2,B0094S068A,uniform,84.0,64.0,0.7826656103134155,1,B008ZB50KG
B003TP2GXM,B000PHI5L4,full,44.0,0.0,1.0,5,B0084NYEPW
B003TP2GXM,B000PHI5L4,shuffled,1562.0,1518.0,0.16165515780448914,0,B008VOMMDA
B003TP2GXM,B000PHI5L4,uniform,410.0,366.0,0.6252759099006653,1,B002RL87FK
B009B5O3NK,B005S2A9SI,full,1.0,0.0,0.9999998807907104,5,B005S2A9SI
B009B5O3NK,B005S2A9SI,shuffled,4.0,3.0,0.30329403281211853,1,B00FJLUWH6
B009B5O3NK,B005S2A9SI,uniform,2.0,1.0,0.5966534614562988,2,B004DLNRSE
B001DDPIKA,B009ZOJJ9K,full,2409.0,0.0,1.0000001192092896,5,B00B7E2L8W
B001DDPIKA,B009ZOJJ9K,shuffled,4670.0,2261.0,0.2835468053817749,0,B005KS080Y
B001DDPIKA,B009ZOJJ9K,uniform,3198.0,789.0,0.5052226781845093,0,B008351BMA
B00DE4GBUM,B007FHZL7S,full,58.0,0.0,1.0000001192092896,5,B007ZT9PVO
B00DE4GBUM,B007FHZL7S,shuffled,5547.0,5489.0,0.06342189013957977,0,B008M9YGAQ
B00DE4GBUM,B007FHZL7S,uniform,1882.0,1824.0,0.7004076242446899,1,B003DVRWH2
B005QCMXCU,B003MS2424,full,26.0,0.0,1.0,5,B002PDJJ0M
B005QCMXCU,B003MS2424,shuffled,554.0,528.0,0.25874125957489014,0,B00EJRN3HM
B005QCMXCU,B003MS2424,uniform,244.0,218.0,0.7126843333244324,0,B0062N3JZW
B007OXEFOI,B0084DEKW4,full,1768.0,0.0,1.0000001192092896,5,B008XMD3BA
B007OXEFOI,B0084DEKW4,shuffled,2458.0,690.0,0.4321063160896301,0,B002PDJJ0M
B007OXEFOI,B0084DEKW4,uniform,3299.0,1531.0,0.5661376118659973,0,B005FYKZ8I
B007G2OMP4,B00DDPTNS4,full,2.0,0.0,0.9999998807907104,5,B0059BIC00
B007G2OMP4,B00DDPTNS4,shuffled,2564.0,2562.0,0.18635156750679016,0,B005W8LMAC
B007G2OMP4,B00DDPTNS4,uniform,23.0,21.0,0.6208174228668213,0,B000YVF33Y
B0083FXVDC,B00CRVW3LY,full,1953.0,0.0,1.0,5,B004QZ9T9I
B0083FXVDC,B00CRVW3LY,shuffled,2921.0,968.0,0.13942894339561462,0,B004YU7HNU
B0083FXVDC,B00CRVW3LY,uniform,964.0,-989.0,0.7564551830291748,1,B004JF4HD8
B00CN6W5YI,B0040B640K,full,5851.0,0.0,1.0000001192092896,5,B00B80RFOA
B00CN6W5YI,B0040B640K,shuffled,961.0,-4890.0,0.20164945721626282,0,B0051PMW8W
B00CN6W5YI,B0040B640K,uniform,5927.0,76.0,0.25346776843070984,0,B005IZUOOE
B007PCKWDQ,B00DFJODD8,full,4.0,0.0,1.0,5,B00BR23BMO
B007PCKWDQ,B00DFJODD8,shuffled,1094.0,1090.0,0.04998333752155304,0,B0059DQYU8
B007PCKWDQ,B00DFJODD8,uniform,297.0,293.0,0.43164360523223877,0,B00C8660N0
B000LQVB9W,B00AWYU432,full,1479.0,0.0,1.0,5,B00DR2643A
B000LQVB9W,B00AWYU432,shuffled,4782.0,3303.0,0.2302168905735016,0,B00B71EDRC
B000LQVB9W,B00AWYU432,uniform,5716.0,4237.0,0.2573871612548828,0,B004DLNRSE
B0071LPNY4,B000CQXJJ6,full,1319.0,0.0,1.0000001192092896,5,B005UQ9WKI
B0071LPNY4,B000CQXJJ6,shuffled,2104.0,785.0,0.1937982589006424,0,B000OFIYP4
B0071LPNY4,B000CQXJJ6,uniform,742.0,-577.0,0.6834895610809326,0,B009PTR938
B000OTT8N2,B002V4QF9S,full,646.0,0.0,1.0,5,B008Z9F8UK
B000OTT8N2,B002V4QF9S,shuffled,5070.0,4424.0,0.08631865680217743,0,B005J4CCRG
B000OTT8N2,B002V4QF9S,uniform,2979.0,2333.0,0.24485443532466888,0,B004HW3JAU
B00337XRJS,B005H98Z9W,full,105.0,0.0,1.0000001192092896,5,B004QQJAF0
B00337XRJS,B005H98Z9W,shuffled,2152.0,2047.0,0.3441026508808136,0,B0086582DS
B00337XRJS,B005H98Z9W,uniform,388.0,283.0,0.6064355373382568,1,B0085BE34A
B00D01V4OC,B0085UCF3M,full,635.0,0.0,1.0000001192092896,5,B004LVO3HA
B00D01V4OC,B0085UCF3M,shuffled,4128.0,3493.0,0.19300968945026398,0,B0064R5VW0
B00D01V4OC,B0085UCF3M,uniform,400.0,-235.0,0.37099194526672363,0,B00ASK9HGA
B0099694TE,B00580DVJO,full,8.0,0.0,1.0,5,B0019TVN1Q
B0099694TE,B00580DVJO,shuffled,211.0,203.0,0.4308682382106781,0,B005KS080Y
B0099694TE,B00580DVJO,uniform,1239.0,1231.0,0.5638781189918518,2,B004URVCQK
B0084UUHB0,B004Q8J39Q,full,141.0,0.0,1.0000001192092896,5,B007TYWH74
B0084UUHB0,B004Q8J39Q,shuffled,2802.0,2661.0,0.17110025882720947,0,B000R4LN32
B0084UUHB0,B004Q8J39Q,uniform,1710.0,1569.0,0.5841825604438782,1,B0088N39PY
B00686R8MS,B005EJFXKY,full,50.0,0.0,1.0000001192092896,5,B004L6HJK8
B00686R8MS,B005EJFXKY,shuffled,1487.0,1437.0,0.11632446199655533,0,B00BSY0YQC
B00686R8MS,B005EJFXKY,uniform,1687.0,1637.0,0.5363245010375977,0,B00687NRFO
B001SN7QH8,B003WE9084,full,20.0,0.0,1.0000001192092896,5,B008UAI8II
B001SN7QH8,B003WE9084,shuffled,5830.0,5810.0,0.3022136092185974,1,B00347D77E
B001SN7QH8,B003WE9084,uniform,38.0,18.0,0.6600353121757507,3,B005VF64V8
B001TPFF0U,B004JHP10E,full,47.0,0.0,1.0000001192092896,5,B006RI31XW
B001TPFF0U,B004JHP10E,shuffled,163.0,116.0,0.7750182747840881,3,B004JHM9E0
B001TPFF0U,B004JHP10E,uniform,3356.0,3309.0,0.5306422114372253,0,B001LY2VLK
B0081D7C7W,B004LE9P8E,full,3157.0,0.0,1.0,5,B004JKDNB0
B0081D7C7W,B004LE9P8E,shuffled,5570.0,2413.0,0.32750561833381653,0,B006RI34ZC
B0081D7C7W,B004LE9P8E,uniform,2545.0,-612.0,0.28846099972724915,0,B00DC1F0FO
B002U4LDZK,B00CLCERMC,full,17.0,0.0,0.9999999403953552,5,B0084OPRIO
B002U4LDZK,B00CLCERMC,shuffled,1028.0,1011.0,0.24283021688461304,0,B00BQ1QHVI
B002U4LDZK,B00CLCERMC,uniform,4295.0,4278.0,0.006432909518480301,0,B00FJW4OGK
B005K7SZGO,B000NJGSWW,full,2932.0,0.0,1.0,5,B00A28UVWW
B005K7SZGO,B000NJGSWW,shuffled,5845.0,2913.0,0.05570013076066971,0,B007ZTJDZC
B005K7SZGO,B000NJGSWW,uniform,5098.0,2166.0,0.31767916679382324,0,B005VF64V8
B00DG9ISYM,B003R50LA4,full,5.0,0.0,1.0,5,B00B1NCXKA
B00DG9ISYM,B003R50LA4,shuffled,8.0,3.0,0.42684367299079895,1,B0024ZBK7Q
B00DG9ISYM,B003R50LA4,uniform,869.0,864.0,0.2679285705089569,0,B0076DHSNQ
B00D6KCEI2,B00642S27Q,full,17.0,0.0,1.0000001192092896,5,B007L5BY9S
B00D6KCEI2,B00642S27Q,shuffled,3443.0,3426.0,0.09370586276054382,0,B003R50LA4
B00D6KCEI2,B00642S27Q,uniform,396.0,379.0,0.8025554418563843,0,B009VI0H7S
B0013FI8JQ,B007XJBQCM,full,15.0,0.0,1.000000238418579,5,B00B4EF1AA
B0013FI8JQ,B007XJBQCM,shuffled,3064.0,3049.0,0.23912742733955383,0,B0013FPI8K
B0013FI8JQ,B007XJBQCM,uniform,3199.0,3184.0,0.3864503502845764,0,B0013FPI8K
B007XX6790,B0040I9L12,full,744.0,0.0,1.0000001192092896,5,B006NPNCBA
B007XX6790,B0040I9L12,shuffled,5284.0,4540.0,0.13636210560798645,0,B00B4EF1AA
B007XX6790,B0040I9L12,uniform,4760.0,4016.0,0.6313416957855225,0,B00A6VKWEW
B006Y5SM2I,B006Y5SYO4,full,150.0,0.0,1.000000238418579,5,B006RI34ZC
B006Y5SM2I,B006Y5SYO4,shuffled,5305.0,5155.0,-0.03691621869802475,0,B0007T4JBU
B006Y5SM2I,B006Y5SYO4,uniform,1385.0,1235.0,0.3505241870880127,0,B008XGB4RQ
B0012O8DC0,B0084UXV86,full,109.0,0.0,1.0000001192092896,5,B0003216GM
B0012O8DC0,B0084UXV86,shuffled,985.0,876.0,0.2912612557411194,0,B007ZTRDBI
B0012O8DC0,B0084UXV86,uniform,616.0,507.0,0.038112085312604904,0,B004SWYOZI
B00E9M1M5C,B008T3V1YO,full,18.0,0.0,1.0000001192092896,5,B005JQ2GP2
B00E9M1M5C,B008T3V1YO,shuffled,153.0,135.0,0.17344772815704346,0,B007MEZRC8
B00E9M1M5C,B008T3V1YO,uniform,8.0,-10.0,0.6175400614738464,1,B0045AZ2O0
B000OM3WSQ,B00AMBW9MO,full,2334.0,0.0,1.0000001192092896,5,B00A8KZAIE
B000OM3WSQ,B00AMBW9MO,shuffled,4356.0,2022.0,0.23249880969524384,0,B008MZFCEO
B000OM3WSQ,B00AMBW9MO,uniform,5664.0,3330.0,0.5940964221954346,0,B0047PRDTA
B00BS7FFQ8,B00BEDXZAY,full,30.0,0.0,1.0000001192092896,5,B0078J5W9A
B00BS7FFQ8,B00BEDXZAY,shuffled,5172.0,5142.0,0.05547014996409416,0,B00AA13RN6
B00BS7FFQ8,B00BEDXZAY,uniform,3997.0,3967.0,0.3906455934047699,0,B00B31W2TC
B004R9DY4E,B002SAV10S,full,497.0,0.0,1.0000001192092896,5,B007SO7J46
B004R9DY4E,B002SAV10S,shuffled,5126.0,4629.0,0.10921231657266617,0,B0018TCBXG
B004R9DY4E,B002SAV10S,uniform,4135.0,3638.0,0.6115134954452515,0,B0080FVGOQ
B009G0S8CM,B007UNXLB0,full,27.0,0.0,1.0000001192092896,5,B00DGLZD7A
B009G0S8CM,B007UNXLB0,shuffled,271.0,244.0,0.5338461399078369,0,B005DVRUNQ
B009G0S8CM,B007UNXLB0,uniform,63.0,36.0,0.7990003824234009,2,B004KJEOKO
B002HNSH80,B0072ZB1A4,full,17.0,0.0,1.0,5,B000BNSGDY
B002HNSH80,B0072ZB1A4,shuffled,1140.0,1123.0,0.13436876237392426,0,B004S7ERQ4
B002HNSH80,B0072ZB1A4,uniform,197.0,180.0,0.3723144829273224,0,B005GW1I2Q
B000EMLDNC,B00GNCQQ34,full,187.0,0.0,1.0,5,B00E5OOLKM
B000EMLDNC,B00GNCQQ34,shuffled,4571.0,4384.0,0.282412052154541,0,B000EHL3WS
B000EMLDNC,B00GNCQQ34,uniform,3819.0,3632.0,0.3408547639846802,0,B000NBOIZE
B0087KODVM,B007GB06WI,full,1.0,0.0,1.0000001192092896,5,B007GB06WI
B0087KODVM,B007GB06WI,shuffled,2561.0,2560.0,0.2201758772134781,0,B00CT5A57W
B0087KODVM,B007GB06WI,uniform,37.0,36.0,0.7420066595077515,2,B004N1BFR4
B0060EYIU8,B00827XZUK,full,379.0,0.0,1.0,5,B004VPW5Y4
B0060EYIU8,B00827XZUK,shuffled,2513.0,2134.0,0.31355634331703186,0,B00BY2UU8A
B0060EYIU8,B00827XZUK,uniform,2931.0,2552.0,0.6192179918289185,0,B0098GE6OI
B003BAEVJ2,B00CWRLCV0,full,48.0,0.0,1.0000001192092896,5,B008TOOBWW
B003BAEVJ2,B00CWRLCV0,shuffled,1810.0,1762.0,0.16556553542613983,0,B003XT6BG2
B003BAEVJ2,B00CWRLCV0,uniform,1988.0,1940.0,0.39501234889030457,0,B00ASK9HGA
B0001TOMJA,B007FBKECQ,full,327.0,0.0,1.0,5,B004KVK7H6
B0001TOMJA,B007FBKECQ,shuffled,3051.0,2724.0,-0.01939718797802925,0,B00FV0FKXQ
B0001TOMJA,B007FBKECQ,uniform,96.0,-231.0,0.5068979263305664,0,B004T6PKTW
B00BLQFUX4,B008J8FDAM,full,8.0,0.0,1.0,5,B00EOYR308
B00BLQFUX4,B008J8FDAM,shuffled,3146.0,3138.0,0.36359915137290955,0,B007JQKWGU
B00BLQFUX4,B008J8FDAM,uniform,294.0,286.0,0.4156563878059387,0,B007TB3RZS
B0093OQBCK,B00294F366,full,309.0,0.0,1.0000001192092896,5,B005KMKG9S
B0093OQBCK,B00294F366,shuffled,3945.0,3636.0,0.4745458960533142,0,B0081JANLI
B0093OQBCK,B00294F366,uniform,4329.0,4020.0,0.32775282859802246,1,B00579WNTA
B000FFB8D8,B004M45KQ4,full,5.0,0.0,0.9999998807907104,5,B0071BJQVU
B000FFB8D8,B004M45KQ4,shuffled,3928.0,3923.0,0.24149833619594574,0,B005DFUOEY
B000FFB8D8,B004M45KQ4,uniform,3359.0,3354.0,0.4403705894947052,0,B003UV4YRQ
B00DE1BDLC,B006ID8WAI,full,1037.0,0.0,1.0,5,B008D567PG
B00DE1BDLC,B006ID8WAI,shuffled,798.0,-239.0,0.1603771299123764,0,B000EXUEZ4
B00DE1BDLC,B006ID8WAI,uniform,952.0,-85.0,0.2941092252731323,0,B007S41PRS
B003MSNCM0,B00AR0ARLK,full,75.0,0.0,1.0000001192092896,5,B000ODWQK0
B003MSNCM0,B00AR0ARLK,shuffled,632.0,557.0,0.44931161403656006,0,B0007R8KA8
B003MSNCM0,B00AR0ARLK,uniform,3724.0,3649.0,0.48596876859664917,0,B00BGJ4OQA
B00AVMPTQM,B007ENRNDI,full,10.0,0.0,1.0,5,B003XT6BD0
B00AVMPTQM,B007ENRNDI,shuffled,1503.0,1493.0,0.15042924880981445,0,B007JFCWQY
B00AVMPTQM,B007ENRNDI,uniform,1.0,-9.0,0.7037691473960876,0,B007ENRNDI
B00BPXKESE,B0084A8JCO,full,1.0,0.0,1.0000001192092896,5,B0084A8JCO
B00BPXKESE,B0084A8JCO,shuffled,189.0,188.0,0.22016523778438568,0,B0078W27NQ
B00BPXKESE,B0084A8JCO,uniform,1090.0,1089.0,0.4873550236225128,0,B007VYRFX8
B007VYS9I8,B005PJSVJS,full,16.0,0.0,1.0,5,B0085709D8
B007VYS9I8,B005PJSVJS,shuffled,4240.0,4224.0,0.14730042219161987,0,B00A476VE8
B007VYS9I8,B005PJSVJS,uniform,1711.0,1695.0,0.38832420110702515,0,B007JFEUUA
B003GWWK7K,B004S7ERQ4,full,64.0,0.0,1.0,5,B008FVT2Y6
B003GWWK7K,B004S7ERQ4,shuffled,131.0,67.0,0.19094796478748322,0,B00A2BE440
B003GWWK7K,B004S7ERQ4,uniform,121.0,57.0,0.3606475293636322,0,B007JFEWQW
B00CB3D1MS,B001DTIOFU,full,34.0,0.0,1.0,5,B000BPUVQC
B00CB3D1MS,B001DTIOFU,shuffled,3667.0,3633.0,0.24312150478363037,0,B009H420K8
B00CB3D1MS,B001DTIOFU,uniform,700.0,666.0,0.5187880992889404,1,B000BPUVQC
B005CZM4XE,B00931VPYM,full,90.0,0.0,1.0000001192092896,5,B004Q8J39Q
B005CZM4XE,B00931VPYM,shuffled,3175.0,3085.0,0.4339096248149872,0,B004LC8XJ8
B005CZM4XE,B00931VPYM,uniform,217.0,127.0,0.6136780977249146,0,B0071N22YQ
B00E3OW73M,B00EQV0784,full,5.0,0.0,1.0,5,B001MG8S82
B00E3OW73M,B00EQV0784,shuffled,3734.0,3729.0,0.007520535495132208,0,B006H9AQPM
B00E3OW73M,B00EQV0784,uniform,5.0,0.0,0.6459512710571289,1,B00AHTM05C
B004XMVOPQ,B005OCBIX2,full,192.0,0.0,1.0000001192092896,5,B004VE4GF6
B004XMVOPQ,B005OCBIX2,shuffled,5332.0,5140.0,0.05151002109050751,0,B004XJDKCO
B004XMVOPQ,B005OCBIX2,uniform,683.0,491.0,0.7344016432762146,0,B0027DZ6O8
B001DIQ02K,B000JM3A1A,full,9.0,0.0,1.0,5,B00B1P3ANC
B001DIQ02K,B000JM3A1A,shuffled,4769.0,4760.0,-0.1070195883512497,0,B002TA4K8M
B001DIQ02K,B000JM3A1A,uniform,71.0,62.0,0.6877657175064087,0,B004TB5VQO
B003YPJTGY,B0079K5NVK,full,167.0,0.0,1.0,5,B00ACL9LA2
B003YPJTGY,B0079K5NVK,shuffled,91.0,-76.0,0.26338502764701843,0,B0045MS86W
B003YPJTGY,B0079K5NVK,uniform,2385.0,2218.0,0.428336501121521,0,B00BIF2XDS
B006PGF5HQ,B006JI53NQ,full,101.0,0.0,1.0,5,B002S0NVEW
B006PGF5HQ,B006JI53NQ,shuffled,3589.0,3488.0,0.03158015012741089,0,B00E3T0B3U
B006PGF5HQ,B006JI53NQ,uniform,2608.0,2507.0,0.5369257926940918,0,B002NKM6PM
B0055KYMCW,B000F5K9ZQ,full,342.0,0.0,1.0000001192092896,5,B0013F2JGE
B0055KYMCW,B000F5K9ZQ,shuffled,6133.0,5791.0,0.05073031783103943,0,B0054PCK4U
B0055KYMCW,B000F5K9ZQ,uniform,6295.0,5953.0,0.12147901207208633,0,B009LIZ3D6
B0083SDCOC,B00G37DN5S,full,27.0,0.0,1.0,5,B00931JHSS
B0083SDCOC,B00G37DN5S,shuffled,3752.0,3725.0,0.047491200268268585,0,B008400VFM
B0083SDCOC,B00G37DN5S,uniform,659.0,632.0,0.4277024269104004,0,B006VY4S1Q
B00A353SXI,B008OUP3RS,full,170.0,0.0,1.0000001192092896,5,B006ZP4SU2
B00A353SXI,B008OUP3RS,shuffled,3525.0,3355.0,0.13100625574588776,0,B006Z8FZ06
B00A353SXI,B008OUP3RS,uniform,1340.0,1170.0,0.3227041959762573,0,B004O0TS6E
B00DSY5UOQ,B007679AJ2,full,97.0,0.0,1.0000001192092896,5,B009OFQJPW
B00DSY5UOQ,B007679AJ2,shuffled,47.0,-50.0,0.1569606363773346,0,B006ZP4SU2
B00DSY5UOQ,B007679AJ2,uniform,373.0,276.0,0.5591436624526978,0,B008AXCUF2
B00AJML1ZM,B00CFP6098,full,1147.0,0.0,1.0000001192092896,5,B0072HYUT6
B00AJML1ZM,B00CFP6098,shuffled,5928.0,4781.0,0.29371002316474915,0,B001AN3MOC
B00AJML1ZM,B00CFP6098,uniform,2199.0,1052.0,0.5038895010948181,1,B00CFZQIUE
B008B8NS0C,B00B97REHU,full,1.0,0.0,1.0,5,B00B97REHU
B008B8NS0C,B00B97REHU,shuffled,5.0,4.0,0.43358951807022095,3,B006ICWAWA
B008B8NS0C,B00B97REHU,uniform,3.0,2.0,0.8735551834106445,4,B00BN3RDDA
B000YDCP06,B000BNZCZ4,full,18.0,0.0,1.0,5,B000P3IFRM
B000YDCP06,B000BNZCZ4,shuffled,139.0,121.0,0.5221509337425232,0,B00DE4GBUM
B000YDCP06,B000BNZCZ4,uniform,41.0,23.0,0.6736997365951538,1,B000P3IFRM
B005MZ1V4C,B000Y1FWB2,full,5.0,0.0,1.0,5,B009CYLW52
B005MZ1V4C,B000Y1FWB2,shuffled,1066.0,1061.0,0.2949233651161194,0,B00CT5A57W
B005MZ1V4C,B000Y1FWB2,uniform,783.0,778.0,0.696605920791626,0,B004359YB4
B005TL7L5W,B008K7ZNRU,full,1398.0,0.0,1.0,5,B004R871ZS
B005TL7L5W,B008K7ZNRU,shuffled,2261.0,863.0,0.3895285725593567,0,B00018A9XO
B005TL7L5W,B008K7ZNRU,uniform,3810.0,2412.0,0.4430678188800812,0,B0041FOBCI
B008WFQVVW,B008KGWOHS,full,28.0,0.0,1.0,5,B00006NQ0N
B008WFQVVW,B008KGWOHS,shuffled,185.0,157.0,0.1277729868888855,0,B003MRQ37M
B008WFQVVW,B008KGWOHS,uniform,16.0,-12.0,0.5511139631271362,0,B004V93LYI
B003SZXF3S,B004TTHNIA,full,974.0,0.0,1.0000001192092896,5,B00BLS4998
B003SZXF3S,B004TTHNIA,shuffled,1067.0,93.0,0.10751832276582718,0,B00BQ4IATW
B003SZXF3S,B004TTHNIA,uniform,963.0,-11.0,0.3093095123767853,0,B00018A9XO
B0047HKIYU,B006428WQ2,full,1040.0,0.0,1.0,5,B003PVIL0W
B0047HKIYU,B006428WQ2,shuffled,3906.0,2866.0,0.4623667001724243,0,B00DRL85EW
B0047HKIYU,B006428WQ2,uniform,188.0,-852.0,0.37122559547424316,0,B009CYLW52
B009E9J5HC,B0038OVKR2,full,148.0,0.0,1.0000001192092896,5,B00BUIZB1O
B009E9J5HC,B0038OVKR2,shuffled,39.0,-109.0,0.1318921446800232,0,B00BGDDY76
B009E9J5HC,B0038OVKR2,uniform,490.0,342.0,0.5310032963752747,0,B0017I3MEU
B0020Q11LE,B00CIYDP94,full,6.0,0.0,1.0000001192092896,5,B002S788KM
B0020Q11LE,B00CIYDP94,shuffled,228.0,222.0,0.2070939987897873,0,B00E3WVAD2
B0020Q11LE,B00CIYDP94,uniform,231.0,225.0,0.2599374055862427,0,B004JHRX5A
B007HZ9C6Y,B005EG1LE4,full,36.0,0.0,1.0,5,B005XHQC8Y
B007HZ9C6Y,B005EG1LE4,shuffled,1383.0,1347.0,0.06834381818771362,0,B005J4CCRG
B007HZ9C6Y,B005EG1LE4,uniform,4053.0,4017.0,0.2911405563354492,0,B002KQ6MY0
B0036XODB0,B0036XMY5M,full,22.0,0.0,1.0,5,B003WEPEAC
B0036XODB0,B0036XMY5M,shuffled,230.0,208.0,0.26498696208000183,0,B00A9IW94I
B0036XODB0,B0036XMY5M,uniform,6.0,-16.0,0.8036236763000488,1,B001DIQ02K
B00D6URY78,B0062B5JQQ,full,45.0,0.0,1.0,5,B003BQTQPA
B00D6URY78,B0062B5JQQ,shuffled,52.0,7.0,0.3368511199951172,0,B004W0ZVA8
B00D6URY78,B0062B5JQQ,uniform,19.0,-26.0,0.5955339670181274,0,B003AQK8G2
B0012XKATA,B001GEHX1I,full,426.0,0.0,1.0,5,B0072HYUT6
B0012XKATA,B001GEHX1I,shuffled,5717.0,5291.0,0.15853755176067352,0,B001TEVQAO
B0012XKATA,B001GEHX1I,uniform,3969.0,3543.0,0.35122179985046387,0,B00EOLDKLW
B006ID8WAI,B00ARFOX60,full,16.0,0.0,1.0,5,B00BEDXZAY
B006ID8WAI,B00ARFOX60,shuffled,264.0,248.0,0.17623010277748108,0,B0083SDF7G
B006ID8WAI,B00ARFOX60,uniform,151.0,135.0,0.6893264055252075,0,B007GQ0JA2
B005TON8VA,B00C03UNC0,full,358.0,0.0,1.0000001192092896,5,B00AEJQ7SQ
B005TON8VA,B00C03UNC0,shuffled,810.0,452.0,0.5316058993339539,1,B008D567PG
B005TON8VA,B00C03UNC0,uniform,363.0,5.0,0.6958521604537964,1,B00593LZI4
B007TXNXA0,B009PXV0JS,full,61.0,0.0,1.0000001192092896,5,B00C3EZPK6
B007TXNXA0,B009PXV0JS,shuffled,4123.0,4062.0,0.06760946661233902,0,B006SDZ0JY
B007TXNXA0,B009PXV0JS,uniform,232.0,171.0,0.46152016520500183,0,B008UAI8II
B00CPSDPCU,B001EAQHV6,full,27.0,0.0,0.9999998807907104,5,B0019QUS92
B00CPSDPCU,B001EAQHV6,shuffled,156.0,129.0,0.48707789182662964,0,B00DEO56HQ
B00CPSDPCU,B001EAQHV6,uniform,824.0,797.0,0.5448614358901978,0,B005HFBLQA
B005HIQ9KA,B005409ELW,full,339.0,0.0,1.0,5,B007FX9LAA
B005HIQ9KA,B005409ELW,shuffled,1358.0,1019.0,0.5393711924552917,0,B0058P5XHM
B005HIQ9KA,B005409ELW,uniform,286.0,-53.0,0.4433648884296417,0,B003NZKZQS
B009P73OCK,B00CIBHIO0,full,318.0,0.0,0.9999998807907104,5,B005VF64V8
B009P73OCK,B00CIBHIO0,shuffled,2161.0,1843.0,0.37261319160461426,1,B009X97PHK
B009P73OCK,B00CIBHIO0,uniform,2624.0,2306.0,0.4058775007724762,1,B005VF64V8
B005JQ5YBU,B005JQ4WEK,full,189.0,0.0,1.0,5,B00BCWHW2E
B005JQ5YBU,B005JQ4WEK,shuffled,912.0,723.0,0.1086513102054596,0,B008EF1L5G
B005JQ5YBU,B005JQ4WEK,uniform,4956.0,4767.0,0.1552269011735916,0,B0057XC4P4
B0046Q4F28,B00CAAJSYC,full,182.0,0.0,0.9999999403953552,5,B0085VJ4Y4
B0046Q4F28,B00CAAJSYC,shuffled,1283.0,1101.0,0.3001081645488739,0,B0049W8IGI
B0046Q4F28,B00CAAJSYC,uniform,1210.0,1028.0,0.6149943470954895,0,B003IRMJYW
B003Z6Q7YY,B0059A4A5C,full,2.0,0.0,1.0000001192092896,5,B000YVF33Y
B003Z6Q7YY,B0059A4A5C,shuffled,701.0,699.0,0.1895066797733307,0,B00CBEYC20
B003Z6Q7YY,B0059A4A5C,uniform,17.0,15.0,0.8035871386528015,0,B003YQJFWG
B008LJZV0G,B001RXMRKU,full,918.0,0.0,1.0000001192092896,5,B0077DT5SG
B008LJZV0G,B001RXMRKU,shuffled,409.0,-509.0,0.6538052558898926,1,B00BBFV80E
B008LJZV0G,B001RXMRKU,uniform,2955.0,2037.0,0.47113680839538574,0,B004V93LYI
B00AWA4LW6,B006N1KIHK,full,1.0,0.0,1.000000238418579,5,B006N1KIHK
B00AWA4LW6,B006N1KIHK,shuffled,756.0,755.0,0.22639358043670654,0,B002TUTMCG
B00AWA4LW6,B006N1KIHK,uniform,15.0,14.0,0.5073508620262146,0,B0065ZE500
B0091VAKBI,B005MKSBAE,full,1.0,0.0,1.0,5,B005MKSBAE
B0091VAKBI,B005MKSBAE,shuffled,2306.0,2305.0,0.2768881618976593,0,B0011MPO0M
B0091VAKBI,B005MKSBAE,uniform,8.0,7.0,0.4219229817390442,0,B008YGPBJW
B007VHEYAM,B008IJULM2,full,277.0,0.0,1.0000001192092896,5,B0012FRM2G
B007VHEYAM,B008IJULM2,shuffled,540.0,263.0,0.7152964472770691,3,B0012FRM2G
B007VHEYAM,B008IJULM2,uniform,3356.0,3079.0,0.2687923014163971,0,B007I6HU02
B009L4NRSS,B007SH2NT4,full,20.0,0.0,0.9999999403953552,5,B005TGMERW
B009L4NRSS,B007SH2NT4,shuffled,4436.0,4416.0,0.25892117619514465,0,B004DCCKBI
B009L4NRSS,B007SH2NT4,uniform,422.0,402.0,0.5735700726509094,2,B005TGMERW
B001SN7NRQ,B001BZ6ILS,full,314.0,0.0,1.0,5,B004GGUA9U
B001SN7NRQ,B001BZ6ILS,shuffled,2025.0,1711.0,0.525245726108551,0,B004J4EX1K
B001SN7NRQ,B001BZ6ILS,uniform,2142.0,1828.0,0.749370813369751,3,B00C2O3K72
B0061S0348,B00AIAIO46,full,5104.0,0.0,1.0000001192092896,5,B00H0DGEQE
B0061S0348,B00AIAIO46,shuffled,3963.0,-1141.0,0.2772870361804962,0,B005TGMERW
B0061S0348,B00AIAIO46,uniform,2227.0,-2877.0,0.336415559053421,0,B006422LDW
B00AZIAZK2,B001LY2VLK,full,324.0,0.0,1.0,5,B001S2PQ4O
B00AZIAZK2,B001LY2VLK,shuffled,218.0,-106.0,0.552833616733551,1,B005CXDOA8
B00AZIAZK2,B001LY2VLK,uniform,774.0,450.0,0.03632263466715813,0,B00B31W2TC
B00AZLZ8UQ,B001QVJ6PM,full,13.0,0.0,1.0,5,B0014QR9QM
B00AZLZ8UQ,B001QVJ6PM,shuffled,510.0,497.0,0.24374574422836304,0,B00BOO7OLO
B00AZLZ8UQ,B001QVJ6PM,uniform,71.0,58.0,0.690004825592041,1,B001710FXS
B003ZAH3AM,B004YOA0EE,full,37.0,0.0,1.0,5,B0085X31DC
B003ZAH3AM,B004YOA0EE,shuffled,1534.0,1497.0,0.30378100275993347,0,B001QVJ6PM
B003ZAH3AM,B004YOA0EE,uniform,1843.0,1806.0,0.6862342953681946,0,B007AEUC98
B00BOHU9ZE,B00AKYDNFA,full,38.0,0.0,1.0,5,B004QY6QKY
B00BOHU9ZE,B00AKYDNFA,shuffled,5332.0,5294.0,0.19916868209838867,0,B00653QDEI
B00BOHU9ZE,B00AKYDNFA,uniform,370.0,332.0,0.2952152192592621,0,B00CBS9QMM
B00BCXL3QE,B007KDGECS,full,589.0,0.0,1.0,5,B004JHRX5A
B00BCXL3QE,B007KDGECS,shuffled,1447.0,858.0,0.15761233866214752,0,B0078W27NQ
B00BCXL3QE,B007KDGECS,uniform,4117.0,3528.0,0.5853262543678284,1,B007MI4PIG
B004U9F624,B003NUSAVU,full,16.0,0.0,1.0000001192092896,5,B00AAST0WQ
B004U9F624,B003NUSAVU,shuffled,72.0,56.0,0.2675172984600067,0,B007R1NWEG
B004U9F624,B003NUSAVU,uniform,41.0,25.0,0.8553035259246826,1,B00B7M1O32
B00CIYDP94,B00BYINGXK,full,568.0,0.0,1.0000001192092896,5,B009N517QE
B00CIYDP94,B00BYINGXK,shuffled,1308.0,740.0,0.24182790517807007,0,B00CEGUJZE
B00CIYDP94,B00BYINGXK,uniform,427.0,-141.0,0.4529731869697571,0,B004OOXD6G
B005MKSBAE,B00DUEF8LY,full,2328.0,0.0,0.9999999403953552,5,B00CL08O0A
B005MKSBAE,B00DUEF8LY,shuffled,586.0,-1742.0,0.0667174682021141,0,B0018TCBXG
B005MKSBAE,B00DUEF8LY,uniform,5531.0,3203.0,0.21987611055374146,0,B007CGQ5AY
B00AX0SS24,B008MJI77Y,full,40.0,0.0,1.0,5,B008VRQ42C
B00AX0SS24,B008MJI77Y,shuffled,673.0,633.0,0.20904256403446198,0,B001S2PQ4O
B00AX0SS24,B008MJI77Y,uniform,318.0,278.0,0.6918718814849854,0,B007ENCGTY
B001DYFD6S,B00BMV7WYI,full,463.0,0.0,1.0000001192092896,5,B00DM8KA7U
B001DYFD6S,B00BMV7WYI,shuffled,698.0,235.0,0.21376770734786987,0,B007TMU7Z0
B001DYFD6S,B00BMV7WYI,uniform,4596.0,4133.0,0.2930837571620941,0,B0051IRDJC
B004NIZR44,B004RDZ39E,full,10.0,0.0,1.0,5,B004LVO5KA
B004NIZR44,B004RDZ39E,shuffled,2784.0,2774.0,0.39321792125701904,0,B005AD7WZI
B004NIZR44,B004RDZ39E,uniform,3236.0,3226.0,0.12020842730998993,0,B007ZOLQC0
B00509BTHY,B00018A9XO,full,457.0,0.0,1.0000001192092896,5,B00C26O5DS
B00509BTHY,B00018A9XO,shuffled,5314.0,4857.0,0.17346462607383728,0,B006Z8FZ06
B00509BTHY,B00018A9XO,uniform,3020.0,2563.0,0.5760243535041809,0,B0085IG1NY
B000J0M6BC,B008TSM9CW,full,3731.0,0.0,1.0,5,B003SK9GCC
B000J0M6BC,B008TSM9CW,shuffled,4553.0,822.0,0.4286680519580841,0,B007ZTL5US
B000J0M6BC,B008TSM9CW,uniform,6078.0,2347.0,0.321378618478775,0,B008G4JR24
B00AZ020X0,B006ICWAWA,full,846.0,0.0,1.0,5,B003CSPUES
B00AZ020X0,B006ICWAWA,shuffled,599.0,-247.0,0.2984035611152649,0,B0077DM1JQ
B00AZ020X0,B006ICWAWA,uniform,553.0,-293.0,0.5058030486106873,1,B00BHKFFAW
B004W75SW2,B0030DG7TC,full,39.0,0.0,1.0,5,B00729O5LM
B004W75SW2,B0030DG7TC,shuffled,3233.0,3194.0,0.19871893525123596,0,B007XT82VU
B004W75SW2,B0030DG7TC,uniform,39.0,0.0,0.7532012462615967,1,B003XZ4HPI
B001E6GK8K,B0059XUITG,full,6.0,0.0,1.0,5,B00686QH8E
B001E6GK8K,B0059XUITG,shuffled,960.0,954.0,0.2966122627258301,0,B0062PQ4VG
B001E6GK8K,B0059XUITG,uniform,16.0,10.0,0.7878753542900085,2,B00A5JAR86
B001GEHX1I,B001L4TRKS,full,1237.0,0.0,1.0000001192092896,5,B00906L8L0
B001GEHX1I,B001L4TRKS,shuffled,6040.0,4803.0,0.1486836075782776,0,B006FSRHMA
B001GEHX1I,B001L4TRKS,uniform,4176.0,2939.0,0.5258631110191345,1,B008L40DC2
B00AQR2JM4,B004OYVAIY,full,157.0,0.0,1.000000238418579,5,B00C68VOYA
B00AQR2JM4,B004OYVAIY,shuffled,949.0,792.0,0.15006984770298004,0,B0085288EA
B00AQR2JM4,B004OYVAIY,uniform,5621.0,5464.0,0.2145361453294754,0,B003T0G1LU
B004JJVF48,B005OCHMO6,full,221.0,0.0,1.0,5,B00F96M5LC
B004JJVF48,B005OCHMO6,shuffled,458.0,237.0,0.29227399826049805,0,B002IL3QHS
B004JJVF48,B005OCHMO6,uniform,1366.0,1145.0,0.5796473622322083,0,B00DYR63RK
B009T6010U,B009T5NMS4,full,2.0,0.0,0.9999999403953552,5,B006P0GUR6
B009T6010U,B009T5NMS4,shuffled,2589.0,2587.0,0.21957027912139893,0,B006RDOWRQ
B009T6010U,B009T5NMS4,uniform,63.0,61.0,0.6357741355895996,0,B004U940JY
B005MV00ES,B001L17S0C,full,95.0,0.0,1.000000238418579,5,B0035YJVGM
B005MV00ES,B001L17S0C,shuffled,3990.0,3895.0,0.018975447863340378,0,B00CEJLS7E
B005MV00ES,B001L17S0C,uniform,5667.0,5572.0,0.4646662771701813,0,B007MI4PIG
B007T4JJ5W,B00A0UW5HG,full,13.0,0.0,1.0,5,B0085TF48G
B007T4JJ5W,B00A0UW5HG,shuffled,4716.0,4703.0,-0.0595453605055809,0,B0046JZMOK
B007T4JJ5W,B00A0UW5HG,uniform,1949.0,1936.0,0.3057801127433777,0,B007ENCGTY
B0007R8KA8,B0007R8KCQ,full,23.0,0.0,1.0,5,B001AYANYI
B0007R8KA8,B0007R8KCQ,shuffled,414.0,391.0,0.14365819096565247,0,B002PZHYQ6
B0007R8KA8,B0007R8KCQ,uniform,111.0,88.0,0.4266933798789978,0,B009PPO9KI
B00A74AOSM,B004JF5VJW,full,477.0,0.0,1.0,5,B004Z5EMUK
B00A74AOSM,B004JF5VJW,shuffled,889.0,412.0,0.0986124724149704,0,B008F2KLCC
B00A74AOSM,B004JF5VJW,uniform,3676.0,3199.0,0.45057418942451477,0,B00BS7FFQ8
B0089SVHFW,B003BSOLP8,full,24.0,0.0,1.0000001192092896,5,B00926S118
B0089SVHFW,B003BSOLP8,shuffled,1422.0,1398.0,0.15951783955097198,0,B00AF66GQG
B0089SVHFW,B003BSOLP8,uniform,1792.0,1768.0,0.2845025360584259,0,B00AQAZA68
B00AYU2QZ8,B00CBEYFHW,full,7.0,0.0,1.0000001192092896,5,B00EW46JWS
B00AYU2QZ8,B00CBEYFHW,shuffled,2693.0,2686.0,0.162326380610466,0,B003OQV4HA
B00AYU2QZ8,B00CBEYFHW,uniform,3538.0,3531.0,0.34061112999916077,0,B009XE4MIA
B00CMQ8ZXO,B00765MFB4,full,38.0,0.0,1.0000001192092896,5,B0077DT5SG
B00CMQ8ZXO,B00765MFB4,shuffled,402.0,364.0,0.20709198713302612,0,B00CBEYFHW
B00CMQ8ZXO,B00765MFB4,uniform,67.0,29.0,0.5075925588607788,2,B00CWGKTLK
B00D3DB5KU,B005FOP470,full,81.0,0.0,0.9999999403953552,5,B004WO12CK
B00D3DB5KU,B005FOP470,shuffled,2419.0,2338.0,-0.06960053741931915,0,B00B8Y7ZAK
B00D3DB5KU,B005FOP470,uniform,2348.0,2267.0,0.2822583317756653,0,B009PPO9KI
B00542QOFE,B0091HI4VK,full,107.0,0.0,0.9999999403953552,5,B00CRMP2YS
B00542QOFE,B0091HI4VK,shuffled,1797.0,1690.0,0.19338950514793396,0,B00EPDU2PG
B00542QOFE,B0091HI4VK,uniform,2366.0,2259.0,0.5727513432502747,0,B0064POSPI
B002EQ9C8O,B002KGFNS6,full,583.0,0.0,1.0000001192092896,5,B004ZC5PXG
B002EQ9C8O,B002KGFNS6,shuffled,731.0,148.0,0.6007447242736816,2,B00AFJTU0M
B002EQ9C8O,B002KGFNS6,uniform,4253.0,3670.0,0.47077950835227966,0,B007IGDSTO
B002M11IU6,B003QCBBJI,full,1179.0,0.0,1.0,5,B004ZC5PXG
B002M11IU6,B003QCBBJI,shuffled,366.0,-813.0,0.741260290145874,4,B004ZC5PXG
B002M11IU6,B003QCBBJI,uniform,2616.0,1437.0,0.64170902967453,2,B0006GH2C2
B00BRB2H8O,B00BU7BST4,full,504.0,0.0,1.0,5,B00C865IWY
B00BRB2H8O,B00BU7BST4,shuffled,1714.0,1210.0,0.19310204684734344,0,B008KYRHUY
B00BRB2H8O,B00BU7BST4,uniform,4062.0,3558.0,0.5773515105247498,1,B00AX46SOA
B00AH7QE2Y,B00B2NNXBM,full,16.0,0.0,1.000000238418579,5,B00C9VY1XU
B00AH7QE2Y,B00B2NNXBM,shuffled,3062.0,3046.0,0.0351962149143219,0,B001SN7QH8
B00AH7QE2Y,B00B2NNXBM,uniform,3329.0,3313.0,0.2399739772081375,0,B005VF64V8
B0057XC4P4,B00APU4PO2,full,4090.0,0.0,1.0,5,B00AZUNPNE
B0057XC4P4,B00APU4PO2,shuffled,4138.0,48.0,0.28999724984169006,0,B003NGJPX6
B0057XC4P4,B00APU4PO2,uniform,5296.0,1206.0,0.5023797750473022,1,B009T6010U
B00816NL4M,B005C1QMSQ,full,3.0,0.0,1.0000001192092896,5,B0010B16GA
B00816NL4M,B005C1QMSQ,shuffled,3464.0,3461.0,-0.09236675500869751,0,B00D7N1178
B00816NL4M,B005C1QMSQ,uniform,735.0,732.0,0.25196585059165955,0,B0013FI8JQ
B004VG7H4G,B00CRMP2YS,full,260.0,0.0,1.0,5,B00BFWJK0S
B004VG7H4G,B00CRMP2YS,shuffled,4586.0,4326.0,0.1116776093840599,0,B001CMIN4K
B004VG7H4G,B00CRMP2YS,uniform,2422.0,2162.0,0.33060792088508606,0,B00DHN6WU4
B00164GQDY,B009D63E2I,full,89.0,0.0,1.0000001192092896,5,B008IHM2V2
B00164GQDY,B009D63E2I,shuffled,2998.0,2909.0,-0.04206404834985733,0,B009EXKQEY
B00164GQDY,B009D63E2I,uniform,222.0,133.0,0.8456709384918213,1,B00BFGXK8C
B0091GJHGW,B009OX7692,full,107.0,0.0,1.0,5,B003MRQ37M
B0091GJHGW,B009OX7692,shuffled,1540.0,1433.0,0.20553863048553467,0,B007XJBQCM
B0091GJHGW,B009OX7692,uniform,124.0,17.0,0.7911103367805481,1,B00A74AOSM
B006YYY8UO,B008H7I2L2,full,8.0,0.0,1.0000001192092896,5,B005PGGSQ4
B006YYY8UO,B008H7I2L2,shuffled,19.0,11.0,0.20294883847236633,0,B000NRXXBS
B006YYY8UO,B008H7I2L2,uniform,10.0,2.0,0.7338604927062988,2,B005TX2N6M
B003HM7PT2,B00640IQFQ,full,30.0,0.0,1.000000238418579,5,B001SN7QH8
B003HM7PT2,B00640IQFQ,shuffled,5761.0,5731.0,0.08212810009717941,0,B00DR2643A
B003HM7PT2,B00640IQFQ,uniform,521.0,491.0,0.6331908702850342,0,B00AL1LOEE
B004VUFJK6,B004B3T6R0,full,184.0,0.0,1.0000001192092896,5,B005TF2WUM
B004VUFJK6,B004B3T6R0,shuffled,957.0,773.0,0.3305808901786804,0,B001SN7QH8
B004VUFJK6,B004B3T6R0,uniform,4721.0,4537.0,0.3399277329444885,0,B001AGEBZI
B000RQO9S6,B00CTPTNKW,full,1.0,0.0,1.0000001192092896,5,B00CTPTNKW
B000RQO9S6,B00CTPTNKW,shuffled,1076.0,1075.0,0.24095505475997925,0,B0007R8KA8
B000RQO9S6,B00CTPTNKW,uniform,6.0,5.0,0.6088411211967468,1,B008NZWUB6
B006C25WGM,B00DBE0UI4,full,6.0,0.0,1.000000238418579,5,B00BCXLU30
B006C25WGM,B00DBE0UI4,shuffled,529.0,523.0,0.1574891209602356,0,B001U239PU
B006C25WGM,B00DBE0UI4,uniform,3.0,-3.0,0.5731024742126465,0,B00A6X1ZHS
B00B7SA29S,B00B9DUBMY,full,355.0,0.0,1.0000001192092896,5,B00BN3RDDA
B00B7SA29S,B00B9DUBMY,shuffled,963.0,608.0,0.5129928588867188,0,B00EQI4GYS
B00B7SA29S,B00B9DUBMY,uniform,1095.0,740.0,0.7836015224456787,3,B00BN3RDDA
B00B1FCGFU,B000OMGLDY,full,11.0,0.0,1.0000001192092896,5,B0083J832W
B00B1FCGFU,B000OMGLDY,shuffled,74.0,63.0,0.47953033447265625,0,B000NPJ9H2
B00B1FCGFU,B000OMGLDY,uniform,4.0,-7.0,0.6463019847869873,0,B000MVCNXO
B001F23NH4,B00CACXSU0,full,120.0,0.0,1.0,5,B004L0KZOQ
B001F23NH4,B00CACXSU0,shuffled,57.0,-63.0,0.20003420114517212,0,B003IG5HAQ
B001F23NH4,B00CACXSU0,uniform,5939.0,5819.0,0.493056058883667,0,B002HNSH80
B000297JN0,B001S2PP5E,full,104.0,0.0,1.0,5,B009L4ZBNM
B000297JN0,B001S2PP5E,shuffled,198.0,94.0,0.7671722173690796,3,B009L4ZBNM
B000297JN0,B001S2PP5E,uniform,1822.0,1718.0,0.6040583252906799,0,B008UAI8II
B009EUI4G4,B007CL304I,full,48.0,0.0,1.0000001192092896,5,B00644PHPO
B009EUI4G4,B007CL304I,shuffled,5172.0,5124.0,0.0980183407664299,0,B00DR5TW2M
B009EUI4G4,B007CL304I,uniform,4210.0,4162.0,0.2101626843214035,0,B004LGRWQY
B0080SUGWQ,B0080SUGXU,full,4.0,0.0,1.0000001192092896,5,B007XJBPT6
B0080SUGWQ,B0080SUGXU,shuffled,1592.0,1588.0,0.12499415874481201,0,B0081GC3AK
B0080SUGWQ,B0080SUGXU,uniform,22.0,18.0,0.5698400139808655,0,B00GXFHVYE
B00BCWHW2E,B007JGEFZY,full,40.0,0.0,0.9999998807907104,5,B0085HBOPA
B00BCWHW2E,B007JGEFZY,shuffled,363.0,323.0,0.30431634187698364,0,B008KYREYS
B00BCWHW2E,B007JGEFZY,uniform,1211.0,1171.0,0.18474146723747253,0,B0068YW1EA
B0059BG2SE,B0056FTFB4,full,181.0,0.0,1.0000001192092896,5,B0078KLOH8
B0059BG2SE,B0056FTFB4,shuffled,482.0,301.0,0.37871500849723816,0,B001AN3MOC
B0059BG2SE,B0056FTFB4,uniform,1257.0,1076.0,0.5501048564910889,0,B002CNTSOC
B0041D811M,B00A2CR8R4,full,601.0,0.0,1.000000238418579,5,B00CUA9J5A
B0041D811M,B00A2CR8R4,shuffled,1116.0,515.0,0.011199992150068283,0,B00AHNV18U
B0041D811M,B00A2CR8R4,uniform,248.0,-353.0,0.6440697908401489,0,B00B2JLH9G
B00BY6SGZA,B0064SJ6EI,full,1162.0,0.0,1.0,5,B00EABHQPC
B00BY6SGZA,B0064SJ6EI,shuffled,1427.0,265.0,0.27554190158843994,0,B0084DEKW4
B00BY6SGZA,B0064SJ6EI,uniform,3315.0,2153.0,0.4997544288635254,0,B00B8XSUSW
B005TVEOKW,B005L50K6I,full,5010.0,0.0,1.0000001192092896,5,B005C6B9UW
B005TVEOKW,B005L50K6I,shuffled,2753.0,-2257.0,0.21576741337776184,0,B001LNWGDE
B005TVEOKW,B005L50K6I,uniform,4996.0,-14.0,0.7852293848991394,1,B005C6B9UW
B008JVJI00,B009G81G82,full,54.0,0.0,0.9999999403953552,5,B00ALKO5RI
B008JVJI00,B009G81G82,shuffled,1650.0,1596.0,0.2881914973258972,0,B008C728WG
B008JVJI00,B009G81G82,uniform,230.0,176.0,0.45636481046676636,1,B007MI4PIG
B00BT0JNWQ,B008YF3AE6,full,1834.0,0.0,1.0000001192092896,5,B003XT6BG2
B00BT0JNWQ,B008YF3AE6,shuffled,5373.0,3539.0,0.020389718934893608,0,B008LJZV0G
B00BT0JNWQ,B008YF3AE6,uniform,3233.0,1399.0,0.384304016828537,0,B0088N39PY
B004CTW2HY,B00BE3Z99O,full,9.0,0.0,1.0,5,B008IHM2V2
B004CTW2HY,B00BE3Z99O,shuffled,2489.0,2480.0,0.166106715798378,0,B00318CIL2
B004CTW2HY,B00BE3Z99O,uniform,125.0,116.0,0.7000454664230347,0,B004N1BFR4
B00AJML1ZM,B00BJKVKQS,full,238.0,0.0,1.0,5,B00ALS5IM6
B00AJML1ZM,B00BJKVKQS,shuffled,497.0,259.0,0.029250506311655045,0,B007VE1EDU
B00AJML1ZM,B00BJKVKQS,uniform,932.0,694.0,0.5619449019432068,0,B0096UD3FO
B00CRVW3LY,B005XI84F2,full,141.0,0.0,0.9999998807907104,5,B003P2WHL0
B00CRVW3LY,B005XI84F2,shuffled,2746.0,2605.0,0.04667162895202637,0,B004RMP7P0
B00CRVW3LY,B005XI84F2,uniform,303.0,162.0,0.3963729441165924,0,B00BCXNVBY
B00AZLZ8UQ,B006X23XXK,full,3906.0,0.0,1.000000238418579,5,B00CL08O0A
B00AZLZ8UQ,B006X23XXK,shuffled,1775.0,-2131.0,0.23573654890060425,0,B0078J5W9A
B00AZLZ8UQ,B006X23XXK,uniform,4198.0,292.0,0.5737117528915405,0,B001710FXS
B00BGVUTBC,B00A42QEE0,full,292.0,0.0,1.0000001192092896,5,B00D9JU09A
B00BGVUTBC,B00A42QEE0,shuffled,619.0,327.0,0.07087957113981247,0,B00C61LJUQ
B00BGVUTBC,B00A42QEE0,uniform,1001.0,709.0,0.2894061505794525,0,B006Y5SM2I
B005OK1YZQ,B001UQULU2,full,841.0,0.0,1.0,5,B000IZRUG4
B005OK1YZQ,B001UQULU2,shuffled,6154.0,5313.0,-0.012883234769105911,0,B0087RWANS
B005OK1YZQ,B001UQULU2,uniform,2906.0,2065.0,0.5732064843177795,1,B006EIRTBA
B000GA5YPK,B008HTLHSK,full,1067.0,0.0,1.0000001192092896,5,B001LGEQ9I
B000GA5YPK,B008HTLHSK,shuffled,1743.0,676.0,0.031109943985939026,0,B00CH4QR7M
B000GA5YPK,B008HTLHSK,uniform,2990.0,1923.0,0.49716717004776,0,B005CT0T8C
B00AZIB77W,B003INE18S,full,29.0,0.0,1.0,5,B008B10SOS
B00AZIB77W,B003INE18S,shuffled,6245.0,6216.0,0.03403031826019287,0,B001LGEQ9I
B00AZIB77W,B003INE18S,uniform,5065.0,5036.0,0.49390071630477905,0,B004YZINTW
B00DCUQD7Y,B00C2CZTYG,full,1688.0,0.0,1.0,5,B004U7HY8U
B00DCUQD7Y,B00C2CZTYG,shuffled,3089.0,1401.0,0.33388394117355347,0,B009EB1WBW
B00DCUQD7Y,B00C2CZTYG,uniform,1277.0,-411.0,0.6553740501403809,1,B00AFJK8E4
B00G37DN5S,B00C4RULCE,full,25.0,0.0,1.0000001192092896,5,B009DI9CIQ
B00G37DN5S,B00C4RULCE,shuffled,755.0,730.0,0.26081958413124084,0,B00E7YEAEM
B00G37DN5S,B00C4RULCE,uniform,1300.0,1275.0,0.6180381774902344,0,B007POR2M8
B0061SL9LO,B00ACE0CD4,full,32.0,0.0,1.0,5,B003OUW9KW
B0061SL9LO,B00ACE0CD4,shuffled,6.0,-26.0,0.6300089359283447,4,B003OUW9KW
B0061SL9LO,B00ACE0CD4,uniform,756.0,724.0,0.4436084032058716,0,B008L40DC2
B00AZUNPNE,B007E6M3UI,full,25.0,0.0,1.0,5,B003JY6WY2
B00AZUNPNE,B007E6M3UI,shuffled,3696.0,3671.0,0.1521727293729782,0,B006CXC0IY
B00AZUNPNE,B007E6M3UI,uniform,802.0,777.0,0.16803821921348572,0,B008B10SOS
B006Y8Q79U,B005GQC97U,full,66.0,0.0,1.0000001192092896,5,B004T5TDKU
B006Y8Q79U,B005GQC97U,shuffled,6114.0,6048.0,-0.009777622297406197,0,B001TSZPM0
B006Y8Q79U,B005GQC97U,uniform,380.0,314.0,0.6539028882980347,1,B000VZOJG0
B004QL7B9C,B0078J5Y2U,full,4.0,0.0,0.9999998807907104,5,B0028K388G
B004QL7B9C,B0078J5Y2U,shuffled,544.0,540.0,0.08803924173116684,0,B00FDL73BK
B004QL7B9C,B0078J5Y2U,uniform,12.0,8.0,0.7536953687667847,2,B003FGW8MO
B0051EPWF8,B008LJZV0G,full,1.0,0.0,0.9999999403953552,5,B008LJZV0G
B0051EPWF8,B008LJZV0G,shuffled,445.0,444.0,0.380429744720459,0,B00CEJLS7E
B0051EPWF8,B008LJZV0G,uniform,1266.0,1265.0,0.28741565346717834,0,B009SNO9DE
B000LQVB9W,B006WRED6W,full,204.0,0.0,1.0,5,B000O5K8LC
B000LQVB9W,B006WRED6W,shuffled,4301.0,4097.0,0.0738288164138794,0,B00DM8KA7U
B000LQVB9W,B006WRED6W,uniform,955.0,751.0,0.4060852527618408,0,B004DLNRSE
B000S3P946,B000KOU8E4,full,56.0,0.0,1.0,5,B003DWGTRA
B000S3P946,B000KOU8E4,shuffled,5881.0,5825.0,0.1409531533718109,0,B001CK7TGA
B000S3P946,B000KOU8E4,uniform,3360.0,3304.0,0.1639654040336609,0,B002HNSH80
B0040B640K,B0059D0Q9I,full,10.0,0.0,0.9999998807907104,5,B00CX6BDFU
B0040B640K,B0059D0Q9I,shuffled,5882.0,5872.0,-0.02107674814760685,0,B0046IFV6K
B0040B640K,B0059D0Q9I,uniform,1880.0,1870.0,0.4612262547016144,0,B00BFGXK8C
B0045MS86W,B005X0QH9A,full,194.0,0.0,1.0,5,B001SERZCS
B0045MS86W,B005X0QH9A,shuffled,4474.0,4280.0,0.3235069811344147,0,B00A2BE440
B0045MS86W,B005X0QH9A,uniform,318.0,124.0,0.5994611382484436,0,B005XIGOL8
B004VFHTL8,B00605YPSC,full,583.0,0.0,1.0,5,B001UFVNI2
B004VFHTL8,B00605YPSC,shuffled,4332.0,3749.0,0.09453371912240982,0,B001SERZCS
B004VFHTL8,B00605YPSC,uniform,1016.0,433.0,0.24455450475215912,0,B005N56BXW
B008X6WIBC,B0094D2LWE,full,942.0,0.0,1.0,5,B007ZL7H62
B008X6WIBC,B0094D2LWE,shuffled,5133.0,4191.0,0.18918782472610474,0,B004OYVAIY
B008X6WIBC,B0094D2LWE,uniform,3797.0,2855.0,0.3289799392223358,0,B004UJ14FM
B005JQ4FEM,B005LH4FEY,full,90.0,0.0,1.0000001192092896,5,B00B7M1O32
B005JQ4FEM,B005LH4FEY,shuffled,4210.0,4120.0,0.15379534661769867,0,B00BYGABCG
B005JQ4FEM,B005LH4FEY,uniform,736.0,646.0,0.4002133011817932,0,B00B31W2TC
B0083Z6QDO,B007R0I1UC,full,3021.0,0.0,1.000000238418579,5,B008823MBQ
B0083Z6QDO,B007R0I1UC,shuffled,3962.0,941.0,0.23002204298973083,1,B007JQKPXA
B0083Z6QDO,B007R0I1UC,uniform,3086.0,65.0,0.3826044797897339,1,B007JQKPXA
B001JTDJZY,B0055AWQSO,full,2565.0,0.0,1.0000001192092896,5,B007Q3TXRA
B001JTDJZY,B0055AWQSO,shuffled,5183.0,2618.0,0.14871671795845032,0,B009X97PHK
B001JTDJZY,B0055AWQSO,uniform,5142.0,2577.0,0.22644159197807312,0,B000WK5FXK
B00C2DBEY4,B00BNPCQ58,full,348.0,0.0,1.0000001192092896,5,B003R4ZAII
B00C2DBEY4,B00BNPCQ58,shuffled,3899.0,3551.0,0.2412247210741043,0,B00AETFOD0
B00C2DBEY4,B00BNPCQ58,uniform,1307.0,959.0,0.43956443667411804,0,B007ZOLQC0
B000JVKHLW,B001U239PU,full,6.0,0.0,1.000000238418579,5,B0060ODA3O
B000JVKHLW,B001U239PU,shuffled,6014.0,6008.0,-0.02107250690460205,0,B003PVIL0W
B000JVKHLW,B001U239PU,uniform,3568.0,3562.0,0.3713984489440918,0,B001F8IK0S
B004R1RB3M,B004GIVMZO,full,21.0,0.0,1.0000001192092896,5,B00CBMGV4O
B004R1RB3M,B004GIVMZO,shuffled,1199.0,1178.0,0.006849808618426323,0,B006428WQ2
B004R1RB3M,B004GIVMZO,uniform,7.0,-14.0,0.8264409899711609,2,B003XZ4HPI
B006YDMYCY,B00DH8E2F6,full,151.0,0.0,1.0,5,B002AT6HYM
B006YDMYCY,B00DH8E2F6,shuffled,115.0,-36.0,0.13821539282798767,0,B00DGXRR8Q
B006YDMYCY,B00DH8E2F6,uniform,5.0,-146.0,0.4813050925731659,0,B007TB3RZS
B000GA5YPK,B0002VN7CA,full,2.0,0.0,1.0,5,B008LK7CAW
B000GA5YPK,B0002VN7CA,shuffled,2948.0,2946.0,0.13062699139118195,0,B009QR83ZM
B000GA5YPK,B0002VN7CA,uniform,230.0,228.0,0.499148428440094,0,B003R4ZAII
B005HGTEPY,B00AP5DK20,full,121.0,0.0,1.0,5,B008KYREYS
B005HGTEPY,B00AP5DK20,shuffled,4319.0,4198.0,-0.09891624748706818,0,B006ZPQ0EY
B005HGTEPY,B00AP5DK20,uniform,1749.0,1628.0,0.5501539707183838,0,B003FGW8MO
B007POLATE,B006ZQH11E,full,154.0,0.0,1.0000001192092896,5,B004VEDMJM
B007POLATE,B006ZQH11E,shuffled,1239.0,1085.0,0.4834058880805969,0,B00AFR24ZW
B007POLATE,B006ZQH11E,uniform,4011.0,3857.0,0.104063980281353,0,B00AFR24ZW
B009DEGOSG,B005TF98AE,full,48.0,0.0,1.0,5,B005F0NY26
B009DEGOSG,B005TF98AE,shuffled,1389.0,1341.0,0.24656368792057037,0,B00BRB29YQ
B009DEGOSG,B005TF98AE,uniform,3703.0,3655.0,0.20710784196853638,0,B003FGW8MO
B0081V2U6C,B00AIXUCG6,full,330.0,0.0,1.0000001192092896,5,B005PGGSQ4
B0081V2U6C,B00AIXUCG6,shuffled,2732.0,2402.0,0.19464954733848572,0,B00AEYXOX2
B0081V2U6C,B00AIXUCG6,uniform,598.0,268.0,0.3069438934326172,0,B00BE3Z99O
B00BS7FFQ8,B00066ZKS0,full,715.0,0.0,1.0,5,B001761XAM
B00BS7FFQ8,B00066ZKS0,shuffled,3740.0,3025.0,0.17282292246818542,0,B00B3VCRMY
B00BS7FFQ8,B00066ZKS0,uniform,2181.0,1466.0,0.13347084820270538,0,B00B2HDZ98
B00AFEOREQ,B009UWZ8H4,full,59.0,0.0,1.0,5,B006QMKAUQ
B00AFEOREQ,B009UWZ8H4,shuffled,867.0,808.0,0.2604901194572449,0,B008F9SIZ2
B00AFEOREQ,B009UWZ8H4,uniform,695.0,636.0,0.5572509765625,0,B00CMBWV0W
B004KF9LM4,B0049J1RZA,full,5717.0,0.0,1.000000238418579,5,B005P7DL7W
B004KF9LM4,B0049J1RZA,shuffled,4399.0,-1318.0,0.28336238861083984,0,B000TMDSOY
B004KF9LM4,B0049J1RZA,uniform,6038.0,321.0,0.7217552661895752,0,B0096UD3FO
B002TUTM4Y,B00877MORU,full,833.0,0.0,0.9999998807907104,5,B006PKHQTM
B002TUTM4Y,B00877MORU,shuffled,5856.0,5023.0,0.48115310072898865,0,B00BT0JNWQ
B002TUTM4Y,B00877MORU,uniform,2164.0,1331.0,0.6040111780166626,0,B0096UD3FO
B006QMKAUQ,B0094JWU0G,full,91.0,0.0,0.9999999403953552,5,B0085288EA
B006QMKAUQ,B0094JWU0G,shuffled,3600.0,3509.0,0.12698690593242645,0,B001T29B8A
B006QMKAUQ,B0094JWU0G,uniform,505.0,414.0,0.31039461493492126,0,B002YE8R28
B0077PMHIO,B002NCIAU0,full,39.0,0.0,1.0000001192092896,5,B0051VMCEK
B0077PMHIO,B002NCIAU0,shuffled,1921.0,1882.0,0.2743465304374695,0,B004WSVYX8
B0077PMHIO,B002NCIAU0,uniform,52.0,13.0,0.37580201029777527,0,B00FZ57788
B008HO2HZ2,B00B1DVMN4,full,128.0,0.0,0.9999999403953552,5,B00A7ZSCNU
B008HO2HZ2,B00B1DVMN4,shuffled,1317.0,1189.0,0.2867499887943268,1,B000VPQY22
B008HO2HZ2,B00B1DVMN4,uniform,1133.0,1005.0,0.822439432144165,1,B007IE40W0
B0032CO7IO,B0017QFRF4,full,906.0,0.0,1.0,5,B003QRH0CA
B0032CO7IO,B0017QFRF4,shuffled,3430.0,2524.0,0.4006964862346649,1,B005OK1YSI
B0032CO7IO,B0017QFRF4,uniform,1532.0,626.0,0.5652770400047302,0,B005OK1YSI
B00CIYDP94,B007Z8W47C,full,54.0,0.0,1.000000238418579,5,B00CHROXXE
B00CIYDP94,B007Z8W47C,shuffled,2563.0,2509.0,0.2847219705581665,0,B009L4ZBNM
B00CIYDP94,B007Z8W47C,uniform,5775.0,5721.0,0.47118473052978516,0,B0096UD3FO
B001JP5KAA,B0013WHNO0,full,401.0,0.0,1.0,5,B0083Q0GE8
B001JP5KAA,B0013WHNO0,shuffled,1556.0,1155.0,0.09967046231031418,0,B004O95B0W
B001JP5KAA,B0013WHNO0,uniform,1979.0,1578.0,0.6317604780197144,1,B00ARCXAHG
B000BQ09GS,B00ASK99IQ,full,958.0,0.0,1.0000001192092896,5,B0012M4VB4
B000BQ09GS,B00ASK99IQ,shuffled,4512.0,3554.0,0.47750136256217957,0,B009EWUJA6
B000BQ09GS,B00ASK99IQ,uniform,1812.0,854.0,0.5907010436058044,0,B006VY4S1Q
B009E5ZBBU,B005G7QM5E,full,200.0,0.0,1.0000001192092896,5,B00G8QCD50
B009E5ZBBU,B005G7QM5E,shuffled,2696.0,2496.0,0.19568732380867004,0,B006JARC9C
B009E5ZBBU,B005G7QM5E,uniform,6034.0,5834.0,0.48741498589515686,0,B005XIGOL8
B006Z8HHGQ,B0053WWJWC,full,32.0,0.0,1.0,5,B0026GXEZY
B006Z8HHGQ,B0053WWJWC,shuffled,203.0,171.0,0.21258151531219482,0,B0092UH97G
B006Z8HHGQ,B0053WWJWC,uniform,52.0,20.0,0.6468292474746704,0,B0002X4OES
B007RGHP1W,B009BBDBGY,full,570.0,0.0,1.0000001192092896,5,B0084G4OKO
B007RGHP1W,B009BBDBGY,shuffled,890.0,320.0,0.49417710304260254,1,B0002NZ11I
B007RGHP1W,B009BBDBGY,uniform,1098.0,528.0,0.5171186327934265,0,B00CS5BRU2
B001GU03DC,B00106YNM4,full,45.0,0.0,0.9999998807907104,5,B007MP2BW6
B001GU03DC,B00106YNM4,shuffled,137.0,92.0,0.25507867336273193,0,B001LV9ZQM
B001GU03DC,B00106YNM4,uniform,53.0,8.0,0.5826974511146545,0,B00B4YIHJ2
B00FFKQ3LK,B00006M7NJ,full,1723.0,0.0,1.000000238418579,5,B00CMTB5GU
B00FFKQ3LK,B00006M7NJ,shuffled,4950.0,3227.0,0.3020836114883423,0,B00997N5RK
B00FFKQ3LK,B00006M7NJ,uniform,3145.0,1422.0,0.5993553996086121,0,B00CUXLRDE
B000VTIH5A,B008LOFIVS,full,287.0,0.0,1.000000238418579,5,B009VI0H7S
B000VTIH5A,B008LOFIVS,shuffled,1123.0,836.0,0.11307520419359207,0,B008LCJIUW
B000VTIH5A,B008LOFIVS,uniform,202.0,-85.0,0.8106987476348877,0,B0064SJ6EI
B00D3T6XG0,B00E5G71Z2,full,181.0,0.0,1.000000238418579,5,B00BIXSIIO
B00D3T6XG0,B00E5G71Z2,shuffled,4364.0,4183.0,0.14059114456176758,0,B007PYE4A6
B00D3T6XG0,B00E5G71Z2,uniform,5131.0,4950.0,-0.019994592294096947,0,B0017WRLYI
B00G3ZMAJU,B00D9ZW3I0,full,1445.0,0.0,0.9999999403953552,5,B00AF66GQG
B00G3ZMAJU,B00D9ZW3I0,shuffled,3002.0,1557.0,0.1420569270849228,0,B00A0NBNRQ
B00G3ZMAJU,B00D9ZW3I0,uniform,4597.0,3152.0,0.36657851934432983,0,B004YOAT9A
B003J5CFXS,B005XQRSBU,full,1.0,0.0,1.0,5,B005XQRSBU
B003J5CFXS,B005XQRSBU,shuffled,1446.0,1445.0,0.312875360250473,0,B008E0N29E
B003J5CFXS,B005XQRSBU,uniform,10.0,9.0,0.6320160031318665,0,B007MI4PIG
B004ZM3VVY,B00EW46JWS,full,2.0,0.0,1.0,5,B008LWSZX8
B004ZM3VVY,B00EW46JWS,shuffled,839.0,837.0,0.10630250722169876,0,B001T29B8A
B004ZM3VVY,B00EW46JWS,uniform,136.0,134.0,0.5721412897109985,0,B001GW13QG
B004G71M28,B005XHQC8Y,full,27.0,0.0,1.0,5,B005CZM4XE
B004G71M28,B005XHQC8Y,shuffled,3747.0,3720.0,0.17547720670700073,0,B000LMLVOG
B004G71M28,B005XHQC8Y,uniform,732.0,705.0,0.5746132731437683,0,B000JM3A1A
B000NZW3JI,B0036UG48S,full,3.0,0.0,1.0000001192092896,5,B001AYANYI
B000NZW3JI,B0036UG48S,shuffled,3501.0,3498.0,0.2182098925113678,0,B00AYQOKRE
B000NZW3JI,B0036UG48S,uniform,867.0,864.0,0.6241341829299927,0,B00BGJ4OQA
B008075ZCS,B004BHYA9U,full,2016.0,0.0,1.0,5,B001E2038M
B008075ZCS,B004BHYA9U,shuffled,928.0,-1088.0,0.24196194112300873,0,B005LIXPPI
B008075ZCS,B004BHYA9U,uniform,1998.0,-18.0,0.5082420110702515,0,B004X95EKK
B007UNXLB0,B003674EUQ,full,3844.0,0.0,1.0,5,B005DVRUNQ
B007UNXLB0,B003674EUQ,shuffled,1311.0,-2533.0,0.22082477807998657,0,B001F8IK0S
B007UNXLB0,B003674EUQ,uniform,4652.0,808.0,0.4709084630012512,0,B004U940JY
B00642IYH4,B0050YAQ6O,full,102.0,0.0,1.0000001192092896,5,B00A6ZEW5S
B00642IYH4,B0050YAQ6O,shuffled,2467.0,2365.0,0.08985456079244614,1,B0044UWA4Q
B00642IYH4,B0050YAQ6O,uniform,38.0,-64.0,0.7084278464317322,1,B0076OAOL8
B008MWGSHM,B005MZ1V4C,full,34.0,0.0,1.0000001192092896,5,B001VAF1G6
B008MWGSHM,B005MZ1V4C,shuffled,4635.0,4601.0,0.005225086584687233,0,B00A1QJ1TE
B008MWGSHM,B005MZ1V4C,uniform,2478.0,2444.0,0.4854050278663635,0,B0002X4OES
B006ID8WAI,B00AFU8P2K,full,55.0,0.0,1.0,5,B00E1HXBHM
B006ID8WAI,B00AFU8P2K,shuffled,67.0,12.0,0.09957094490528107,0,B008MON3NC
B006ID8WAI,B00AFU8P2K,uniform,309.0,254.0,0.43369218707084656,0,B0076ET5AY
B006ZU9X16,B009EB1WBW,full,135.0,0.0,1.000000238418579,5,B006042IYG
B006ZU9X16,B009EB1WBW,shuffled,5375.0,5240.0,0.1411132663488388,0,B0089FTF8G
B006ZU9X16,B009EB1WBW,uniform,497.0,362.0,0.5890122056007385,0,B005LXHCFW
B00C28CCQS,B005X0RQ2C,full,37.0,0.0,1.0000001192092896,5,B00B4EF1AA
B00C28CCQS,B005X0RQ2C,shuffled,5639.0,5602.0,-0.15526160597801208,0,B004L627X2
B00C28CCQS,B005X0RQ2C,uniform,723.0,686.0,0.2663573920726776,0,B006Y5SM2I
B009ZYQ8RQ,B0037OBZT6,full,204.0,0.0,1.0000001192092896,5,B003BZ8D8M
B009ZYQ8RQ,B0037OBZT6,shuffled,475.0,271.0,0.3093441128730774,0,B001W2M4PE
B009ZYQ8RQ,B0037OBZT6,uniform,1499.0,1295.0,0.4256373643875122,0,B005ZH31YA
B00C4RULCE,B008YCX5DK,full,8.0,0.0,1.0,5,B003XRDBAS
B00C4RULCE,B008YCX5DK,shuffled,617.0,609.0,0.24681717157363892,0,B00325MG16
B00C4RULCE,B008YCX5DK,uniform,3356.0,3348.0,0.3732657730579376,0,B00CL4JIWO
B00B92J932,B0041I3CNO,full,2952.0,0.0,0.9999999403953552,5,B00380DSDU
B00B92J932,B0041I3CNO,shuffled,4332.0,1380.0,0.24093449115753174,0,B00AOI5DM8
B00B92J932,B0041I3CNO,uniform,5931.0,2979.0,0.5876243710517883,0,B007WS86U4
B002TUTMCG,B0015IP9XO,full,6.0,0.0,1.0,5,B002WYKF02
B002TUTMCG,B0015IP9XO,shuffled,602.0,596.0,0.49867433309555054,0,B002KMJFNY
B002TUTMCG,B0015IP9XO,uniform,65.0,59.0,0.46732789278030396,0,B0053OI72G
B006Y5SM2I,B007X2DKWS,full,53.0,0.0,1.0,5,B00B4EF1AA
B006Y5SM2I,B007X2DKWS,shuffled,1190.0,1137.0,0.2445673942565918,0,B00CLJ18BS
B006Y5SM2I,B007X2DKWS,uniform,76.0,23.0,0.07217255979776382,0,B008LDGQK6
B0045MS86W,B00563YWUA,full,2049.0,0.0,1.0,5,B0077DT5SG
B0045MS86W,B00563YWUA,shuffled,963.0,-1086.0,0.1269828826189041,0,B00B4EF1AA
B0045MS86W,B00563YWUA,uniform,5528.0,3479.0,0.5674992203712463,0,B005XIGOL8
B00E80PTRC,B009F7NHDQ,full,41.0,0.0,1.0000001192092896,5,B0058XU98M
B00E80PTRC,B009F7NHDQ,shuffled,2680.0,2639.0,0.13260743021965027,0,B00DOL44JK
B00E80PTRC,B009F7NHDQ,uniform,1013.0,972.0,0.49640992283821106,0,B006IKQ6MW
B00ELPU4J2,B00AXOZ1XO,full,33.0,0.0,1.0000001192092896,5,B004G54QUK
B00ELPU4J2,B00AXOZ1XO,shuffled,1849.0,1816.0,0.18961948156356812,0,B0062PQ4VG
B00ELPU4J2,B00AXOZ1XO,uniform,119.0,86.0,0.3785691261291504,0,B008ZB50KG
B00CXGH84A,B00CL5IDQK,full,38.0,0.0,1.0000001192092896,5,B007JLDPPA
B00CXGH84A,B00CL5IDQK,shuffled,684.0,646.0,0.16007378697395325,0,B005OPQ5RI
B00CXGH84A,B00CL5IDQK,uniform,499.0,461.0,0.41284283995628357,1,B003H3B9ZM
B0053DV6AW,B008N67V8W,full,52.0,0.0,1.0000001192092896,5,B00GXF7CCK
B0053DV6AW,B008N67V8W,shuffled,2224.0,2172.0,0.04907575249671936,0,B00DWC9QL2
B0053DV6AW,B008N67V8W,uniform,1960.0,1908.0,0.1285131573677063,0,B004HHO2DI
B009X6CURI,B00BWJ8T5G,full,86.0,0.0,0.9999999403953552,5,B000BZGDDM
B009X6CURI,B00BWJ8T5G,shuffled,1592.0,1506.0,0.26945239305496216,0,B00B4DRZ28
B009X6CURI,B00BWJ8T5G,uniform,5631.0,5545.0,0.4004683196544647,0,B00BHIZILK
B0014C09VI,B0039OO0R8,full,57.0,0.0,0.9999999403953552,5,B000YDGG60
B0014C09VI,B0039OO0R8,shuffled,4134.0,4077.0,0.29736173152923584,0,B001CMIN4K
B0014C09VI,B0039OO0R8,uniform,3353.0,3296.0,0.6765471696853638,2,B0016BI1P8
B0046RDF00,B008UA22US,full,140.0,0.0,1.000000238418579,5,B008FVT2Y6
B0046RDF00,B008UA22US,shuffled,3637.0,3497.0,0.14898793399333954,0,B00BAQ74CA
B0046RDF00,B008UA22US,uniform,268.0,128.0,0.798969566822052,1,B00579E6JK
B002ZWYQ74,B0072D8384,full,47.0,0.0,1.0,5,B001SERZCS
B002ZWYQ74,B0072D8384,shuffled,742.0,695.0,0.19126567244529724,0,B007P04P5O
B002ZWYQ74,B0072D8384,uniform,4392.0,4345.0,0.3771118223667145,0,B008XGB4RQ
B00DOV9UJY,B00DYY7QO2,full,52.0,0.0,1.0,5,B003JY6WY2
B00DOV9UJY,B00DYY7QO2,shuffled,2417.0,2365.0,0.13384659588336945,0,B005FSOBZW
B00DOV9UJY,B00DYY7QO2,uniform,3004.0,2952.0,0.42849239706993103,0,B0091GTTQ0
B003IBGLN8,B003BGKDA2,full,43.0,0.0,1.0,5,B008SF207K
B003IBGLN8,B003BGKDA2,shuffled,418.0,375.0,0.6299300789833069,0,B008E0N29E
B003IBGLN8,B003BGKDA2,uniform,32.0,-11.0,0.7832256555557251,1,B000MXQ7CA
B00AAQT6ZY,B00EM2ITEG,full,112.0,0.0,1.0000001192092896,5,B00B80K0K6
B00AAQT6ZY,B00EM2ITEG,shuffled,5751.0,5639.0,0.12439318746328354,0,B007R78YK2
B00AAQT6ZY,B00EM2ITEG,uniform,2471.0,2359.0,0.6546525955200195,0,B00BXEQ132
B004UIOL3K,B00389XFCA,full,1.0,0.0,1.000000238418579,5,B00389XFCA
B004UIOL3K,B00389XFCA,shuffled,428.0,427.0,0.16609859466552734,0,B00DGCXJ0W
B004UIOL3K,B00389XFCA,uniform,60.0,59.0,0.7001652717590332,1,B000OFIYP4
B005LLE270,B007FBL1ZA,full,1798.0,0.0,0.9999999403953552,5,B009RVTT4G
B005LLE270,B007FBL1ZA,shuffled,4420.0,2622.0,0.19811463356018066,0,B00DYA9R5M
B005LLE270,B007FBL1ZA,uniform,4226.0,2428.0,0.22274935245513916,0,B0076OAOL8
B007PIYT8O,B00BWJXU2S,full,966.0,0.0,1.0000001192092896,5,B005S6YGO2
B007PIYT8O,B00BWJXU2S,shuffled,444.0,-522.0,0.07130350917577744,0,B00B8NODFG
B007PIYT8O,B00BWJXU2S,uniform,2293.0,1327.0,0.6607853770256042,0,B008FQQHSA
B007WMC41C,B006LM75XG,full,434.0,0.0,1.0,5,B008SAGOWW
B007WMC41C,B006LM75XG,shuffled,4433.0,3999.0,0.16297735273838043,0,B004G09IXK
B007WMC41C,B006LM75XG,uniform,3325.0,2891.0,0.3550248146057129,0,B007Y5A38I
B005XO5K3U,B00CIAX7WS,full,18.0,0.0,1.0000001192092896,5,B008HK470O
B005XO5K3U,B00CIAX7WS,shuffled,870.0,852.0,0.4076679050922394,2,B008HK470O
B005XO5K3U,B00CIAX7WS,uniform,305.0,287.0,0.43510544300079346,2,B007DJ2UK4
B005LA76RO,B00BU12D0I,full,104.0,0.0,0.9999998807907104,5,B008Y0WFHE
B005LA76RO,B00BU12D0I,shuffled,2999.0,2895.0,0.20980116724967957,0,B008K9C9Q6
B005LA76RO,B00BU12D0I,uniform,465.0,361.0,0.38420093059539795,0,B004KJEOKO
B0080F3536,B006NR72OQ,full,5.0,0.0,1.0,5,B00A353T14
B0080F3536,B006NR72OQ,shuffled,941.0,936.0,0.5128157734870911,0,B005DVRUNQ
B0080F3536,B006NR72OQ,uniform,11.0,6.0,0.5080824494361877,0,B00361GA5Y
B005E7KJPK,B00BEIGTTI,full,5970.0,0.0,1.0000001192092896,5,B005F0NY26
B005E7KJPK,B00BEIGTTI,shuffled,3388.0,-2582.0,0.30427998304367065,0,B0048M1YLU
B005E7KJPK,B00BEIGTTI,uniform,3103.0,-2867.0,0.5150045156478882,0,B00D4L2AEQ
B000E22CFA,B00DEO35PQ,full,230.0,0.0,1.0000001192092896,5,B002UKTZM2
B000E22CFA,B00DEO35PQ,shuffled,3202.0,2972.0,0.21730950474739075,0,B004Q8J39Q
B000E22CFA,B00DEO35PQ,uniform,55.0,-175.0,0.7002743482589722,3,B002UKTZM2
B0047WT8AK,B00BPETZV0,full,76.0,0.0,1.0000001192092896,5,B009ZHNKGA
B0047WT8AK,B00BPETZV0,shuffled,2137.0,2061.0,0.1968846172094345,0,B003LR3ES4
B0047WT8AK,B00BPETZV0,uniform,2580.0,2504.0,0.20897848904132843,0,B005C91IGE
B000PHI5L4,B008B5HO2S,full,7.0,0.0,1.0,5,B008EF1L5G
B000PHI5L4,B008B5HO2S,shuffled,1973.0,1966.0,0.07886920124292374,0,B004VLW43A
B000PHI5L4,B008B5HO2S,uniform,3491.0,3484.0,0.41651928424835205,0,B006HSD3AI
B00B28FJ1E,B00B7PLEUM,full,4.0,0.0,0.9999999403953552,5,B00BE3Z99O
B00B28FJ1E,B00B7PLEUM,shuffled,4220.0,4216.0,-0.08648848533630371,0,B00AIITKFK
B00B28FJ1E,B00B7PLEUM,uniform,90.0,86.0,0.5176795125007629,0,B004LYG40Q
B007DJ3436,B0035MGPW2,full,2454.0,0.0,1.0000001192092896,5,B00BLQH30W
B007DJ3436,B0035MGPW2,shuffled,4196.0,1742.0,0.09614303708076477,0,B002UFUCII
B007DJ3436,B0035MGPW2,uniform,3272.0,818.0,0.7300614714622498,0,B00B8XSUSW
B0089681FI,B00C6A4LL6,full,1.0,0.0,1.0000001192092896,5,B00C6A4LL6
B0089681FI,B00C6A4LL6,shuffled,4487.0,4486.0,-0.11620885133743286,0,B00DP3P7O8
B0089681FI,B00C6A4LL6,uniform,3.0,2.0,0.8155593872070312,2,B00BHIZILK
B00305G3QC,B002MO7EAQ,full,103.0,0.0,0.9999999403953552,5,B0002FHIMQ
B00305G3QC,B002MO7EAQ,shuffled,2671.0,2568.0,-0.13248489797115326,0,B008CFZWEE
B00305G3QC,B002MO7EAQ,uniform,328.0,225.0,0.3071827292442322,0,B00842GS3O
B0053DV6AW,B00AQOFCBW,full,8.0,0.0,1.0,5,B00BUIZB1O
B0053DV6AW,B00AQOFCBW,shuffled,206.0,198.0,0.5440629720687866,0,B00BQ3R3CI
B0053DV6AW,B00AQOFCBW,uniform,2522.0,2514.0,0.23260879516601562,0,B0024FAZ4A
B00CDL2BX8,B00CP1XSRO,full,32.0,0.0,1.0,5,B0085O4Q7Q
B00CDL2BX8,B00CP1XSRO,shuffled,1439.0,1407.0,0.06580937653779984,0,B005JQ2IFK
B00CDL2BX8,B00CP1XSRO,uniform,379.0,347.0,0.7081320881843567,0,B00A74AOSM
B0017ZBREA,B004Y9NQ1S,full,603.0,0.0,1.0000001192092896,5,B00BCWHW2E
B0017ZBREA,B004Y9NQ1S,shuffled,1128.0,525.0,0.23474106192588806,0,B0096HRO7K
B0017ZBREA,B004Y9NQ1S,uniform,6306.0,5703.0,0.35222405195236206,0,B000ICIB4M
B003MU9OB6,B009WN94IK,full,152.0,0.0,0.9999998211860657,5,B008A5FYBW
B003MU9OB6,B009WN94IK,shuffled,4314.0,4162.0,0.24253873527050018,0,B005BN2JQO
B003MU9OB6,B009WN94IK,uniform,3271.0,3119.0,0.4942872226238251,0,B002KHN3Z0
B001M0MYCE,B007HRO9B0,full,173.0,0.0,0.9999999403953552,5,B002OV5EJU
B001M0MYCE,B007HRO9B0,shuffled,2771.0,2598.0,0.38898831605911255,0,B008BOX3J2
B001M0MYCE,B007HRO9B0,uniform,118.0,-55.0,0.5088815689086914,0,B00AR19X1O
B00BMPMJ6U,B009B0QAV8,full,579.0,0.0,1.0,5,B00AWA4JPA
B00BMPMJ6U,B009B0QAV8,shuffled,2610.0,2031.0,0.18930920958518982,0,B00D2LTABY
B00BMPMJ6U,B009B0QAV8,uniform,215.0,-364.0,0.7366132140159607,1,B000GA5YPK
B00AWDQ1P8,B009WVK4OA,full,138.0,0.0,0.9999999403953552,5,B003AU631M
B00AWDQ1P8,B009WVK4OA,shuffled,226.0,88.0,0.13205814361572266,0,B00931JHSS
B00AWDQ1P8,B009WVK4OA,uniform,177.0,39.0,0.28000608086586,0,B00931JHSS
B0083F5810,B00BCWHW2E,full,48.0,0.0,1.0000001192092896,5,B007RJG5J2
B0083F5810,B00BCWHW2E,shuffled,5142.0,5094.0,-0.13558441400527954,0,B00C4RULCE
B0083F5810,B00BCWHW2E,uniform,814.0,766.0,0.20612330734729767,0,B007AEUC98
B009A87P9W,B003DQKR1A,full,888.0,0.0,0.9999998807907104,5,B009F7NHDQ
B009A87P9W,B003DQKR1A,shuffled,2103.0,1215.0,0.16686633229255676,0,B007R1OJ7A
B009A87P9W,B003DQKR1A,uniform,1970.0,1082.0,0.44067859649658203,2,B0081PJDYA
B002PA0BWK,B006VK77MM,full,50.0,0.0,1.0000001192092896,5,B005JFAIQ2
B002PA0BWK,B006VK77MM,shuffled,323.0,273.0,0.21858108043670654,0,B006QMKAUQ
B002PA0BWK,B006VK77MM,uniform,294.0,244.0,0.5216501355171204,0,B002X115DK
B00BD2XFGK,B00FPT2XU6,full,239.0,0.0,1.0000001192092896,5,B009DCZT8Y
B00BD2XFGK,B00FPT2XU6,shuffled,1430.0,1191.0,0.05010782554745674,0,B00BI4DTR8
B00BD2XFGK,B00FPT2XU6,uniform,2480.0,2241.0,0.17379486560821533,0,B00D5XYO06
B007907Y6W,B00BN9YLZ2,full,979.0,0.0,1.0000001192092896,5,B003FWLRD4
B007907Y6W,B00BN9YLZ2,shuffled,3703.0,2724.0,0.32132357358932495,0,B0094S1AG2
B007907Y6W,B00BN9YLZ2,uniform,1782.0,803.0,0.5066366195678711,0,B004JF4HD8
B0016LURJ6,B006MORDT4,full,129.0,0.0,1.0000001192092896,5,B0039AYRU2
B0016LURJ6,B006MORDT4,shuffled,2576.0,2447.0,0.13578850030899048,0,B00CC02P5O
B0016LURJ6,B006MORDT4,uniform,1188.0,1059.0,0.527279257774353,0,B003U4T928
B0094IWPZM,B001G0QZ16,full,209.0,0.0,1.0000001192092896,5,B00BP47QWK
B0094IWPZM,B001G0QZ16,shuffled,194.0,-15.0,0.48417675495147705,2,B002C4K6SS
B0094IWPZM,B001G0QZ16,uniform,2414.0,2205.0,0.3691030442714691,0,B007IRL1VA
B0080F3536,B00D61JOKM,full,65.0,0.0,1.0,5,B005LBX3C0
B0080F3536,B00D61JOKM,shuffled,1273.0,1208.0,0.2516722083091736,0,B0098GE6OI
B0080F3536,B00D61JOKM,uniform,1899.0,1834.0,0.26791056990623474,0,B00AEJQ4RK
B004KSSKXW,B00B40E1K0,full,76.0,0.0,1.0000001192092896,5,B00B8Y7ZAK
B004KSSKXW,B00B40E1K0,shuffled,1157.0,1081.0,0.37586474418640137,0,B00AIITKFK
B004KSSKXW,B00B40E1K0,uniform,1268.0,1192.0,0.637263298034668,0,B007JFEWQW
B00D2VY082,B00BDH4Q4A,full,48.0,0.0,1.0,5,B007DJ2UK4
B00D2VY082,B00BDH4Q4A,shuffled,752.0,704.0,0.44643840193748474,0,B00A9OC50U
B00D2VY082,B00BDH4Q4A,uniform,1106.0,1058.0,0.35575634241104126,0,B0096UD3FO
B000JVKHLW,B004D8FPRS,full,550.0,0.0,1.0000001192092896,5,B00ERD11QS
B000JVKHLW,B004D8FPRS,shuffled,4619.0,4069.0,0.4743792712688446,1,B007FGYDAK
B000JVKHLW,B004D8FPRS,uniform,473.0,-77.0,0.5215938091278076,0,B003DWGTRA
B0085IG1NY,B004NNUWDK,full,20.0,0.0,1.0000001192092896,5,B00BEZ7YU4
B0085IG1NY,B004NNUWDK,shuffled,1291.0,1271.0,0.17985472083091736,0,B003AU631M
B0085IG1NY,B004NNUWDK,uniform,1551.0,1531.0,0.44870635867118835,0,B0009MDF9W
B006R1IWZQ,B0095STQ6C,full,88.0,0.0,1.0,5,B000PW38Y8
B006R1IWZQ,B0095STQ6C,shuffled,599.0,511.0,0.2484377920627594,0,B004J8I4VQ
B006R1IWZQ,B0095STQ6C,uniform,328.0,240.0,0.6646040678024292,1,B00BT90QDW
B0098YLOJK,B00C9T2WBA,full,3721.0,0.0,0.9999999403953552,5,B00ARCXAHG
B0098YLOJK,B00C9T2WBA,shuffled,5537.0,1816.0,0.32333508133888245,0,B00AK47K0E
B0098YLOJK,B00C9T2WBA,uniform,4763.0,1042.0,0.27492520213127136,0,B005SW4MX6
B004QQ5IMO,B004GEC9V4,full,686.0,0.0,1.0000001192092896,5,B007R1OJ7A
B004QQ5IMO,B004GEC9V4,shuffled,4605.0,3919.0,0.39308613538742065,0,B006ZYZFNM
B004QQ5IMO,B004GEC9V4,uniform,103.0,-583.0,0.39756783843040466,0,B005FSOBZW
B00CDT7FHM,B00DCUQD7Y,full,121.0,0.0,1.0,5,B000WK5FXK
B00CDT7FHM,B00DCUQD7Y,shuffled,5693.0,5572.0,0.3693695068359375,1,B000WK5FXK
B00CDT7FHM,B00DCUQD7Y,uniform,3215.0,3094.0,0.591374933719635,0,B000T899QO
B009GFMPIU,B000TPFU2Y,full,257.0,0.0,1.0000001192092896,5,B000Q53KRE
B009GFMPIU,B000TPFU2Y,shuffled,4770.0,4513.0,0.15819598734378815,0,B006TG7W3M
B009GFMPIU,B000TPFU2Y,uniform,3449.0,3192.0,0.6927733421325684,2,B000Q53KRE
B00DQDA9HC,B00DE0P8GO,full,190.0,0.0,1.0,5,B003RG34W0
B00DQDA9HC,B00DE0P8GO,shuffled,5036.0,4846.0,0.3512910008430481,0,B009BDY8AA
B00DQDA9HC,B00DE0P8GO,uniform,1045.0,855.0,0.537163496017456,0,B005XIGOL8
B00D2VC7VY,B006HT4EF0,full,182.0,0.0,1.0000001192092896,5,B00D6URY78
B00D2VC7VY,B006HT4EF0,shuffled,1523.0,1341.0,0.12754005193710327,0,B004WP8E3O
B00D2VC7VY,B006HT4EF0,uniform,87.0,-95.0,0.24280086159706116,0,B001DIQ02K
B007JSCBD0,B000KD42BK,full,25.0,0.0,1.0000001192092896,5,B008P07SDE
B007JSCBD0,B000KD42BK,shuffled,169.0,144.0,0.13984814286231995,0,B00AR4U5CC
B007JSCBD0,B000KD42BK,uniform,713.0,688.0,0.23693449795246124,0,B004WP8E3O
B00C2RX5QU,B00E4AE148,full,47.0,0.0,0.9999999403953552,5,B002W8LPOI
B00C2RX5QU,B00E4AE148,shuffled,1285.0,1238.0,0.15111184120178223,0,B0054TB178
B00C2RX5QU,B00E4AE148,uniform,878.0,831.0,0.6214649081230164,0,B0076OAOL8
B0036XOP54,B000NX7JM6,full,8.0,0.0,1.0,5,B000TPFU2Y
B0036XOP54,B000NX7JM6,shuffled,4065.0,4057.0,0.09552750736474991,0,B00B4EC8GA
B0036XOP54,B000NX7JM6,uniform,431.0,423.0,0.4159993529319763,0,B001DIQ02K
B003E6UMPK,B00AB6Z3TQ,full,703.0,0.0,1.0,5,B00AAF3N22
B003E6UMPK,B00AB6Z3TQ,shuffled,5273.0,4570.0,0.026816587895154953,0,B00DG934QE
B003E6UMPK,B00AB6Z3TQ,uniform,2936.0,2233.0,0.5472955107688904,0,B00BFGT3JM
B00CBU9L4I,B004DTCFCA,full,172.0,0.0,0.9999998807907104,5,B007TXNXA0
B00CBU9L4I,B004DTCFCA,shuffled,1130.0,958.0,0.4564421772956848,0,B00AL1LOEE
B00CBU9L4I,B004DTCFCA,uniform,6283.0,6111.0,0.22266878187656403,0,B006HSD3AI
B009RQPIQ4,B005GHBKNI,full,151.0,0.0,1.0000001192092896,5,B00DR2643A
B009RQPIQ4,B005GHBKNI,shuffled,3299.0,3148.0,0.24644115567207336,0,B003RW46LW
B009RQPIQ4,B005GHBKNI,uniform,1271.0,1120.0,0.4167614281177521,0,B000EDFWXS
B008CLE0RI,B003SE6GY4,full,92.0,0.0,1.0000001192092896,5,B00DBFAZB0
B008CLE0RI,B003SE6GY4,shuffled,2464.0,2372.0,0.27001962065696716,0,B001QVJ6PM
B008CLE0RI,B003SE6GY4,uniform,1473.0,1381.0,0.5267316699028015,0,B004UHP3IS
B000I2Y16Y,B002Z2SFZ8,full,1767.0,0.0,1.000000238418579,5,B001BWCHLG
B000I2Y16Y,B002Z2SFZ8,shuffled,4166.0,2399.0,0.23799949884414673,0,B0051VMI3K
B000I2Y16Y,B002Z2SFZ8,uniform,2841.0,1074.0,0.5216036438941956,0,B00A2USHQW
B0051GDT4M,B002KG4U7G,full,422.0,0.0,0.9999999403953552,5,B0045889NS
B0051GDT4M,B002KG4U7G,shuffled,1519.0,1097.0,0.1751841902732849,0,B000BQSZBY
B0051GDT4M,B002KG4U7G,uniform,249.0,-173.0,0.6998948454856873,1,B00BHIZILK
B00EFZ786K,B008T479JO,full,4.0,0.0,1.0000001192092896,5,B004R0XJM0
B00EFZ786K,B008T479JO,shuffled,241.0,237.0,0.5365485548973083,0,B004LK9GZ0
B00EFZ786K,B008T479JO,uniform,22.0,18.0,0.7939809560775757,1,B000MXQ7CA
B004IUXQMM,B00A9PLAEG,full,3.0,0.0,1.000000238418579,5,B00706XMX4
B004IUXQMM,B00A9PLAEG,shuffled,174.0,171.0,0.3862190246582031,0,B005AD7WZI
B004IUXQMM,B00A9PLAEG,uniform,23.0,20.0,0.3738470673561096,1,B005N6ZBB4
B0045VQCWA,B003TQ05QQ,full,41.0,0.0,1.0,5,B00DCUQA7M
B0045VQCWA,B003TQ05QQ,shuffled,1719.0,1678.0,0.20510974526405334,0,B00706XMX4
B0045VQCWA,B003TQ05QQ,uniform,221.0,180.0,0.240509495139122,0,B005IZUOOE
B007SYAVNC,B00BI886DG,full,2573.0,0.0,1.0,5,B00DEI25ZI
B007SYAVNC,B00BI886DG,shuffled,6073.0,3500.0,0.22283291816711426,0,B00B7SB6RA
B007SYAVNC,B00BI886DG,uniform,3310.0,737.0,0.3091450333595276,0,B0070Z17DW
B003HNA8WW,B0000ANEC9,full,1.0,0.0,0.9999998807907104,5,B0000ANEC9
B003HNA8WW,B0000ANEC9,shuffled,568.0,567.0,0.20845237374305725,0,B008G0SU26
B003HNA8WW,B0000ANEC9,uniform,156.0,155.0,0.5817839503288269,2,B007I6HU02
B00018A9XO,B0019IT79C,full,18.0,0.0,1.0000001192092896,5,B00ALKO5RI
B00018A9XO,B0019IT79C,shuffled,5868.0,5850.0,0.16548675298690796,0,B007IVTAU0
B00018A9XO,B0019IT79C,uniform,366.0,348.0,0.6888055205345154,0,B009AZ6XUW
B00BF7T4C2,B00FEJEM6K,full,3391.0,0.0,1.0,5,B009SOQ788
B00BF7T4C2,B00FEJEM6K,shuffled,1008.0,-2383.0,0.4067889451980591,0,B00B02JOHM
B00BF7T4C2,B00FEJEM6K,uniform,4782.0,1391.0,0.30987825989723206,0,B001ET7H66
B005FS7LEK,B007GF53EK,full,141.0,0.0,1.0000001192092896,5,B005LA7MRI
B005FS7LEK,B007GF53EK,shuffled,2965.0,2824.0,0.1234242171049118,0,B00B3VCRMY
B005FS7LEK,B007GF53EK,uniform,2000.0,1859.0,0.2913348078727722,0,B003HIWLVI
B003IRMJYW,B009QR9DT2,full,343.0,0.0,0.9999999403953552,5,B00AIITKFK
B003IRMJYW,B009QR9DT2,shuffled,2099.0,1756.0,0.2211124449968338,0,B007QUOJFY
B003IRMJYW,B009QR9DT2,uniform,3561.0,3218.0,0.7856338620185852,3,B006U228V6
B007KDGECS,B004BHVIDQ,full,2265.0,0.0,1.0,5,B001MIMB1A
B007KDGECS,B004BHVIDQ,shuffled,4389.0,2124.0,0.6930915713310242,1,B007DJ3EYA
B007KDGECS,B004BHVIDQ,uniform,616.0,-1649.0,0.5334146022796631,1,B001MIMB1A
B005OQ0QDG,B00A6VKWEW,full,1.0,0.0,1.0,5,B00A6VKWEW
B005OQ0QDG,B00A6VKWEW,shuffled,1.0,0.0,0.804456353187561,4,B00A6VKWEW
B005OQ0QDG,B00A6VKWEW,uniform,3.0,2.0,0.7157911658287048,2,B0085BE34A
B00EYGE7X2,B005IGB4TC,full,24.0,0.0,1.000000238418579,5,B008CXW8CK
B00EYGE7X2,B005IGB4TC,shuffled,3717.0,3693.0,0.261353462934494,0,B000OTIGJY
B00EYGE7X2,B005IGB4TC,uniform,342.0,318.0,0.7638629674911499,0,B00FZ57788
B000JILAW0,B00B07YQLG,full,5.0,0.0,1.000000238418579,5,B00DEKLOYO
B000JILAW0,B00B07YQLG,shuffled,1888.0,1883.0,0.2042095959186554,0,B009L354J4
B000JILAW0,B00B07YQLG,uniform,198.0,193.0,0.5962584614753723,0,B008FQQHSA
B00C6AOL2K,B00B2QC36K,full,527.0,0.0,1.0,5,B0081ST50O
B00C6AOL2K,B00B2QC36K,shuffled,961.0,434.0,0.5336122512817383,1,B00CEJLS7E
B00C6AOL2K,B00B2QC36K,uniform,1407.0,880.0,0.4573630392551422,0,B0009EMQQI
B0015GOC66,B0015IJ5MU,full,22.0,0.0,0.9999999403953552,5,B0014C09VI
B0015GOC66,B0015IJ5MU,shuffled,1292.0,1270.0,0.4714133143424988,0,B00BQVW6PY
B0015GOC66,B0015IJ5MU,uniform,13.0,-9.0,0.7040950059890747,2,245600258X
B0087VDBP0,B0041A4L8C,full,1069.0,0.0,1.0,5,B00ASK99IQ
B0087VDBP0,B0041A4L8C,shuffled,174.0,-895.0,0.3624041676521301,0,B004VLW43A
B0087VDBP0,B0041A4L8C,uniform,2448.0,1379.0,0.6028969287872314,0,B00AOO0HMS
B00CMI6PSY,B005NYC4NE,full,242.0,0.0,1.0000001192092896,5,B00AN9K6DE
B00CMI6PSY,B005NYC4NE,shuffled,524.0,282.0,0.06485731899738312,0,B0007R8KA8
B00CMI6PSY,B005NYC4NE,uniform,293.0,51.0,0.3856039345264435,1,B005UVPINI
B002Y7ABEC,B004QS6S12,full,103.0,0.0,1.0,5,B00FG2XIR4
B002Y7ABEC,B004QS6S12,shuffled,5933.0,5830.0,0.280911922454834,0,B003YCWEB4
B002Y7ABEC,B004QS6S12,uniform,21.0,-82.0,0.4378117322921753,0,B004EIBYHW
B008ES82T6,B007908AME,full,2.0,0.0,1.0,5,B002DP8NB8
B008ES82T6,B007908AME,shuffled,3186.0,3184.0,0.042922619730234146,0,B001S2PQ4O
B008ES82T6,B007908AME,uniform,1379.0,1377.0,0.2941345274448395,0,B004U940JY
B0041EIXIM,B0000C2VLK,full,7.0,0.0,1.0000001192092896,5,B004GEC6G2
B0041EIXIM,B0000C2VLK,shuffled,2494.0,2487.0,0.351252943277359,0,B00CT5A57W
B0041EIXIM,B0000C2VLK,uniform,195.0,188.0,0.5718163251876831,0,B0083WQ3MQ
B0016BI1P8,B004ZSHZ42,full,49.0,0.0,1.0000001192092896,5,B0024V5VKM
B0016BI1P8,B004ZSHZ42,shuffled,2705.0,2656.0,0.24503564834594727,0,B003G8MLWS
B0016BI1P8,B004ZSHZ42,uniform,73.0,24.0,0.6762434244155884,4,B000YDGG60
B001LQG1N2,B00CBMGV4O,full,4248.0,0.0,1.000000238418579,5,B000INV8FK
B001LQG1N2,B00CBMGV4O,shuffled,4969.0,721.0,0.13387803733348846,0,B00B7E2L8W
B001LQG1N2,B00CBMGV4O,uniform,131.0,-4117.0,0.3515673279762268,0,B00AR19X1O
B0089681FI,B00BIKAEUW,full,305.0,0.0,1.0000001192092896,5,B008QT38YW
B0089681FI,B00BIKAEUW,shuffled,517.0,212.0,0.22295577824115753,0,B003BSOLP8
B0089681FI,B00BIKAEUW,uniform,122.0,-183.0,0.5193847417831421,1,B00BHIZILK
B003V1W8G4,B004I0F0LW,full,660.0,0.0,1.0,5,B005MZ1V4C
B003V1W8G4,B004I0F0LW,shuffled,3987.0,3327.0,0.2258630096912384,0,B00GXF7CCK
B003V1W8G4,B004I0F0LW,uniform,2874.0,2214.0,0.39782387018203735,0,B0033AG7DS
B004M5I1R8,B005FOSOPY,full,776.0,0.0,1.0,5,B00C518TIM
B004M5I1R8,B005FOSOPY,shuffled,1078.0,302.0,0.2363051474094391,0,B00ALRS9OG
B004M5I1R8,B005FOSOPY,uniform,834.0,58.0,0.28903788328170776,0,B009DEHF2K
B00CIA7QKW,B009NB1DH6,full,35.0,0.0,1.0000001192092896,5,B00BMR73SC
B00CIA7QKW,B009NB1DH6,shuffled,3811.0,3776.0,0.22430825233459473,0,B006CXC0IY
B00CIA7QKW,B009NB1DH6,uniform,1324.0,1289.0,0.19110551476478577,0,B00E93QIZ0
B004Q3PSU4,B004EHYK5G,full,203.0,0.0,1.0,5,B004NIZR44
B004Q3PSU4,B004EHYK5G,shuffled,4276.0,4073.0,0.08897996693849564,0,B006WX9R4Y
B004Q3PSU4,B004EHYK5G,uniform,3716.0,3513.0,0.23696723580360413,0,B005HWOJD0
B0083I6W08,B001CK7TGA,full,6255.0,0.0,1.0000001192092896,5,B006U6ENVK
B0083I6W08,B001CK7TGA,shuffled,1021.0,-5234.0,0.06268007308244705,0,B006VTJ618
B0083I6W08,B001CK7TGA,uniform,6293.0,38.0,0.779682457447052,3,B006U6ENVK
B007T4JJCK,B004M8RY82,full,191.0,0.0,1.0,5,B008OTOM12
B007T4JJCK,B004M8RY82,shuffled,5169.0,4978.0,0.14398279786109924,0,B00866FLXQ
B007T4JJCK,B004M8RY82,uniform,808.0,617.0,0.7606076002120972,2,B004V93LYI
B003I86JVK,B0095WFOW8,full,164.0,0.0,1.0000001192092896,5,B00C8660N0
B003I86JVK,B0095WFOW8,shuffled,4474.0,4310.0,0.07186590135097504,0,B00C9W3VE4
B003I86JVK,B0095WFOW8,uniform,4303.0,4139.0,0.6741675734519958,2,B007XCU72Y
B000JI5NY6,B00A8YTGJE,full,2.0,0.0,1.0,5,B007U6TYUY
B000JI5NY6,B00A8YTGJE,shuffled,2367.0,2365.0,0.12534354627132416,0,B001COZUQ2
B000JI5NY6,B00A8YTGJE,uniform,557.0,555.0,0.36735042929649353,0,B0024FAZ4A
B009UWZ8H4,B00AB2NZN6,full,76.0,0.0,1.0,5,B004BHYA9U
B009UWZ8H4,B00AB2NZN6,shuffled,2424.0,2348.0,0.01461152732372284,0,B0035GKKEM
B009UWZ8H4,B00AB2NZN6,uniform,1450.0,1374.0,0.6125503778457642,0,B007JFEUUA
B009P8QMWS,B0052YY01E,full,1680.0,0.0,1.0000001192092896,5,B00851M3YW
B009P8QMWS,B0052YY01E,shuffled,6271.0,4591.0,0.4148617386817932,0,B007URAFSI
B009P8QMWS,B0052YY01E,uniform,6066.0,4386.0,0.27452975511550903,0,B005C91IGE
B006VJXGAU,B00A64UD4I,full,702.0,0.0,1.0000001192092896,5,B0031M42SK
B006VJXGAU,B00A64UD4I,shuffled,3782.0,3080.0,0.2540725767612457,0,B0059DQYU8
B006VJXGAU,B00A64UD4I,uniform,1597.0,895.0,0.43805408477783203,0,B002Y3AH2M
B004B2XMPI,B005Q0B9ZY,full,28.0,0.0,1.0,5,B003QCGEVS
B004B2XMPI,B005Q0B9ZY,shuffled,26.0,-2.0,0.12519526481628418,0,B008EYOK2S
B004B2XMPI,B005Q0B9ZY,uniform,3.0,-25.0,0.5184371471405029,2,B008RMEXKG
B0085X1DLE,B009XE4MIA,full,240.0,0.0,1.0000001192092896,5,B008K1QJ5G
B0085X1DLE,B009XE4MIA,shuffled,1914.0,1674.0,0.28532150387763977,0,B009SNO9DE
B0085X1DLE,B009XE4MIA,uniform,694.0,454.0,0.3676646947860718,0,B00BFGXK8C
B007IDFV9M,B00A0NDRUC,full,45.0,0.0,1.0000001192092896,5,B007BMSSW2
B007IDFV9M,B00A0NDRUC,shuffled,2470.0,2425.0,0.2531040608882904,0,B00CZZ28K8
B007IDFV9M,B00A0NDRUC,uniform,1696.0,1651.0,0.42900189757347107,0,B0059J6F1U
B004VFHTL8,B004D99N4S,full,1334.0,0.0,0.9999999403953552,5,B0083V1912
B004VFHTL8,B004D99N4S,shuffled,1828.0,494.0,0.22855053842067719,0,B004ZIJQVM
B004VFHTL8,B004D99N4S,uniform,6173.0,4839.0,0.32497522234916687,0,B003FGW8MO
B000HEC75U,B00BWUD43W,full,2883.0,0.0,1.0000001192092896,5,B003CNVMH2
B000HEC75U,B00BWUD43W,shuffled,527.0,-2356.0,0.492419958114624,2,B000EHL3WS
B000HEC75U,B00BWUD43W,uniform,5836.0,2953.0,0.6639065742492676,0,B0072D7E0C
B0052IW6MU,B00C2RX5QU,full,2.0,0.0,1.0,5,B0071BTE94
B0052IW6MU,B00C2RX5QU,shuffled,3358.0,3356.0,0.33109623193740845,0,B00DB5ERM8
B0052IW6MU,B00C2RX5QU,uniform,2311.0,2309.0,0.12665176391601562,0,B0016D7DRI
B004RL9ZEU,B00593FR24,full,54.0,0.0,1.0000001192092896,5,B0092KSEB6
B004RL9ZEU,B00593FR24,shuffled,2539.0,2485.0,0.11089766770601273,0,B001BWCHLG
B004RL9ZEU,B00593FR24,uniform,1134.0,1080.0,0.39506927132606506,0,B004NIZR44
B0028TS5X0,B00EYYBPSO,full,160.0,0.0,1.0,5,B00DGCXJ0W
B0028TS5X0,B00EYYBPSO,shuffled,3859.0,3699.0,0.24492043256759644,0,B00CLJ18BS
B0028TS5X0,B00EYYBPSO,uniform,345.0,185.0,0.5127469897270203,0,B00BHKFFAW
B001M0MWSK,B005AJNKEE,full,1118.0,0.0,1.0,5,B008LOSIZ6
B001M0MWSK,B005AJNKEE,shuffled,1205.0,87.0,0.18532010912895203,0,B0006SCZRM
B001M0MWSK,B005AJNKEE,uniform,1900.0,782.0,0.5707158446311951,0,B0013W497O
B00C4YRJKO,B00DL7PRD4,full,2791.0,0.0,1.000000238418579,5,B008CP95LA
B00C4YRJKO,B00DL7PRD4,shuffled,3168.0,377.0,0.12815254926681519,0,B005HWTURA
B00C4YRJKO,B00DL7PRD4,uniform,5645.0,2854.0,0.5216754078865051,0,B003WE90FW
B002RADJQS,B002RIPC92,full,46.0,0.0,1.0,5,B00C3TELTM
B002RADJQS,B002RIPC92,shuffled,653.0,607.0,0.15127569437026978,0,B008FPJHVK
B002RADJQS,B002RIPC92,uniform,275.0,229.0,0.48651784658432007,0,B003XCN8K6
B00BXQTGGY,B004UIOL3K,full,9.0,0.0,1.0000001192092896,5,B000EMLDNC
B00BXQTGGY,B004UIOL3K,shuffled,4965.0,4956.0,0.30842918157577515,0,B005B4MD0K
B00BXQTGGY,B004UIOL3K,uniform,43.0,34.0,0.4591912627220154,1,B009ZYNH84
B004M8R9O6,B004M8R9MI,full,1.0,0.0,1.000000238418579,5,B004M8R9MI
B004M8R9O6,B004M8R9MI,shuffled,279.0,278.0,-0.047722890973091125,0,B0062B7VF8
B004M8R9O6,B004M8R9MI,uniform,3.0,2.0,0.8448290824890137,2,B008G0SU26
B004UJ14RU,B00AU4OKW0,full,1708.0,0.0,1.0000001192092896,5,B002YGT08G
B004UJ14RU,B00AU4OKW0,shuffled,71.0,-1637.0,0.2212241291999817,0,B0047PRDTA
B004UJ14RU,B00AU4OKW0,uniform,411.0,-1297.0,0.11473917216062546,0,B00BP47QWK
B005967P9Y,B007QPA6M4,full,2110.0,0.0,1.0,5,B003HM7PT2
B005967P9Y,B007QPA6M4,shuffled,2544.0,434.0,0.06194790080189705,0,B00B6E7IHW
B005967P9Y,B007QPA6M4,uniform,4356.0,2246.0,0.28429368138313293,0,B00470EJY2
B000YHF5K4,B003HLWPOI,full,30.0,0.0,0.9999999403953552,5,9789814259
B000YHF5K4,B003HLWPOI,shuffled,1119.0,1089.0,0.2123827338218689,0,B00637KYVY
B000YHF5K4,B003HLWPOI,uniform,1248.0,1218.0,0.3198544383049011,0,B004WP8E3O
B001713ND2,B004Z1828C,full,5973.0,0.0,1.0,5,B007TM9B70
B001713ND2,B004Z1828C,shuffled,6138.0,165.0,0.4792638123035431,1,B004D8QCN4
B001713ND2,B004Z1828C,uniform,6022.0,49.0,0.5684033036231995,1,B007TM9B70
B001PJ6ZX6,B001PIQSDY,full,1.0,0.0,1.0000001192092896,5,B001PIQSDY
B001PJ6ZX6,B001PIQSDY,shuffled,8.0,7.0,0.29631122946739197,0,B000FVAJZU
B001PJ6ZX6,B001PIQSDY,uniform,4.0,3.0,0.6157099008560181,4,B001PJ0NT8
B003INE18S,B00AZIB77W,full,1.0,0.0,1.0000001192092896,5,B00AZIB77W
B003INE18S,B00AZIB77W,shuffled,4395.0,4394.0,0.1091681495308876,0,B009EQJZJI
B003INE18S,B00AZIB77W,uniform,233.0,232.0,0.36305052042007446,0,B002ONC79I
B005I4MIO4,B004FOCCA8,full,110.0,0.0,0.9999999403953552,5,B00GXFHVYE
B005I4MIO4,B004FOCCA8,shuffled,5103.0,4993.0,0.09829523414373398,0,B008AL3XB4
B005I4MIO4,B004FOCCA8,uniform,2967.0,2857.0,0.4093574583530426,0,B00B18WK3A
B007Y2VXGW,B004A0BU3C,full,72.0,0.0,1.0000001192092896,5,B002M11IU6
B007Y2VXGW,B004A0BU3C,shuffled,452.0,380.0,0.16379088163375854,0,B00C11KTT8
B007Y2VXGW,B004A0BU3C,uniform,265.0,193.0,0.6866284608840942,0,B008BOX7T8
B00CQ3O38Y,B005C91FL2,full,21.0,0.0,1.000000238418579,5,B007VYSBSG
B00CQ3O38Y,B005C91FL2,shuffled,4602.0,4581.0,0.14483310282230377,0,B00AKOIQDE
B00CQ3O38Y,B005C91FL2,uniform,844.0,823.0,0.4934207499027252,0,B0027DZ6O8
B008LWT8L6,B003IWGZQA,full,7.0,0.0,1.000000238418579,5,B00DN6JHNE
B008LWT8L6,B003IWGZQA,shuffled,4029.0,4022.0,-0.15521682798862457,0,B00D0XI5LA
B008LWT8L6,B003IWGZQA,uniform,110.0,103.0,0.49711698293685913,0,B004GEC6G2
B005FSPIQS,B0092KSEB6,full,91.0,0.0,1.0000001192092896,5,B004A0BU3C
B005FSPIQS,B0092KSEB6,shuffled,254.0,163.0,0.25423434376716614,0,B00GMPRIBQ
B005FSPIQS,B0092KSEB6,uniform,840.0,749.0,0.4064517021179199,0,B002DYJC3M
B007CCUJQE,B003YGUW6E,full,188.0,0.0,1.0000001192092896,5,B0098ZHBY6
B007CCUJQE,B003YGUW6E,shuffled,2617.0,2429.0,0.1363355964422226,0,B003ZHH2MY
B007CCUJQE,B003YGUW6E,uniform,4191.0,4003.0,0.4994743764400482,1,B0064POSPI
B005X71DGK,B003VTZ82C,full,3.0,0.0,0.9999998807907104,5,B008JY0X4W
B005X71DGK,B003VTZ82C,shuffled,1270.0,1267.0,0.16061711311340332,0,B005KQ2RAA
B005X71DGK,B003VTZ82C,uniform,317.0,314.0,0.5887677073478699,0,B007IRL1VA
B001J7LLOC,B002IL3QHS,full,33.0,0.0,1.0,5,B00DDM88R4
B001J7LLOC,B002IL3QHS,shuffled,1742.0,1709.0,0.12325843423604965,0,B006YE9WLY
B001J7LLOC,B002IL3QHS,uniform,4057.0,4024.0,0.25415217876434326,0,B00ASK9HGA
B00CJLMHKO,B0032FPQ5E,full,437.0,0.0,1.0,5,B0041I3CNO
B00CJLMHKO,B0032FPQ5E,shuffled,1804.0,1367.0,0.2878389358520508,0,B004KV0604
B00CJLMHKO,B0032FPQ5E,uniform,2417.0,1980.0,0.46998608112335205,1,B00A7DWRC4
B00C2B0ESS,B00EDT0SME,full,25.0,0.0,1.0,5,B007BMSSW2
B00C2B0ESS,B00EDT0SME,shuffled,1816.0,1791.0,0.19097910821437836,0,B004VLW43A
B00C2B0ESS,B00EDT0SME,uniform,131.0,106.0,0.6234414577484131,0,B000JM3A1A
B0036XL2XW,B00GTTLEZQ,full,5.0,0.0,1.0000001192092896,5,B000TPFU2Y
B0036XL2XW,B00GTTLEZQ,shuffled,1244.0,1239.0,0.004485487937927246,0,B004ZIJQVM
B0036XL2XW,B00GTTLEZQ,uniform,4.0,-1.0,0.5990492701530457,1,B001DIQ02K
B000783T2Q,B0002X4OES,full,15.0,0.0,1.0,5,B004W0ZVA8
B000783T2Q,B0002X4OES,shuffled,666.0,651.0,0.26191240549087524,0,B004J8I4VQ
B000783T2Q,B0002X4OES,uniform,117.0,102.0,0.8341959714889526,0,B003R4ZAII
B003TMYVMO,B000KW4LIA,full,328.0,0.0,1.0,5,B00B2ZMJOM
B003TMYVMO,B000KW4LIA,shuffled,5473.0,5145.0,0.04745403677225113,0,B0006GH2C2
B003TMYVMO,B000KW4LIA,uniform,4688.0,4360.0,0.4968952536582947,0,B0085TF6JI
B006ZJUB8G,B001KAFI6U,full,9.0,0.0,0.9999998807907104,5,B00926S118
B006ZJUB8G,B001KAFI6U,shuffled,5633.0,5624.0,0.040406614542007446,0,B001B14H6K
B006ZJUB8G,B001KAFI6U,uniform,2051.0,2042.0,0.12812760472297668,0,B007IGDSTO
B00AREH9TO,B007GQ060K,full,237.0,0.0,1.0,5,B008QV2Z76
B00AREH9TO,B007GQ060K,shuffled,1184.0,947.0,0.23548243939876556,0,B00AFR24ZW
B00AREH9TO,B007GQ060K,uniform,91.0,-146.0,0.6034165024757385,0,B00BS7FFQ8
B000QGPYP4,B008GNPWNI,full,6072.0,0.0,1.0,5,B0077DT5SG
B000QGPYP4,B008GNPWNI,shuffled,2405.0,-3667.0,0.1567055881023407,0,B002RV2BWA
B000QGPYP4,B008GNPWNI,uniform,3545.0,-2527.0,0.19241774082183838,0,B0097PDN1W
B0042RUEJY,B00BXEQ132,full,64.0,0.0,1.0,5,B0085709D8
B0042RUEJY,B00BXEQ132,shuffled,2885.0,2821.0,0.22947238385677338,0,B007BRMYGS
B0042RUEJY,B00BXEQ132,uniform,293.0,229.0,0.1817246973514557,0,B0049IALEE
B005AJ1Q7M,B007E9T5EC,full,2.0,0.0,1.0000001192092896,5,B00BT90QDW
B005AJ1Q7M,B007E9T5EC,shuffled,2556.0,2554.0,0.11825176328420639,0,B00347D72Y
B005AJ1Q7M,B007E9T5EC,uniform,4.0,2.0,0.5298986434936523,2,B002NKM6PM
B001CWN1A6,B001L0ZVIE,full,2.0,0.0,0.9999999403953552,5,B008EF1L5G
B001CWN1A6,B001L0ZVIE,shuffled,1625.0,1623.0,0.08001044392585754,0,B00A8D1CJC
B001CWN1A6,B001L0ZVIE,uniform,175.0,173.0,0.5909699201583862,0,B00GNKJKFC
B00B02JOHM,B00B1OE4T2,full,1688.0,0.0,1.0,5,B002AT6HYM
B00B02JOHM,B00B1OE4T2,shuffled,5069.0,3381.0,0.12002857774496078,0,B00CQ49NLU
B00B02JOHM,B00B1OE4T2,uniform,1450.0,-238.0,0.41100651025772095,0,B001T29B8A
B008QU0HJ0,B008CXZBG0,full,15.0,0.0,1.0000001192092896,5,B00BV2QEV0
B008QU0HJ0,B008CXZBG0,shuffled,5298.0,5283.0,0.2448175698518753,0,B000V6VMZK
B008QU0HJ0,B008CXZBG0,uniform,1582.0,1567.0,0.5581197738647461,0,B0086EK1TM
B008MATL6Y,B001FBEFFY,full,103.0,0.0,1.0000001192092896,5,B0002FHIMQ
B008MATL6Y,B001FBEFFY,shuffled,2291.0,2188.0,0.04813988506793976,0,B007IE40W0
B008MATL6Y,B001FBEFFY,uniform,1311.0,1208.0,0.31602534651756287,0,B002XUMZN0
B00542QOFE,B00347D72Y,full,183.0,0.0,1.000000238418579,5,B004KVK7H6
B00542QOFE,B00347D72Y,shuffled,4533.0,4350.0,0.2361399531364441,0,B005BNN1U2
B00542QOFE,B00347D72Y,uniform,5752.0,5569.0,0.46444371342658997,0,B0064POSPI
B006YOPUME,B00DV0BIE8,full,56.0,0.0,1.0000001192092896,5,B00CN9LEQK
B006YOPUME,B00DV0BIE8,shuffled,2629.0,2573.0,0.2287011742591858,0,B005ZWCUJM
B006YOPUME,B00DV0BIE8,uniform,176.0,120.0,0.7053640484809875,2,B001UFZIJ2
B008P4ZQMU,B00BYIUQXS,full,33.0,0.0,1.0,5,B0007T4JBU
B008P4ZQMU,B00BYIUQXS,shuffled,460.0,427.0,0.04591101408004761,0,B004U7HY8U
B008P4ZQMU,B00BYIUQXS,uniform,750.0,717.0,0.49904730916023254,0,B009ZOJJ9K
B001B14H6K,B00B4A2D6Y,full,33.0,0.0,0.9999998807907104,5,B007JR83CE
B001B14H6K,B00B4A2D6Y,shuffled,102.0,69.0,0.527827262878418,0,B009MMPFOS
B001B14H6K,B00B4A2D6Y,uniform,1332.0,1299.0,0.6284278631210327,0,B005CQAIYK
B005XS00E0,B007XT82VU,full,6.0,0.0,0.9999999403953552,5,B0098GE6OI
B005XS00E0,B007XT82VU,shuffled,524.0,518.0,0.014670468866825104,0,B005967P9Y
B005XS00E0,B007XT82VU,uniform,9.0,3.0,0.6203545928001404,3,B00AEJQ7SQ
B00DEO56HQ,B005518UFQ,full,39.0,0.0,0.9999998211860657,5,B00D0XI5LA
B00DEO56HQ,B005518UFQ,shuffled,363.0,324.0,0.39264482259750366,0,B0051J2X78
B00DEO56HQ,B005518UFQ,uniform,1404.0,1365.0,0.4582771062850952,0,B009XERVHO
B003CMJKGI,B00C518TIM,full,1.0,0.0,1.0,5,B00C518TIM
B003CMJKGI,B00C518TIM,shuffled,126.0,125.0,0.4865421652793884,0,B004P3WE3Y
B003CMJKGI,B00C518TIM,uniform,31.0,30.0,0.7683004140853882,1,B0019QUS92
B008J8MLD4,B0062QVQEK,full,18.0,0.0,0.9999999403953552,5,B004J1MPFE
B008J8MLD4,B0062QVQEK,shuffled,1623.0,1605.0,0.24537944793701172,0,B00DCXXZQ8
B008J8MLD4,B0062QVQEK,uniform,120.0,102.0,0.7273520231246948,0,B002HNSH80
B00AZLZ8UQ,B00008JPSN,full,13.0,0.0,1.000000238418579,5,B009MECX5U
B00AZLZ8UQ,B00008JPSN,shuffled,122.0,109.0,0.1261499524116516,0,B004E4AEJ0
B00AZLZ8UQ,B00008JPSN,uniform,23.0,10.0,0.8810590505599976,2,B0014QR9QM
B007I6HU02,B0089MUPWO,full,55.0,0.0,1.0,5,B004ZC5RL6
B007I6HU02,B0089MUPWO,shuffled,1520.0,1465.0,0.21027055382728577,0,B0002V9WKQ
B007I6HU02,B0089MUPWO,uniform,3903.0,3848.0,0.3929118812084198,0,B00375A938
B004Q8J39Q,B0051VMI3K,full,992.0,0.0,1.0,5,B007JQKD7S
B004Q8J39Q,B0051VMI3K,shuffled,1087.0,95.0,0.10819441080093384,0,B00GTTLEZQ
B004Q8J39Q,B0051VMI3K,uniform,103.0,-889.0,0.45336252450942993,0,B0096UD3FO
B004UIOL3K,B007984YLM,full,105.0,0.0,1.0,5,B009QR8VNQ
B004UIOL3K,B007984YLM,shuffled,1920.0,1815.0,0.2669656276702881,0,B001W2M4PE
B004UIOL3K,B007984YLM,uniform,319.0,214.0,0.7381353378295898,0,B0072D7E0C
B001FBQ8L8,B004GIYGBQ,full,27.0,0.0,1.0000001192092896,5,B007TXSQ6G
B001FBQ8L8,B004GIYGBQ,shuffled,3203.0,3176.0,-0.02057836763560772,0,B00BC41R46
B001FBQ8L8,B004GIYGBQ,uniform,1210.0,1183.0,0.38339030742645264,0,B004L6HJK8
B00AKAD912,B00D6QT5II,full,2.0,0.0,1.0000001192092896,5,B001B14H6K
B00AKAD912,B00D6QT5II,shuffled,2484.0,2482.0,0.19282831251621246,0,B003I86JVK
B00AKAD912,B00D6QT5II,uniform,1191.0,1189.0,0.1798739731311798,0,B003FGW8MO
B00C2WTGEU,B00A7ZSCNU,full,22.0,0.0,1.0,5,B006ID8WAI
B00C2WTGEU,B00A7ZSCNU,shuffled,1040.0,1018.0,0.063544861972332,0,B007G6HH98
B00C2WTGEU,B00A7ZSCNU,uniform,3486.0,3464.0,0.4491526782512665,0,B007K3JLUU
B001G2AEEI,B00ELWDOV0,full,770.0,0.0,1.0000001192092896,5,B007ENRNDI
B001G2AEEI,B00ELWDOV0,shuffled,2814.0,2044.0,0.27029144763946533,0,B00ALRS9OG
B001G2AEEI,B00ELWDOV0,uniform,479.0,-291.0,0.6845207810401917,2,B007ENRNDI
B005F0NY26,B00DSNQSNY,full,132.0,0.0,1.0000001192092896,5,B0099MJ7M2
B005F0NY26,B00DSNQSNY,shuffled,3411.0,3279.0,0.12868419289588928,0,B002ZHUT16
B005F0NY26,B00DSNQSNY,uniform,94.0,-38.0,0.5040402412414551,0,B007JFEUUA
B0077UO9PS,B0077SXLPO,full,34.0,0.0,1.0,5,B000EXUEZ4
B0077UO9PS,B0077SXLPO,shuffled,2196.0,2162.0,0.26349955797195435,0,B000OFIYP4
B0077UO9PS,B0077SXLPO,uniform,79.0,45.0,0.8338172435760498,2,B004UTATIU
B0047ERHJM,B0041EM9NM,full,44.0,0.0,1.0000001192092896,5,B00ASK9HGA
B0047ERHJM,B0041EM9NM,shuffled,82.0,38.0,0.3168190121650696,0,B004W9ELVE
B0047ERHJM,B0041EM9NM,uniform,96.0,52.0,0.6480309367179871,1,B003NZKZQS
B005K7SZGO,B003SSVYXI,full,12.0,0.0,1.0,5,B001SN7QH8
B005K7SZGO,B003SSVYXI,shuffled,3263.0,3251.0,0.39538928866386414,0,B0038N83ZK
B005K7SZGO,B003SSVYXI,uniform,820.0,808.0,0.4646085798740387,0,B00C200FZQ
B005KXL6TQ,B00FJW4OGK,full,337.0,0.0,1.0,5,B00DR2643A
B005KXL6TQ,B00FJW4OGK,shuffled,741.0,404.0,0.4937537610530853,0,B00FAUH5NK
B005KXL6TQ,B00FJW4OGK,uniform,22.0,-315.0,0.34307345747947693,0,B007PY6E40
B007W4YUFI,B00BJHF36O,full,5254.0,0.0,1.0000001192092896,5,B000L3XSBY
B007W4YUFI,B00BJHF36O,shuffled,905.0,-4349.0,0.2419218122959137,0,B00CPOQX1Y
B007W4YUFI,B00BJHF36O,uniform,3720.0,-1534.0,0.1884404718875885,0,B006HSD3AI
B009XDKZ3M,B00CJR3NUQ,full,14.0,0.0,1.0,5,B0062AMFPA
B009XDKZ3M,B00CJR3NUQ,shuffled,615.0,601.0,0.18292121589183807,0,B008Y0WFHE
B009XDKZ3M,B00CJR3NUQ,uniform,27.0,13.0,0.6782416701316833,0,B009EQJZJI
B003YOPRJS,B003R4ZLE6,full,31.0,0.0,1.0,5,B009W84IN6
B003YOPRJS,B003R4ZLE6,shuffled,1252.0,1221.0,0.4656282067298889,0,B003T0G1LU
B003YOPRJS,B003R4ZLE6,uniform,36.0,5.0,0.6062449812889099,1,B0047PRDTA
B009R7SGQW,B00CPOQX1Y,full,5.0,0.0,1.0000001192092896,5,B00CJS9W7S
B009R7SGQW,B00CPOQX1Y,shuffled,189.0,184.0,0.2763609290122986,0,B0067OAL7U
B009R7SGQW,B00CPOQX1Y,uniform,1834.0,1829.0,0.2794947326183319,0,B00AL1LOEE
B0051PMW8W,B003LMVYRW,full,177.0,0.0,1.0000001192092896,5,B00CQLJ1Y2
B0051PMW8W,B003LMVYRW,shuffled,3442.0,3265.0,0.3147663474082947,0,B00CLJ18BS
B0051PMW8W,B003LMVYRW,uniform,2801.0,2624.0,0.04918606951832771,0,B000XCSBU6
B0038OVKR2,B005TDPITQ,full,212.0,0.0,1.0,5,B009DI9CIQ
B0038OVKR2,B005TDPITQ,shuffled,4116.0,3904.0,0.3490028977394104,0,B004L6HHBY
B0038OVKR2,B005TDPITQ,uniform,2453.0,2241.0,0.6382327079772949,1,B0026GVH8A
B00AHEZ29I,B004T5TDKU,full,37.0,0.0,1.0000001192092896,5,B000YICIYE
B00AHEZ29I,B004T5TDKU,shuffled,17.0,-20.0,0.5322971940040588,1,B007LVLZR8
B00AHEZ29I,B004T5TDKU,uniform,44.0,7.0,0.6938564777374268,4,B000YICIYE
B004F9QDFS,B008KAC0E6,full,4.0,0.0,1.0000001192092896,5,B003QCGEVS
B004F9QDFS,B008KAC0E6,shuffled,5955.0,5951.0,-0.11435592174530029,0,B00CNE6EEW
B004F9QDFS,B008KAC0E6,uniform,5456.0,5452.0,0.16401290893554688,0,B007JQKD7S
B0085IFWRA,B003LNPB70,full,262.0,0.0,1.0000001192092896,5,B009SF0J1I
B0085IFWRA,B003LNPB70,shuffled,5712.0,5450.0,-0.0578211173415184,0,B007V9SGZE
B0085IFWRA,B003LNPB70,uniform,5688.0,5426.0,0.3704032003879547,0,B00AKV9M8K
B005XXYY2O,B0015GIECO,full,73.0,0.0,1.0,5,B004W75SW2
B005XXYY2O,B0015GIECO,shuffled,4428.0,4355.0,-0.036405131220817566,0,B009DI9CIQ
B005XXYY2O,B0015GIECO,uniform,1667.0,1594.0,0.13440945744514465,0,B008PE6X8Q
B0038R5UDE,B00325MG16,full,1.0,0.0,1.0,5,B00325MG16
B0038R5UDE,B00325MG16,shuffled,2003.0,2002.0,0.15425732731819153,0,B00C87EJ3M
B0038R5UDE,B00325MG16,uniform,2674.0,2673.0,0.3431490659713745,0,B00ANR1M8Y
B005TG0JTW,B007IDM3B6,full,15.0,0.0,1.0000001192092896,5,B00BPXKESE
B005TG0JTW,B007IDM3B6,shuffled,4745.0,4730.0,0.12152475118637085,0,B00931JHSS
B005TG0JTW,B007IDM3B6,uniform,275.0,260.0,0.49141740798950195,0,B000YICIYE
B000QHEOR2,B00AEJP21E,full,59.0,0.0,1.0,5,B004GTM7I4
B000QHEOR2,B00AEJP21E,shuffled,5000.0,4941.0,0.10474961996078491,0,B0018TCBXG
B000QHEOR2,B00AEJP21E,uniform,877.0,818.0,0.47063547372817993,0,B00AY68FX4
B00AJML1ZM,B0081MAU7M,full,20.0,0.0,1.0000001192092896,5,B00018A9XO
B00AJML1ZM,B0081MAU7M,shuffled,2245.0,2225.0,0.12862809002399445,0,B003TQ05QQ
B00AJML1ZM,B0081MAU7M,uniform,151.0,131.0,0.5568962097167969,1,B00CFZQIUE
B007SO7J46,B0089H17MG,full,100.0,0.0,1.0,5,B0077DT5SG
B007SO7J46,B0089H17MG,shuffled,10.0,-90.0,0.3963596820831299,0,B0064POSPI
B007SO7J46,B0089H17MG,uniform,405.0,305.0,0.6734285354614258,0,B004M3ZH3G
B00BYQDJH0,B006FKPRU2,full,304.0,0.0,1.0,5,B00CR90XDG
B00BYQDJH0,B006FKPRU2,shuffled,141.0,-163.0,-0.01389259286224842,0,B00C9UTWZS
B00BYQDJH0,B006FKPRU2,uniform,130.0,-174.0,0.6094376444816589,0,B004MPQHN8
B00ELPU4J2,B00CJLPB9I,full,4313.0,0.0,1.0,5,B0015GMX80
B00ELPU4J2,B00CJLPB9I,shuffled,5636.0,1323.0,0.3319481313228607,1,B005AD7WZI
B00ELPU4J2,B00CJLPB9I,uniform,5177.0,864.0,0.3759765625,0,B008ZB50KG
B003RW8XFW,B001TPFF0U,full,249.0,0.0,1.0,5,B009XEA5C2
B003RW8XFW,B001TPFF0U,shuffled,5892.0,5643.0,0.1972159594297409,0,B003RW46LW
B003RW8XFW,B001TPFF0U,uniform,842.0,593.0,0.22693821787834167,0,B000XK9KKI
B007907Y6W,B005KQX65U,full,100.0,0.0,1.0000001192092896,5,B00C0CNKTE
B007907Y6W,B005KQX65U,shuffled,1043.0,943.0,0.3058215379714966,0,B009P73OCK
B007907Y6W,B005KQX65U,uniform,3831.0,3731.0,0.482693612575531,1,B00A74AOSM
B0085X1RZQ,B008F39HRQ,full,38.0,0.0,0.9999999403953552,5,B006ZP4OZQ
B0085X1RZQ,B008F39HRQ,shuffled,5713.0,5675.0,0.04324241727590561,0,B00DGXRR8Q
B0085X1RZQ,B008F39HRQ,uniform,264.0,226.0,0.7796869277954102,0,B001DIQ02K
B002WE9S7I,B00D1G6Y2S,full,30.0,0.0,1.0000001192092896,5,B005U70DK0
B002WE9S7I,B00D1G6Y2S,shuffled,2523.0,2493.0,0.19468320906162262,0,B001GW13QG
B002WE9S7I,B00D1G6Y2S,uniform,578.0,548.0,0.62294602394104,0,B00AEJQ4RK
B004D99N4S,B00A0HWUY2,full,38.0,0.0,1.0000001192092896,5,B0014C09VI
B004D99N4S,B00A0HWUY2,shuffled,5086.0,5048.0,0.20039916038513184,0,B003ZKB0O2
B004D99N4S,B00A0HWUY2,uniform,91.0,53.0,0.5003512501716614,0,B00BIQ1XCE
B007IGKR52,B009EOYYNW,full,25.0,0.0,1.0,5,B0068YW1EA
B007IGKR52,B009EOYYNW,shuffled,1347.0,1322.0,0.29124119877815247,0,B00517ABEW
B007IGKR52,B009EOYYNW,uniform,191.0,166.0,0.34138384461402893,0,B005ZCA21K
B005C91IGE,B00AEJPB7O,full,74.0,0.0,0.9999999403953552,5,B009X97PHK
B005C91IGE,B00AEJPB7O,shuffled,2592.0,2518.0,0.19356317818164825,0,B00A64TGV4
B005C91IGE,B00AEJPB7O,uniform,97.0,23.0,0.7728585600852966,2,B0088N39PY
B00EKT8ASG,B002CWNJXY,full,34.0,0.0,1.0,5,B008EIXL38
B00EKT8ASG,B002CWNJXY,shuffled,2600.0,2566.0,0.14110198616981506,0,B004ZITRGQ
B00EKT8ASG,B002CWNJXY,uniform,995.0,961.0,0.22251346707344055,0,B0047QYJOQ
B009XE4MIA,B0068OOI0A,full,704.0,0.0,1.0000001192092896,5,B007KDGECS
B009XE4MIA,B0068OOI0A,shuffled,5426.0,4722.0,0.28700879216194153,0,B0011MPO0M
B009XE4MIA,B0068OOI0A,uniform,2980.0,2276.0,0.28020888566970825,0,B004OOXD6G
B00AKR3VPO,B001C1I46S,full,5.0,0.0,0.9999998807907104,5,B0092UH97G
B00AKR3VPO,B001C1I46S,shuffled,1350.0,1345.0,0.21807822585105896,0,B004V2DJNI
B00AKR3VPO,B001C1I46S,uniform,921.0,916.0,0.4346940815448761,0,B00BR23BMO
B00E3MZ286,B00F8D1UQM,full,393.0,0.0,1.0,5,B0090WZV4E
B00E3MZ286,B00F8D1UQM,shuffled,3107.0,2714.0,0.31748658418655396,0,B00470CH6O
B00E3MZ286,B00F8D1UQM,uniform,1507.0,1114.0,0.778733491897583,1,B00CODF8CQ
B00B7P6FBK,B007K3JLUU,full,170.0,0.0,0.9999999403953552,5,B003R4ZAII
B00B7P6FBK,B007K3JLUU,shuffled,4739.0,4569.0,0.08757063746452332,0,B002E0G86O
B00B7P6FBK,B007K3JLUU,uniform,2404.0,2234.0,0.6514543294906616,0,B004U940JY
B00EDOCC82,B001C4AYBI,full,2.0,0.0,1.0000001192092896,5,B004HZFI9C
B00EDOCC82,B001C4AYBI,shuffled,1708.0,1706.0,0.44378072023391724,0,B0077DT5SG
B00EDOCC82,B001C4AYBI,uniform,170.0,168.0,0.6628955602645874,1,B0089SXGAQ
B00BP4RT2C,B003FGW8MO,full,1.0,0.0,1.000000238418579,5,B003FGW8MO
B00BP4RT2C,B003FGW8MO,shuffled,465.0,464.0,0.06269338726997375,0,B001PIWUZ4
B00BP4RT2C,B003FGW8MO,uniform,930.0,929.0,0.4945697486400604,0,B0091G8YOI
B008K1QJ5G,B00B296GYC,full,150.0,0.0,1.0000001192092896,5,B00GGNHQ4S
B008K1QJ5G,B00B296GYC,shuffled,249.0,99.0,-0.03078174963593483,0,B004GB3XJ4
B008K1QJ5G,B00B296GYC,uniform,90.0,-60.0,0.7800648212432861,0,B0013V4QRI
B007JQL71E,B00CHVAB5E,full,57.0,0.0,1.0,5,B008P07SDE
B007JQL71E,B00CHVAB5E,shuffled,312.0,255.0,0.28751757740974426,0,B00A2WCNW4
B007JQL71E,B00CHVAB5E,uniform,5174.0,5117.0,0.42135438323020935,0,B00378LDVC
B008K1QJ5G,B00B8ACUXQ,full,1010.0,0.0,1.0,5,B0081TJWXI
B008K1QJ5G,B00B8ACUXQ,shuffled,941.0,-69.0,0.7723404169082642,2,B0081TJWXI
B008K1QJ5G,B00B8ACUXQ,uniform,698.0,-312.0,0.49044057726860046,0,B0013V4QRI
B00BSY0YQC,B0085FSWVQ,full,2243.0,0.0,1.0,5,B000PNTVAC
B00BSY0YQC,B0085FSWVQ,shuffled,5649.0,3406.0,0.26481348276138306,0,B000Z7DTWE
B00BSY0YQC,B0085FSWVQ,uniform,4869.0,2626.0,0.36761048436164856,0,B000JM3A1A
B00517ABLA,B00517AX5O,full,25.0,0.0,1.0,5,B006Y5SM2I
B00517ABLA,B00517AX5O,shuffled,4361.0,4336.0,0.004262027330696583,0,B005MGV7MW
B00517ABLA,B00517AX5O,uniform,36.0,11.0,0.6641124486923218,0,B00AEJQ4RK
B008AOZ2B0,B000LUSGD2,full,111.0,0.0,0.9999999403953552,5,B00CGBYK1Q
B008AOZ2B0,B000LUSGD2,shuffled,2489.0,2378.0,0.34195476770401,0,B001LV9ZQM
B008AOZ2B0,B000LUSGD2,uniform,333.0,222.0,0.6823487877845764,1,B00593LZI4
B00ELPU4J2,B00F0DU0HK,full,27.0,0.0,1.0000001192092896,5,B000M12Z28
B00ELPU4J2,B00F0DU0HK,shuffled,5209.0,5182.0,0.121087945997715,0,B00DGCXJ0W
B00ELPU4J2,B00F0DU0HK,uniform,2463.0,2436.0,0.517934262752533,0,B008K644U8
B0065ZE500,B00C4O1JSW,full,19.0,0.0,1.0000001192092896,5,B00BV2Q7NK
B0065ZE500,B00C4O1JSW,shuffled,18.0,-1.0,0.5268426537513733,2,B00AWA4JPA
B0065ZE500,B00C4O1JSW,uniform,140.0,121.0,0.7876235842704773,0,B003SX094I
B00BAXTUN4,B001COZVCU,full,197.0,0.0,1.000000238418579,5,B0081TUBCY
B00BAXTUN4,B001COZVCU,shuffled,1077.0,880.0,0.26927798986434937,0,B003IRY0XA
B00BAXTUN4,B001COZVCU,uniform,1129.0,932.0,0.3984566032886505,0,B0078W27NQ
B004YWBYNW,B006Z8EV4W,full,33.0,0.0,1.0000001192092896,5,B000BZGDDM
B004YWBYNW,B006Z8EV4W,shuffled,739.0,706.0,0.16788628697395325,0,B007ZNLENM
B004YWBYNW,B006Z8EV4W,uniform,63.0,30.0,0.38821062445640564,0,B00C68VOYA
B0012GILRK,B003ZHH21A,full,43.0,0.0,1.0,5,B00CIZI8Y0
B0012GILRK,B003ZHH21A,shuffled,536.0,493.0,0.0621362179517746,0,B0053WWJWC
B0012GILRK,B003ZHH21A,uniform,43.0,0.0,0.4144020974636078,0,B00860NKTO
B00ABU0V4Y,B003RG34W0,full,44.0,0.0,1.000000238418579,5,B008AOZ2B0
B00ABU0V4Y,B003RG34W0,shuffled,5659.0,5615.0,0.4550227224826813,0,B005B4MD0K
B00ABU0V4Y,B003RG34W0,uniform,4561.0,4517.0,0.19809620082378387,0,B00ANR1M8Y
B00BIFZU4C,B004Q3PSU4,full,2.0,0.0,1.0000001192092896,5,B007TXSQ6G
B00BIFZU4C,B004Q3PSU4,shuffled,332.0,330.0,0.3682136535644531,0,B008F9SIZ2
B00BIFZU4C,B004Q3PSU4,uniform,213.0,211.0,0.5196634531021118,0,B00A8S69CC
B00A4LJAG0,B009A3N3T8,full,1053.0,0.0,1.0000001192092896,5,B0080PN3RY
B00A4LJAG0,B009A3N3T8,shuffled,5128.0,4075.0,0.007673325948417187,0,B005FRXAJG
B00A4LJAG0,B009A3N3T8,uniform,2200.0,1147.0,0.08342523872852325,0,B00A4LC2II
B00FCM3K6C,B0067EWIK8,full,45.0,0.0,1.0000001192092896,5,B004OWANWA
B00FCM3K6C,B0067EWIK8,shuffled,5942.0,5897.0,0.13944344222545624,0,B00C2B0ESS
B00FCM3K6C,B0067EWIK8,uniform,1097.0,1052.0,0.3605388104915619,0,B0094JP1PW
B008RMD8M0,B0060EYIU8,full,126.0,0.0,0.9999998211860657,5,B0081ME1GI
B008RMD8M0,B0060EYIU8,shuffled,1607.0,1481.0,0.3398982882499695,2,B00B0R0JZ8
B008RMD8M0,B0060EYIU8,uniform,139.0,13.0,0.37331900000572205,0,B008XGB4RQ
B000V999DY,B002Z8VH7K,full,2722.0,0.0,1.0,5,B00018A9XO
B000V999DY,B002Z8VH7K,shuffled,1676.0,-1046.0,0.2729843258857727,0,B009QR83ZM
B000V999DY,B002Z8VH7K,uniform,3738.0,1016.0,0.6193056106567383,0,B00CYTCOLI
B003OQTWS8,B008N67FVK,full,118.0,0.0,1.000000238418579,5,B005JQ3L4C
B003OQTWS8,B008N67FVK,shuffled,1976.0,1858.0,0.09397704899311066,0,B00BZJ5TRE
B003OQTWS8,B008N67FVK,uniform,1436.0,1318.0,0.5943667888641357,0,B0002FHIWQ
B007P1GLKA,B0035YJVGM,full,10.0,0.0,1.0000001192092896,5,B006RI34ZC
B007P1GLKA,B0035YJVGM,shuffled,1680.0,1670.0,0.2569883465766907,0,B004GGUA9U
B007P1GLKA,B0035YJVGM,uniform,1992.0,1982.0,0.11508020758628845,0,B007XCU2PG
B00FEET2J2,B009UTVW3Q,full,26.0,0.0,1.0,5,B005CZM4XE
B00FEET2J2,B009UTVW3Q,shuffled,3765.0,3739.0,0.16099360585212708,0,B003UKCZBE
B00FEET2J2,B009UTVW3Q,uniform,103.0,77.0,0.6817265748977661,0,B0096UD3FO
B009N29AO8,B002RCLYEK,full,3382.0,0.0,0.9999999403953552,5,B00B4DX3XI
B009N29AO8,B002RCLYEK,shuffled,432.0,-2950.0,0.14243218302726746,0,B003MCOPWW
B009N29AO8,B002RCLYEK,uniform,450.0,-2932.0,0.14965499937534332,0,B00B9BG78I
B008VTKSMM,B0084ANB7C,full,50.0,0.0,1.0,5,B0084YXY9S
B008VTKSMM,B0084ANB7C,shuffled,3770.0,3720.0,-0.019127782434225082,0,B0033AG7DS
B008VTKSMM,B0084ANB7C,uniform,2339.0,2289.0,0.4946497976779938,0,B00AEJQ4RK
B0058YVMDM,B008LWT8L6,full,268.0,0.0,1.0,5,B00B5FTHIK
B0058YVMDM,B008LWT8L6,shuffled,1019.0,751.0,-0.06207762286067009,0,B005N56BXW
B0058YVMDM,B008LWT8L6,uniform,2786.0,2518.0,0.4320797622203827,0,B0072D8DD4
B0081365S4,B007RBBGOE,full,96.0,0.0,0.9999999403953552,5,B0098GE9GI
B0081365S4,B007RBBGOE,shuffled,1369.0,1273.0,0.005436740815639496,0,B00AOLMMLK
B0081365S4,B007RBBGOE,uniform,85.0,-11.0,0.5353586673736572,0,B00AEJQ7SQ
B0050TB14K,B003NUSB6O,full,813.0,0.0,0.9999998211860657,5,B0085X0R6Q
B0050TB14K,B003NUSB6O,shuffled,524.0,-289.0,0.3759913742542267,0,B006Y5SM2I
B0050TB14K,B003NUSB6O,uniform,1792.0,979.0,0.3522880971431732,0,B00BF9E8N0
B0085428H6,B009ZYOM60,full,1562.0,0.0,1.0,5,B00DYU2SJE
B0085428H6,B009ZYOM60,shuffled,6092.0,4530.0,0.0587039478123188,0,B0097ZSOHA
B0085428H6,B009ZYOM60,uniform,1315.0,-247.0,0.46841615438461304,0,B004U28BBY
B004HEX7WI,B0033AG7DS,full,71.0,0.0,1.0,5,B00B2JMDRQ
B004HEX7WI,B0033AG7DS,shuffled,483.0,412.0,0.42101797461509705,0,B00C2O32A2
B004HEX7WI,B0033AG7DS,uniform,4284.0,4213.0,0.3638748824596405,0,B008VTKWCS
B0086F6HIK,B007IL1XJG,full,308.0,0.0,1.0,5,B002GKSLYE
B0086F6HIK,B007IL1XJG,shuffled,1721.0,1413.0,0.4023091793060303,0,B00C6BN2CO
B0086F6HIK,B007IL1XJG,uniform,764.0,456.0,0.519585371017456,0,B007ENRNDI
B007E9SJSU,B007E9WZ12,full,17.0,0.0,1.0000001192092896,5,B005LU3JFC
B007E9SJSU,B007E9WZ12,shuffled,1208.0,1191.0,0.15930096805095673,0,B005VF6TK4
B007E9SJSU,B007E9WZ12,uniform,1287.0,1270.0,0.1818414032459259,0,B004KJEOKO
B003OBAWTG,B001H9FPA8,full,81.0,0.0,1.0000001192092896,5,B003ITZNYS
B003OBAWTG,B001H9FPA8,shuffled,89.0,8.0,0.25587600469589233,0,B001J6Y98I
B003OBAWTG,B001H9FPA8,uniform,29.0,-52.0,0.46125125885009766,0,B005FY2270
B005KQX65U,B0039Q9USU,full,5098.0,0.0,1.000000238418579,5,B00DW88CA2
B005KQX65U,B0039Q9USU,shuffled,4388.0,-710.0,0.45374637842178345,2,B0079085BA
B005KQX65U,B0039Q9USU,uniform,5444.0,346.0,0.7028578519821167,3,B006HZH9MY
B009SNIEGW,B003IRY0XA,full,750.0,0.0,1.0,5,B00EOWIV9M
B009SNIEGW,B003IRY0XA,shuffled,223.0,-527.0,0.501129686832428,0,B00FDTR4I4
B009SNIEGW,B003IRY0XA,uniform,237.0,-513.0,0.01321122981607914,0,B004N1BFR4
B001O883VU,B00BQ31IIS,full,82.0,0.0,1.0000001192092896,5,B009L354J4
B001O883VU,B00BQ31IIS,shuffled,626.0,544.0,0.30249860882759094,0,B003HLWPOI
B001O883VU,B00BQ31IIS,uniform,13.0,-69.0,0.5309832692146301,0,B004TB5VQO
B005F0JPDI,B006BEONRA,full,960.0,0.0,1.0,5,B002EEP43I
B005F0JPDI,B006BEONRA,shuffled,1091.0,131.0,0.23457705974578857,0,B009L354J4
B005F0JPDI,B006BEONRA,uniform,129.0,-831.0,0.13861270248889923,0,B005XIFIRO
B0098ZHBY6,B0093JO492,full,119.0,0.0,1.0000001192092896,5,B002IDD3BU
B0098ZHBY6,B0093JO492,shuffled,4850.0,4731.0,0.2911371886730194,0,B005228AX0
B0098ZHBY6,B0093JO492,uniform,5846.0,5727.0,0.2968868315219879,0,B005ZCA5PI
B002HEWWVW,B008EYOK2S,full,5.0,0.0,1.0000001192092896,5,B004EPXT78
B002HEWWVW,B008EYOK2S,shuffled,128.0,123.0,0.28735655546188354,0,B004HHO2DI
B002HEWWVW,B008EYOK2S,uniform,42.0,37.0,0.49608153104782104,0,B002S0NVEW
B008MWJ5PO,B004ISKVRW,full,38.0,0.0,1.0,5,B0017WRLYI
B008MWJ5PO,B004ISKVRW,shuffled,973.0,935.0,0.2268526405096054,0,B002P666Y6
B008MWJ5PO,B004ISKVRW,uniform,440.0,402.0,0.7203956246376038,1,B0002FHIWQ
B004K2NSGM,B00DQELFQA,full,280.0,0.0,1.0000001192092896,5,B009ZYNH84
B004K2NSGM,B00DQELFQA,shuffled,761.0,481.0,0.3338412940502167,0,B001L97WE6
B004K2NSGM,B00DQELFQA,uniform,89.0,-191.0,0.6402938365936279,0,B004BNNGUS
B000LM7S2K,B0002JUEKU,full,34.0,0.0,1.0,5,B003ITWM56
B000LM7S2K,B0002JUEKU,shuffled,491.0,457.0,0.49734973907470703,0,B000EMROT4
B000LM7S2K,B0002JUEKU,uniform,41.0,7.0,0.8125608563423157,0,B0093NPKO6
B005HJPL0I,B004N86414,full,36.0,0.0,1.0,5,B001IYHL5E
B005HJPL0I,B004N86414,shuffled,4099.0,4063.0,0.05306388810276985,0,B0083J832W
B005HJPL0I,B004N86414,uniform,1306.0,1270.0,0.3977288603782654,0,B006RDR6RE
B0081GBULS,B006VJXGAU,full,195.0,0.0,1.0,5,B00853SE8E
B0081GBULS,B006VJXGAU,shuffled,1604.0,1409.0,0.2672151029109955,0,B00018A9XO
B0081GBULS,B006VJXGAU,uniform,480.0,285.0,0.373655766248703,0,B00509NSFU
B005F0JPDI,B009CLF22E,full,99.0,0.0,1.0,5,B005N55Z7K
B005F0JPDI,B009CLF22E,shuffled,2783.0,2684.0,0.0639801099896431,0,B0081ST50O
B005F0JPDI,B009CLF22E,uniform,529.0,430.0,0.2582988142967224,0,B006UHIT1E
B00BHKFFAW,B004X757OK,full,24.0,0.0,1.0000001192092896,5,B007CM1XC8
B00BHKFFAW,B004X757OK,shuffled,3795.0,3771.0,0.18844588100910187,0,B003ZKB0O2
B00BHKFFAW,B004X757OK,uniform,136.0,112.0,0.5452134609222412,0,B00FZ57788
B00AQAZA68,B00BFA1TMC,full,179.0,0.0,1.0,5,B006L2ZOXO
B00AQAZA68,B00BFA1TMC,shuffled,5348.0,5169.0,0.20087479054927826,0,B008LCMP4S
B00AQAZA68,B00BFA1TMC,uniform,493.0,314.0,0.6140106916427612,1,B00AY9NRSO
B0095BJB1Y,B005G4XMFK,full,59.0,0.0,1.0,5,B00B31W2TC
B0095BJB1Y,B005G4XMFK,shuffled,2088.0,2029.0,0.2645415663719177,0,B009B6ONF2
B0095BJB1Y,B005G4XMFK,uniform,346.0,287.0,0.5768761038780212,2,B00B31W2TC
B00C9T2MEW,B004DNXK0M,full,4.0,0.0,0.9999998807907104,5,B002S0NVEW
B00C9T2MEW,B004DNXK0M,shuffled,959.0,955.0,0.09097880870103836,0,B00FN9J26Q
B00C9T2MEW,B004DNXK0M,uniform,16.0,12.0,0.459705650806427,0,B00CIR1RA0
B001B2LL2W,B001KLJJNM,full,5.0,0.0,1.0,5,B0009MDF9W
B001B2LL2W,B001KLJJNM,shuffled,516.0,511.0,0.33867257833480835,0,B005ZAROU4
B001B2LL2W,B001KLJJNM,uniform,19.0,14.0,0.7069214582443237,0,B004U28BBY
B00C6A28O8,B000F5IDAY,full,140.0,0.0,1.0,5,B007T4JJ5W
B00C6A28O8,B000F5IDAY,shuffled,594.0,454.0,0.03445430099964142,0,B00BN6S8W2
B00C6A28O8,B000F5IDAY,uniform,79.0,-61.0,0.8523356914520264,2,B007T4JJ5W
B004OKFF7K,B004P9806S,full,1208.0,0.0,1.0,5,B004N8SX1I
B004OKFF7K,B004P9806S,shuffled,5940.0,4732.0,0.4326346814632416,3,B009ZGPRMQ
B004OKFF7K,B004P9806S,uniform,3141.0,1933.0,0.797629714012146,3,B000EXUEZ4
B00CBDH8EA,B005IYVEQC,full,503.0,0.0,0.9999998211860657,5,B008P07SDE
B00CBDH8EA,B005IYVEQC,shuffled,834.0,331.0,0.49500715732574463,1,B0032FPQ86
B00CBDH8EA,B005IYVEQC,uniform,3369.0,2866.0,0.7252574563026428,3,B0091G8YOI
B00018AA74,B008T3X5CA,full,9.0,0.0,0.9999999403953552,5,B005CZM4XE
B00018AA74,B008T3X5CA,shuffled,3596.0,3587.0,0.18386627733707428,0,B00BZJ5TRE
B00018AA74,B008T3X5CA,uniform,2167.0,2158.0,0.43015944957733154,0,B002HNSH80
B00BSJZ7HS,B0080WWFFS,full,3.0,0.0,1.0000001192092896,5,B000VTIGTC
B00BSJZ7HS,B0080WWFFS,shuffled,3719.0,3716.0,0.08150400966405869,0,B001MX8V8C
B00BSJZ7HS,B0080WWFFS,uniform,14.0,11.0,0.6815194487571716,1,B00BJJJTD0
B0002I5T5G,B003RZVXA6,full,2131.0,0.0,1.0,5,B000OTT8N2
B0002I5T5G,B003RZVXA6,shuffled,1969.0,-162.0,0.2567400336265564,0,B001W2M4PE
B0002I5T5G,B003RZVXA6,uniform,5470.0,3339.0,0.5981323719024658,0,B009ZGPRMQ
B00B0R0JZ8,B0088OX7ZA,full,1066.0,0.0,1.0,5,B009ZYNH84
B00B0R0JZ8,B0088OX7ZA,shuffled,5333.0,4267.0,0.5733981728553772,0,B000OFIYP4
B00B0R0JZ8,B0088OX7ZA,uniform,5550.0,4484.0,0.7290292978286743,0,B004BNNGUS
B00DVMMVTW,B00BI6CNVY,full,90.0,0.0,0.9999999403953552,5,B0091VAKBI
B00DVMMVTW,B00BI6CNVY,shuffled,1282.0,1192.0,0.16661110520362854,0,B000H84DIA
B00DVMMVTW,B00BI6CNVY,uniform,2126.0,2036.0,0.4541374444961548,0,B00DX716W8
B0007QCPPK,B001JDPUNO,full,1.0,0.0,0.9999999403953552,5,B001JDPUNO
B0007QCPPK,B001JDPUNO,shuffled,2369.0,2368.0,0.46741291880607605,0,B0092UH97G
B0007QCPPK,B001JDPUNO,uniform,125.0,124.0,0.6659295558929443,1,B0076OAOL8
B00A78V6NU,B00DRKJ8TY,full,17.0,0.0,1.000000238418579,5,B007IGJC1M
B00A78V6NU,B00DRKJ8TY,shuffled,1214.0,1197.0,0.25560978055000305,0,B00BAWW596
B00A78V6NU,B00DRKJ8TY,uniform,197.0,180.0,0.4955001771450043,0,B008GY5K5C
B0032FPQ86,B002Y2BX4O,full,972.0,0.0,1.0,5,B000NZW3JI
B0032FPQ86,B002Y2BX4O,shuffled,236.0,-736.0,0.25716766715049744,0,B00BJJJ6YM
B0032FPQ86,B002Y2BX4O,uniform,136.0,-836.0,0.2849743068218231,0,B00BJJJ6YM
B009ZOJX3W,B005HEV4YK,full,69.0,0.0,1.0,5,B00DG934QE
B009ZOJX3W,B005HEV4YK,shuffled,1045.0,976.0,0.09675883501768112,0,B0037LPUV8
B009ZOJX3W,B005HEV4YK,uniform,5862.0,5793.0,0.2941869795322418,0,B00BHIZILK
B005518UFQ,B002WE9S7I,full,338.0,0.0,1.0000001192092896,5,B003QAKA2Y
B005518UFQ,B002WE9S7I,shuffled,3837.0,3499.0,0.00048722419887781143,0,B007N6NGS2
B005518UFQ,B002WE9S7I,uniform,5576.0,5238.0,0.5667663812637329,1,B00BP47QWK
B007TRPF5W,B0055NSFRM,full,146.0,0.0,1.0000001192092896,5,B00BEDXZAY
B007TRPF5W,B0055NSFRM,shuffled,3555.0,3409.0,0.3491304814815521,0,B00ARFOX60
B007TRPF5W,B0055NSFRM,uniform,2476.0,2330.0,0.40657034516334534,0,B003FGW8MO
B0037KMEPO,B00345ZL8O,full,1541.0,0.0,1.0,5,B00B1OE4T2
B0037KMEPO,B00345ZL8O,shuffled,1065.0,-476.0,0.4865931272506714,0,B006ID8WAI
B0037KMEPO,B00345ZL8O,uniform,2453.0,912.0,0.3271713852882385,0,B0033AG7DS
B00DQDA9HC,B0053DP72A,full,1564.0,0.0,1.0000001192092896,5,B005LIXPPI
B00DQDA9HC,B0053DP72A,shuffled,1193.0,-371.0,0.11715318262577057,0,B00BMR73SC
B00DQDA9HC,B0053DP72A,uniform,6250.0,4686.0,0.42771047353744507,0,B005XIGOL8
B0085VJ4Y4,B00A3XSIFS,full,139.0,0.0,0.9999999403953552,5,B00DAMLQKS
B0085VJ4Y4,B00A3XSIFS,shuffled,1067.0,928.0,0.1454709768295288,0,B008E0N29E
B0085VJ4Y4,B00A3XSIFS,uniform,2749.0,2610.0,0.31409960985183716,0,B00GSXZD0K
B0052U6EBC,B0096EHVTO,full,814.0,0.0,1.0,5,B005FH3B6S
B0052U6EBC,B0096EHVTO,shuffled,2874.0,2060.0,0.38027307391166687,0,B009ZHNKGA
B0052U6EBC,B0096EHVTO,uniform,6209.0,5395.0,0.5356627106666565,1,B004B6NXIK
B0052YY01E,B000F71EC6,full,21.0,0.0,1.0,5,B006Y2I7H6
B0052YY01E,B000F71EC6,shuffled,114.0,93.0,0.6181660890579224,0,B00DB5ERM8
B0052YY01E,B000F71EC6,uniform,533.0,512.0,0.6283659338951111,1,B006Y2I7H6
B005IYMNY4,B00B1SXGIS,full,17.0,0.0,1.0,5,B004RDZ39E
B005IYMNY4,B00B1SXGIS,shuffled,3244.0,3227.0,0.3934212625026703,0,B004O95B0W
B005IYMNY4,B00B1SXGIS,uniform,977.0,960.0,0.7272467613220215,0,B005IZUOOE
B008YCX5DK,B0068DJYAA,full,123.0,0.0,1.0000001192092896,5,B00A8D13CI
B008YCX5DK,B0068DJYAA,shuffled,2155.0,2032.0,0.09705790877342224,0,B00B1SXGIS
B008YCX5DK,B0068DJYAA,uniform,205.0,82.0,0.6851658821105957,2,B009XF2830
B005GFHSI6,B00AJODAOA,full,47.0,0.0,1.0000001192092896,5,B009UTVW3Q
B005GFHSI6,B00AJODAOA,shuffled,1280.0,1233.0,0.2605918049812317,0,B00ECY8GWO
B005GFHSI6,B00AJODAOA,uniform,5029.0,4982.0,0.2821045517921448,0,B002HNSH80
B004VSEBNY,B00842GUDM,full,83.0,0.0,1.0000001192092896,5,B00A758348
B004VSEBNY,B00842GUDM,shuffled,5813.0,5730.0,0.09823311865329742,0,B004ZIJQVM
B004VSEBNY,B00842GUDM,uniform,5471.0,5388.0,0.30879005789756775,0,B00AZ8J3CS
B0081ME1GI,B006TG7D2M,full,320.0,0.0,1.0000001192092896,5,B0037LPUV8
B0081ME1GI,B006TG7D2M,shuffled,105.0,-215.0,0.372320294380188,0,B00468PEQC
B0081ME1GI,B006TG7D2M,uniform,2838.0,2518.0,0.7802573442459106,0,B00916YLW2
B008YCX5DK,B0062UBOOS,full,4151.0,0.0,1.0,5,B00DBB2DRI
B008YCX5DK,B0062UBOOS,shuffled,3960.0,-191.0,0.40770235657691956,0,B000TMDSOY
B008YCX5DK,B0062UBOOS,uniform,5079.0,928.0,0.3126434087753296,0,B0002NZ0J6
B000BPUVQC,B0091RIIRA,full,61.0,0.0,1.0000001192092896,5,B006405WPI
B000BPUVQC,B0091RIIRA,shuffled,211.0,150.0,0.3908297121524811,0,B006RI31XW
B000BPUVQC,B0091RIIRA,uniform,70.0,9.0,0.23041504621505737,0,B000BQ0A4E
B003JY6WY2,B0076F7NF2,full,155.0,0.0,1.000000238418579,5,B003ICY3OQ
B003JY6WY2,B0076F7NF2,shuffled,338.0,183.0,0.32486215233802795,0,B0046ICFPU
B003JY6WY2,B0076F7NF2,uniform,150.0,-5.0,0.4236508011817932,0,B006Y2I7H6
B007ENCGTY,B008AL4EXK,full,3990.0,0.0,0.9999999403953552,5,B009OMU5V4
B007ENCGTY,B008AL4EXK,shuffled,4199.0,209.0,0.045425835996866226,0,B001761XAM
B007ENCGTY,B008AL4EXK,uniform,4394.0,404.0,0.7726984620094299,1,B00B31W2TC
B006RI34ZC,B004LOHEEQ,full,6.0,0.0,1.0000001192092896,5,B00699EPO8
B006RI34ZC,B004LOHEEQ,shuffled,3616.0,3610.0,0.11341813951730728,0,B00CLWETHU
B006RI34ZC,B004LOHEEQ,uniform,326.0,320.0,0.7115016579627991,0,B000JM3A1A
B0067F9J1I,B000LQU2XS,full,1374.0,0.0,1.0000001192092896,5,B003AKZH5K
B0067F9J1I,B000LQU2XS,shuffled,5470.0,4096.0,0.14772571623325348,0,B005OCBIX2
B0067F9J1I,B000LQU2XS,uniform,6054.0,4680.0,0.41087818145751953,0,B008OUBLWO
B005CQAIYK,B001B14HE2,full,150.0,0.0,1.000000238418579,5,B000BZGDDM
B005CQAIYK,B001B14HE2,shuffled,4514.0,4364.0,-0.006231527775526047,0,B00A7DWRC4
B005CQAIYK,B001B14HE2,uniform,475.0,325.0,0.3498334288597107,0,B004YVPPLA
B008MAIJBM,B008Y7GGGI,full,1882.0,0.0,1.0000001192092896,5,B00354MXJY
B008MAIJBM,B008Y7GGGI,shuffled,382.0,-1500.0,0.2920842170715332,0,B005B4MD0K
B008MAIJBM,B008Y7GGGI,uniform,180.0,-1702.0,0.185718834400177,0,B004U940JY
B0045EY35K,B00AES8W30,full,20.0,0.0,1.0,5,B004JKDNB0
B0045EY35K,B00AES8W30,shuffled,2289.0,2269.0,0.325712114572525,0,B004I7EJJO
B0045EY35K,B00AES8W30,uniform,5.0,-15.0,0.6908456683158875,2,B006WQVP3C
B00A0KOAUG,B00318DGJA,full,321.0,0.0,1.0,5,B00BW9IQBS
B00A0KOAUG,B00318DGJA,shuffled,1317.0,996.0,0.3604971766471863,0,B007L57Y6A
B00A0KOAUG,B00318DGJA,uniform,153.0,-168.0,0.6972849369049072,0,B0072DA77O
B0094IWPZM,B00866FLXQ,full,586.0,0.0,1.0000001192092896,5,B004OP2J56
B0094IWPZM,B00866FLXQ,shuffled,1450.0,864.0,0.47544407844543457,0,B002TUTMCG
B0094IWPZM,B00866FLXQ,uniform,6323.0,5737.0,0.22131942212581635,0,B0050TBC4Y
B002YE8R28,B00DE4GBUM,full,57.0,0.0,1.0000001192092896,5,B00CH50VBY
B002YE8R28,B00DE4GBUM,shuffled,4074.0,4017.0,0.31678882241249084,0,B003HLWPOI
B002YE8R28,B00DE4GBUM,uniform,2404.0,2347.0,0.16768451035022736,0,B0043521FA
B00AB9E3FI,B00BXMUFWC,full,4576.0,0.0,1.0000001192092896,5,B00AA0UOBK
B00AB9E3FI,B00BXMUFWC,shuffled,3860.0,-716.0,0.3050936460494995,0,B009UWZ8H4
B00AB9E3FI,B00BXMUFWC,uniform,4797.0,221.0,0.5324580669403076,0,B005P7DL7W
B007YHY634,B005IA9VO8,full,175.0,0.0,1.0,5,B00AEYXOX2
B007YHY634,B005IA9VO8,shuffled,5454.0,5279.0,0.3389986455440521,0,B00B2DSDG2
B007YHY634,B005IA9VO8,uniform,1064.0,889.0,0.5911123752593994,1,B0062N3JZW
B007TW76EU,B000LZO27G,full,66.0,0.0,1.0000001192092896,5,B0009X7URY
B007TW76EU,B000LZO27G,shuffled,987.0,921.0,0.23781520128250122,0,B00CRZ1D66
B007TW76EU,B000LZO27G,uniform,17.0,-49.0,0.6817054748535156,1,B005CZM4XE
B008BT8HRU,B0087KO9TS,full,22.0,0.0,1.0000001192092896,5,B005B4MD0K
B008BT8HRU,B0087KO9TS,shuffled,1829.0,1807.0,0.19970431923866272,0,B00CLJ18BS
B008BT8HRU,B0087KO9TS,uniform,3488.0,3466.0,0.4304454028606415,0,B009XE4MIA
B003YUBTBM,B0032HJXKG,full,176.0,0.0,1.0000001192092896,5,B004JQOLKG
B003YUBTBM,B0032HJXKG,shuffled,4539.0,4363.0,-0.025811702013015747,0,B00FXJ5QMA
B003YUBTBM,B0032HJXKG,uniform,2919.0,2743.0,0.5001512765884399,0,B005B65G5C
B004W75SW2,B004885WYY,full,36.0,0.0,1.0,5,B005FSOBZW
B004W75SW2,B004885WYY,shuffled,3512.0,3476.0,0.302554726600647,0,B00DSOHOBI
B004W75SW2,B004885WYY,uniform,5501.0,5465.0,0.1087096780538559,0,B003XZ4HPI
B00CJLPB9I,B00DD1J4S2,full,9.0,0.0,1.0,5,B00AYJNE3M
B00CJLPB9I,B00DD1J4S2,shuffled,1947.0,1938.0,0.0891248807311058,0,B00EW46JWS
B00CJLPB9I,B00DD1J4S2,uniform,1619.0,1610.0,0.45613154768943787,0,B005C91IGE
B00ER9PWY4,B004QMA13O,full,361.0,0.0,0.9999999403953552,5,B004I3YHUY
B00ER9PWY4,B004QMA13O,shuffled,3080.0,2719.0,0.34436270594596863,0,B000WK5FXK
B00ER9PWY4,B004QMA13O,uniform,2813.0,2452.0,0.31567060947418213,0,B006PKHQTM
B00BPETZV0,B001KQ3YDS,full,121.0,0.0,1.0,5,B000LVSFX2
B00BPETZV0,B001KQ3YDS,shuffled,125.0,4.0,0.4946795403957367,0,B00GMPRIBQ
B00BPETZV0,B001KQ3YDS,uniform,16.0,-105.0,0.36378157138824463,0,B0094JP1PW
B0038N83ZK,B009QR94S2,full,616.0,0.0,0.9999998807907104,5,B000WK5FXK
B0038N83ZK,B009QR94S2,shuffled,146.0,-470.0,0.7446609735488892,1,B00CLXRI90
B0038N83ZK,B009QR94S2,uniform,1674.0,1058.0,0.8221486210823059,1,B000WK5FXK
B00BARYBBG,B004L627X2,full,207.0,0.0,1.0000001192092896,5,B00B2JMDRQ
B00BARYBBG,B004L627X2,shuffled,2771.0,2564.0,0.19765087962150574,0,B005FH3B6S
B00BARYBBG,B004L627X2,uniform,4704.0,4497.0,0.21353504061698914,0,B00CEGUJZE
B005LLE270,B005KN171I,full,4885.0,0.0,1.0,5,B001C4AJ4K
B005LLE270,B005KN171I,shuffled,5268.0,383.0,0.2955937385559082,0,B004ORJLJQ
B005LLE270,B005KN171I,uniform,5000.0,115.0,0.3303925395011902,0,B00A6X1ZHS
B007JQKWGU,B00G96C2NC,full,1.0,0.0,1.0000001192092896,5,B00G96C2NC
B007JQKWGU,B00G96C2NC,shuffled,3630.0,3629.0,0.03652597963809967,0,B005LBXRWQ
B007JQKWGU,B00G96C2NC,uniform,3884.0,3883.0,0.23152096569538116,0,B00B1P3ANC
B00CXV9H26,B001CP1LLY,full,1.0,0.0,1.0000001192092896,5,B001CP1LLY
B00CXV9H26,B001CP1LLY,shuffled,662.0,661.0,0.3608054518699646,0,B004RDZ39E
B00CXV9H26,B001CP1LLY,uniform,469.0,468.0,0.358936071395874,0,B001S2HKS4
B002UQJENQ,B004KPD8FA,full,86.0,0.0,1.0000001192092896,5,B002TSURL8
B002UQJENQ,B004KPD8FA,shuffled,6152.0,6066.0,0.1054326519370079,0,B001CP1LLY
B002UQJENQ,B004KPD8FA,uniform,2707.0,2621.0,0.7105090022087097,1,B00AU868R6
B004SFV0ZC,B005GQEYVO,full,64.0,0.0,1.0,5,B006HT3WBC
B004SFV0ZC,B005GQEYVO,shuffled,4438.0,4374.0,0.16195303201675415,0,B00BCX3WRC
B004SFV0ZC,B005GQEYVO,uniform,1770.0,1706.0,0.29689890146255493,0,B003FGW8MO
B000NZW3JI,B004UR1R2Y,full,14.0,0.0,1.0,5,B007KFQVGK
B000NZW3JI,B004UR1R2Y,shuffled,865.0,851.0,0.3914937674999237,0,B007AQJ2RO
B000NZW3JI,B004UR1R2Y,uniform,4472.0,4458.0,0.434581995010376,0,B005C91IGE
B00AKYDNFA,B007CCUJQE,full,372.0,0.0,1.0000001192092896,5,B009EXKQEY
B00AKYDNFA,B007CCUJQE,shuffled,4531.0,4159.0,0.2805482745170593,0,B00DYA9R5M
B00AKYDNFA,B007CCUJQE,uniform,4438.0,4066.0,0.17671965062618256,0,B005FY2270
B0093HZCAE,B00COXVGXQ,full,514.0,0.0,1.000000238418579,5,B008AL3XB4
B0093HZCAE,B00COXVGXQ,shuffled,4658.0,4144.0,0.3245287239551544,0,B001682VCU
B0093HZCAE,B00COXVGXQ,uniform,2667.0,2153.0,0.6131014227867126,0,B008DO6OFK
B00018A8ZI,B004LTJ0VG,full,624.0,0.0,1.0,5,B002CJLUOW
B00018A8ZI,B004LTJ0VG,shuffled,5186.0,4562.0,0.2088695466518402,0,B00A6ZEW5S
B00018A8ZI,B004LTJ0VG,uniform,892.0,268.0,0.7103575468063354,1,B002CJLUOW
B000WS6I56,B00COKA2CA,full,156.0,0.0,1.0000001192092896,5,B00AJML1ZM
B000WS6I56,B00COKA2CA,shuffled,2678.0,2522.0,0.3244000971317291,0,B000YTJWTW
B000WS6I56,B00COKA2CA,uniform,4023.0,3867.0,0.6166110038757324,0,B000WK5FXK
B00BQ9SMYU,B00F5XVN9Y,full,5.0,0.0,1.0000001192092896,5,B0098GE6OI
B00BQ9SMYU,B00F5XVN9Y,shuffled,211.0,206.0,0.3375333249568939,0,B005B4MD0K
B00BQ9SMYU,B00F5XVN9Y,uniform,3.0,-2.0,0.6771039366722107,2,B0098GE6OI
B004VPW5Y4,B006QS2JEK,full,11.0,0.0,1.0000001192092896,5,B006Y5SM2I
B004VPW5Y4,B006QS2JEK,shuffled,280.0,269.0,0.31023716926574707,0,B0051D3GF2
B004VPW5Y4,B006QS2JEK,uniform,114.0,103.0,0.695729672908783,0,B005ZCA5PI
B001CFA16A,B00B1I1H5M,full,1413.0,0.0,1.0,5,B001F23NH4
B001CFA16A,B00B1I1H5M,shuffled,3065.0,1652.0,0.44313058257102966,0,B00BJ9HE2S
B001CFA16A,B00B1I1H5M,uniform,1885.0,472.0,0.6052679419517517,0,B002HNSH80
B002AH1PSC,B002SQQ7L0,full,4.0,0.0,1.0000001192092896,5,B007SYAVNC
B002AH1PSC,B002SQQ7L0,shuffled,358.0,354.0,0.5621416568756104,0,B00DG934QE
B002AH1PSC,B002SQQ7L0,uniform,1633.0,1629.0,0.5001811385154724,0,B005JQ2GP2
B00BWZI9M8,B00A77H928,full,67.0,0.0,1.0000001192092896,5,B00BGJ4OQA
B00BWZI9M8,B00A77H928,shuffled,3549.0,3482.0,0.26461261510849,1,B005T3AHQU
B00BWZI9M8,B00A77H928,uniform,1537.0,1470.0,0.528637707233429,0,B0085BE34A
B004B7PMVK,B001BZX2VM,full,10.0,0.0,1.0000001192092896,5,B00EFZ786K
B004B7PMVK,B001BZX2VM,shuffled,144.0,134.0,0.48287150263786316,0,B00112FYQG
B004B7PMVK,B001BZX2VM,uniform,38.0,28.0,0.8563674092292786,0,B00112FYQG
B000CAZVI4,B0058KMS5W,full,103.0,0.0,1.0,5,B005TF2WUM
B000CAZVI4,B0058KMS5W,shuffled,2350.0,2247.0,0.20578977465629578,0,B001T29B8A
B000CAZVI4,B0058KMS5W,uniform,683.0,580.0,0.5415114760398865,1,B0045QJ2LS
B003CTM0JA,B008QUAX0S,full,29.0,0.0,1.0000001192092896,5,B001C1I46S
B003CTM0JA,B008QUAX0S,shuffled,170.0,141.0,0.6494017839431763,2,B00BIQQFMC
B003CTM0JA,B008QUAX0S,uniform,4855.0,4826.0,0.3807656764984131,0,B007MI4PIG
B008BSWH22,B00A2NMCV0,full,52.0,0.0,1.0,5,B0054I421G
B008BSWH22,B00A2NMCV0,shuffled,299.0,247.0,0.2561706304550171,0,B005TF2WUM
B008BSWH22,B00A2NMCV0,uniform,7.0,-45.0,0.6111867427825928,0,B009Y6OC78
B005MKSBAE,B00ECGT5BI,full,784.0,0.0,1.0000001192092896,5,B0084UUHB0
B005MKSBAE,B00ECGT5BI,shuffled,5300.0,4516.0,0.0432916022837162,0,B006VTJ618
B005MKSBAE,B00ECGT5BI,uniform,3780.0,2996.0,0.09293074905872345,0,B00916YLW2
B005VF6TK4,B008VRQ42C,full,995.0,0.0,1.0000001192092896,5,B0096HRRMM
B005VF6TK4,B008VRQ42C,shuffled,3462.0,2467.0,0.07121001929044724,0,B0085FSWVQ
B005VF6TK4,B008VRQ42C,uniform,1294.0,299.0,0.20243805646896362,0,B003XZ4HPI
B009XPC5GA,B001MI1HMY,full,348.0,0.0,1.0000001192092896,5,B0098ZHIGW
B009XPC5GA,B001MI1HMY,shuffled,3190.0,2842.0,0.17322373390197754,0,B009B6ONF2
B009XPC5GA,B001MI1HMY,uniform,882.0,534.0,0.3478562831878662,0,B006VG21A4
B008BZANP8,B004XJ5L0I,full,79.0,0.0,1.0,5,B005KNQ4J8
B008BZANP8,B004XJ5L0I,shuffled,244.0,165.0,0.34646642208099365,0,B00BYIUQXS
B008BZANP8,B004XJ5L0I,uniform,1193.0,1114.0,0.7415857911109924,3,B004TEMXTY
B003UPUYIA,B00B4X5XLI,full,2.0,0.0,1.0000001192092896,5,B00DEKLOYO
B003UPUYIA,B00B4X5XLI,shuffled,840.0,838.0,0.21831181645393372,0,B009X97PHK
B003UPUYIA,B00B4X5XLI,uniform,48.0,46.0,0.795028805732727,0,B008FQQHSA
B003TWOPKW,B00AZWLNV8,full,12.0,0.0,1.0,5,B009L0QFEK
B003TWOPKW,B00AZWLNV8,shuffled,5353.0,5341.0,0.16726675629615784,0,B0006BAR8I
B003TWOPKW,B00AZWLNV8,uniform,1923.0,1911.0,0.549436092376709,0,B0098GE6OI
B004PEMI7U,B005XI83X0,full,129.0,0.0,1.0,5,B00B3PNS5K
B004PEMI7U,B005XI83X0,shuffled,3428.0,3299.0,0.34208059310913086,0,B00C87EJ3M
B004PEMI7U,B005XI83X0,uniform,4282.0,4153.0,0.13784106075763702,0,B000EOWT92
B000EGBBTE,B001JTDJZY,full,448.0,0.0,1.0,5,B0045AZ2O0
B000EGBBTE,B001JTDJZY,shuffled,290.0,-158.0,0.11485680937767029,0,B00AZIB77W
B000EGBBTE,B001JTDJZY,uniform,491.0,43.0,0.7778488397598267,0,B0096UD3FO
B000CS0UGY,B009KQ2S5U,full,97.0,0.0,1.0000001192092896,5,B004CK8Y5W
B000CS0UGY,B009KQ2S5U,shuffled,1453.0,1356.0,0.15615436434745789,0,B008CFZWEE
B000CS0UGY,B009KQ2S5U,uniform,825.0,728.0,0.535963237285614,0,B00DBFAZB0
B005HIQ9KA,B004O3ZBXU,full,2.0,0.0,1.0000001192092896,5,B005OCG61Q
B005HIQ9KA,B004O3ZBXU,shuffled,42.0,40.0,0.5665465593338013,1,B005KN1S9Y
B005HIQ9KA,B004O3ZBXU,uniform,850.0,848.0,0.39264339208602905,1,B003NZKZQS
B008KGWOHS,B004UG6Q0S,full,3.0,0.0,1.0000001192092896,5,B00C7T6J4I
B008KGWOHS,B004UG6Q0S,shuffled,242.0,239.0,0.16851338744163513,0,B00553SDEW
B008KGWOHS,B004UG6Q0S,uniform,75.0,72.0,0.45240187644958496,0,B00CJH9RRE
B000EOZGWE,B00BJ94VEC,full,22.0,0.0,1.0000001192092896,5,B00BT0JKAQ
B000EOZGWE,B00BJ94VEC,shuffled,1430.0,1408.0,0.28571024537086487,0,B008S0KPT0
B000EOZGWE,B00BJ94VEC,uniform,576.0,554.0,0.45160606503486633,0,B000EOWT92
B003M6FD4C,B002KDYT70,full,53.0,0.0,1.0000001192092896,5,B001W2M4PE
B003M6FD4C,B002KDYT70,shuffled,29.0,-24.0,0.7762810587882996,2,B0014C09VI
B003M6FD4C,B002KDYT70,uniform,665.0,612.0,0.5338652729988098,0,B001ELCD7M
B00G3ZMAJU,B00DT5P9N6,full,14.0,0.0,1.0,5,B0099MO51U
B00G3ZMAJU,B00DT5P9N6,shuffled,1553.0,1539.0,0.05251314118504524,0,B00706XMX4
B00G3ZMAJU,B00DT5P9N6,uniform,3334.0,3320.0,0.47461366653442383,0,B004FN2OYI
B00DS3DXJQ,B00AOJHO56,full,3.0,0.0,1.0000001192092896,5,B007908AME
B00DS3DXJQ,B00AOJHO56,shuffled,833.0,830.0,0.2547636926174164,0,B003TYLO3G
B00DS3DXJQ,B00AOJHO56,uniform,8.0,5.0,0.7442572712898254,4,B007908AME
B003IWBTOS,B008EF1L5G,full,10.0,0.0,1.0000001192092896,5,B00A9PLAEG
B003IWBTOS,B008EF1L5G,shuffled,6082.0,6072.0,-0.05617190897464752,0,B00E5OOLKM
B003IWBTOS,B008EF1L5G,uniform,3852.0,3842.0,0.3443284034729004,0,B009ZGPRMQ
B004TMGDME,B004D8QCN4,full,646.0,0.0,1.0000001192092896,5,B00BGDDY76
B004TMGDME,B004D8QCN4,shuffled,614.0,-32.0,0.043844446539878845,0,B005JQ2IFK
B004TMGDME,B004D8QCN4,uniform,6044.0,5398.0,0.4061746597290039,0,B0084UXV86
B0032HJXKG,B008473Q20,full,111.0,0.0,1.0,5,B00A2NMCV0
B0032HJXKG,B008473Q20,shuffled,490.0,379.0,0.5829194784164429,3,B002CMLPNA
B0032HJXKG,B008473Q20,uniform,2293.0,2182.0,0.7016957998275757,0,B004GIZYTE
B005GN4ATS,B0096HP0L2,full,1748.0,0.0,1.0,5,B00EM2ITEG
B005GN4ATS,B0096HP0L2,shuffled,673.0,-1075.0,0.6249723434448242,1,B000VZOJG0
B005GN4ATS,B0096HP0L2,uniform,1865.0,117.0,0.6542763710021973,3,B008K644U8
B009DLYLS4,B007IDFV9M,full,3.0,0.0,1.0000001192092896,5,B002PDJJ0M
B009DLYLS4,B007IDFV9M,shuffled,1781.0,1778.0,0.20666491985321045,0,B009L4ZBNM
B009DLYLS4,B007IDFV9M,uniform,101.0,98.0,0.7731190919876099,0,B00B7Q8HK6
B007X22KSI,B003OQV4HA,full,23.0,0.0,1.0,5,B001KAFI6U
B007X22KSI,B003OQV4HA,shuffled,155.0,132.0,0.2591589689254761,0,B004FN2OYI
B007X22KSI,B003OQV4HA,uniform,1529.0,1506.0,0.03145783394575119,0,B00CL4JIWO
B00B1FCGFU,B0071LPNY4,full,60.0,0.0,1.0000001192092896,5,B00BSJHY2E
B00B1FCGFU,B0071LPNY4,shuffled,1509.0,1449.0,0.23115228116512299,0,B000YDCP06
B00B1FCGFU,B0071LPNY4,uniform,313.0,253.0,0.6473615169525146,0,B0072D7E0C
B00B4X5XLI,B00CC02P5O,full,567.0,0.0,0.9999999403953552,5,B006XD31RC
B00B4X5XLI,B00CC02P5O,shuffled,1816.0,1249.0,0.11218149960041046,0,B009QR8LS6
B00B4X5XLI,B00CC02P5O,uniform,387.0,-180.0,0.5180118083953857,0,B005CF5ZV2
B003NUSB6O,B002U4LDZK,full,1308.0,0.0,1.0,5,B00974VG2G
B003NUSB6O,B002U4LDZK,shuffled,3917.0,2609.0,0.11258233338594437,0,B006CS7RIC
B003NUSB6O,B002U4LDZK,uniform,1145.0,-163.0,0.6858501434326172,1,B000KLV1CA
B00EASVUOI,B0086EZ6WY,full,1.0,0.0,1.0000001192092896,5,B0086EZ6WY
B00EASVUOI,B0086EZ6WY,shuffled,1561.0,1560.0,0.27710214257240295,0,B003OQV4HA
B00EASVUOI,B0086EZ6WY,uniform,11.0,10.0,0.6596227884292603,1,B000G3RESC
B006GJTLSG,B005MWDFGC,full,225.0,0.0,1.0,5,B004VZIML4
B006GJTLSG,B005MWDFGC,shuffled,4069.0,3844.0,0.1005573496222496,0,B004W0ZVA8
B006GJTLSG,B005MWDFGC,uniform,653.0,428.0,0.5519691109657288,0,B009SF0J1I
B005ZAROU4,B00CTP399S,full,14.0,0.0,1.0000001192092896,5,B007F85LVI
B005ZAROU4,B00CTP399S,shuffled,1712.0,1698.0,0.19889917969703674,0,B007EJQR1Q
B005ZAROU4,B00CTP399S,uniform,70.0,56.0,0.5728068351745605,1,B00470EJY2
B002HNSH80,B006G2Z1W8,full,3201.0,0.0,1.000000238418579,5,B005GW1I2Q
B002HNSH80,B006G2Z1W8,shuffled,5963.0,2762.0,0.4445973038673401,0,B00ABBX8FW
B002HNSH80,B006G2Z1W8,uniform,5315.0,2114.0,0.7036487460136414,1,B005GW1I2Q
B005JFAIQ2,B006HSCPUW,full,8.0,0.0,1.0,5,B00E9K6MUO
B005JFAIQ2,B006HSCPUW,shuffled,3329.0,3321.0,0.14506158232688904,0,B002UPYORS
B005JFAIQ2,B006HSCPUW,uniform,2378.0,2370.0,0.11791722476482391,0,B00817551I
B003QC9E24,B003QCESSE,full,272.0,0.0,1.0,5,B003IT740Y
B003QC9E24,B003QCESSE,shuffled,948.0,676.0,0.16484606266021729,0,B001W2M4PE
B003QC9E24,B003QCESSE,uniform,419.0,147.0,0.25597840547561646,0,B001TYLKNM
B0085O4Q7Q,B005XK8LOE,full,33.0,0.0,1.0000001192092896,5,B009RQPIQ4
B0085O4Q7Q,B005XK8LOE,shuffled,280.0,247.0,0.24024426937103271,0,B00CN9LEQK
B0085O4Q7Q,B005XK8LOE,uniform,782.0,749.0,0.4685992896556854,0,B000WLVLDW
B006IZI2H4,B0047WT8AK,full,562.0,0.0,1.0,5,B00BYINGXK
B006IZI2H4,B0047WT8AK,shuffled,2863.0,2301.0,0.49198466539382935,0,B0046JZMOK
B006IZI2H4,B0047WT8AK,uniform,60.0,-502.0,0.5728949904441833,0,B008YEKTO6
B0072Y3CWK,B00A2FC4ZW,full,1478.0,0.0,1.0000001192092896,5,B005CKEC1G
B0072Y3CWK,B00A2FC4ZW,shuffled,257.0,-1221.0,0.46704405546188354,0,B006YC3EYC
B0072Y3CWK,B00A2FC4ZW,uniform,234.0,-1244.0,0.5046411752700806,0,B002HNSH80
B002HNSH80,B005GW1I2Q,full,1.0,0.0,1.0000001192092896,5,B005GW1I2Q
B002HNSH80,B005GW1I2Q,shuffled,23.0,22.0,0.46577316522598267,0,B0047BMQRI
B002HNSH80,B005GW1I2Q,uniform,1.0,0.0,0.6905898451805115,1,B005GW1I2Q
B007CBS7OG,B0064EIM7E,full,527.0,0.0,1.0000001192092896,5,B003SK9GCC
B007CBS7OG,B0064EIM7E,shuffled,6317.0,5790.0,-0.09490318596363068,0,B003VRUFSQ
B007CBS7OG,B0064EIM7E,uniform,2843.0,2316.0,0.2836702764034271,0,B0026GXEZY
B009G0S8CM,B00A2HPEZ2,full,464.0,0.0,1.000000238418579,5,B0031U0W72
B009G0S8CM,B00A2HPEZ2,shuffled,3010.0,2546.0,0.36569100618362427,0,B00AY0K6N2
B009G0S8CM,B00A2HPEZ2,uniform,515.0,51.0,0.46933192014694214,0,B007I6HU02
B00CCDB4WG,B006HZH9MY,full,5035.0,0.0,1.0000001192092896,5,B001AN3MOC
B00CCDB4WG,B006HZH9MY,shuffled,1442.0,-3593.0,0.19475072622299194,0,B001S2PP5E
B00CCDB4WG,B006HZH9MY,uniform,3425.0,-1610.0,0.3633247911930084,0,B005HWTURA
B002Y7ABEC,B0079K1R2E,full,2325.0,0.0,1.0,5,B00DOL44JK
B002Y7ABEC,B0079K1R2E,shuffled,3133.0,808.0,0.2992843687534332,0,B001UHMZHI
B002Y7ABEC,B0079K1R2E,uniform,2092.0,-233.0,0.5078031420707703,0,B004EIBYHW
B006IJVUYW,B00BRB2H8O,full,159.0,0.0,1.0000001192092896,5,B006ONQTF2
B006IJVUYW,B00BRB2H8O,shuffled,1126.0,967.0,0.5032446384429932,0,B00BXL2922
B006IJVUYW,B00BRB2H8O,uniform,2294.0,2135.0,0.3959541916847229,0,B007JFEUUA
B00A4LJAG0,B001WSRW6Y,full,53.0,0.0,1.0,5,B004A97HSA
B00A4LJAG0,B001WSRW6Y,shuffled,2599.0,2546.0,0.4012698531150818,0,B0047BMQRI
B00A4LJAG0,B001WSRW6Y,uniform,576.0,523.0,0.44301098585128784,0,B00BJXK3FO
B0071BYF0M,B009SOQ788,full,5078.0,0.0,1.0000001192092896,5,B005KMKM38
B0071BYF0M,B009SOQ788,shuffled,4939.0,-139.0,0.5771190524101257,1,B00DLBISG8
B0071BYF0M,B009SOQ788,uniform,5941.0,863.0,0.711759090423584,1,B004UTATIU
B00B71EDRC,B00BRGFCJK,full,14.0,0.0,1.0,5,B005CKEC1G
B00B71EDRC,B00BRGFCJK,shuffled,487.0,473.0,0.3058129847049713,0,B002U4LDZK
B00B71EDRC,B00BRGFCJK,uniform,1294.0,1280.0,0.4680579900741577,0,B00CVBP9TI
B007XX6790,B00FZRK0YE,full,453.0,0.0,1.0000001192092896,5,B001T29B8A
B007XX6790,B00FZRK0YE,shuffled,1850.0,1397.0,0.41318097710609436,0,B00AAXIHXO
B007XX6790,B00FZRK0YE,uniform,4511.0,4058.0,0.7587024569511414,1,B0095X7ENO
B005VM84X2,B004YO7ZNS,full,37.0,0.0,1.0,5,B004MPQ8X2
B005VM84X2,B004YO7ZNS,shuffled,3815.0,3778.0,0.11089133471250534,0,B0084DEKW4
B005VM84X2,B004YO7ZNS,uniform,1389.0,1352.0,0.5674042701721191,0,B003U9V4OO
B009QR9DT2,B003AOCZS8,full,2242.0,0.0,1.0,5,B00926S118
B009QR9DT2,B003AOCZS8,shuffled,907.0,-1335.0,0.4130154848098755,0,B0058SD5IS
B009QR9DT2,B003AOCZS8,uniform,249.0,-1993.0,0.45759743452072144,0,B00AVMPTQM
B00DQDA9HC,B0044B0ZCE,full,16.0,0.0,1.0,5,B009VI0H7S
B00DQDA9HC,B0044B0ZCE,shuffled,954.0,938.0,0.3274739682674408,0,B00AMD5I7U
B00DQDA9HC,B0044B0ZCE,uniform,12.0,-4.0,0.5316861867904663,0,B005XIGOL8
B008RJTPT8,B007JR86O4,full,19.0,0.0,1.0,5,B006KZXJ66
B008RJTPT8,B007JR86O4,shuffled,2711.0,2692.0,-0.05719262734055519,0,B00E3Z2XFS
B008RJTPT8,B007JR86O4,uniform,1486.0,1467.0,0.32627972960472107,0,B008VRA3AG
B008H7I2L2,B008H7ND9I,full,11.0,0.0,1.0000001192092896,5,B005PGGSQ4
B008H7I2L2,B008H7ND9I,shuffled,440.0,429.0,0.16378149390220642,0,B00BFLIM6M
B008H7I2L2,B008H7ND9I,uniform,11.0,0.0,0.7743825912475586,4,B005TX2N6M
B004L627X2,B00BF9Z6HC,full,25.0,0.0,1.0,5,B0085HBELO
B004L627X2,B00BF9Z6HC,shuffled,4968.0,4943.0,0.12917175889015198,0,B0033AG7DS
B004L627X2,B00BF9Z6HC,uniform,3026.0,3001.0,0.5339418053627014,0,B0053VMJDM
B008EJ0MMU,B001MQBBQS,full,27.0,0.0,1.000000238418579,5,B000R4LN32
B008EJ0MMU,B001MQBBQS,shuffled,377.0,350.0,0.26306623220443726,0,B004JGGAPU
B008EJ0MMU,B001MQBBQS,uniform,111.0,84.0,0.40163901448249817,0,B003H7RKB0
B000JILAW0,B000JIPI5U,full,17.0,0.0,1.000000238418579,5,B00DEKLOYO
B000JILAW0,B000JIPI5U,shuffled,45.0,28.0,0.21761703491210938,0,B005Q09LSG
B000JILAW0,B000JIPI5U,uniform,18.0,1.0,0.6245651245117188,0,B008FQQHSA
B0087J58OE,B004UR1QJS,full,161.0,0.0,1.0,5,B00EEKGR8Q
B0087J58OE,B004UR1QJS,shuffled,4671.0,4510.0,0.14613357186317444,0,B004DJ0A0Y
B0087J58OE,B004UR1QJS,uniform,96.0,-65.0,0.7258075475692749,1,B00EEKGR8Q
B00BU12D0I,B005LA7TKI,full,34.0,0.0,0.9999999403953552,5,B004LGT230
B00BU12D0I,B005LA7TKI,shuffled,498.0,464.0,0.029729314148426056,0,B0051D0X2Q
B00BU12D0I,B005LA7TKI,uniform,74.0,40.0,0.5306770205497742,0,B007IRL1VA
B001CFA16A,B001XWTNGQ,full,5.0,0.0,1.0,5,B004L0KZOQ
B001CFA16A,B001XWTNGQ,shuffled,165.0,160.0,0.10588309913873672,0,B005TDPITQ
B001CFA16A,B001XWTNGQ,uniform,115.0,110.0,0.5078932046890259,0,B002HNSH80
B00AELH2JM,B00AF3Y0HQ,full,1048.0,0.0,1.0,5,B00066ZKS0
B00AELH2JM,B00AF3Y0HQ,shuffled,371.0,-677.0,0.433550089597702,0,B004G09IXK
B00AELH2JM,B00AF3Y0HQ,uniform,3758.0,2710.0,0.5481456518173218,0,B0017WRLYI
B000LUIBH8,B007RJG5BU,full,704.0,0.0,1.0000001192092896,5,B0026GQET2
B000LUIBH8,B007RJG5BU,shuffled,5894.0,5190.0,0.103973887860775,0,B005AD7WZI
B000LUIBH8,B007RJG5BU,uniform,1459.0,755.0,0.5303426384925842,0,B004U28BBY
B00DVX894M,B009LM1ZJS,full,1102.0,0.0,1.0,5,B004I7KQY6
B00DVX894M,B009LM1ZJS,shuffled,4320.0,3218.0,0.3009098172187805,0,B0081ST50O
B00DVX894M,B009LM1ZJS,uniform,482.0,-620.0,0.6137916445732117,0,B001MX8V8C
B004GBM6N8,B00CMBWV0W,full,233.0,0.0,1.0000001192092896,5,B00BJ9HE2S
B004GBM6N8,B00CMBWV0W,shuffled,4964.0,4731.0,0.2987341284751892,0,B004VLW43A
B004GBM6N8,B00CMBWV0W,uniform,1318.0,1085.0,0.29164358973503113,0,B004JHM9E0
B0048KZ3FU,B001DIKL4I,full,5089.0,0.0,1.0,5,B000VX6TAG
B0048KZ3FU,B001DIKL4I,shuffled,5897.0,808.0,0.11920589953660965,0,B00BJ9HE2S
B0048KZ3FU,B001DIKL4I,uniform,4425.0,-664.0,0.562554121017456,1,B00A2URGOG
B0087J58OE,B00580L0YC,full,3578.0,0.0,1.0000001192092896,5,B00BFTSNAY
B0087J58OE,B00580L0YC,shuffled,3721.0,143.0,0.22437754273414612,0,B004I7KQY6
B0087J58OE,B00580L0YC,uniform,6149.0,2571.0,0.28641173243522644,0,B0094JP1PW
B00AK46JK6,B00C1EMHHW,full,1.0,0.0,1.0000001192092896,5,B00C1EMHHW
B00AK46JK6,B00C1EMHHW,shuffled,3198.0,3197.0,0.1360815018415451,0,B0077DT5SG
B00AK46JK6,B00C1EMHHW,uniform,464.0,463.0,0.40305599570274353,0,B00E1QPNKQ
B0064R5VW0,B003UV4YRQ,full,63.0,0.0,1.0000001192092896,5,B000NZW3JI
B0064R5VW0,B003UV4YRQ,shuffled,1941.0,1878.0,0.42204394936561584,0,B00CIAX7WS
B0064R5VW0,B003UV4YRQ,uniform,1017.0,954.0,0.46127980947494507,0,B008P8A022
B00C4RULCE,B0064IPSMC,full,6.0,0.0,1.0000001192092896,5,B005F0NY26
B00C4RULCE,B0064IPSMC,shuffled,292.0,286.0,0.10614583641290665,0,B007TXNXA0
B00C4RULCE,B0064IPSMC,uniform,109.0,103.0,0.532623291015625,0,B004UJ14FM
B0095VZ8JI,B008MHFJIQ,full,2724.0,0.0,1.000000238418579,5,B00CLXRI90
B0095VZ8JI,B008MHFJIQ,shuffled,1608.0,-1116.0,0.40134936571121216,0,B009QR94S2
B0095VZ8JI,B008MHFJIQ,uniform,5025.0,2301.0,0.6463130712509155,0,B009ZGPRMQ
B000EJM6X6,B009VZWHYW,full,1724.0,0.0,1.0,5,B0012FRM2G
B000EJM6X6,B009VZWHYW,shuffled,3201.0,1477.0,0.21823589503765106,0,B00BLR73XI
B000EJM6X6,B009VZWHYW,uniform,2835.0,1111.0,0.5130318403244019,0,B003C7NPA0
B001FO5LAY,B006GBQMT0,full,3394.0,0.0,1.0000001192092896,5,B006FULMTC
B001FO5LAY,B006GBQMT0,shuffled,621.0,-2773.0,0.13878226280212402,0,B001CMIN4K
B001FO5LAY,B006GBQMT0,uniform,4119.0,725.0,0.6507976651191711,0,B007AEUC98
B001U9DJ0I,B007OWVLFK,full,18.0,0.0,1.0000001192092896,5,B00B27IIPE
B001U9DJ0I,B007OWVLFK,shuffled,1089.0,1071.0,0.3132791221141815,0,B001U8K7UO
B001U9DJ0I,B007OWVLFK,uniform,670.0,652.0,0.5791002511978149,1,B00B0F8R4A
B003TW4UT8,B0020IQZ04,full,194.0,0.0,0.9999999403953552,5,B006VE8GR8
B003TW4UT8,B0020IQZ04,shuffled,3515.0,3321.0,0.2631896436214447,0,B0032FPQ86
B003TW4UT8,B0020IQZ04,uniform,1452.0,1258.0,0.0634431466460228,0,B007P28IKK
B003FSSOA2,B0040Z0XYO,full,50.0,0.0,1.000000238418579,5,B00G3ZMAJU
B003FSSOA2,B0040Z0XYO,shuffled,5567.0,5517.0,0.19777892529964447,0,B008RMD5HS
B003FSSOA2,B0040Z0XYO,uniform,75.0,25.0,0.4733542799949646,0,B007R1OJ7A
B00AZWLNV8,B0098YLOJK,full,132.0,0.0,1.0,5,B00AOLMMLK
B00AZWLNV8,B0098YLOJK,shuffled,2208.0,2076.0,0.08404973894357681,0,B004MYFR3K
B00AZWLNV8,B0098YLOJK,uniform,336.0,204.0,0.6971891522407532,0,B006TXXE46
B001TB6OR2,B000VX05IS,full,3726.0,0.0,1.0000001192092896,5,B0046IFV6K
B001TB6OR2,B000VX05IS,shuffled,1777.0,-1949.0,0.15817508101463318,0,B000N4U0LC
B001TB6OR2,B000VX05IS,uniform,4157.0,431.0,0.31917694211006165,0,B00BCXLU30
B0078KLOH8,B0063MJBZE,full,1847.0,0.0,1.000000238418579,5,B007GFLYF2
B0078KLOH8,B0063MJBZE,shuffled,2249.0,402.0,0.4416467845439911,0,B00C9GENNS
B0078KLOH8,B0063MJBZE,uniform,109.0,-1738.0,0.2851649820804596,0,B008B10SOS
B00E9KI4K0,B00DOL44JK,full,135.0,0.0,1.0000001192092896,5,B0081V2U6C
B00E9KI4K0,B00DOL44JK,shuffled,4002.0,3867.0,0.13948304951190948,0,B00A9J9VRA
B00E9KI4K0,B00DOL44JK,uniform,257.0,122.0,0.38302475214004517,0,B002PDJJ0M
B002BOUBHK,B00AHTLYVI,full,28.0,0.0,1.0,5,B00563EGWE
B002BOUBHK,B00AHTLYVI,shuffled,5485.0,5457.0,0.14961840212345123,0,B004IWHEAU
B002BOUBHK,B00AHTLYVI,uniform,33.0,5.0,0.5435439944267273,0,B008351BMA
B0079085BA,B00CO5FLLW,full,31.0,0.0,1.0000001192092896,5,B00DW88CA2
B0079085BA,B00CO5FLLW,shuffled,2071.0,2040.0,0.5600838661193848,0,B00AFJOZMK
B0079085BA,B00CO5FLLW,uniform,217.0,186.0,0.5804456472396851,2,B006HZH9MY
B000783TCQ,B009M023QI,full,25.0,0.0,1.0,5,B0038MNN7E
B000783TCQ,B009M023QI,shuffled,1769.0,1744.0,0.0892476812005043,0,B0051IRDJC
B000783TCQ,B009M023QI,uniform,193.0,168.0,0.49731844663619995,0,B004R1GAMK
B00CC2O4PQ,B000V3MZNG,full,33.0,0.0,1.000000238418579,5,B002WM7FEI
B00CC2O4PQ,B000V3MZNG,shuffled,167.0,134.0,0.3627845048904419,0,B0046R0BDE
B00CC2O4PQ,B000V3MZNG,uniform,30.0,-3.0,0.7027074694633484,1,B002WM7FEI
B00BSXLX9U,B00D2KGGOE,full,76.0,0.0,1.0,5,B00B2NNXBM
B00BSXLX9U,B00D2KGGOE,shuffled,506.0,430.0,0.16746115684509277,0,B005KS080Y
B00BSXLX9U,B00D2KGGOE,uniform,3277.0,3201.0,0.5152992606163025,0,B0042P6BVG
B008CP95LA,B002TUTMCG,full,41.0,0.0,1.0000001192092896,5,B009SF0J1I
B008CP95LA,B002TUTMCG,shuffled,824.0,783.0,0.22696992754936218,0,B005LA7WZK
B008CP95LA,B002TUTMCG,uniform,140.0,99.0,0.6939821243286133,0,B008UAI8II
B007IJZ2KO,B0077DM1JQ,full,40.0,0.0,1.0000001192092896,5,B009IH5M86
B007IJZ2KO,B0077DM1JQ,shuffled,37.0,-3.0,0.5588430166244507,0,B009R8P6QO
B007IJZ2KO,B0077DM1JQ,uniform,102.0,62.0,0.3130444288253784,0,B00BHKFFAW
B007JWZZIO,B000CAZVI4,full,49.0,0.0,1.0,5,B0086EK1TM
B007JWZZIO,B000CAZVI4,shuffled,2097.0,2048.0,0.3014385998249054,0,B009IH5M86
B007JWZZIO,B000CAZVI4,uniform,1629.0,1580.0,0.5373339653015137,0,B008EF1L5G
B00AOJHO56,245600258X,full,44.0,0.0,1.0000001192092896,5,B004P8CIT4
B00AOJHO56,245600258X,shuffled,1970.0,1926.0,0.17422045767307281,0,B007K1GB46
B00AOJHO56,245600258X,uniform,25.0,-19.0,0.5208971500396729,0,B004XQF8FE
B0024FAZ4A,B00BCXLU30,full,1394.0,0.0,1.0000001192092896,5,B000NZW3JI
B0024FAZ4A,B00BCXLU30,shuffled,2598.0,1204.0,0.1020747497677803,0,B00BT90QDW
B0024FAZ4A,B00BCXLU30,uniform,163.0,-1231.0,0.5400257706642151,0,B008UAI8II
B000PW38Y8,B0096A37SW,full,51.0,0.0,1.000000238418579,5,B0079085BA
B000PW38Y8,B0096A37SW,shuffled,3650.0,3599.0,0.26267969608306885,0,B000WK5FXK
B000PW38Y8,B0096A37SW,uniform,1977.0,1926.0,0.32953783869743347,0,B008T479JO
B00AREPLXK,B006VE8GR8,full,16.0,0.0,0.9999998807907104,5,B0081K48FY
B00AREPLXK,B006VE8GR8,shuffled,24.0,8.0,0.10730943828821182,0,B00C0CNKTE
B00AREPLXK,B006VE8GR8,uniform,24.0,8.0,0.5178136825561523,1,B00A3OSBJ0
B000LQVB9W,B004O95B0W,full,1610.0,0.0,1.0,5,B008EYOK2S
B000LQVB9W,B004O95B0W,shuffled,3613.0,2003.0,0.06963241845369339,0,B00C9GENNS
B000LQVB9W,B004O95B0W,uniform,1084.0,-526.0,0.4733700156211853,0,B005N56BXW
B0085428H6,B00BCXNBA0,full,81.0,0.0,1.0000001192092896,5,B008F5K2DC
B0085428H6,B00BCXNBA0,shuffled,1919.0,1838.0,0.09061247855424881,0,B002E0G86O
B0085428H6,B00BCXNBA0,uniform,3897.0,3816.0,0.2685396671295166,0,B00ATFE2V4
B009MB8Q7C,B000VIMKXG,full,9.0,0.0,1.0,5,B001283N58
B009MB8Q7C,B000VIMKXG,shuffled,98.0,89.0,0.16945825517177582,0,B0068DJYAA
B009MB8Q7C,B000VIMKXG,uniform,110.0,101.0,0.7287473082542419,0,B007T4JJ5W
B0042AOT8S,B002612YSW,full,38.0,0.0,1.0000001192092896,5,B00BMR73SC
B0042AOT8S,B002612YSW,shuffled,1975.0,1937.0,0.33434176445007324,0,B00CUNFYO2
B0042AOT8S,B002612YSW,uniform,1091.0,1053.0,0.577940821647644,0,B00BFTS1DI
B00AWA4RF2,B00C61GXEI,full,2.0,0.0,1.000000238418579,5,B00AWA4JPA
B00AWA4RF2,B00C61GXEI,shuffled,151.0,149.0,0.4420696794986725,0,B005AD7WZI
B00AWA4RF2,B00C61GXEI,uniform,1923.0,1921.0,0.4453432559967041,0,B006N1KCB2
B004M488W2,B001AYANYI,full,4375.0,0.0,0.9999998807907104,5,B00CLXRI90
B004M488W2,B001AYANYI,shuffled,5041.0,666.0,0.33560910820961,0,B00CT5A57W
B004M488W2,B001AYANYI,uniform,498.0,-3877.0,0.5715567469596863,0,B004BNNGUS
B0015N1DYI,B005Y5C7PC,full,7.0,0.0,1.0,5,B00699EPO8
B0015N1DYI,B005Y5C7PC,shuffled,6051.0,6044.0,0.04782283306121826,0,B000TMDSOY
B0015N1DYI,B005Y5C7PC,uniform,1014.0,1007.0,0.39189064502716064,0,B005XIFIRO
B000UZCE2M,B00BYQH3D6,full,778.0,0.0,1.0000001192092896,5,B00FN9J26Q
B000UZCE2M,B00BYQH3D6,shuffled,5483.0,4705.0,0.09392111748456955,0,B000BTBC9S
B000UZCE2M,B00BYQH3D6,uniform,5655.0,4877.0,0.5079283118247986,0,B00A2USHQW
B0046JZMOK,B00EBH4ALI,full,84.0,0.0,1.0,5,B00CC0TY1W
B0046JZMOK,B00EBH4ALI,shuffled,2219.0,2135.0,0.09701837599277496,0,B007P88LU6
B0046JZMOK,B00EBH4ALI,uniform,84.0,0.0,0.5630357265472412,0,B00517ABEW
B007X6BEF4,B004AQ5O0Q,full,551.0,0.0,1.0,5,B003SHLOH0
B007X6BEF4,B004AQ5O0Q,shuffled,2316.0,1765.0,0.12841583788394928,0,B0092U1Q5W
B007X6BEF4,B004AQ5O0Q,uniform,2271.0,1720.0,0.5538120269775391,1,B005HFBLQA
B005JQ2IFK,B0002FHIWQ,full,2.0,0.0,1.0,5,B008EF1L5G
B005JQ2IFK,B0002FHIWQ,shuffled,2923.0,2921.0,0.1276645064353943,0,B008P77U8K
B005JQ2IFK,B0002FHIWQ,uniform,14.0,12.0,0.665511965751648,0,B007U6TYUY
B00383INJQ,B0037OJRTQ,full,159.0,0.0,0.9999999403953552,5,B00B7PLEUM
B00383INJQ,B0037OJRTQ,shuffled,1653.0,1494.0,0.12129988521337509,0,B002E0G86O
B00383INJQ,B0037OJRTQ,uniform,760.0,601.0,0.4593812823295593,0,B009ZGPRMQ
B00BGLZK2K,B00639ED32,full,375.0,0.0,0.9999998807907104,5,B005DVRUNQ
B00BGLZK2K,B00639ED32,shuffled,5797.0,5422.0,0.1855815351009369,0,B002TA4K8M
B00BGLZK2K,B00639ED32,uniform,4039.0,3664.0,0.12566152215003967,0,B007JQKD7S
B004YO8QCC,B00426DRYO,full,37.0,0.0,1.0000001192092896,5,B003Y74AOI
B004YO8QCC,B00426DRYO,shuffled,5256.0,5219.0,0.02131727710366249,0,B0078KLOH8
B004YO8QCC,B00426DRYO,uniform,3617.0,3580.0,0.21461647748947144,0,B004Y6XML0
B000JIPI5U,B002N8P7MI,full,1.0,0.0,1.000000238418579,5,B002N8P7MI
B000JIPI5U,B002N8P7MI,shuffled,732.0,731.0,0.21697109937667847,0,B0059002HW
B000JIPI5U,B002N8P7MI,uniform,14.0,13.0,0.5027868747711182,0,B00BHIZILK
B00CGSITX4,B008J83O62,full,23.0,0.0,1.0,5,B008FX8P8S
B00CGSITX4,B008J83O62,shuffled,307.0,284.0,0.10851594060659409,0,B000V5DSCG
B00CGSITX4,B008J83O62,uniform,474.0,451.0,0.20888575911521912,0,B000G3RESC
B0036SQCKK,B003ZHH2MY,full,49.0,0.0,1.000000238418579,5,B006HT3WBC
B0036SQCKK,B003ZHH2MY,shuffled,137.0,88.0,0.11022807657718658,0,B00B4DX3XI
B0036SQCKK,B003ZHH2MY,uniform,56.0,7.0,0.6140452027320862,0,B001UFVNI2
B00GOGK2SO,B0051VNAJG,full,326.0,0.0,1.0000001192092896,5,B003BQTQPA
B00GOGK2SO,B0051VNAJG,shuffled,1005.0,679.0,0.3709595799446106,1,B0077RS0VU
B00GOGK2SO,B0051VNAJG,uniform,2355.0,2029.0,0.6107171773910522,0,B004LYG40Q
B007T4JJ5W,B008GS195S,full,38.0,0.0,1.0,5,B004V93LYI
B007T4JJ5W,B008GS195S,shuffled,65.0,27.0,0.08291137963533401,0,B008K66VG8
B007T4JJ5W,B008GS195S,uniform,19.0,-19.0,0.8079599142074585,2,B004V93LYI
B006QNB1M6,B0088LMPCY,full,212.0,0.0,1.0,5,B00BZJ5TRE
B006QNB1M6,B0088LMPCY,shuffled,5216.0,5004.0,0.09141741693019867,0,B0083WQ3MQ
B006QNB1M6,B0088LMPCY,uniform,2710.0,2498.0,0.3943399488925934,0,B001WSIANS
B007R1NWUU,B007R1OKNS,full,79.0,0.0,1.0000001192092896,5,B00A2BE440
B007R1NWUU,B007R1OKNS,shuffled,3615.0,3536.0,0.12682577967643738,0,B00DG9ISYM
B007R1NWUU,B007R1OKNS,uniform,377.0,298.0,0.21435344219207764,0,B007P28IKK
B000KOU8E4,B00FDLENDQ,full,58.0,0.0,0.9999998807907104,5,B0084YZBAI
B000KOU8E4,B00FDLENDQ,shuffled,4417.0,4359.0,0.12836900353431702,0,B00A2BE440
B000KOU8E4,B00FDLENDQ,uniform,1191.0,1133.0,0.454792320728302,0,B00BRB29YQ
B00DEKLOYO,B00CBQ9V0G,full,42.0,0.0,1.0,5,B007X626QU
B00DEKLOYO,B00CBQ9V0G,shuffled,4372.0,4330.0,0.06748880445957184,0,B005B4MD0K
B00DEKLOYO,B00CBQ9V0G,uniform,1013.0,971.0,0.5448684692382812,0,B005CF5ZV2
B009M9PACI,B00AZIAZK2,full,137.0,0.0,1.0000001192092896,5,B009MECX5U
B009M9PACI,B00AZIAZK2,shuffled,1259.0,1122.0,0.24604904651641846,0,B00AXOZ1XO
B009M9PACI,B00AZIAZK2,uniform,374.0,237.0,0.7716633677482605,1,B008K644U8
B009P9TQ5M,B008RAOF42,full,654.0,0.0,0.9999999403953552,5,B00AYKAO02
B009P9TQ5M,B008RAOF42,shuffled,6032.0,5378.0,0.1838671714067459,0,B002AT6HYM
B009P9TQ5M,B008RAOF42,uniform,4761.0,4107.0,0.17529766261577606,0,B007JQKPXA
B007CBS7OG,B003IROW6K,full,37.0,0.0,1.0000001192092896,5,B001761XAM
B007CBS7OG,B003IROW6K,shuffled,305.0,268.0,0.0935603603720665,0,B001CGKLJQ
B007CBS7OG,B003IROW6K,uniform,4865.0,4828.0,0.3476567566394806,0,B0026GXEZY
B00C865HBQ,B0091G8YOI,full,31.0,0.0,1.0000001192092896,5,B00C4YRJKO
B00C865HBQ,B0091G8YOI,shuffled,362.0,331.0,0.2985042631626129,0,B004FN2OYI
B00C865HBQ,B0091G8YOI,uniform,3.0,-28.0,0.7305938601493835,4,B004OOXD6G
B00644P0N8,B004R0XJM0,full,67.0,0.0,0.9999999403953552,5,B00AZIB77W
B00644P0N8,B004R0XJM0,shuffled,1998.0,1931.0,0.20496585965156555,0,B0055KYMCW
B00644P0N8,B004R0XJM0,uniform,5010.0,4943.0,0.37247759103775024,0,B00BHKFFAW
B00018A8ZI,B00DGXRR8Q,full,265.0,0.0,1.000000238418579,5,B003IBGLN8
B00018A8ZI,B00DGXRR8Q,shuffled,1447.0,1182.0,0.1532767117023468,0,B000RZ3L68
B00018A8ZI,B00DGXRR8Q,uniform,2566.0,2301.0,0.5439916849136353,0,B002CJLUOW
B005FR87IA,B005L385PI,full,15.0,0.0,1.0,5,B004QWYYV4
B005FR87IA,B005L385PI,shuffled,443.0,428.0,0.253810316324234,0,B004VLGC10
B005FR87IA,B005L385PI,uniform,78.0,63.0,0.4779628813266754,1,B008P8A022
B00GUQOCLQ,B001AGEBZI,full,1112.0,0.0,0.9999999403953552,5,B00AMUMQGY
B00GUQOCLQ,B001AGEBZI,shuffled,5370.0,4258.0,0.3586789667606354,0,B00AAG5H5C
B00GUQOCLQ,B001AGEBZI,uniform,1566.0,454.0,0.567808210849762,0,B00A8YTGJE
B00B9DYVZC,B00CPRKNNA,full,65.0,0.0,1.0000001192092896,5,B00470PR98
B00B9DYVZC,B00CPRKNNA,shuffled,9.0,-56.0,0.5851048827171326,0,B009QEERZK
B00B9DYVZC,B00CPRKNNA,uniform,1460.0,1395.0,0.539325475692749,0,B0099RQYTQ
B009OMU5V4,B00AWJT5LY,full,15.0,0.0,1.0000001192092896,5,B00C96U8RI
B009OMU5V4,B00AWJT5LY,shuffled,578.0,563.0,0.2112402319908142,0,B009ZHNKGA
B009OMU5V4,B00AWJT5LY,uniform,9.0,-6.0,0.8696892857551575,2,B00BS7FFQ8
B0081GBQFS,B00B91705M,full,446.0,0.0,0.9999998211860657,5,B0077DM1JQ
B0081GBQFS,B00B91705M,shuffled,421.0,-25.0,0.36584776639938354,1,B00865CPJ0
B0081GBQFS,B00B91705M,uniform,102.0,-344.0,0.4805389642715454,0,B00BHKFFAW
B001YIOAOE,B008AGL136,full,287.0,0.0,1.0,5,B005UQ9WKI
B001YIOAOE,B008AGL136,shuffled,3164.0,2877.0,0.5491836667060852,1,B00B5F375O
B001YIOAOE,B008AGL136,uniform,603.0,316.0,0.6163350343704224,0,B008GNPWNI
B006W79ZGA,B00452WXMC,full,55.0,0.0,1.0,5,B004JHM9E0
B006W79ZGA,B00452WXMC,shuffled,1631.0,1576.0,0.39888104796409607,0,B00BLQH30W
B006W79ZGA,B00452WXMC,uniform,916.0,861.0,0.3602686822414398,0,B002PDJJ0M
B002RL87FK,B00CJSTVJC,full,3415.0,0.0,0.9999999403953552,5,B00CDL2BX8
B002RL87FK,B00CJSTVJC,shuffled,868.0,-2547.0,0.07791255414485931,0,B004JHM9E0
B002RL87FK,B00CJSTVJC,uniform,2784.0,-631.0,0.3187835216522217,0,B001BPQXRC
B000OMGLDY,B0050OVVCM,full,12.0,0.0,1.0,5,B007ZTJDZC
B000OMGLDY,B0050OVVCM,shuffled,2254.0,2242.0,0.10449346899986267,0,B0074SZ8QC
B000OMGLDY,B0050OVVCM,uniform,2163.0,2151.0,0.16626375913619995,0,B000NK06WY
B00CIYDP94,B000FVAR52,full,1310.0,0.0,1.0,5,B00GGYKWFW
B00CIYDP94,B000FVAR52,shuffled,383.0,-927.0,0.38288623094558716,0,B00B7SB6RA
B00CIYDP94,B000FVAR52,uniform,6219.0,4909.0,0.17232723534107208,0,B0088N39PY
B00GOGK2SO,B0047QYJOQ,full,968.0,0.0,1.0,5,B008AYNE38
B00GOGK2SO,B0047QYJOQ,shuffled,6166.0,5198.0,0.3248712420463562,1,B004HZQTXG
B00GOGK2SO,B0047QYJOQ,uniform,666.0,-302.0,0.7494223117828369,2,B00E5MHD7M
B004LYG40Q,B0083J832W,full,28.0,0.0,1.0,5,B00DCUQA7M
B004LYG40Q,B0083J832W,shuffled,5382.0,5354.0,0.13380779325962067,0,B005HYYI2K
B004LYG40Q,B0083J832W,uniform,3072.0,3044.0,0.5416970252990723,0,B009AZ6XUW
B0067PC8OS,B000BO1R2K,full,759.0,0.0,1.0,5,B005Q0YSU2
B0067PC8OS,B000BO1R2K,shuffled,5625.0,4866.0,0.1750987321138382,0,B000FM7FOM
B0067PC8OS,B000BO1R2K,uniform,218.0,-541.0,0.5167571902275085,3,B005TX2N6M
B00BCX4MWG,B00CL5HKPK,full,150.0,0.0,1.000000238418579,5,B0084YZBAI
B00BCX4MWG,B00CL5HKPK,shuffled,6124.0,5974.0,0.36550354957580566,0,B008XV3SXE
B00BCX4MWG,B00CL5HKPK,uniform,265.0,115.0,0.3574090600013733,0,B008MZMLVG
B00DAMLQKS,B006EKJJ1G,full,389.0,0.0,1.0000001192092896,5,B00553SDEW
B00DAMLQKS,B006EKJJ1G,shuffled,6341.0,5952.0,0.17996597290039062,0,B00F6886DY
B00DAMLQKS,B006EKJJ1G,uniform,5346.0,4957.0,0.5316638946533203,0,B00906QQMQ
B004ZC5RWK,B004ZC5QLC,full,1.0,0.0,1.0,5,B004ZC5PXG
B004ZC5RWK,B004ZC5QLC,shuffled,509.0,508.0,0.11716385185718536,0,B0051J2X78
B004ZC5RWK,B004ZC5QLC,uniform,2.0,1.0,0.6573665142059326,3,B004ZC5RL6
B002CJLUOW,B005X0A2UU,full,6047.0,0.0,1.0,5,B002S788KM
B002CJLUOW,B005X0A2UU,shuffled,6002.0,-45.0,0.24625353515148163,0,B00BYIUQXS
B002CJLUOW,B005X0A2UU,uniform,4273.0,-1774.0,0.5352210998535156,0,B00E93QIZ0
B003OPUWH4,B005BW2RE4,full,3.0,0.0,1.000000238418579,5,B002IL3QHS
B003OPUWH4,B005BW2RE4,shuffled,292.0,289.0,0.31726253032684326,0,B00EJNYZ8M
B003OPUWH4,B005BW2RE4,uniform,41.0,38.0,0.3655431270599365,0,B006N0XGRK
B004K2NSGM,B009ZGNJ6W,full,3.0,0.0,1.0000001192092896,5,B004BNNGUS
B004K2NSGM,B009ZGNJ6W,shuffled,22.0,19.0,0.6164432168006897,1,B004BNNGUS
B004K2NSGM,B009ZGNJ6W,uniform,2.0,-1.0,0.9150258302688599,3,B004BNNGUS
B006VE8IQC,B00AREPMT8,full,83.0,0.0,1.0,5,B00DYRNJTK
B006VE8IQC,B00AREPMT8,shuffled,1270.0,1187.0,0.3495742678642273,0,B00DYA60LQ
B006VE8IQC,B00AREPMT8,uniform,43.0,-40.0,0.7862497568130493,1,B005DJ0Q20
B00DI5GTNG,B00E1Z10FE,full,38.0,0.0,1.000000238418579,5,B00A5JAR86
B00DI5GTNG,B00E1Z10FE,shuffled,4047.0,4009.0,0.25503283739089966,0,B009M9L6H6
B00DI5GTNG,B00E1Z10FE,uniform,821.0,783.0,0.6073388457298279,1,B0062N3JZW
B006MHJB1O,B00ANR1M8Y,full,352.0,0.0,1.0000001192092896,5,B009LO2YZU
B006MHJB1O,B00ANR1M8Y,shuffled,2239.0,1887.0,0.5863471031188965,1,B005MV78O8
B006MHJB1O,B00ANR1M8Y,uniform,772.0,420.0,0.7359969019889832,2,B005SEDVRM
B003O0NXZ2,B000GOSLJW,full,3.0,0.0,1.0,5,B00DYRNJTK
B003O0NXZ2,B000GOSLJW,shuffled,916.0,913.0,0.14624512195587158,0,B007P885ZC
B003O0NXZ2,B000GOSLJW,uniform,5.0,2.0,0.5491423010826111,2,B002RL9T2U
B004UHPEU0,B00D8HJ3C8,full,449.0,0.0,1.0,5,B009F1TRTK
B004UHPEU0,B00D8HJ3C8,shuffled,2307.0,1858.0,0.37078866362571716,1,B003DZ093M
B004UHPEU0,B00D8HJ3C8,uniform,1590.0,1141.0,0.7319599390029907,1,B00E5MHD7M
B008H1MLOW,B002RS6IWW,full,3427.0,0.0,1.0,5,B009SF0J1I
B008H1MLOW,B002RS6IWW,shuffled,5211.0,1784.0,0.39796242117881775,0,B00AA2BC0U
B008H1MLOW,B002RS6IWW,uniform,4060.0,633.0,0.28798484802246094,0,B006NR72OQ
B00F6S5GUK,B00BW9IQBS,full,166.0,0.0,0.9999999403953552,5,B00B80RFOA
B00F6S5GUK,B00BW9IQBS,shuffled,1574.0,1408.0,0.37396377325057983,0,B0032VYCUI
B00F6S5GUK,B00BW9IQBS,uniform,2688.0,2522.0,0.5156431198120117,0,B0071MR88M
B00CMAHVE4,B00AO9UKDO,full,61.0,0.0,1.0000001192092896,5,B00B2856XA
B00CMAHVE4,B00AO9UKDO,shuffled,5688.0,5627.0,0.13833019137382507,0,B00G4MTFBS
B00CMAHVE4,B00AO9UKDO,uniform,948.0,887.0,0.5372951030731201,0,B00A8Q37YC
B008JVJI00,B003IRS13K,full,24.0,0.0,0.9999998807907104,5,B005RSUR44
B008JVJI00,B003IRS13K,shuffled,83.0,59.0,0.3373095691204071,0,B00ANR1M8Y
B008JVJI00,B003IRS13K,uniform,616.0,592.0,0.2678984999656677,0,B009VI0H7S
B002VK1EZM,B000R4LN32,full,8.0,0.0,1.0,5,B009EWW5VC
B002VK1EZM,B000R4LN32,shuffled,2594.0,2586.0,0.4275307059288025,0,B0057G9TKE
B002VK1EZM,B000R4LN32,uniform,4412.0,4404.0,0.20372888445854187,1,B003QC9E24
B00C4RULCE,B003Y8Z3SY,full,3.0,0.0,1.0000001192092896,5,B0091E2NRY
B00C4RULCE,B003Y8Z3SY,shuffled,4554.0,4551.0,0.08773384988307953,0,B0081TUBCY
B00C4RULCE,B003Y8Z3SY,uniform,79.0,76.0,0.416840523481369,0,B00CL4JIWO
B007VHEYAM,B004EGSXHI,full,2269.0,0.0,1.000000238418579,5,B00BOO7OLO
B007VHEYAM,B004EGSXHI,shuffled,2484.0,215.0,0.08484212309122086,0,B00A8D0RMU
B007VHEYAM,B004EGSXHI,uniform,1828.0,-441.0,0.06538546085357666,0,B0006GH2C2
B0058P5XHM,B00D2XJ5SA,full,3535.0,0.0,1.000000238418579,5,B007XJBPT6
B0058P5XHM,B00D2XJ5SA,shuffled,3534.0,-1.0,0.45159244537353516,0,B00E7YEAEM
B0058P5XHM,B00D2XJ5SA,uniform,3846.0,311.0,0.5943292379379272,0,B00B4YHCJS
B00383INJQ,B002PA0BWK,full,12.0,0.0,1.0000001192092896,5,B0085TF48G
B00383INJQ,B002PA0BWK,shuffled,1358.0,1346.0,0.3226531744003296,0,B002PUSVT0
B00383INJQ,B002PA0BWK,uniform,1262.0,1250.0,0.71330726146698,0,B009ZGPRMQ
B00BPIA3QW,B001SR5OYQ,full,29.0,0.0,0.9999998807907104,5,B00BF7AK9I
B00BPIA3QW,B001SR5OYQ,shuffled,4861.0,4832.0,-0.011800309643149376,0,B0044UWA4Q
B00BPIA3QW,B001SR5OYQ,uniform,69.0,40.0,0.5425068736076355,0,B003XEFOQK
B003TYLO3G,B000AT8GEI,full,255.0,0.0,1.0000001192092896,5,B0093NPKO6
B003TYLO3G,B000AT8GEI,shuffled,3501.0,3246.0,0.26976025104522705,0,B000ID2PZ2
B003TYLO3G,B000AT8GEI,uniform,1985.0,1730.0,0.6926454901695251,2,B003G8MLWS
B0002H6ZUU,B00D8GIBYU,full,2.0,0.0,1.0,5,B00ALRS9OG
B0002H6ZUU,B00D8GIBYU,shuffled,6006.0,6004.0,-0.1330627053976059,0,B00486LZ2E
B0002H6ZUU,B00D8GIBYU,uniform,4324.0,4322.0,0.2399909794330597,0,B0095X7ENO
B0044NVJEU,B00853KHV6,full,117.0,0.0,1.0,5,B003U02384
B0044NVJEU,B00853KHV6,shuffled,465.0,348.0,0.3104182481765747,0,B0018TCBXG
B0044NVJEU,B00853KHV6,uniform,5063.0,4946.0,0.3988412916660309,0,B0027W297Q
B001S2PP5E,B009K1O7XG,full,127.0,0.0,1.0,5,B007LHVZJK
B001S2PP5E,B009K1O7XG,shuffled,2214.0,2087.0,-0.04770282655954361,0,B00997MHV0
B001S2PP5E,B009K1O7XG,uniform,896.0,769.0,0.7514207363128662,2,B002CJLUOW
B0050CFTU4,B007GDNXWG,full,1191.0,0.0,1.0000001192092896,5,B00AY0K6N2
B0050CFTU4,B007GDNXWG,shuffled,823.0,-368.0,0.4377889633178711,0,B00A8S69CC
B0050CFTU4,B007GDNXWG,uniform,5347.0,4156.0,0.44030117988586426,1,B004ORJLJQ
B002QEBQ3I,B007T4JJCK,full,16.0,0.0,1.0,5,B003OXUOW4
B002QEBQ3I,B007T4JJCK,shuffled,1682.0,1666.0,0.1324142962694168,0,B001G0TKF4
B002QEBQ3I,B007T4JJCK,uniform,72.0,56.0,0.6718604564666748,1,B005GN4ATS
B006MV5MV8,B004UHP3IS,full,4577.0,0.0,1.0,5,B00AES8W30
B006MV5MV8,B004UHP3IS,shuffled,1717.0,-2860.0,0.16310663521289825,0,B003OXUOW4
B006MV5MV8,B004UHP3IS,uniform,3609.0,-968.0,0.48769089579582214,0,B008T3X5CA
B000X74R7C,B001UZ7IHM,full,35.0,0.0,1.0000001192092896,5,B008L42W3U
B000X74R7C,B001UZ7IHM,shuffled,2383.0,2348.0,-0.0009139769244939089,0,B007PMRWGG
B000X74R7C,B001UZ7IHM,uniform,1808.0,1773.0,0.1721734255552292,0,B0094JP1PW
B00BOHU9ZE,B009SRQAF0,full,2.0,0.0,0.9999998807907104,5,B00C6NS0BK
B00BOHU9ZE,B009SRQAF0,shuffled,6054.0,6052.0,-0.19906334578990936,0,B005FH3B6S
B00BOHU9ZE,B009SRQAF0,uniform,151.0,149.0,0.5081011056900024,0,B00AL1LOEE
B0091V9DR0,B00CP77EEG,full,3.0,0.0,1.000000238418579,5,B000Z7DTWE
B0091V9DR0,B00CP77EEG,shuffled,3782.0,3779.0,0.1370670050382614,0,B00BMR73SC
B0091V9DR0,B00CP77EEG,uniform,4110.0,4107.0,0.2273373305797577,0,B002HNSH80
B00FZRK0YE,B006TXXE46,full,383.0,0.0,1.0,5,B001B783IM
B00FZRK0YE,B006TXXE46,shuffled,357.0,-26.0,0.0641607791185379,0,B00AIITKFK
B00FZRK0YE,B006TXXE46,uniform,759.0,376.0,0.22195161879062653,0,B001DIQ02K
B007DJ2UK4,B008EYEBMM,full,45.0,0.0,0.9999997615814209,5,B001GW13QG
B007DJ2UK4,B008EYEBMM,shuffled,2051.0,2006.0,0.27194881439208984,0,B009K8BJJY
B007DJ2UK4,B008EYEBMM,uniform,394.0,349.0,0.5532186627388,0,B008V2JXTS
B0041EIXIM,B00AHNV18U,full,267.0,0.0,1.0000001192092896,5,B0083WQ3MQ
B0041EIXIM,B00AHNV18U,shuffled,4119.0,3852.0,0.3145589828491211,0,B000EDFWXS
B0041EIXIM,B00AHNV18U,uniform,321.0,54.0,0.6580651998519897,1,B0083WQ3MQ
B00DT5P9N6,B004B70D8M,full,2.0,0.0,1.0,5,B004TEMXTY
B00DT5P9N6,B004B70D8M,shuffled,218.0,216.0,0.4415245056152344,0,B0051VMI3K
B00DT5P9N6,B004B70D8M,uniform,19.0,17.0,0.7751036286354065,1,B0052MQ6BI
B00BW9IQBS,B005XIGCYW,full,78.0,0.0,1.0000001192092896,5,B00DG9ISYM
B00BW9IQBS,B005XIGCYW,shuffled,1761.0,1683.0,0.5974676012992859,0,B005UQ9WKI
B00BW9IQBS,B005XIGCYW,uniform,285.0,207.0,0.6744343638420105,0,B0072DA77O
B00B5FTHIK,B009XDKZ3M,full,73.0,0.0,1.0,5,B0084ERQFG
B00B5FTHIK,B009XDKZ3M,shuffled,3335.0,3262.0,0.11498551070690155,0,B007JFEUUA
B00B5FTHIK,B009XDKZ3M,uniform,126.0,53.0,0.2132319211959839,0,B00A6XH6UI
B00B1FCGFU,B000F5LTXW,full,24.0,0.0,1.0,5,B009ZYNH84
B00B1FCGFU,B000F5LTXW,shuffled,411.0,387.0,0.4294184148311615,0,B0067K5MNC
B00B1FCGFU,B000F5LTXW,uniform,67.0,43.0,0.6918575763702393,1,B001UK1WWY
B002DESA4E,B0054419WA,full,35.0,0.0,1.0000001192092896,5,B004VSE9CM
B002DESA4E,B0054419WA,shuffled,1802.0,1767.0,0.19815857708454132,0,B0083J832W
B002DESA4E,B0054419WA,uniform,45.0,10.0,0.4801367223262787,0,B007F2LW2Q
B00DR4IZTE,B00380DSDU,full,4295.0,0.0,1.0,5,B005F0NY26
B00DR4IZTE,B00380DSDU,shuffled,4666.0,371.0,0.4859372675418854,0,B005ERXK06
B00DR4IZTE,B00380DSDU,uniform,5146.0,851.0,0.6359636187553406,1,B003FSSP8I
B005Y8684K,B004CS0IZS,full,68.0,0.0,0.9999998807907104,5,B005NK3GCG
B005Y8684K,B004CS0IZS,shuffled,6114.0,6046.0,0.235702246427536,0,B004GGUA9U
B005Y8684K,B004CS0IZS,uniform,867.0,799.0,0.42708104848861694,0,B00BXEQ132
B0045Y0YKS,B00D3OTP5Q,full,583.0,0.0,1.0,5,B004NIZR44
B0045Y0YKS,B00D3OTP5Q,shuffled,6186.0,5603.0,0.1487511396408081,0,B004MTVMJI
B0045Y0YKS,B00D3OTP5Q,uniform,2406.0,1823.0,0.3092086613178253,0,B0021L9YNA
B00DFJODD8,B00CC0TY1W,full,4.0,0.0,1.0000001192092896,5,B00A163X02
B00DFJODD8,B00CC0TY1W,shuffled,195.0,191.0,0.23611409962177277,0,B00BQ9SS8U
B00DFJODD8,B00CC0TY1W,uniform,3.0,-1.0,0.38077789545059204,2,B00C201QAO
B0041FZUL4,B00C45IEES,full,1478.0,0.0,1.0,5,B00D2LTABY
B0041FZUL4,B00C45IEES,shuffled,6289.0,4811.0,0.10607415437698364,0,B009CLF22E
B0041FZUL4,B00C45IEES,uniform,3226.0,1748.0,0.2221570909023285,0,B005B65G5C
B0006MUZLG,B00F91Q5T0,full,13.0,0.0,1.000000238418579,5,B008EF1L5G
B0006MUZLG,B00F91Q5T0,shuffled,559.0,546.0,0.25941723585128784,0,B006AJXW0A
B0006MUZLG,B00F91Q5T0,uniform,428.0,415.0,0.4664163589477539,0,B00CEPX3EY
B00028I7R8,B000ULN7H2,full,4.0,0.0,1.0000001192092896,5,B00C7P5QGY
B00028I7R8,B000ULN7H2,shuffled,4305.0,4301.0,0.04672016575932503,0,B005L3NO2W
B00028I7R8,B000ULN7H2,uniform,206.0,202.0,0.5452724099159241,0,B003X00QGW
B009DLYLS4,B004E77QOS,full,111.0,0.0,1.0000001192092896,5,B00EQG6D0A
B009DLYLS4,B004E77QOS,shuffled,1643.0,1532.0,0.602584958076477,0,B009L354J4
B009DLYLS4,B004E77QOS,uniform,347.0,236.0,0.6771128177642822,0,B00C8660N0
B0058YVMDM,B006RDOWRQ,full,28.0,0.0,1.0000001192092896,5,B0011RLPW8
B0058YVMDM,B006RDOWRQ,shuffled,2450.0,2422.0,0.13846787810325623,0,B005MV0K8Y
B0058YVMDM,B006RDOWRQ,uniform,3192.0,3164.0,0.22012822329998016,0,B00AOH64ZO
B005GN4ATS,B00BEEF04W,full,18.0,0.0,1.0,5,B00EM2ITEG
B005GN4ATS,B00BEEF04W,shuffled,262.0,244.0,0.21990831196308136,0,B002XGN7HC
B005GN4ATS,B00BEEF04W,uniform,19.0,1.0,0.46810096502304077,1,B008K644U8
B005G4XMFK,B002DYJG74,full,5.0,0.0,1.0,5,B0085HCN82
B005G4XMFK,B002DYJG74,shuffled,345.0,340.0,0.15341153740882874,0,B0046JZMOK
B005G4XMFK,B002DYJG74,uniform,181.0,176.0,0.6629669070243835,0,B007907Y6W
B004VZIML4,B00B9ALKF4,full,180.0,0.0,1.0000001192092896,5,B008R7FE2W
B004VZIML4,B00B9ALKF4,shuffled,2973.0,2793.0,0.20444640517234802,0,B00DR5TW2M
B004VZIML4,B00B9ALKF4,uniform,4925.0,4745.0,0.6092568635940552,0,B00714Q6LA
B009ADCOP2,B006ZP77FK,full,920.0,0.0,1.0,5,B008PHCDA0
B009ADCOP2,B006ZP77FK,shuffled,4122.0,3202.0,0.1784650981426239,0,B00AOLMMLK
B009ADCOP2,B006ZP77FK,uniform,54.0,-866.0,0.32082605361938477,0,B004U940JY
B00CR90B0Q,B004VDCRW6,full,27.0,0.0,1.0,5,B004R8O83Q
B00CR90B0Q,B004VDCRW6,shuffled,185.0,158.0,0.23363453149795532,0,B004EHYK5G
B00CR90B0Q,B004VDCRW6,uniform,21.0,-6.0,0.489825040102005,0,B005N56BXW
B00DDXR4QO,B005B6ZIE6,full,80.0,0.0,0.9999998807907104,5,B008LK6OUQ
B00DDXR4QO,B005B6ZIE6,shuffled,1555.0,1475.0,0.2950757145881653,0,B004NNUWDK
B00DDXR4QO,B005B6ZIE6,uniform,1887.0,1807.0,0.6032626032829285,0,B00687NRFO
B004LTR2XY,B004LYSV9I,full,393.0,0.0,0.9999999403953552,5,B00AES8W30
B004LTR2XY,B004LYSV9I,shuffled,981.0,588.0,0.23099280893802643,0,B005TDPITQ
B004LTR2XY,B004LYSV9I,uniform,88.0,-305.0,0.5869284272193909,0,B000GDGQFY
B0027EBMU4,B006DI2W36,full,67.0,0.0,1.0000003576278687,5,B001C1XWNI
B0027EBMU4,B006DI2W36,shuffled,5738.0,5671.0,-0.01695309951901436,0,B00CH50VBY
B0027EBMU4,B006DI2W36,uniform,237.0,170.0,0.3687545657157898,0,B0009EMQQI
B003XEFOQK,B003YLOVQ6,full,33.0,0.0,1.0,5,B00C3EZPK6
B003XEFOQK,B003YLOVQ6,shuffled,3416.0,3383.0,-0.0036795632913708687,0,B00G4MTFBS
B003XEFOQK,B003YLOVQ6,uniform,4096.0,4063.0,0.20030111074447632,0,B00BLL7CB2
B006ZPQ0EY,B006ZP4OZQ,full,9.0,0.0,1.0,5,B0009EMQQI
B006ZPQ0EY,B006ZP4OZQ,shuffled,649.0,640.0,0.18975287675857544,0,B000Y1FWB2
B006ZPQ0EY,B006ZP4OZQ,uniform,25.0,16.0,0.8109649419784546,1,B0013KWSK6
B001LY2U70,B002GCGLOE,full,64.0,0.0,1.000000238418579,5,B004GIZYTE
B001LY2U70,B002GCGLOE,shuffled,370.0,306.0,0.07972977310419083,0,B00801Q3YI
B001LY2U70,B002GCGLOE,uniform,1591.0,1527.0,0.31956833600997925,0,B00563JZZM
B003YOPRJS,B003R4ZS8U,full,664.0,0.0,1.0000001192092896,5,B001UFZIJ2
B003YOPRJS,B003R4ZS8U,shuffled,1858.0,1194.0,0.17449882626533508,0,B002X115DK
B003YOPRJS,B003R4ZS8U,uniform,1347.0,683.0,0.2940937578678131,0,B003YL2THO
B004UIOL3K,B003HEYHV4,full,9.0,0.0,1.0000001192092896,5,B000NBOIZE
B004UIOL3K,B003HEYHV4,shuffled,3113.0,3104.0,0.3327113091945648,0,B00DEIUVB8
B004UIOL3K,B003HEYHV4,uniform,82.0,73.0,0.7494238615036011,0,B0072D7E0C
B0051SN0LC,B004REC7ZQ,full,1863.0,0.0,0.9999999403953552,5,B008533N2Q
B0051SN0LC,B004REC7ZQ,shuffled,5710.0,3847.0,0.3609163165092468,0,B000VX05IS
B0051SN0LC,B004REC7ZQ,uniform,814.0,-1049.0,0.6481791734695435,0,B0094JP1PW
B0068RJFC8,B002TR4X6O,full,18.0,0.0,1.000000238418579,5,B009LM4LYO
B0068RJFC8,B002TR4X6O,shuffled,3191.0,3173.0,0.30305856466293335,0,B009W2ETIQ
B0068RJFC8,B002TR4X6O,uniform,5094.0,5076.0,0.3677652180194855,0,B000O5K8LC
B000NZW3JI,B003XS78ZG,full,3034.0,0.0,1.0000003576278687,5,B00F6S5GUK
B000NZW3JI,B003XS78ZG,shuffled,4785.0,1751.0,0.16062746942043304,0,B00BV2QEV0
B000NZW3JI,B003XS78ZG,uniform,3733.0,699.0,0.5247080326080322,0,B008UAI8II
B00611XBS0,B005EQRGZW,full,78.0,0.0,1.0,5,B00B4EF1AA
B00611XBS0,B005EQRGZW,shuffled,2182.0,2104.0,0.18878908455371857,0,B005U70DK0
B00611XBS0,B005EQRGZW,uniform,4776.0,4698.0,0.22533589601516724,0,B00E5HRLRE
B0081V2U6C,B008BUX24C,full,1206.0,0.0,1.0,5,B004B70D8M
B0081V2U6C,B008BUX24C,shuffled,2146.0,940.0,0.1507018655538559,0,B00B4EF1AA
B0081V2U6C,B008BUX24C,uniform,1897.0,691.0,0.5300914645195007,0,B00BE3Z99O
B007XCSP9G,B00962JHKC,full,934.0,0.0,1.000000238418579,5,B005KGF70M
B007XCSP9G,B00962JHKC,shuffled,1534.0,600.0,0.418690025806427,1,B009G4CVHG
B007XCSP9G,B00962JHKC,uniform,3456.0,2522.0,0.6149303317070007,0,B002UKTZM2
B004G09IXK,B00BQ9SS8U,full,9.0,0.0,1.0,5,B00C2O32A2
B004G09IXK,B00BQ9SS8U,shuffled,671.0,662.0,0.17745831608772278,0,B006ZP78WC
B004G09IXK,B00BQ9SS8U,uniform,1.0,-8.0,0.6581700444221497,0,B00BQ9SS8U
B00729P2UA,B0036XL7ZA,full,2302.0,0.0,1.0,5,B007A3JVV4
B00729P2UA,B0036XL7ZA,shuffled,5258.0,2956.0,0.25298988819122314,0,B001086JAQ
B00729P2UA,B0036XL7ZA,uniform,2653.0,351.0,0.6736029386520386,1,B003X00QGW
B009ZZ7PYU,B00BQK0P7Q,full,30.0,0.0,1.0,5,B005RSUR44
B009ZZ7PYU,B00BQK0P7Q,shuffled,423.0,393.0,0.1978038251399994,0,B008TP27PY
B009ZZ7PYU,B00BQK0P7Q,uniform,1416.0,1386.0,0.5281306505203247,0,B00A8JOCAC
B0050OFMB8,B00B4DXN4W,full,170.0,0.0,0.9999999403953552,5,B00ARCXAHG
B0050OFMB8,B00B4DXN4W,shuffled,28.0,-142.0,0.5013185739517212,1,B00B4DX3XI
B0050OFMB8,B00B4DXN4W,uniform,854.0,684.0,0.3972712457180023,0,B004ORJLJQ
B005KGF70M,B005LCVMIG,full,33.0,0.0,1.0,5,B0094J9WPM
B005KGF70M,B005LCVMIG,shuffled,3464.0,3431.0,0.23472599685192108,0,B004VZIML4
B005KGF70M,B005LCVMIG,uniform,189.0,156.0,0.4239586591720581,2,B0068YW1EA
B003OPUWH4,B00EQI4GYS,full,14.0,0.0,1.0000001192092896,5,B00G8QCD50
B003OPUWH4,B00EQI4GYS,shuffled,92.0,78.0,0.2412080317735672,0,B00BCLMPQS
B003OPUWH4,B00EQI4GYS,uniform,75.0,61.0,0.48031023144721985,0,B006N0XGRK
B001O84MJC,B001O869LG,full,1.0,0.0,1.000000238418579,5,B001O869LG
B001O84MJC,B001O869LG,shuffled,10.0,9.0,0.45486459136009216,1,B003HLWPOI
B001O84MJC,B001O869LG,uniform,2.0,1.0,0.8027030825614929,3,B002YE8R28
B00DV4AIL8,B00BY2VXU4,full,26.0,0.0,1.0000001192092896,5,B00BP47QWK
B00DV4AIL8,B00BY2VXU4,shuffled,3641.0,3615.0,0.046283163130283356,0,B000V5DSCG
B00DV4AIL8,B00BY2VXU4,uniform,4675.0,4649.0,0.3142392039299011,0,B009SREU1G
B005FS7LEK,B004V2UC9M,full,31.0,0.0,1.0,5,B005DVRUNQ
B005FS7LEK,B004V2UC9M,shuffled,1642.0,1611.0,0.0698719471693039,0,B004VEDMJM
B005FS7LEK,B004V2UC9M,uniform,2584.0,2553.0,0.5195268392562866,0,B003HIWLVI
B003HLWPOI,B00BAWW596,full,35.0,0.0,1.0,5,B002FTNYVQ
B003HLWPOI,B00BAWW596,shuffled,13.0,-22.0,0.4464753270149231,2,B002FTNYVQ
B003HLWPOI,B00BAWW596,uniform,206.0,171.0,0.6868212223052979,3,B006QMKAUQ
B00CLZRTWE,B001TSAF2U,full,20.0,0.0,1.0,5,B00CBEYFHW
B00CLZRTWE,B001TSAF2U,shuffled,1227.0,1207.0,0.18570345640182495,0,B00BHA7IBG
B00CLZRTWE,B001TSAF2U,uniform,173.0,153.0,0.4867742955684662,0,B005XIFIRO
B009B5OVU0,B00AAQTONI,full,33.0,0.0,1.0,5,B004C43LO2
B009B5OVU0,B00AAQTONI,shuffled,4132.0,4099.0,0.28673020005226135,0,B0006GH2C2
B009B5OVU0,B00AAQTONI,uniform,284.0,251.0,0.5272647738456726,0,B00B31W2TC
B001R1TYSA,B004GC5XZU,full,54.0,0.0,1.0000001192092896,5,B001CWN1A6
B001R1TYSA,B004GC5XZU,shuffled,2695.0,2641.0,-0.008429129607975483,0,B00BEYS666
B001R1TYSA,B004GC5XZU,uniform,1121.0,1067.0,0.36696308851242065,0,B002XUMZN0
B004XYGILO,B006VDYBG4,full,2564.0,0.0,1.0,5,B0077DT5SG
B004XYGILO,B006VDYBG4,shuffled,3640.0,1076.0,0.11240857094526291,0,B00EUZ6BKE
B004XYGILO,B006VDYBG4,uniform,6285.0,3721.0,0.40497758984565735,0,B003R4ZAII
B009DLYLS4,B00974VG2G,full,48.0,0.0,1.000000238418579,5,B00DGCXJ0W
B009DLYLS4,B00974VG2G,shuffled,2562.0,2514.0,0.22537653148174286,0,B009L4ZBNM
B009DLYLS4,B00974VG2G,uniform,1168.0,1120.0,0.3549976944923401,0,B004TCPNAC
B007G03S2Y,B005KLXWRM,full,634.0,0.0,1.0000001192092896,5,B0062B5JQQ
B007G03S2Y,B005KLXWRM,shuffled,4130.0,3496.0,0.09804101288318634,0,B001U0F5QI
B007G03S2Y,B005KLXWRM,uniform,725.0,91.0,0.765409529209137,3,B0062B5JQQ
B00BCX3BHI,B00AD5BU6U,full,99.0,0.0,1.000000238418579,5,B00865CPJ0
B00BCX3BHI,B00AD5BU6U,shuffled,2537.0,2438.0,0.2306971400976181,0,B00655S42K
B00BCX3BHI,B00AD5BU6U,uniform,872.0,773.0,0.5654678344726562,0,B00BHKFFAW
B004JQOLKG,B00CUXLRDE,full,556.0,0.0,1.0000001192092896,5,B007I6HU02
B004JQOLKG,B00CUXLRDE,shuffled,1065.0,509.0,0.304557740688324,0,B008I5ZL4Y
B004JQOLKG,B00CUXLRDE,uniform,2473.0,1917.0,0.7117965817451477,0,B0050TBC4Y
B001AYANYI,B002X115DK,full,1533.0,0.0,1.0000001192092896,5,B00C5RC12G
B001AYANYI,B002X115DK,shuffled,4205.0,2672.0,0.4573579728603363,0,B007QPAWNM
B001AYANYI,B002X115DK,uniform,2027.0,494.0,0.21728962659835815,0,B001F8IK0S
B004HTURAS,B006WO450Y,full,338.0,0.0,1.000000238418579,5,B003ZHH21A
B004HTURAS,B006WO450Y,shuffled,1759.0,1421.0,0.28309166431427,0,B001CMIN4K
B004HTURAS,B006WO450Y,uniform,1607.0,1269.0,0.526694118976593,0,B006X0AKYM
B0085X1RZQ,B008AKNGYY,full,4.0,0.0,1.0,5,B006LGSFD6
B0085X1RZQ,B008AKNGYY,shuffled,2753.0,2749.0,0.06925252825021744,0,B004SK95TA
B0085X1RZQ,B008AKNGYY,uniform,35.0,31.0,0.7467876076698303,1,B006Y5LNRE
B00ABDT1II,B0056B0LFC,full,49.0,0.0,1.0000001192092896,5,B00606OMNO
B00ABDT1II,B0056B0LFC,shuffled,3929.0,3880.0,0.07297452539205551,0,B005KS080Y
B00ABDT1II,B0056B0LFC,uniform,4034.0,3985.0,0.45472413301467896,0,B005NYC4NE
B001S2PQ4O,B001S2PPF4,full,4.0,0.0,1.0,5,B00470CH6O
B001S2PQ4O,B001S2PPF4,shuffled,125.0,121.0,0.6562770009040833,1,B00CB3IPEC
B001S2PQ4O,B001S2PPF4,uniform,170.0,166.0,0.560965895652771,1,B007MP2BW6
B002CWNJXY,B00A3BNT36,full,2561.0,0.0,1.0000001192092896,5,B001086JAQ
B002CWNJXY,B00A3BNT36,shuffled,3352.0,791.0,0.0909455269575119,0,B00470CH6O
B002CWNJXY,B00A3BNT36,uniform,3076.0,515.0,0.5594107508659363,0,B003FGW8MO
B0039228GK,B0040JZKSE,full,3134.0,0.0,1.0000001192092896,5,B005AJ1Q7M
B0039228GK,B0040JZKSE,shuffled,2074.0,-1060.0,0.11464013159275055,0,B0088WCTQ0
B0039228GK,B0040JZKSE,uniform,2931.0,-203.0,0.2512664198875427,0,B004U940JY
B000LJASMK,B0029L3104,full,4.0,0.0,1.0000001192092896,5,B00BXXX3PM
B000LJASMK,B0029L3104,shuffled,3241.0,3237.0,0.05680236592888832,0,B00EM2ITEG
B000LJASMK,B0029L3104,uniform,4019.0,4015.0,0.48058265447616577,0,B003X00QGW
B00493VVOS,B00F6FD5UG,full,171.0,0.0,1.0000001192092896,5,B008BSWMFE
B00493VVOS,B00F6FD5UG,shuffled,1878.0,1707.0,0.11056031286716461,0,B00AA2BC0U
B00493VVOS,B00F6FD5UG,uniform,1188.0,1017.0,0.49990493059158325,0,B002NKM6PM
B005IZUOOE,B007YVZFRG,full,32.0,0.0,1.0,5,B004OAOJOU
B005IZUOOE,B007YVZFRG,shuffled,28.0,-4.0,0.6854545474052429,1,B005HYYI2K
B005IZUOOE,B007YVZFRG,uniform,1354.0,1322.0,0.6485011577606201,0,B004TTHNIA
B00BFCV6A0,B001HKGHVS,full,56.0,0.0,1.0,5,B006VY6A12
B00BFCV6A0,B001HKGHVS,shuffled,4807.0,4751.0,0.36259979009628296,0,B0089ODSU8
B00BFCV6A0,B001HKGHVS,uniform,2307.0,2251.0,0.3254072070121765,0,B0052MQ6BI
B006VE8IQC,B009RQPIQ4,full,100.0,0.0,0.9999999403953552,5,B00B67FK0G
B006VE8IQC,B009RQPIQ4,shuffled,169.0,69.0,0.33279094099998474,0,B00997N5RK
B006VE8IQC,B009RQPIQ4,uniform,163.0,63.0,0.5752613544464111,0,B009OX7692
B00CL08O0A,B00157I6DK,full,3.0,0.0,1.0,5,B002GUA5P2
B00CL08O0A,B00157I6DK,shuffled,2379.0,2376.0,0.17623184621334076,0,B007QQVE7E
B00CL08O0A,B00157I6DK,uniform,350.0,347.0,0.4797223210334778,0,B0058KLRPE
B001A5UHAW,B0076AQKM4,full,96.0,0.0,1.0,5,B00DEE3LC8
B001A5UHAW,B0076AQKM4,shuffled,5735.0,5639.0,0.10377579927444458,0,B00EDKMZ7Y
B001A5UHAW,B0076AQKM4,uniform,169.0,73.0,0.15670615434646606,0,B006U228L6
B00DHN6WU4,B003WE90A2,full,183.0,0.0,0.9999999403953552,5,B006FSRHMA
B00DHN6WU4,B003WE90A2,shuffled,4429.0,4246.0,0.24735255539417267,0,B009XE4MIA
B00DHN6WU4,B003WE90A2,uniform,2103.0,1920.0,0.3590487539768219,0,B005C91IGE
B001B16GCS,B00BP71JV6,full,8.0,0.0,1.0000001192092896,5,B00C2O32A2
B001B16GCS,B00BP71JV6,shuffled,675.0,667.0,0.032213907688856125,0,B006FSRHMA
B001B16GCS,B00BP71JV6,uniform,4659.0,4651.0,0.3744141757488251,0,B003YOPRJS
B008B5HO2S,B003TP2GXM,full,362.0,0.0,1.0,5,B00AZIB77W
B008B5HO2S,B003TP2GXM,shuffled,1290.0,928.0,0.006498933769762516,0,B004RLHTR0
B008B5HO2S,B003TP2GXM,uniform,523.0,161.0,0.262045681476593,0,B002ZCUXKI
B005DIJKXW,B00EDF7U2Y,full,3.0,0.0,1.0000001192092896,5,B008EF1L5G
B005DIJKXW,B00EDF7U2Y,shuffled,1744.0,1741.0,-0.05917346850037575,0,B008ARBG2Q
B005DIJKXW,B00EDF7U2Y,uniform,288.0,285.0,0.35419535636901855,0,B002ONC79I
B006YDJJDG,B00B7Q8HK6,full,56.0,0.0,1.0,5,B0067F9J1I
B006YDJJDG,B00B7Q8HK6,shuffled,2523.0,2467.0,0.10519430041313171,0,B007Z8THKY
B006YDJJDG,B00B7Q8HK6,uniform,887.0,831.0,0.5186297297477722,0,B00F6RLURO
B00A00772O,B006MHI8XQ,full,13.0,0.0,1.0000001192092896,5,B0046IHUPA
B00A00772O,B006MHI8XQ,shuffled,583.0,570.0,0.07622883468866348,0,B002UFUCII
B00A00772O,B006MHI8XQ,uniform,463.0,450.0,0.4952888786792755,0,B005F0NY26
B004UHP3IS,B003SQ2YS4,full,966.0,0.0,1.0000001192092896,5,B009XE4O7E
B004UHP3IS,B003SQ2YS4,shuffled,2802.0,1836.0,0.2884068489074707,0,B006MHI8XQ
B004UHP3IS,B003SQ2YS4,uniform,1963.0,997.0,0.19910937547683716,0,B007JFEUUA
B000EXU5VW,B00DGCXJ0W,full,3257.0,0.0,1.0000001192092896,5,B000LUV3NW
B000EXU5VW,B00DGCXJ0W,shuffled,1468.0,-1789.0,0.09745919704437256,0,B00EDKMZ7Y
B000EXU5VW,B00DGCXJ0W,uniform,4575.0,1318.0,0.7059764862060547,0,B003AQQ370
B00APU4KE2,B00EINT7N6,full,1114.0,0.0,1.0000001192092896,5,B00644PHPO
B00APU4KE2,B00EINT7N6,shuffled,6272.0,5158.0,0.3638128936290741,0,B009NGLAWE
B00APU4KE2,B00EINT7N6,uniform,5550.0,4436.0,0.08922955393791199,0,B002ONC79I
B000NRXXBS,B001T3UBVA,full,10.0,0.0,1.0000001192092896,5,B001C1XWNI
B000NRXXBS,B001T3UBVA,shuffled,1201.0,1191.0,0.17153958976268768,0,B0032VYCUI
B000NRXXBS,B001T3UBVA,uniform,644.0,634.0,0.3950244188308716,0,B004U28BBY
B006NCQPYO,B005LBXRWQ,full,156.0,0.0,1.000000238418579,5,B00D3OTP5Q
B006NCQPYO,B005LBXRWQ,shuffled,1029.0,873.0,0.40108931064605713,0,B008U369WW
B006NCQPYO,B005LBXRWQ,uniform,624.0,468.0,0.3619610071182251,0,B00A6X1ZHS
B001B2LL2W,B004VE4GF6,full,1714.0,0.0,1.0000001192092896,5,B001086JAQ
B001B2LL2W,B004VE4GF6,shuffled,3399.0,1685.0,0.36800599098205566,0,B004ZIJQVM
B001B2LL2W,B004VE4GF6,uniform,1337.0,-377.0,0.48876315355300903,0,B004U28BBY
B005K7SZGO,B0083J2RAG,full,3.0,0.0,1.0000001192092896,5,B006L74FRA
B005K7SZGO,B0083J2RAG,shuffled,1807.0,1804.0,0.23008349537849426,0,B0038N83ZK
B005K7SZGO,B0083J2RAG,uniform,1967.0,1964.0,0.04832867905497551,0,B000WK5FXK
B00AY7XJSO,B004SFV0ZC,full,9.0,0.0,0.9999999403953552,5,B005DHVF4U
B00AY7XJSO,B004SFV0ZC,shuffled,1451.0,1442.0,0.06474269181489944,0,B0017I3MEU
B00AY7XJSO,B004SFV0ZC,uniform,317.0,308.0,0.4651161730289459,0,B003FGW8MO
B00CJRW0LO,B00DWC9QL2,full,136.0,0.0,1.0000001192092896,5,B0076DPWJS
B00CJRW0LO,B00DWC9QL2,shuffled,1973.0,1837.0,0.13269637525081635,0,B002UFUCII
B00CJRW0LO,B00DWC9QL2,uniform,2773.0,2637.0,0.4171126186847687,0,B0019QUS92
B00A7EQAWG,B00BEYS666,full,240.0,0.0,1.0,5,B00CS75EQS
B00A7EQAWG,B00BEYS666,shuffled,1196.0,956.0,-0.002285189926624298,0,B006ONQTF2
B00A7EQAWG,B00BEYS666,uniform,3815.0,3575.0,0.46342721581459045,0,B0036XLH7I
B00523OC9A,B004S92O7Q,full,2.0,0.0,1.0000001192092896,5,B004V2DJNI
B00523OC9A,B004S92O7Q,shuffled,10.0,8.0,0.7330831289291382,2,B004V2DJNI
B00523OC9A,B004S92O7Q,uniform,16.0,14.0,0.703449010848999,1,B004V2DJNI
B007T4JJCK,B002QEBQ3I,full,9.0,0.0,1.0000001192092896,5,B009X6CURI
B007T4JJCK,B002QEBQ3I,shuffled,4011.0,4002.0,0.13203123211860657,0,B00EM2ITEG
B007T4JJCK,B002QEBQ3I,uniform,275.0,266.0,0.5592783093452454,0,B009MB8Q7C
B007VN04BO,B008BSWMFE,full,1.0,0.0,0.9999998807907104,5,B008BSWMFE
B007VN04BO,B008BSWMFE,shuffled,988.0,987.0,0.2067798376083374,0,B004YTEBC6
B007VN04BO,B008BSWMFE,uniform,7.0,6.0,0.6104217767715454,1,B008E7RDYW
B0016LURJ6,B0009GV35G,full,1630.0,0.0,0.9999999403953552,5,B00B7HVJZA
B0016LURJ6,B0009GV35G,shuffled,1895.0,265.0,0.06168108433485031,0,B0032HJXKG
B0016LURJ6,B0009GV35G,uniform,122.0,-1508.0,0.09135843813419342,0,B007IJPKVU
B0076ET5AY,B00A9J9VRA,full,5.0,0.0,1.0,5,B00865CPJ0
B0076ET5AY,B00A9J9VRA,shuffled,4193.0,4188.0,0.04130574315786362,0,B0018TCBXG
B0076ET5AY,B00A9J9VRA,uniform,5992.0,5987.0,0.04423150047659874,0,B003FGW8MO
B00D0XHGGA,B003URVV8A,full,7.0,0.0,1.0000001192092896,5,B004O0TS6E
B00D0XHGGA,B003URVV8A,shuffled,3260.0,3253.0,0.15607090294361115,0,B0081ST50O
B00D0XHGGA,B003URVV8A,uniform,1741.0,1734.0,0.5214948058128357,0,B001SN7WCC
B008UT67K0,B007WPJNBS,full,1451.0,0.0,1.0,5,B009DLYLS4
B008UT67K0,B007WPJNBS,shuffled,3922.0,2471.0,0.17399168014526367,0,B005NJWXTE
B008UT67K0,B007WPJNBS,uniform,6189.0,4738.0,0.47603535652160645,0,B006NPNCBA
B00BSXLX9U,B008FVT5FC,full,212.0,0.0,1.0,5,B006SWNH8Q
B00BSXLX9U,B008FVT5FC,shuffled,1187.0,975.0,0.06457313150167465,0,B00394FK5E
B00BSXLX9U,B008FVT5FC,uniform,462.0,250.0,0.21967875957489014,0,B0042P6BVG
B005V4B9NM,B003FL7SME,full,500.0,0.0,1.0,5,B005H3W7HE
B005V4B9NM,B003FL7SME,shuffled,2253.0,1753.0,0.20546063780784607,0,B0018TCBXG
B005V4B9NM,B003FL7SME,uniform,6264.0,5764.0,-0.0423864983022213,0,B009ZOJX3W
B004K2NSGM,B0036F7QEY,full,24.0,0.0,1.0,5,B004BNNGUS
B004K2NSGM,B0036F7QEY,shuffled,175.0,151.0,0.3757094740867615,0,B00A1W30WW
B004K2NSGM,B0036F7QEY,uniform,12.0,-12.0,0.7797869443893433,3,B004BNNGUS
B008E7RDYW,B005C6B9UW,full,632.0,0.0,0.9999999403953552,5,B00313Y4BY
B008E7RDYW,B005C6B9UW,shuffled,4422.0,3790.0,0.44391217827796936,0,B0032HJXKG
B008E7RDYW,B005C6B9UW,uniform,5641.0,5009.0,0.5530095100402832,1,B009Y6OC78
B006PKHQTM,B009ZPT41W,full,35.0,0.0,0.9999999403953552,5,B0035YJVGM
B006PKHQTM,B009ZPT41W,shuffled,3435.0,3400.0,0.20137685537338257,0,B00DCUQA7M
B006PKHQTM,B009ZPT41W,uniform,295.0,260.0,0.4989386796951294,0,B002CJLUOW
B002S788KM,B000GNYYDA,full,4057.0,0.0,1.0000001192092896,5,B002HR9OT2
B002S788KM,B000GNYYDA,shuffled,1512.0,-2545.0,0.317379891872406,0,B00A5JAR86
B002S788KM,B000GNYYDA,uniform,3033.0,-1024.0,0.5658577680587769,0,B00B8XSUSW
B00CDL2BX8,B00DIY0UJQ,full,119.0,0.0,1.0000001192092896,5,B00CMTB5GU
B00CDL2BX8,B00DIY0UJQ,shuffled,2399.0,2280.0,0.16926869750022888,0,B007WGBT1O
B00CDL2BX8,B00DIY0UJQ,uniform,1789.0,1670.0,0.4923858046531677,0,B006VE8GR8
B007HB6JI2,B00BQX5XPM,full,102.0,0.0,0.9999999403953552,5,B004VLW43A
B007HB6JI2,B00BQX5XPM,shuffled,5119.0,5017.0,0.17529328167438507,0,B00BCCMELS
B007HB6JI2,B00BQX5XPM,uniform,3766.0,3664.0,0.11277987062931061,0,B00689ANHM
B00BI4R9V0,B000FON8K0,full,71.0,0.0,1.0000001192092896,5,B000N9FHLU
B00BI4R9V0,B000FON8K0,shuffled,2673.0,2602.0,0.15784500539302826,0,B00DAMLQKS
B00BI4R9V0,B000FON8K0,uniform,646.0,575.0,0.38086020946502686,0,B00EEKGR8Q
B00932CW0W,B00FFKQ3LK,full,1013.0,0.0,1.0,5,B008VRQ42C
B00932CW0W,B00FFKQ3LK,shuffled,4277.0,3264.0,0.039423465728759766,0,B00DR2643A
B00932CW0W,B00FFKQ3LK,uniform,5169.0,4156.0,0.6661405563354492,2,B008VRQ42C
B006Z2HG0Y,B008FPJHVK,full,441.0,0.0,1.0000001192092896,5,B00DM8KA7U
B006Z2HG0Y,B008FPJHVK,shuffled,765.0,324.0,0.151882141828537,0,B0069A56ZO
B006Z2HG0Y,B008FPJHVK,uniform,893.0,452.0,0.6318623423576355,0,B00687NRFO
B009GFMPIU,B008HTCGMG,full,674.0,0.0,1.0,5,B004KJFGBK
B009GFMPIU,B008HTCGMG,shuffled,1237.0,563.0,0.27367615699768066,0,B005LJJ9AC
B009GFMPIU,B008HTCGMG,uniform,268.0,-406.0,0.20533166825771332,0,B009Y6OC78
B003IWGZQA,B00B6EB530,full,12.0,0.0,1.000000238418579,5,B005DIF4ZK
B003IWGZQA,B00B6EB530,shuffled,3287.0,3275.0,-0.013355392031371593,0,B008AYYVVM
B003IWGZQA,B00B6EB530,uniform,221.0,209.0,0.7635474801063538,3,B0044DE7SK
B00AAXIHXO,B000S3P946,full,14.0,0.0,1.0,5,B0091RIIRA
B00AAXIHXO,B000S3P946,shuffled,605.0,591.0,0.258653849363327,0,B006IZI2H4
B00AAXIHXO,B000S3P946,uniform,234.0,220.0,0.6763929128646851,0,B002HR9OT2
B0071BYF0M,B001F8IK0S,full,1172.0,0.0,1.0000001192092896,5,B000NCVT3M
B0071BYF0M,B001F8IK0S,shuffled,2370.0,1198.0,0.4394378066062927,0,B00G6VTGVQ
B0071BYF0M,B001F8IK0S,uniform,1073.0,-99.0,0.6877537369728088,1,B000NCVT3M
B0001TOU74,B006OW1I6I,full,13.0,0.0,1.0,5,B005HIQ9KA
B0001TOU74,B006OW1I6I,shuffled,1867.0,1854.0,0.33133643865585327,0,B00AAG5H5C
B0001TOU74,B006OW1I6I,uniform,78.0,65.0,0.711853563785553,2,B005TF2WUM
B0045VQCWA,B003R4PEN4,full,10.0,0.0,1.0000001192092896,5,B00B97REHU
B0045VQCWA,B003R4PEN4,shuffled,39.0,29.0,0.3861500024795532,0,B004JKDNB0
B0045VQCWA,B003R4PEN4,uniform,306.0,296.0,0.6053137183189392,0,B004T6PKTW
B00EOYR308,B00C7YCQ04,full,9.0,0.0,1.0000001192092896,5,B003VW0VNK
B00EOYR308,B00C7YCQ04,shuffled,5194.0,5185.0,0.1312398910522461,0,B0081JANLI
B00EOYR308,B00C7YCQ04,uniform,161.0,152.0,0.41093122959136963,0,B00BFGXK8C
B000EMUCTS,B000BTFW9E,full,91.0,0.0,1.0000001192092896,5,B000GDGQFY
B000EMUCTS,B000BTFW9E,shuffled,257.0,166.0,0.4245270788669586,0,B008YDVDOW
B000EMUCTS,B000BTFW9E,uniform,16.0,-75.0,0.538978099822998,1,B004LTA29K
B00680K0D8,B00CH59Q38,full,4.0,0.0,0.9999998807907104,5,B001DHFPB8
B00680K0D8,B00CH59Q38,shuffled,3456.0,3452.0,0.0435200035572052,0,B009L176KQ
B00680K0D8,B00CH59Q38,uniform,67.0,63.0,0.6327599287033081,0,B005O76TKE
B00932CW0W,B0085709D8,full,10.0,0.0,1.0000001192092896,5,B00AZUNPNE
B00932CW0W,B0085709D8,shuffled,3244.0,3234.0,0.08792894333600998,0,B0031U0W72
B00932CW0W,B0085709D8,uniform,73.0,63.0,0.8243619203567505,1,B00B31W2TC
B00AHEZ29I,B0080SY1T0,full,1577.0,0.0,1.0000001192092896,5,B000YICIYE
B00AHEZ29I,B0080SY1T0,shuffled,2671.0,1094.0,0.37233638763427734,0,B000WLVLDW
B00AHEZ29I,B0080SY1T0,uniform,1949.0,372.0,0.8177454471588135,4,B000YICIYE
B007F85FQO,B004YO78VW,full,39.0,0.0,1.0,5,B007CCUJQE
B007F85FQO,B004YO78VW,shuffled,203.0,164.0,0.4468432068824768,0,B009OKKA5W
B007F85FQO,B004YO78VW,uniform,174.0,135.0,0.23544862866401672,0,B00CL4JTB4
B009XE4O7E,B00509BT38,full,221.0,0.0,1.000000238418579,5,B000X93L18
B009XE4O7E,B00509BT38,shuffled,94.0,-127.0,0.4825548231601715,0,B006BGJACQ
B009XE4O7E,B00509BT38,uniform,214.0,-7.0,0.7254320383071899,2,B00512NGTY
B00DEKLOYO,B007VQG410,full,66.0,0.0,1.000000238418579,5,B001KLJJNM
B00DEKLOYO,B007VQG410,shuffled,5036.0,4970.0,0.21033290028572083,0,B00B3VCRMY
B00DEKLOYO,B007VQG410,uniform,4987.0,4921.0,0.26077622175216675,0,B001M0MYCE
B004L6PSCO,B008WFQVVW,full,208.0,0.0,1.0000001192092896,5,B008QT38YW
B004L6PSCO,B008WFQVVW,shuffled,2834.0,2626.0,0.09320223331451416,0,B00CZZ28K8
B004L6PSCO,B008WFQVVW,uniform,1030.0,822.0,0.4724017083644867,0,B00C6A4LL6
B007LIWE6C,B007G24YP2,full,4692.0,0.0,1.0000001192092896,5,B005C1QMSQ
B007LIWE6C,B007G24YP2,shuffled,4104.0,-588.0,0.25388050079345703,0,B0009MIGVO
B007LIWE6C,B007G24YP2,uniform,684.0,-4008.0,0.2524978518486023,0,B003WE90FW
B004U940JY,B002A9JVZE,full,375.0,0.0,1.0,5,B00B8Y7ZAK
B004U940JY,B002A9JVZE,shuffled,808.0,433.0,0.13393498957157135,0,B006H4JR84
B004U940JY,B002A9JVZE,uniform,6109.0,5734.0,0.10174759477376938,0,B008B10SOS
B002R7U7Q6,B00906L8L0,full,5273.0,0.0,1.0,5,B005G3VM80
B002R7U7Q6,B00906L8L0,shuffled,1269.0,-4004.0,0.4199187457561493,0,B00DEO56HQ
B002R7U7Q6,B00906L8L0,uniform,4657.0,-616.0,0.4693213105201721,0,B000WB6WTU
B00E40LJI4,B005ZNWKKU,full,135.0,0.0,0.9999999403953552,5,B00006NQ0N
B00E40LJI4,B005ZNWKKU,shuffled,2834.0,2699.0,0.12423860281705856,0,B00E9LPGG4
B00E40LJI4,B005ZNWKKU,uniform,4785.0,4650.0,0.4472954571247101,0,B00E40LWZO
B008AY9X6K,B0038MLMHC,full,1.0,0.0,1.0,5,B0038MLMHC
B008AY9X6K,B0038MLMHC,shuffled,334.0,333.0,0.1568221002817154,0,B0046VB9PE
B008AY9X6K,B0038MLMHC,uniform,78.0,77.0,0.5161364078521729,0,B004TB5VQO
B008EJ0MMU,B001MX8V8C,full,1391.0,0.0,1.0000001192092896,5,B000BNUBLE
B008EJ0MMU,B001MX8V8C,shuffled,4965.0,3574.0,0.3952919542789459,0,B008BOX7T8
B008EJ0MMU,B001MX8V8C,uniform,4982.0,3591.0,0.4534897804260254,0,B003H7RKB0
B004ZC2HIC,B00EZLD1NI,full,102.0,0.0,1.0000001192092896,5,B000CANHZ8
B004ZC2HIC,B00EZLD1NI,shuffled,2197.0,2095.0,0.32183837890625,0,B009W2ETIQ
B004ZC2HIC,B00EZLD1NI,uniform,450.0,348.0,0.63872230052948,0,B003O0NXZ2
B004FN2OYI,B00C865IWY,full,12.0,0.0,1.000000238418579,5,B001SN7QH8
B004FN2OYI,B00C865IWY,shuffled,424.0,412.0,0.2891654074192047,0,B00BF9GWMU
B004FN2OYI,B00C865IWY,uniform,159.0,147.0,0.3994847238063812,0,B007MI4PIG
B003WF2ECW,B003YHF2BS,full,48.0,0.0,1.0,5,B00B0ZBOTA
B003WF2ECW,B003YHF2BS,shuffled,1139.0,1091.0,0.0971425324678421,0,B001SN7QH8
B003WF2ECW,B003YHF2BS,uniform,1828.0,1780.0,0.2611561119556427,0,B0088B8CM6
B000PHI5L4,B004B2PUWQ,full,125.0,0.0,1.0,5,B007VR5ELU
B000PHI5L4,B004B2PUWQ,shuffled,3561.0,3436.0,0.04567854851484299,0,B004VLW43A
B000PHI5L4,B004B2PUWQ,uniform,357.0,232.0,0.7898905277252197,1,B0009PRMSE
B003U6HHS4,B007ISC8UM,full,205.0,0.0,1.0000001192092896,5,B00C2O32A2
B003U6HHS4,B007ISC8UM,shuffled,485.0,280.0,0.5792771577835083,0,B006Y5SM2I
B003U6HHS4,B007ISC8UM,uniform,1914.0,1709.0,0.3426286578178406,0,B003Y8Z3SY
B00BR2B6W6,B002FYW6HE,full,55.0,0.0,0.9999999403953552,5,B00791QBIS
B00BR2B6W6,B002FYW6HE,shuffled,5593.0,5538.0,0.022359699010849,0,B0084A8JCO
B00BR2B6W6,B002FYW6HE,uniform,449.0,394.0,0.5362493991851807,0,B00BIRS4GG
B00DTIO7G8,B007FX9LAA,full,185.0,0.0,1.0,5,B0038IVFZ0
B00DTIO7G8,B007FX9LAA,shuffled,4543.0,4358.0,0.20651845633983612,0,B004HZQTXG
B00DTIO7G8,B007FX9LAA,uniform,5081.0,4896.0,0.47977668046951294,1,B00BGJ4OQA
B0025U4X5G,B002Q0QYZW,full,89.0,0.0,1.0000001192092896,5,B005V2J512
B0025U4X5G,B002Q0QYZW,shuffled,4231.0,4142.0,0.4757106602191925,0,B00CC02P5O
B0025U4X5G,B002Q0QYZW,uniform,1211.0,1122.0,0.6300106644630432,0,B00CNE6EEW
B0032HJXKG,B00BR2B6W6,full,44.0,0.0,1.0,5,B008BSWMFE
B0032HJXKG,B00BR2B6W6,shuffled,4565.0,4521.0,0.2623090445995331,0,B000Y1FWB2
B0032HJXKG,B00BR2B6W6,uniform,254.0,210.0,0.6710072755813599,2,B004GIZYTE
B00F5XVN9Y,B00EQV0DC4,full,56.0,0.0,1.0,5,B004M17G1Y
B00F5XVN9Y,B00EQV0DC4,shuffled,1084.0,1028.0,0.19175569713115692,0,B00EW46JWS
B00F5XVN9Y,B00EQV0DC4,uniform,323.0,267.0,0.5812593698501587,0,B0098GE6OI
B003URVV8A,B004GB3XJ4,full,633.0,0.0,1.0000001192092896,5,B003FSSP8I
B003URVV8A,B004GB3XJ4,shuffled,5843.0,5210.0,0.18928061425685883,0,B004J8I4VQ
B003URVV8A,B004GB3XJ4,uniform,50.0,-583.0,0.20086199045181274,0,B0094H5Z1O
B003OQV4HA,B003AU61WI,full,202.0,0.0,1.0,5,B005DVRUNQ
B003OQV4HA,B003AU61WI,shuffled,691.0,489.0,0.18043942749500275,0,B005FH3B6S
B003OQV4HA,B003AU61WI,uniform,1673.0,1471.0,0.2820417582988739,0,B0084JPVPS
B006JATIK8,B006JARC9C,full,170.0,0.0,1.0000001192092896,5,B008P07SDE
B006JATIK8,B006JARC9C,shuffled,369.0,199.0,0.18387316167354584,0,B00CQ49NLU
B006JATIK8,B006JARC9C,uniform,288.0,118.0,0.6797877550125122,1,B00CL4JIWO
B004DZAWJM,B00E3I72W4,full,80.0,0.0,1.0000001192092896,5,B0055NSFRM
B004DZAWJM,B00E3I72W4,shuffled,4354.0,4274.0,0.24351736903190613,0,B00637KYVY
B004DZAWJM,B00E3I72W4,uniform,6045.0,5965.0,0.2628991901874542,0,B00CNV6XOG
B001TSZPM0,B001PJ6ZX6,full,2310.0,0.0,1.000000238418579,5,B007UO4582
B001TSZPM0,B001PJ6ZX6,shuffled,4629.0,2319.0,-0.07121963798999786,0,B0081ST50O
B001TSZPM0,B001PJ6ZX6,uniform,320.0,-1990.0,0.48741841316223145,0,B002HR9OT2
B00CX6BDFU,B005DIJJBK,full,52.0,0.0,1.0,5,B00BCWHW2E
B00CX6BDFU,B005DIJJBK,shuffled,3127.0,3075.0,0.40462982654571533,0,B00GGYKWFW
B00CX6BDFU,B005DIJJBK,uniform,639.0,587.0,0.5327844023704529,0,B007POLS3M
B002KQ6MY0,B008P07SDE,full,192.0,0.0,0.9999999403953552,5,B008N0G684
B002KQ6MY0,B008P07SDE,shuffled,3334.0,3142.0,0.1377074122428894,0,B004NIZR44
B002KQ6MY0,B008P07SDE,uniform,4581.0,4389.0,0.14088435471057892,0,B009PPO9KI
B00DLBJ18M,B005HT4N0M,full,555.0,0.0,1.0000001192092896,5,B005TF2WUM
B00DLBJ18M,B005HT4N0M,shuffled,1156.0,601.0,0.30929088592529297,0,B00BZJ5TRE
B00DLBJ18M,B005HT4N0M,uniform,3777.0,3222.0,0.5685303807258606,0,B00BIF2XDS
B00B67EIJK,B00A8YYHWK,full,79.0,0.0,1.0,5,B008BHSGWS
B00B67EIJK,B00A8YYHWK,shuffled,1444.0,1365.0,0.08457180857658386,0,B00BMV7WYI
B00B67EIJK,B00A8YYHWK,uniform,4437.0,4358.0,0.3026157021522522,0,B007TB59A4
B003EEN7MM,B0049EODT2,full,5.0,0.0,1.0,5,B004KB7T18
B003EEN7MM,B0049EODT2,shuffled,229.0,224.0,0.1260724812746048,0,B00B7HVJZA
B003EEN7MM,B0049EODT2,uniform,193.0,188.0,0.6318864822387695,0,B003FGW8MO
B00BYQDJH0,B004CR4ZC6,full,159.0,0.0,1.0000001192092896,5,B0041RSA7S
B00BYQDJH0,B004CR4ZC6,shuffled,3929.0,3770.0,-0.10403888672590256,0,B001U0F5QI
B00BYQDJH0,B004CR4ZC6,uniform,1318.0,1159.0,0.5683411359786987,0,B004MPQHN8
B002CNTSVA,B0006SL92Y,full,10.0,0.0,0.9999999403953552,5,B000ULN7H2
B002CNTSVA,B0006SL92Y,shuffled,4725.0,4715.0,0.04298688471317291,0,B007E4SN6S
B002CNTSVA,B0006SL92Y,uniform,151.0,141.0,0.5420238375663757,0,B007A3JVV4
B00AECN92K,B009PTECLU,full,40.0,0.0,1.0,5,B006MHJB1O
B00AECN92K,B009PTECLU,shuffled,1028.0,988.0,0.20157350599765778,0,B00BMR73SC
B00AECN92K,B009PTECLU,uniform,642.0,602.0,0.3836525082588196,0,B00BXL2922
B00AFRC2EU,B006JVZCS4,full,694.0,0.0,1.0,5,B00BH1F9B6
B00AFRC2EU,B006JVZCS4,shuffled,898.0,204.0,0.4487704634666443,0,B0089EZ6W6
B00AFRC2EU,B006JVZCS4,uniform,1491.0,797.0,0.49794772267341614,0,B002HNSH80
B004IAMEI4,B0096T97J6,full,76.0,0.0,1.0,5,B001TB4NEI
B004IAMEI4,B0096T97J6,shuffled,422.0,346.0,0.8305597305297852,1,B000TMDSOY
B004IAMEI4,B0096T97J6,uniform,571.0,495.0,0.37832462787628174,0,B000YDGG60
B008YEKTO6,B008KKDN92,full,157.0,0.0,0.9999998807907104,5,B005AONB34
B008YEKTO6,B008KKDN92,shuffled,3405.0,3248.0,0.14380326867103577,0,B0052IW6MU
B008YEKTO6,B008KKDN92,uniform,3907.0,3750.0,0.21650221943855286,0,B00AOO0HMS
B00CH59Q38,B009OFPY8A,full,32.0,0.0,1.0,5,B00CJR3NUQ
B00CH59Q38,B009OFPY8A,shuffled,5091.0,5059.0,0.05678589269518852,0,B005AONB34
B00CH59Q38,B009OFPY8A,uniform,27.0,-5.0,0.8420194387435913,0,B006IE7JLA
B00BGVUTBC,B00AYHQDXC,full,701.0,0.0,1.0000001192092896,5,B00BARYBBG
B00BGVUTBC,B00AYHQDXC,shuffled,4124.0,3423.0,-0.006513160187751055,0,B009YLJZI4
B00BGVUTBC,B00AYHQDXC,uniform,4634.0,3933.0,0.5687558650970459,1,B003Z6OPF2
B002G9UC1A,B003HNA8WW,full,50.0,0.0,1.0000001192092896,5,B00CP5TV58
B002G9UC1A,B003HNA8WW,shuffled,1884.0,1834.0,0.1646243929862976,0,B0046IFV6K
B002G9UC1A,B003HNA8WW,uniform,28.0,-22.0,0.7568297386169434,1,B004B2PUWQ
B009ZZ7PYU,B00AL1LOEE,full,185.0,0.0,1.0,5,B003H7RKB0
B009ZZ7PYU,B00AL1LOEE,shuffled,7.0,-178.0,0.3715588450431824,0,B004ORSH1E
B009ZZ7PYU,B00AL1LOEE,uniform,258.0,73.0,0.7376003265380859,0,B00FD8I2HC
B006NCQPYO,B006C25WGM,full,1.0,0.0,1.0,5,B006C25WGM
B006NCQPYO,B006C25WGM,shuffled,17.0,16.0,0.33472222089767456,0,B00A4YLIDA
B006NCQPYO,B006C25WGM,uniform,14.0,13.0,0.481498658657074,1,B00A6X1ZHS
B0071N0J8M,B004N8SX1I,full,3.0,0.0,1.0000001192092896,5,B000EXUEZ4
B0071N0J8M,B004N8SX1I,shuffled,558.0,555.0,0.11976312100887299,0,B00C87EJ3M
B0071N0J8M,B004N8SX1I,uniform,15.0,12.0,0.9265714883804321,0,B009ZGNJ6W
B004QS6S12,B000EGBBTE,full,58.0,0.0,1.0,5,B0051VBW7S
B004QS6S12,B000EGBBTE,shuffled,67.0,9.0,0.15718580782413483,0,B0079K1R2E
B004QS6S12,B000EGBBTE,uniform,8.0,-50.0,0.47635138034820557,0,B005FYKZ8I
B00AENLJ4E,B00AHTM05C,full,410.0,0.0,1.0,5,B008YGPBJW
B00AENLJ4E,B00AHTM05C,shuffled,2906.0,2496.0,0.2865174412727356,0,B0081ST50O
B00AENLJ4E,B00AHTM05C,uniform,150.0,-260.0,0.6559714674949646,0,B00AYGEYL6
B00AR19X1O,B00AREHPXE,full,25.0,0.0,0.9999998807907104,5,B001DIQ02K
B00AR19X1O,B00AREHPXE,shuffled,2506.0,2481.0,0.11067432910203934,0,B00CPOQX1Y
B00AR19X1O,B00AREHPXE,uniform,33.0,8.0,0.8869197964668274,3,B009R6CHTK
B00ATQ60M2,B009CYLW52,full,4.0,0.0,1.0000001192092896,5,B00D6URY78
B00ATQ60M2,B009CYLW52,shuffled,96.0,92.0,0.24837227165699005,0,B004U6LOTG
B00ATQ60M2,B009CYLW52,uniform,1.0,-3.0,0.4706632196903229,2,B009CYLW52
B0085428H6,B0033EFCIK,full,107.0,0.0,1.000000238418579,5,B003QD1Q3I
B0085428H6,B0033EFCIK,shuffled,1461.0,1354.0,0.26864394545555115,0,B008MWJ5PO
B0085428H6,B0033EFCIK,uniform,455.0,348.0,0.2753444015979767,0,B0009MDF9W
B008LJZV0G,B007EDJM6Y,full,29.0,0.0,1.0000001192092896,5,B003OXUOW4
B008LJZV0G,B007EDJM6Y,shuffled,709.0,680.0,0.2170531451702118,0,B00BXRE5UU
B008LJZV0G,B007EDJM6Y,uniform,109.0,80.0,0.8697624206542969,2,B008ZB50KG
B006SHCSEU,B004M5I1IW,full,77.0,0.0,1.0000001192092896,5,B0049U3VGW
B006SHCSEU,B004M5I1IW,shuffled,3955.0,3878.0,0.41014188528060913,0,B004QF0F78
B006SHCSEU,B004M5I1IW,uniform,51.0,-26.0,0.6329463720321655,1,B00AJ9EZMG
B00931JHSS,B006X0AKYM,full,21.0,0.0,0.9999998807907104,5,B000BZGDDM
B00931JHSS,B006X0AKYM,shuffled,1169.0,1148.0,0.00737018883228302,0,B00A8D0RMU
B00931JHSS,B006X0AKYM,uniform,164.0,143.0,0.7470541000366211,1,B009VCN7IA
B00FD8I2HC,B0019RM524,full,437.0,0.0,1.000000238418579,5,B00140FIFC
B00FD8I2HC,B0019RM524,shuffled,4405.0,3968.0,0.17233552038669586,0,B004Z5EMUK
B00FD8I2HC,B0019RM524,uniform,2029.0,1592.0,0.35457783937454224,0,B002UKTZM2
B005DIJKXW,B001CGKLJQ,full,122.0,0.0,1.0,5,B00AX46SOA
B005DIJKXW,B001CGKLJQ,shuffled,85.0,-37.0,0.5057253241539001,0,B008JY10GW
B005DIJKXW,B001CGKLJQ,uniform,632.0,510.0,0.5200858116149902,0,B007IRL1VA
B005IZUOOE,B00821C5SY,full,202.0,0.0,1.000000238418579,5,B005HYYI2K
B005IZUOOE,B00821C5SY,shuffled,3474.0,3272.0,0.024608789011836052,0,B00BIQQFMC
B005IZUOOE,B00821C5SY,uniform,1696.0,1494.0,0.592602550983429,1,B008AYNE38
B001O883U6,B001O84MJC,full,1.0,0.0,1.0000001192092896,5,B001O84MH4
B001O883U6,B001O84MJC,shuffled,39.0,38.0,0.49299490451812744,2,B003HLWPOI
B001O883U6,B001O84MJC,uniform,30.0,29.0,0.5088444352149963,1,B001ET7H66
B00CDT7FHM,B003LR3ES4,full,261.0,0.0,1.0,5,B004JHM9E0
B00CDT7FHM,B003LR3ES4,shuffled,3521.0,3260.0,0.3687187433242798,0,B0018TCBXG
B00CDT7FHM,B003LR3ES4,uniform,1018.0,757.0,0.7750786542892456,2,B004JHM9E0
B0043RJLWY,B001SN7PB0,full,3.0,0.0,1.0000001192092896,5,B0046IFV6K
B0043RJLWY,B001SN7PB0,shuffled,1691.0,1688.0,0.36506524682044983,0,B004DR1834
B0043RJLWY,B001SN7PB0,uniform,203.0,200.0,0.5214186310768127,0,B00EHQR0FQ
B002I00AE6,B0055KYMGS,full,1730.0,0.0,1.0000001192092896,5,B0091HI4VK
B002I00AE6,B0055KYMGS,shuffled,5856.0,4126.0,0.4031490087509155,1,B0079K0YBO
B002I00AE6,B0055KYMGS,uniform,2102.0,372.0,0.5095164775848389,1,B004UR1R2Y
B0016LG70E,B00BOWT1E4,full,345.0,0.0,1.0000001192092896,5,B0007R8KA8
B0016LG70E,B00BOWT1E4,shuffled,100.0,-245.0,0.22580894827842712,0,B00E3Z2XFS
B0016LG70E,B00BOWT1E4,uniform,5377.0,5032.0,0.10248098522424698,0,B003AQK8G2
B0049CLHTS,B001XXTJIC,full,5980.0,0.0,1.0,5,B0085PJDJG
B0049CLHTS,B001XXTJIC,shuffled,5875.0,-105.0,0.3287625312805176,0,B008E0N29E
B0049CLHTS,B001XXTJIC,uniform,6009.0,29.0,0.4478064775466919,0,B007DJ2UK4
B00B40E1K0,B00FFUSAD4,full,1196.0,0.0,1.0000001192092896,5,B000WS4J7A
B00B40E1K0,B00FFUSAD4,shuffled,3770.0,2574.0,0.1032848134636879,0,B00AY68FX4
B00B40E1K0,B00FFUSAD4,uniform,4626.0,3430.0,0.5342010855674744,0,B007HB6I4C
B008OCFYYI,B009MMPFOS,full,221.0,0.0,1.0,5,B00B5FT6IG
B008OCFYYI,B009MMPFOS,shuffled,2555.0,2334.0,0.36077219247817993,0,B004QL7C32
B008OCFYYI,B009MMPFOS,uniform,2448.0,2227.0,0.1404365748167038,0,B00853I5OC
B001O84MJC,B001O883TW,full,7.0,0.0,1.0000001192092896,5,B002FTNYVQ
B001O84MJC,B001O883TW,shuffled,178.0,171.0,0.35429492592811584,0,B008435IOI
B001O84MJC,B001O883TW,uniform,21.0,14.0,0.7718536257743835,2,B002YE8R28
B00AZIN2P2,B00776LY8W,full,18.0,0.0,1.0,5,B00B2ZMJOM
B00AZIN2P2,B00776LY8W,shuffled,1692.0,1674.0,0.09522493928670883,0,B0081RM7XW
B00AZIN2P2,B00776LY8W,uniform,4224.0,4206.0,0.272401362657547,0,B0078KLOH8
B002DZR9JK,B002Y7ABEC,full,48.0,0.0,1.0000001192092896,5,B001CP1N8U
B002DZR9JK,B002Y7ABEC,shuffled,4198.0,4150.0,0.042759526520967484,0,B003QCESSE
B002DZR9JK,B002Y7ABEC,uniform,2093.0,2045.0,0.4850718080997467,0,B00BHKFFAW
B000CS0UGY,B003FON3BG,full,232.0,0.0,1.0000001192092896,5,B007VYSBSG
B000CS0UGY,B003FON3BG,shuffled,587.0,355.0,0.2208280712366104,0,B00B4XUVKG
B000CS0UGY,B003FON3BG,uniform,5301.0,5069.0,0.4437882602214813,0,B009AZ6XUW
B005I63XM8,B006C6XSFA,full,48.0,0.0,1.000000238418579,5,B00CLJ18BS
B005I63XM8,B006C6XSFA,shuffled,5665.0,5617.0,0.06723521649837494,0,B0081ST50O
B005I63XM8,B006C6XSFA,uniform,2584.0,2536.0,0.4726439118385315,0,B00C26O5DS
B00F3KMWX0,B00641RTYE,full,5009.0,0.0,1.000000238418579,5,B007YM4OHC
B00F3KMWX0,B00641RTYE,shuffled,40.0,-4969.0,0.3611215353012085,0,B00BI4DTR8
B00F3KMWX0,B00641RTYE,uniform,1190.0,-3819.0,0.6704186797142029,0,B006C5IY82
B004Q3PSU4,B0057V76WM,full,48.0,0.0,1.0000001192092896,5,B006OYGCKS
B004Q3PSU4,B0057V76WM,shuffled,5642.0,5594.0,-0.0029669590294361115,0,B001S2PPF4
B004Q3PSU4,B0057V76WM,uniform,387.0,339.0,0.49326270818710327,0,B0030DG7TC
B0072701PS,B000A35AMK,full,1312.0,0.0,1.0000001192092896,5,B001PIU042
B0072701PS,B000A35AMK,shuffled,4007.0,2695.0,0.012397866696119308,0,B007R1OJ7A
B0072701PS,B000A35AMK,uniform,1205.0,-107.0,0.7501574158668518,2,B00140FIFC
B005BSLCWQ,B00BCCMELS,full,169.0,0.0,1.0000001192092896,5,B00B34NYSC
B005BSLCWQ,B00BCCMELS,shuffled,4713.0,4544.0,0.15407021343708038,0,B00AQFAWU2
B005BSLCWQ,B00BCCMELS,uniform,2506.0,2337.0,0.30353280901908875,0,B00BP47QWK
B00AMD5I7U,B005LIXPPI,full,1078.0,0.0,1.0,5,B008GE8R34
B00AMD5I7U,B005LIXPPI,shuffled,5550.0,4472.0,0.20379015803337097,0,B00BA7ZWEG
B00AMD5I7U,B005LIXPPI,uniform,596.0,-482.0,0.7625818848609924,1,B0080FVGOQ
B005R961PM,B003Z9SNLG,full,810.0,0.0,1.000000238418579,5,B005G3VM80
B005R961PM,B003Z9SNLG,shuffled,4942.0,4132.0,0.40322577953338623,1,B00DEO56HQ
B005R961PM,B003Z9SNLG,uniform,3943.0,3133.0,0.5883851647377014,1,B00E5MHD7M
B003QR06EO,B0058KLRPE,full,134.0,0.0,1.0,5,B000R4LN32
B003QR06EO,B0058KLRPE,shuffled,1710.0,1576.0,0.3139778673648834,0,B0001TP9FG
B003QR06EO,B0058KLRPE,uniform,200.0,66.0,0.3195229172706604,0,B007CGQ5AY
B00CWRLCV0,B003BAEVJ2,full,648.0,0.0,0.9999998807907104,5,B001UKA7O8
B00CWRLCV0,B003BAEVJ2,shuffled,6325.0,5677.0,0.1242947205901146,0,B0002UP9FO
B00CWRLCV0,B003BAEVJ2,uniform,6205.0,5557.0,0.12243342399597168,0,B001NPD6PM
B00BRB29YQ,B00A6Y9C40,full,333.0,0.0,1.0,5,B005VF6TK4
B00BRB29YQ,B00A6Y9C40,shuffled,2916.0,2583.0,0.08269411325454712,0,B0084G4OKO
B00BRB29YQ,B00A6Y9C40,uniform,818.0,485.0,0.2712514102458954,0,B00CBP45Q2
B00BQZ7OCK,B008K9C9Q6,full,19.0,0.0,1.000000238418579,5,B007VYRFX8
B00BQZ7OCK,B008K9C9Q6,shuffled,621.0,602.0,0.6185241937637329,0,B003IRY0XA
B00BQZ7OCK,B008K9C9Q6,uniform,2572.0,2553.0,0.6346879601478577,0,B00CNE6EEW
B00112FYQG,B004T4M9E8,full,43.0,0.0,1.000000238418579,5,B004B7PMVK
B00112FYQG,B004T4M9E8,shuffled,54.0,11.0,0.5792869329452515,2,B004B7PMVK
B00112FYQG,B004T4M9E8,uniform,67.0,24.0,0.8948298692703247,3,B008T479JO
B002G9UC1A,B0081RM7XW,full,49.0,0.0,1.0,5,B0047BJE0K
B002G9UC1A,B0081RM7XW,shuffled,88.0,39.0,0.15873968601226807,0,B00E3Z2XFS
B002G9UC1A,B0081RM7XW,uniform,35.0,-14.0,0.5856344103813171,0,B0078KLOH8
B009OKKA5W,B0076Z9GS4,full,77.0,0.0,1.0,5,B00606OMNO
B009OKKA5W,B0076Z9GS4,shuffled,1858.0,1781.0,-0.1235242411494255,0,B006RI34ZC
B009OKKA5W,B0076Z9GS4,uniform,676.0,599.0,0.3385099172592163,0,B003I86JVK
B001FQIYO2,B000JHQGVQ,full,1.0,0.0,1.0,5,B000JHQGVQ
B001FQIYO2,B000JHQGVQ,shuffled,17.0,16.0,0.1321313977241516,0,B009XWWJV4
B001FQIYO2,B000JHQGVQ,uniform,24.0,23.0,0.6534761786460876,0,B00BHIZILK
B005KP3UPW,B008B18A8Y,full,124.0,0.0,1.0000001192092896,5,B004U940JY
B005KP3UPW,B008B18A8Y,shuffled,1858.0,1734.0,0.3098752200603485,0,B00926S118
B005KP3UPW,B008B18A8Y,uniform,1446.0,1322.0,0.7217599153518677,0,B002ONC79I
B00EPDU2PG,B008EJ0MMU,full,2128.0,0.0,1.0000001192092896,5,B00BI4DTR8
B00EPDU2PG,B008EJ0MMU,shuffled,3626.0,1498.0,0.38937950134277344,0,B000XTO4KK
B00EPDU2PG,B008EJ0MMU,uniform,5757.0,3629.0,0.7005070447921753,1,B0095WFOW8
B00BV2QEV0,B00BV2QNUM,full,1.0,0.0,0.9999998807907104,5,B00BV2QNUM
B00BV2QEV0,B00BV2QNUM,shuffled,24.0,23.0,0.4877937138080597,1,B00BV2Q7NK
B00BV2QEV0,B00BV2QNUM,uniform,8.0,7.0,0.596096396446228,2,B00BV2SKLM
B003BWYEQ0,B0040M6G16,full,1459.0,0.0,1.0000001192092896,5,B00BXL2922
B003BWYEQ0,B0040M6G16,shuffled,5043.0,3584.0,0.28149253129959106,0,B00CL0CAEG
B003BWYEQ0,B0040M6G16,uniform,5492.0,4033.0,0.6632778644561768,0,B0016D7DRI
B000WEB0D0,B006BGJACQ,full,123.0,0.0,1.0,5,B001738I5S
B000WEB0D0,B006BGJACQ,shuffled,655.0,532.0,0.1268652379512787,0,B00D2CXAOG
B000WEB0D0,B006BGJACQ,uniform,3947.0,3824.0,0.30494338274002075,0,B00CX00UUK
B007X6BEF4,B005CVKLWE,full,961.0,0.0,1.0000001192092896,5,B005FRXAJG
B007X6BEF4,B005CVKLWE,shuffled,2951.0,1990.0,0.2894265651702881,0,B002TSURL8
B007X6BEF4,B005CVKLWE,uniform,2480.0,1519.0,0.39613965153694153,0,B005HFBLQA
B006IJVUYW,B00CLIV9ZE,full,9.0,0.0,1.0000001192092896,5,B00BHA7IBG
B006IJVUYW,B00CLIV9ZE,shuffled,278.0,269.0,0.39934390783309937,0,B000S6G5NM
B006IJVUYW,B00CLIV9ZE,uniform,684.0,675.0,0.44800785183906555,0,B007JFEUUA
B008H7I2L2,B006YYY8UO,full,3.0,0.0,1.0,5,B006FPIY7U
B008H7I2L2,B006YYY8UO,shuffled,185.0,182.0,0.28634920716285706,0,B003XS78ZG
B008H7I2L2,B006YYY8UO,uniform,9.0,6.0,0.6917136311531067,0,B005TX2N6M
B00509NSFU,B009Z41GL4,full,747.0,0.0,1.0,5,B009RU4I8E
B00509NSFU,B009Z41GL4,shuffled,262.0,-485.0,0.41509318351745605,1,B004D99MZS
B00509NSFU,B009Z41GL4,uniform,2420.0,1673.0,0.8485909700393677,3,B004D99MZS
B009L4NRSS,B007GYHINK,full,6.0,0.0,1.000000238418579,5,B007ZTL5US
B009L4NRSS,B007GYHINK,shuffled,1559.0,1553.0,0.40915122628211975,0,B005TGMERW
B009L4NRSS,B007GYHINK,uniform,272.0,266.0,0.3808082938194275,0,B005TGMERW
B00FDV30N0,B00A8D1Q8Y,full,36.0,0.0,0.9999998807907104,5,B00CL0CAEG
B00FDV30N0,B00A8D1Q8Y,shuffled,1348.0,1312.0,0.09630238264799118,0,B00BI4DTR8
B00FDV30N0,B00A8D1Q8Y,uniform,4222.0,4186.0,0.2513272166252136,0,B009ZZ7PYU
B002SVEJYC,B002SVEKNW,full,15.0,0.0,1.0,5,B00DEKLOYO
B002SVEJYC,B002SVEKNW,shuffled,362.0,347.0,0.18817898631095886,0,B006L74FRA
B002SVEJYC,B002SVEKNW,uniform,7.0,-8.0,0.7874583601951599,2,B001M0MYCE
B00CJLPB9I,B008VHXGLY,full,269.0,0.0,1.0,5,B00C6NS0BK
B00CJLPB9I,B008VHXGLY,shuffled,463.0,194.0,0.10331757366657257,0,B005XI83X0
B00CJLPB9I,B008VHXGLY,uniform,399.0,130.0,0.3649250566959381,0,B00517ABEW
B005TG0O6K,B007E4WL4S,full,513.0,0.0,0.9999999403953552,5,B003YCWEB4
B005TG0O6K,B007E4WL4S,shuffled,395.0,-118.0,0.1245901808142662,0,B004HZQTXG
B005TG0O6K,B007E4WL4S,uniform,1101.0,588.0,0.24086850881576538,0,B003NZKZQS
B001KOUGCW,B00AO1T42U,full,92.0,0.0,1.0,5,B00AZWLNV8
B001KOUGCW,B00AO1T42U,shuffled,3331.0,3239.0,0.2615121603012085,0,B00680K0D8
B001KOUGCW,B00AO1T42U,uniform,4621.0,4529.0,0.49759989976882935,0,B007E9T2LI
B007HRO9B0,B006Y8Q79U,full,180.0,0.0,1.0,5,B003MRQ37M
B007HRO9B0,B006Y8Q79U,shuffled,1101.0,921.0,0.2911115884780884,0,B009EB1WBW
B007HRO9B0,B006Y8Q79U,uniform,3366.0,3186.0,0.310706228017807,0,B0013EKE3K
B00EBUFSAW,B00B1W6FWI,full,1238.0,0.0,1.0,5,B004JHM9E0
B00EBUFSAW,B00B1W6FWI,shuffled,2224.0,986.0,0.2051723152399063,0,B0094IVR2E
B00EBUFSAW,B00B1W6FWI,uniform,4859.0,3621.0,0.39154350757598877,0,B005UVPINI
B0039BE27Y,B001KFURAW,full,1.0,0.0,1.0000001192092896,5,B001KFURAW
B0039BE27Y,B001KFURAW,shuffled,4570.0,4569.0,0.09193476289510727,0,B0001TP9FG
B0039BE27Y,B001KFURAW,uniform,37.0,36.0,0.5861614942550659,0,B004ORJLJQ
B00EHN44IA,B00726ORDQ,full,4056.0,0.0,1.0,5,B000BPUVQC
B00EHN44IA,B00726ORDQ,shuffled,4363.0,307.0,0.18332228064537048,0,B009CERO68
B00EHN44IA,B00726ORDQ,uniform,2639.0,-1417.0,0.48120707273483276,0,B003C1R750
B00066ZKS0,B008ZBQYLU,full,25.0,0.0,0.9999998807907104,5,B0038MJA8U
B00066ZKS0,B008ZBQYLU,shuffled,903.0,878.0,0.015341252088546753,0,B006CWV270
B00066ZKS0,B008ZBQYLU,uniform,2455.0,2430.0,0.16228772699832916,0,B0089G5STA
B000YHF5K4,B008RYZTWK,full,262.0,0.0,1.0,5,B002UFT5JA
B000YHF5K4,B008RYZTWK,shuffled,4544.0,4282.0,0.16774874925613403,0,B00CQ49NLU
B000YHF5K4,B008RYZTWK,uniform,3.0,-259.0,0.585739016532898,1,B001GW13QG
B009ADCOP2,B006ZP4SU2,full,189.0,0.0,1.0,5,B003ZYYBO4
B009ADCOP2,B006ZP4SU2,shuffled,5578.0,5389.0,0.1539238542318344,0,B005R961PM
B009ADCOP2,B006ZP4SU2,uniform,2279.0,2090.0,0.35431867837905884,0,B004U940JY
B004YO9IVU,B0048KRJ98,full,47.0,0.0,1.000000238418579,5,B0067ECBDM
B004YO9IVU,B0048KRJ98,shuffled,5404.0,5357.0,-0.04296942055225372,0,B00FDW5WNK
B004YO9IVU,B0048KRJ98,uniform,581.0,534.0,0.5402966737747192,0,B002DYJC3M
B00916YLW2,B007ZOLQGG,full,143.0,0.0,1.0,5,B005LXHCFW
B00916YLW2,B007ZOLQGG,shuffled,5097.0,4954.0,0.18022297322750092,0,B00DHOSV1Q
B00916YLW2,B007ZOLQGG,uniform,1759.0,1616.0,0.4087468087673187,0,B000EHIYPM
B006NCQPYO,B00DJBDZ6I,full,12.0,0.0,1.0000001192092896,5,B00D6G9NX0
B006NCQPYO,B00DJBDZ6I,shuffled,634.0,622.0,0.1692395657300949,0,B003FGW8MO
B006NCQPYO,B00DJBDZ6I,uniform,1719.0,1707.0,0.08696308732032776,0,B00A6X1ZHS
B000JM3A1A,B007WGBT1O,full,376.0,0.0,1.0000001192092896,5,B005KMKG9S
B000JM3A1A,B007WGBT1O,shuffled,4939.0,4563.0,0.15774089097976685,0,B0046R0BDE
B000JM3A1A,B007WGBT1O,uniform,512.0,136.0,0.46465784311294556,0,B00FD8I2HC
B0097YZI2K,B003OQTWS8,full,11.0,0.0,1.0000001192092896,5,B008BOX7T8
B0097YZI2K,B003OQTWS8,shuffled,2656.0,2645.0,0.15719527006149292,0,B002N8A23M
B0097YZI2K,B003OQTWS8,uniform,959.0,948.0,0.3840021789073944,0,B009ZH9MSA
B000A38K4A,B000G7BCRW,full,377.0,0.0,1.0,5,B00ANLQM44
B000A38K4A,B000G7BCRW,shuffled,1463.0,1086.0,0.22891579568386078,0,B004CR4ZC6
B000A38K4A,B000G7BCRW,uniform,767.0,390.0,0.6373852491378784,0,B003FGW8MO
B00BAQ3TWY,B00E9K6MUO,full,197.0,0.0,1.0,5,B0050JP4PM
B00BAQ3TWY,B00E9K6MUO,shuffled,552.0,355.0,0.34055280685424805,0,B004J8I4VQ
B00BAQ3TWY,B00E9K6MUO,uniform,324.0,127.0,0.2616613209247589,0,B004VE4GF6
B00BT0JNWQ,B00AG3YJTY,full,121.0,0.0,1.0,5,B0047BJE0K
B00BT0JNWQ,B00AG3YJTY,shuffled,1756.0,1635.0,0.11697901785373688,0,B003QCGEVS
B00BT0JNWQ,B00AG3YJTY,uniform,2186.0,2065.0,0.5048621296882629,0,B0088N39PY
B001PIXJTA,B005E0TR32,full,93.0,0.0,1.0000001192092896,5,B005TF2WUM
B001PIXJTA,B005E0TR32,shuffled,1412.0,1319.0,0.31042248010635376,0,B003AU631M
B001PIXJTA,B005E0TR32,uniform,276.0,183.0,0.37518125772476196,0,B004O92RP4
B00G6UFA94,B000QHHX2K,full,205.0,0.0,1.0000001192092896,5,B00DE4GBUM
B00G6UFA94,B000QHHX2K,shuffled,250.0,45.0,0.3396889567375183,0,B005HIQ9KA
B00G6UFA94,B000QHHX2K,uniform,434.0,229.0,0.2604522705078125,0,B00BHKFFAW
B00C865HBQ,B004FN2OYI,full,1.0,0.0,1.0000001192092896,5,B004FN2OYI
B00C865HBQ,B004FN2OYI,shuffled,1071.0,1070.0,0.19554655253887177,0,B002Q0QYZW
B00C865HBQ,B004FN2OYI,uniform,2.0,1.0,0.5574322938919067,1,B008UAI8II
B004I0C5XI,B00A21JW60,full,331.0,0.0,1.0000001192092896,5,B004U9F624
B004I0C5XI,B00A21JW60,shuffled,1423.0,1092.0,0.14670899510383606,0,B0078W27NQ
B004I0C5XI,B00A21JW60,uniform,4402.0,4071.0,0.4013282358646393,0,B00FJW4OGK
B007QPAWNM,B0017MXLL0,full,107.0,0.0,1.0,5,B005SEDVRM
B007QPAWNM,B0017MXLL0,shuffled,776.0,669.0,0.24928930401802063,0,B0048M1YLU
B007QPAWNM,B0017MXLL0,uniform,177.0,70.0,0.7031988501548767,1,B00EEKGR8Q
B00GKENI2W,B009L4ZBNM,full,5544.0,0.0,1.000000238418579,5,B00A9WRDY0
B00GKENI2W,B009L4ZBNM,shuffled,179.0,-5365.0,0.36085793375968933,0,B003R50LA4
B00GKENI2W,B009L4ZBNM,uniform,6181.0,637.0,0.5064706206321716,0,B00B8XSUSW
B001WAL2PE,B004IWHEAU,full,1916.0,0.0,1.0,5,B0052U6EBC
B001WAL2PE,B004IWHEAU,shuffled,908.0,-1008.0,0.6960500478744507,0,B006TG7W3M
B001WAL2PE,B004IWHEAU,uniform,5715.0,3799.0,0.6058065891265869,0,B007JFEWQW
B0070DEQP0,B00DXRW6DQ,full,5931.0,0.0,1.000000238418579,5,B004I0F0LW
B0070DEQP0,B00DXRW6DQ,shuffled,6295.0,364.0,0.5534431338310242,0,B005X0A2UU
B0070DEQP0,B00DXRW6DQ,uniform,6157.0,226.0,0.2884010076522827,0,B006UJFF0K
B00CIYDP94,B00CJSTN5O,full,915.0,0.0,1.0,5,B006VY6A12
B00CIYDP94,B00CJSTN5O,shuffled,2131.0,1216.0,0.49696069955825806,0,B005FYL1GI
B00CIYDP94,B00CJSTN5O,uniform,1130.0,215.0,0.16933943331241608,0,B0088N39PY
B0098GE6OI,B002O1UMAG,full,830.0,0.0,0.9999998807907104,5,B0085UC7EY
B0098GE6OI,B002O1UMAG,shuffled,1408.0,578.0,0.1825522482395172,0,B007X2DKWS
B0098GE6OI,B002O1UMAG,uniform,418.0,-412.0,0.5661428570747375,0,B0081365S4
B008AYYVVM,B005QS5P92,full,954.0,0.0,1.0000001192092896,5,B005LA7QII
B008AYYVVM,B005QS5P92,shuffled,1164.0,210.0,0.10551505535840988,0,B00B4DX3XI
B008AYYVVM,B005QS5P92,uniform,507.0,-447.0,0.4869999587535858,0,B008MATC54
B005X0A2UU,B007RKULSW,full,30.0,0.0,1.0,5,B00A7DWRC4
B005X0A2UU,B007RKULSW,shuffled,971.0,941.0,0.5237990021705627,1,B0041IY8I2
B005X0A2UU,B007RKULSW,uniform,585.0,555.0,0.3452339470386505,0,B007MI4PIG
B009BHF8XW,B0081GC3AK,full,265.0,0.0,1.0000001192092896,5,B003RWG8KO
B009BHF8XW,B0081GC3AK,shuffled,1828.0,1563.0,0.2641940712928772,0,B003ZKB0O2
B009BHF8XW,B0081GC3AK,uniform,1775.0,1510.0,0.5591202974319458,0,B005IZUOOE
B007DJ7XOC,B004LK9GZ0,full,1.0,0.0,1.0,5,B004LK9GZ0
B007DJ7XOC,B004LK9GZ0,shuffled,831.0,830.0,0.4622291326522827,0,B00CT5A57W
B007DJ7XOC,B004LK9GZ0,uniform,15.0,14.0,0.6647601127624512,2,B000EMDA1A
B00BIFZU4C,B004Q3PQYM,full,20.0,0.0,1.000000238418579,5,B0047BJE0K
B00BIFZU4C,B004Q3PQYM,shuffled,1055.0,1035.0,0.2034124881029129,0,B00853EBJU
B00BIFZU4C,B004Q3PQYM,uniform,176.0,156.0,0.5660971403121948,1,B00AAST0WQ
B002TLTIA6,B005BU5OIM,full,182.0,0.0,1.000000238418579,5,B004QL7C32
B002TLTIA6,B005BU5OIM,shuffled,5486.0,5304.0,0.2673830986022949,0,B009F7KYSW
B002TLTIA6,B005BU5OIM,uniform,142.0,-40.0,0.42382436990737915,0,B007JFEUUA
B001LQG1N2,B000VZOJG0,full,32.0,0.0,0.9999998807907104,5,B004V93LYI
B001LQG1N2,B000VZOJG0,shuffled,523.0,491.0,-0.0380876287817955,0,B003WLZX38
B001LQG1N2,B000VZOJG0,uniform,102.0,70.0,0.7121399641036987,0,B003FGW8MO
B003IWGZQA,B004VMHQ8M,full,16.0,0.0,1.000000238418579,5,B008LK7CAW
B003IWGZQA,B004VMHQ8M,shuffled,4176.0,4160.0,0.08818471431732178,0,B002IDD3BU
B003IWGZQA,B004VMHQ8M,uniform,140.0,124.0,0.6580555438995361,1,B005DIF4ZK
B000MX1M98,B00A78V6NU,full,113.0,0.0,1.0000001192092896,5,B000EHL3WS
B000MX1M98,B00A78V6NU,shuffled,696.0,583.0,0.3066164255142212,0,B0051D0X2Q
B000MX1M98,B00A78V6NU,uniform,2392.0,2279.0,0.4665803015232086,1,B0094I4IOI
B008EYOK2S,B00GINTLRQ,full,115.0,0.0,1.0,5,B0085TF48G
B008EYOK2S,B00GINTLRQ,shuffled,6232.0,6117.0,-0.012511206790804863,0,B000MTKYVO
B008EYOK2S,B00GINTLRQ,uniform,4826.0,4711.0,0.29109907150268555,0,B004DLNRSE
B0077RS0VU,B008K856DK,full,5.0,0.0,1.0,5,B00BIQKAWS
B0077RS0VU,B008K856DK,shuffled,5271.0,5266.0,0.14156344532966614,0,B00EW46JWS
B0077RS0VU,B008K856DK,uniform,61.0,56.0,0.49575021862983704,0,B004LYG40Q
B001WAL2UE,B003I86JVK,full,33.0,0.0,1.0,5,B001SERZCS
B001WAL2UE,B003I86JVK,shuffled,2066.0,2033.0,-0.0681314468383789,0,B000JOVTW0
B001WAL2UE,B003I86JVK,uniform,1937.0,1904.0,0.55683833360672,0,B00EMT9N4E
B009W2ETIQ,B005NH73N2,full,627.0,0.0,1.0000001192092896,5,B00997MHV0
B009W2ETIQ,B005NH73N2,shuffled,825.0,198.0,0.00065664853900671,0,B00898238C
B009W2ETIQ,B005NH73N2,uniform,1289.0,662.0,0.061476580798625946,0,B009K8BJJY
B001GHIUDK,B0011MPO0M,full,41.0,0.0,1.0,5,B00GTTLEZQ
B001GHIUDK,B0011MPO0M,shuffled,370.0,329.0,0.4128493666648865,0,B005NJWXTE
B001GHIUDK,B0011MPO0M,uniform,4531.0,4490.0,0.10439986735582352,0,B0036XOGY4
B00BJO34NG,B002QEBQCO,full,3.0,0.0,1.000000238418579,5,B00DEKLOYO
B00BJO34NG,B002QEBQCO,shuffled,425.0,422.0,0.2460128366947174,0,B000TPFU2Y
B00BJO34NG,B002QEBQCO,uniform,11.0,8.0,0.744953989982605,0,B003UPUYIA
B005BSLCWQ,B0084YZBAI,full,16.0,0.0,1.0,5,B002IL3QHS
B005BSLCWQ,B0084YZBAI,shuffled,3515.0,3499.0,0.013282718136906624,0,B004Z5EMUK
B005BSLCWQ,B0084YZBAI,uniform,235.0,219.0,0.3338998258113861,0,B004B3T6R0
B0084OPRIO,B003E420MU,full,107.0,0.0,1.0000001192092896,5,B007T5JNJ8
B0084OPRIO,B003E420MU,shuffled,1454.0,1347.0,0.038956932723522186,0,B005B4MD0K
B0084OPRIO,B003E420MU,uniform,5317.0,5210.0,0.28587087988853455,0,B00BFGXK8C
B00599EYZY,B0059E5E80,full,43.0,0.0,1.0000001192092896,5,B005IYLOYE
B00599EYZY,B0059E5E80,shuffled,209.0,166.0,0.10848946869373322,0,B001T29B8A
B00599EYZY,B0059E5E80,uniform,39.0,-4.0,0.5192180871963501,0,B00A6X1ZHS
B00DYY7QO2,B0048KPYFY,full,1.0,0.0,1.0,5,B0048KPYFY
B00DYY7QO2,B0048KPYFY,shuffled,1655.0,1654.0,0.21585842967033386,0,B000ICXEHQ
B00DYY7QO2,B0048KPYFY,uniform,1183.0,1182.0,0.3492308557033539,0,B0047PRDTA
B009ADCOP2,B00483AQX6,full,92.0,0.0,1.0,5,B008PHCDA0
B009ADCOP2,B00483AQX6,shuffled,586.0,494.0,0.25459378957748413,0,B005967P9Y
B009ADCOP2,B00483AQX6,uniform,2.0,-90.0,0.5272959470748901,0,B004U940JY
B005HGTEPY,B007CCWNBI,full,788.0,0.0,1.000000238418579,5,B007E4SN6S
B005HGTEPY,B007CCWNBI,shuffled,1028.0,240.0,0.3952123820781708,0,B004MYFR3K
B005HGTEPY,B007CCWNBI,uniform,6162.0,5374.0,0.4791991114616394,0,B000TQUJUG
B0054PCK4U,B0049W8IGI,full,9.0,0.0,1.000000238418579,5,B00AAX118C
B0054PCK4U,B0049W8IGI,shuffled,4530.0,4521.0,0.11516468226909637,0,B003RW46LW
B0054PCK4U,B0049W8IGI,uniform,560.0,551.0,0.281599223613739,0,B00BP47QWK
B004QQJAF0,B00BJXOE36,full,228.0,0.0,1.0,5,B001MG8S82
B004QQJAF0,B00BJXOE36,shuffled,3182.0,2954.0,0.21750439703464508,0,B0087KO9TS
B004QQJAF0,B00BJXOE36,uniform,1402.0,1174.0,0.409350723028183,0,B00CCR7O1C
B00637KYVY,B003YQJFWG,full,323.0,0.0,0.9999998807907104,5,B001H3HVS8
B00637KYVY,B003YQJFWG,shuffled,3018.0,2695.0,0.4421864151954651,0,B009UW1TRC
B00637KYVY,B003YQJFWG,uniform,2955.0,2632.0,0.5554310083389282,0,B006VY4S1Q
B0083Z6QDO,B00CA33WFU,full,65.0,0.0,1.0,5,B005ZCCRRW
B0083Z6QDO,B00CA33WFU,shuffled,4508.0,4443.0,0.08382242172956467,0,B008LWSZX8
B0083Z6QDO,B00CA33WFU,uniform,720.0,655.0,0.5706702470779419,0,B007JQKPXA
B00CE1SWLM,B00CMQWPS0,full,145.0,0.0,1.0,5,B00AYU2QZ8
B00CE1SWLM,B00CMQWPS0,shuffled,2834.0,2689.0,0.04417482390999794,0,B0080FVGOQ
B00CE1SWLM,B00CMQWPS0,uniform,3439.0,3294.0,0.30146652460098267,0,B0096UD3FO
B004XWCRKC,B007JPU7G6,full,9.0,0.0,1.000000238418579,5,B009GMTC2K
B004XWCRKC,B007JPU7G6,shuffled,798.0,789.0,0.4901575446128845,2,B003M6FD4C
B004XWCRKC,B007JPU7G6,uniform,42.0,33.0,0.4735666811466217,0,B003H3B9ZM
B0013KOIL8,B002QLE37C,full,4.0,0.0,1.0,5,B004AYN4SW
B0013KOIL8,B002QLE37C,shuffled,110.0,106.0,0.3347199261188507,0,B003FSSP8I
B0013KOIL8,B002QLE37C,uniform,5.0,1.0,0.8292080760002136,4,B002VN45DC
B008V2JXTS,B00CI4EWXW,full,83.0,0.0,1.0,5,B00D6G9NX0
B008V2JXTS,B00CI4EWXW,shuffled,33.0,-50.0,0.29692184925079346,0,B003YOPRJS
B008V2JXTS,B00CI4EWXW,uniform,67.0,-16.0,0.6222440600395203,0,B0076OAOL8
B005JFAIQ2,B000V5DSCG,full,12.0,0.0,1.0000001192092896,5,B0017I3MEU
B005JFAIQ2,B000V5DSCG,shuffled,5124.0,5112.0,-0.0737602561712265,0,B00C6AOL2K
B005JFAIQ2,B000V5DSCG,uniform,1037.0,1025.0,0.46823689341545105,0,B00817551I
B00DI9YY8O,B00CFPGOH6,full,502.0,0.0,1.0000001192092896,5,B004DCCKBI
B00DI9YY8O,B00CFPGOH6,shuffled,3765.0,3263.0,0.15269440412521362,0,B00EEKGR8Q
B00DI9YY8O,B00CFPGOH6,uniform,3374.0,2872.0,0.4032752811908722,0,B00BINKQQQ
B003URVV8A,B00F6BZOWM,full,413.0,0.0,1.0,5,B00EQG6D0A
B003URVV8A,B00F6BZOWM,shuffled,1959.0,1546.0,0.19089370965957642,0,B0054PCK4U
B003URVV8A,B00F6BZOWM,uniform,2935.0,2522.0,0.44310274720191956,0,B0096UD3FO
B0088B8CM6,B007YHY634,full,34.0,0.0,1.0,5,B009ZHNKGA
B0088B8CM6,B007YHY634,shuffled,614.0,580.0,0.09593717753887177,0,B00E5OOLKM
B0088B8CM6,B007YHY634,uniform,5019.0,4985.0,0.266227662563324,0,B00BY24W7K
B00BW9IQBS,B005X0895K,full,4857.0,0.0,1.0000001192092896,5,B00GHN6XLY
B00BW9IQBS,B005X0895K,shuffled,4838.0,-19.0,0.38858991861343384,0,B001LV9ZQM
B00BW9IQBS,B005X0895K,uniform,4568.0,-289.0,0.42746856808662415,0,B004K2NSGM
B000RZ3L68,B001UFZIJ2,full,17.0,0.0,1.0,5,B00CIYB66I
B000RZ3L68,B001UFZIJ2,shuffled,997.0,980.0,0.2214718759059906,0,B007V9SGZE
B000RZ3L68,B001UFZIJ2,uniform,333.0,316.0,0.2502747178077698,0,B007685WB6
B007N2RG00,B003WER4FK,full,1.0,0.0,1.0,5,B003WER4FK
B007N2RG00,B003WER4FK,shuffled,3905.0,3904.0,0.16189774870872498,0,B007Y2VXGW
B007N2RG00,B003WER4FK,uniform,70.0,69.0,0.5179506540298462,0,B003AQK8G2
B000L9S5NY,B007TYWH74,full,20.0,0.0,1.0000001192092896,5,B00GJXS400
B000L9S5NY,B007TYWH74,shuffled,5972.0,5952.0,0.12663505971431732,0,B004AAG0B4
B000L9S5NY,B007TYWH74,uniform,118.0,98.0,0.47357362508773804,0,B003I86JVK
B007S41PRS,B00DGA6TWY,full,539.0,0.0,1.0,5,B003ZHH2MY
B007S41PRS,B00DGA6TWY,shuffled,4244.0,3705.0,0.25499227643013,0,B0085BTBH4
B007S41PRS,B00DGA6TWY,uniform,3558.0,3019.0,0.23316894471645355,0,B009T6010U
B00ATREDFC,B007TMU7Z0,full,56.0,0.0,1.0000001192092896,5,B00C9GENNS
B00ATREDFC,B007TMU7Z0,shuffled,1848.0,1792.0,0.09098577499389648,0,B007Y76UPG
B00ATREDFC,B007TMU7Z0,uniform,534.0,478.0,0.5426135659217834,1,B007QGOH5A
B00CJSA0L0,B00CJRUN9U,full,87.0,0.0,0.9999999403953552,5,B00APU4PO2
B00CJSA0L0,B00CJRUN9U,shuffled,1852.0,1765.0,0.25899556279182434,0,B004RENPLG
B00CJSA0L0,B00CJRUN9U,uniform,53.0,-34.0,0.7157222032546997,1,B006WS4RGC
B001F23NH4,B00BGKZEKY,full,19.0,0.0,1.0000001192092896,5,B00AFRC2EU
B001F23NH4,B00BGKZEKY,shuffled,678.0,659.0,0.006139813922345638,0,B007VN04BO
B001F23NH4,B00BGKZEKY,uniform,692.0,673.0,0.4240047335624695,0,B002HNSH80
B00A1W3NB0,B0072D9SJ2,full,6.0,0.0,1.0000001192092896,5,B0036YWMBM
B00A1W3NB0,B0072D9SJ2,shuffled,1641.0,1635.0,0.3343889117240906,0,B00AQFAWU2
B00A1W3NB0,B0072D9SJ2,uniform,8.0,2.0,0.5754157304763794,0,B0024V5VKM
B007R78YK2,B008AOKHCE,full,2639.0,0.0,0.9999999403953552,5,B007BRMYGS
B007R78YK2,B008AOKHCE,shuffled,1662.0,-977.0,0.28289783000946045,0,B00B0QP1XY
B007R78YK2,B008AOKHCE,uniform,2013.0,-626.0,0.34552234411239624,0,B0017WRLYI
B008QT38YW,B000KK0O8S,full,4.0,0.0,1.0,5,B0083Q0GE8
B008QT38YW,B000KK0O8S,shuffled,5955.0,5951.0,0.2394810914993286,0,B002EEP43I
B008QT38YW,B000KK0O8S,uniform,1781.0,1777.0,0.4623986780643463,0,B008FQQHSA
B00BARY35A,B006PGW58I,full,5.0,0.0,1.0000001192092896,5,B00CPSDPCU
B00BARY35A,B006PGW58I,shuffled,4116.0,4111.0,0.1431615948677063,0,B004EHYK5G
B00BARY35A,B006PGW58I,uniform,253.0,248.0,0.5782639980316162,0,B0096UD3FO
B008K1QJ5G,B005A3Q2W2,full,5019.0,0.0,0.9999999403953552,5,B0013EG76S
B008K1QJ5G,B005A3Q2W2,shuffled,1428.0,-3591.0,0.16158267855644226,0,B00EUEB41G
B008K1QJ5G,B005A3Q2W2,uniform,2814.0,-2205.0,0.4490290880203247,0,B0013V4QRI
B007P28IKK,B001SN7QH8,full,144.0,0.0,1.0000001192092896,5,B00C4YRJKO
B007P28IKK,B001SN7QH8,shuffled,1383.0,1239.0,0.2890436351299286,0,B00BOVP3NI
B007P28IKK,B001SN7QH8,uniform,2137.0,1993.0,0.7694618701934814,4,B003WE90FW
B0076Z9GS4,B006VWU4TI,full,1094.0,0.0,1.0000001192092896,5,B004SK95TA
B0076Z9GS4,B006VWU4TI,shuffled,1702.0,608.0,-0.05672049522399902,0,B001SN7QH8
B0076Z9GS4,B006VWU4TI,uniform,5286.0,4192.0,0.18457353115081787,0,B00BFGXK8C
B00BJHF36O,B0091600H2,full,59.0,0.0,1.000000238418579,5,B00EVG3QOG
B00BJHF36O,B0091600H2,shuffled,2208.0,2149.0,0.3077663779258728,0,B00C2O2W8U
B00BJHF36O,B0091600H2,uniform,2330.0,2271.0,0.25960299372673035,0,B006I8W14Q
B004LAO7PE,B006HT40OK,full,17.0,0.0,1.0000001192092896,5,B004VFHTL8
B004LAO7PE,B006HT40OK,shuffled,778.0,761.0,0.1945355236530304,0,B00926S118
B004LAO7PE,B006HT40OK,uniform,49.0,32.0,0.44919803738594055,1,B005N56BXW
B007TZ3DNA,B00CMQ8ZXO,full,111.0,0.0,1.0,5,B00F6S5GUK
B007TZ3DNA,B00CMQ8ZXO,shuffled,1113.0,1002.0,0.30848994851112366,0,B003L4LYB6
B007TZ3DNA,B00CMQ8ZXO,uniform,1465.0,1354.0,0.5165008306503296,1,B00F6S5GUK
B00CAHM74S,B008STCL4I,full,70.0,0.0,0.9999999403953552,5,B007WPJNBS
B00CAHM74S,B008STCL4I,shuffled,4479.0,4409.0,0.10312937200069427,0,B0001TP9FG
B00CAHM74S,B008STCL4I,uniform,3865.0,3795.0,0.5913059115409851,1,B00BXEQ132
B00DG9ISYM,B008Y24H1E,full,24.0,0.0,1.0,5,B00EDKMZ7Y
B00DG9ISYM,B008Y24H1E,shuffled,5155.0,5131.0,0.13003478944301605,0,B007PJ3ORU
B00DG9ISYM,B008Y24H1E,uniform,66.0,42.0,0.4332565367221832,0,B0089CDEBI
B000YHJDOI,B005H2CBC6,full,1545.0,0.0,1.0,5,B000CP9TY6
B000YHJDOI,B005H2CBC6,shuffled,6252.0,4707.0,0.3238379657268524,0,B001LV9ZQM
B000YHJDOI,B005H2CBC6,uniform,5661.0,4116.0,0.3886895477771759,0,B007PYDN62
B00BIQ1XCE,B007E82H7A,full,327.0,0.0,1.0,5,B004M8R9MI
B00BIQ1XCE,B007E82H7A,shuffled,2924.0,2597.0,0.10415732860565186,0,B004JKDNB0
B00BIQ1XCE,B007E82H7A,uniform,374.0,47.0,0.39503082633018494,0,B009JJG3JA
B004IK83WU,B00590Q14U,full,3885.0,0.0,1.0,5,B008B18A8Y
B004IK83WU,B00590Q14U,shuffled,3413.0,-472.0,0.24502187967300415,0,B00DDPY13Q
B004IK83WU,B00590Q14U,uniform,4198.0,313.0,0.15028102695941925,0,B005CQAIYK
B0002NZ11I,B001086JAQ,full,26.0,0.0,0.9999998807907104,5,B000E9WBOK
B0002NZ11I,B001086JAQ,shuffled,1919.0,1893.0,0.17964011430740356,0,B004TMM1N4
B0002NZ11I,B001086JAQ,uniform,170.0,144.0,0.4587448239326477,0,B004U940JY
B0091V9DR0,B00653QDEI,full,75.0,0.0,1.0000001192092896,5,B006CWV270
B0091V9DR0,B00653QDEI,shuffled,4374.0,4299.0,0.48582136631011963,0,B004G09IXK
B0091V9DR0,B00653QDEI,uniform,2419.0,2344.0,0.43924087285995483,0,B0091RIIRA
B009RVTT4G,B004HW68YY,full,807.0,0.0,1.0000001192092896,5,B006NR72OQ
B009RVTT4G,B004HW68YY,shuffled,4361.0,3554.0,0.26265978813171387,0,B0017WRLYI
B009RVTT4G,B004HW68YY,uniform,4736.0,3929.0,0.5730955004692078,1,B007F2LW2Q
B0085IGAU8,B00AOLMMLK,full,91.0,0.0,0.9999998807907104,5,B005HWOJD0
B0085IGAU8,B00AOLMMLK,shuffled,1687.0,1596.0,0.12236309796571732,0,B008G0SU26
B0085IGAU8,B00AOLMMLK,uniform,231.0,140.0,0.5788410902023315,0,B00B2ZMJOM
B007PVC4R4,B0038MJA8U,full,63.0,0.0,1.0,5,B006Z8FZ06
B007PVC4R4,B0038MJA8U,shuffled,1651.0,1588.0,-0.12355614453554153,0,B007VN04BO
B007PVC4R4,B0038MJA8U,uniform,55.0,-8.0,0.48146912455558777,0,B00GNKJKFC
B0072701PS,B00GMRXOYY,full,547.0,0.0,1.0000001192092896,5,B0067EWIK8
B0072701PS,B00GMRXOYY,shuffled,3040.0,2493.0,0.18128718435764313,0,B0010Z3G8C
B0072701PS,B00GMRXOYY,uniform,1286.0,739.0,0.6383548974990845,1,B006U228L6
B008G0SU26,B0077RS0VU,full,3551.0,0.0,1.0000001192092896,5,B0085PJDJG
B008G0SU26,B0077RS0VU,shuffled,443.0,-3108.0,0.32244670391082764,0,B00C2ZDU62
B008G0SU26,B0077RS0VU,uniform,804.0,-2747.0,0.6624506711959839,0,B003HNA8WW
B0087DW93S,B009YJ8O60,full,168.0,0.0,1.0,5,B0041IVTJ8
B0087DW93S,B009YJ8O60,shuffled,5700.0,5532.0,0.1443556249141693,0,B008ILTI24
B0087DW93S,B009YJ8O60,uniform,4477.0,4309.0,0.38056400418281555,0,B005J4C8HA
B00542QOFE,B0050WOT9Q,full,70.0,0.0,0.9999998807907104,5,B001C4AYBI
B00542QOFE,B0050WOT9Q,shuffled,5342.0,5272.0,0.10347568988800049,0,B006CXC0IY
B00542QOFE,B0050WOT9Q,uniform,358.0,288.0,0.3472714126110077,0,B004T6PKTW
B00F6S5GUK,B0058RUUH8,full,6183.0,0.0,1.000000238418579,5,B0075BDBSA
B00F6S5GUK,B0058RUUH8,shuffled,6071.0,-112.0,0.537079930305481,0,B0081ST50O
B00F6S5GUK,B0058RUUH8,uniform,5995.0,-188.0,0.5185553431510925,0,B00CX00UUK
B00CSRZ7VA,B00C6AOL2K,full,3.0,0.0,1.0,5,B003FGW8MO
B00CSRZ7VA,B00C6AOL2K,shuffled,922.0,919.0,0.22379478812217712,0,B00ALRS9OG
B00CSRZ7VA,B00C6AOL2K,uniform,15.0,12.0,0.8174650073051453,2,B003FGW8MO
B008N67FVK,B002KQ6H4U,full,22.0,0.0,1.0000001192092896,5,B00BUIZB1O
B008N67FVK,B002KQ6H4U,shuffled,2480.0,2458.0,0.02809317782521248,0,B004RENPLG
B008N67FVK,B002KQ6H4U,uniform,32.0,10.0,0.6433321237564087,2,B006WS4RGC
B00CJLPB9I,B007MI4PIG,full,83.0,0.0,1.0000001192092896,5,B00517ABEW
B00CJLPB9I,B007MI4PIG,shuffled,3498.0,3415.0,-0.04854332655668259,0,B005XXYY2O
B00CJLPB9I,B007MI4PIG,uniform,29.0,-54.0,0.7179322242736816,1,B00517ABEW
B00261C2V6,B00CKOR1GA,full,21.0,0.0,1.0,5,B004G71M28
B00261C2V6,B00CKOR1GA,shuffled,1039.0,1018.0,0.13544803857803345,0,B005X0895K
B00261C2V6,B00CKOR1GA,uniform,5285.0,5264.0,0.18420998752117157,0,B0051VMI3K
B009VE8P1C,B007E7R9ZQ,full,213.0,0.0,1.0,5,B004MPQ8X2
B009VE8P1C,B007E7R9ZQ,shuffled,895.0,682.0,0.2156742811203003,0,B00F6886DY
B009VE8P1C,B007E7R9ZQ,uniform,1213.0,1000.0,0.6957888007164001,0,B005KSBJL6
B004MDLAF0,B007P3PMHQ,full,18.0,0.0,1.0,5,B007VN04BO
B004MDLAF0,B007P3PMHQ,shuffled,2654.0,2636.0,0.212739497423172,0,B00A4YLIDA
B004MDLAF0,B007P3PMHQ,uniform,2280.0,2262.0,0.27745530009269714,0,B00BP47QWK
B00CJSA0L0,B006H4LI7C,full,10.0,0.0,1.0000001192092896,5,B003JY6WY2
B00CJSA0L0,B006H4LI7C,shuffled,681.0,671.0,0.2606445848941803,0,B00BUIZB1O
B00CJSA0L0,B006H4LI7C,uniform,94.0,84.0,0.6243537068367004,0,B006ZP4OZQ
B0085OZ8HS,B0085O4Q7Q,full,3.0,0.0,1.0,5,B00791QBIS
B0085OZ8HS,B0085O4Q7Q,shuffled,5663.0,5660.0,-0.17978143692016602,0,B008VRA3AG
B0085OZ8HS,B0085O4Q7Q,uniform,1006.0,1003.0,0.38776928186416626,0,B005X71DGK
B003QCBBJI,B003QCGEVS,full,1.0,0.0,1.0,5,B003QCGEVS
B003QCBBJI,B003QCGEVS,shuffled,957.0,956.0,-0.021871093660593033,0,B0061SL9LO
B003QCBBJI,B003QCGEVS,uniform,81.0,80.0,0.7410165667533875,0,B0043521FA
B0067K5MNC,B00AAJ687U,full,4642.0,0.0,1.0,5,B00BLQH30W
B0067K5MNC,B00AAJ687U,shuffled,1098.0,-3544.0,0.23364801704883575,0,B005KS080Y
B0067K5MNC,B00AAJ687U,uniform,5104.0,462.0,0.7406310439109802,1,B0070O1PLC
B003IB71I2,B0016JD8PI,full,48.0,0.0,1.000000238418579,5,B007DJAQDC
B003IB71I2,B0016JD8PI,shuffled,600.0,552.0,0.376400887966156,1,B003G8MLWS
B003IB71I2,B0016JD8PI,uniform,100.0,52.0,0.7691152691841125,2,B003G8MLWS
B005TL7L5W,B00A6ZEW5S,full,949.0,0.0,1.0,5,B003AKZH5K
B005TL7L5W,B00A6ZEW5S,shuffled,154.0,-795.0,0.22590716183185577,0,B00CH1JZ92
B005TL7L5W,B00A6ZEW5S,uniform,606.0,-343.0,0.37116584181785583,0,B001U239PU
B005H9ZP8Q,B000BTMG0C,full,100.0,0.0,1.0,5,B0007T2NAO
B005H9ZP8Q,B000BTMG0C,shuffled,3645.0,3545.0,0.3370847702026367,0,B0013EO152
B005H9ZP8Q,B000BTMG0C,uniform,3467.0,3367.0,0.46630629897117615,0,B0032CLTIK
B004TIH9N0,B00DII1AGO,full,9.0,0.0,1.0000001192092896,5,B004R6IQG8
B004TIH9N0,B00DII1AGO,shuffled,41.0,32.0,0.2823095917701721,0,B00CL08O0A
B004TIH9N0,B00DII1AGO,uniform,8.0,-1.0,0.48063743114471436,0,B005CF5ZV2
B004B7PMVK,B004B0BAUY,full,6.0,0.0,1.000000238418579,5,B00112FYQG
B004B7PMVK,B004B0BAUY,shuffled,30.0,24.0,0.688562273979187,1,B004DZAWJM
B004B7PMVK,B004B0BAUY,uniform,8.0,2.0,0.8009999990463257,1,B00112FYQG
B006BZ8690,B0068RJFC8,full,53.0,0.0,1.0000001192092896,5,B007JQKD7S
B006BZ8690,B0068RJFC8,shuffled,4728.0,4675.0,0.08417604863643646,0,B00CIAX7WS
B006BZ8690,B0068RJFC8,uniform,4453.0,4400.0,0.1458331048488617,0,B00EEKGR8Q
B008E0UE6I,B00897ZREK,full,547.0,0.0,1.0,5,B00B0ZBOTA
B008E0UE6I,B00897ZREK,shuffled,722.0,175.0,0.19923624396324158,0,B002RXBEOO
B008E0UE6I,B00897ZREK,uniform,5684.0,5137.0,0.28817853331565857,0,B007A2ULQO
B000WNEK7Y,B005HWTURA,full,20.0,0.0,1.0,5,B0009X7URY
B000WNEK7Y,B005HWTURA,shuffled,5549.0,5529.0,0.09424321353435516,0,B008MON3NC
B000WNEK7Y,B005HWTURA,uniform,460.0,440.0,0.25913769006729126,0,B009Z3XPBY
B0081SF8AU,B006WUUQR4,full,224.0,0.0,1.0000001192092896,5,B00FFKQ3LK
B0081SF8AU,B006WUUQR4,shuffled,3821.0,3597.0,0.2523919641971588,0,B0016BK4T4
B0081SF8AU,B006WUUQR4,uniform,432.0,208.0,0.6008003354072571,0,B003TYLO3G
B00C2CZTYG,B00CJH05O8,full,594.0,0.0,1.0,5,B001682VCU
B00C2CZTYG,B00CJH05O8,shuffled,1800.0,1206.0,0.14910075068473816,0,B00BQVW6PY
B00C2CZTYG,B00CJH05O8,uniform,1089.0,495.0,0.3054373264312744,0,B001BWCHLG
B0089681FI,B00C69YVRG,full,68.0,0.0,1.0000001192092896,5,B00AZLY7QM
B0089681FI,B00C69YVRG,shuffled,2958.0,2890.0,0.04057677835226059,0,B000F5K9ZQ
B0089681FI,B00C69YVRG,uniform,123.0,55.0,0.5572329163551331,0,B008LJZV0G
B0009MDF9W,B00A7BR9XS,full,269.0,0.0,1.0,5,B006HT3WBC
B0009MDF9W,B00A7BR9XS,shuffled,1648.0,1379.0,0.1716814488172531,0,B0051IRDJC
B0009MDF9W,B00A7BR9XS,uniform,3273.0,3004.0,0.45734769105911255,0,B0013KWSK6
B00C6AOL2K,B00CEJLS7E,full,2.0,0.0,0.9999999403953552,5,B00BMR73SC
B00C6AOL2K,B00CEJLS7E,shuffled,272.0,270.0,0.3681381344795227,0,B0035IR4E4
B00C6AOL2K,B00CEJLS7E,uniform,44.0,42.0,0.5657480359077454,0,B0009EMQQI
B005GT20QM,B007BYRUYW,full,15.0,0.0,1.0,5,B007E9RDH8
B005GT20QM,B007BYRUYW,shuffled,4463.0,4448.0,0.09319241344928741,0,B00345LEIK
B005GT20QM,B007BYRUYW,uniform,3526.0,3511.0,0.33378440141677856,0,B003FGW8MO
B001QL8NVA,B00608DPQC,full,28.0,0.0,1.0,5,B001AN3MOC
B001QL8NVA,B00608DPQC,shuffled,2842.0,2814.0,0.008355896919965744,0,B002X115DK
B001QL8NVA,B00608DPQC,uniform,4469.0,4441.0,0.33322930335998535,0,B00A8JOCAC
B009H420K8,B002QH4BLO,full,1585.0,0.0,1.0,5,B0077DT5SG
B009H420K8,B002QH4BLO,shuffled,5986.0,4401.0,0.11315800249576569,0,B00GXF7CCK
B009H420K8,B002QH4BLO,uniform,4256.0,2671.0,0.6798598766326904,3,B0077DT5SG
B007APJQJY,B0011MNWSI,full,3721.0,0.0,1.0,5,B007XJBQCM
B007APJQJY,B0011MNWSI,shuffled,4257.0,536.0,0.15024539828300476,0,B001RDGAL2
B007APJQJY,B0011MNWSI,uniform,2240.0,-1481.0,0.25712135434150696,0,B005FSOBZW
B005J4C8HA,B00A5IQHAY,full,1.0,0.0,1.0,5,B00A5IQHAY
B005J4C8HA,B00A5IQHAY,shuffled,772.0,771.0,0.49512121081352234,0,B002EEP43I
B005J4C8HA,B00A5IQHAY,uniform,4690.0,4689.0,0.3417677879333496,0,B00E6355S4
B0063TRZD2,B009VCN7IA,full,124.0,0.0,1.0000001192092896,5,B007PYDN62
B0063TRZD2,B009VCN7IA,shuffled,2769.0,2645.0,0.2060815691947937,0,B00347D72Y
B0063TRZD2,B009VCN7IA,uniform,3603.0,3479.0,0.5318953990936279,0,B008VRQ42C
B003OPUWH4,B00F6886DY,full,1352.0,0.0,1.0000001192092896,5,B002IL3QHS
B003OPUWH4,B00F6886DY,shuffled,3322.0,1970.0,0.38496363162994385,1,B007UMCO3W
B003OPUWH4,B00F6886DY,uniform,2021.0,669.0,0.41628360748291016,0,B00CH4PU5C
B0081ST50O,B007SWH4HK,full,48.0,0.0,1.000000238418579,5,B0079NE124
B0081ST50O,B007SWH4HK,shuffled,4359.0,4311.0,0.22307080030441284,0,B005LLE270
B0081ST50O,B007SWH4HK,uniform,296.0,248.0,0.3524787127971649,0,B00765MFB4
B002PZHYQ6,B00DHX3Y5U,full,118.0,0.0,1.0000001192092896,5,B00852W684
B002PZHYQ6,B00DHX3Y5U,shuffled,860.0,742.0,0.24349455535411835,0,B00BHA7IBG
B002PZHYQ6,B00DHX3Y5U,uniform,3929.0,3811.0,0.4540193974971771,0,B002PDJJ0M
B006Q8U9D8,B009PIK8BY,full,47.0,0.0,1.0000001192092896,5,B009UWS7EK
B006Q8U9D8,B009PIK8BY,shuffled,1071.0,1024.0,0.11002913117408752,0,B00852W684
B006Q8U9D8,B009PIK8BY,uniform,1127.0,1080.0,0.39216670393943787,0,B000MVJ9LI
B009MB8Q7C,B00AZLZ8UQ,full,9.0,0.0,1.0,5,B009MECX5U
B009MB8Q7C,B00AZLZ8UQ,shuffled,1723.0,1714.0,0.0567360520362854,0,B004YTEBC6
B009MB8Q7C,B00AZLZ8UQ,uniform,99.0,90.0,0.7868523001670837,1,B004V93LYI
B001LZKV6Q,B00451AT6U,full,4036.0,0.0,1.0,5,B0077DF3DC
B001LZKV6Q,B00451AT6U,shuffled,4922.0,886.0,0.027810361236333847,0,B007T4JJCK
B001LZKV6Q,B00451AT6U,uniform,3523.0,-513.0,0.6751903295516968,2,B00CBP292O
B00CH4QR7M,B00H9FBM5Q,full,39.0,0.0,1.0000001192092896,5,B0019SH5P0
B00CH4QR7M,B00H9FBM5Q,shuffled,4226.0,4187.0,0.18447929620742798,0,B00BDH4Q4A
B00CH4QR7M,B00H9FBM5Q,uniform,159.0,120.0,0.6954588294029236,0,B005C91IGE
B007IJZ2KO,B00BHKFFAW,full,1.0,0.0,1.000000238418579,5,B00BHKFFAW
B007IJZ2KO,B00BHKFFAW,shuffled,865.0,864.0,0.28371766209602356,0,B00801QFX2
B007IJZ2KO,B00BHKFFAW,uniform,1.0,0.0,0.7088687419891357,1,B00BHKFFAW
B003WE9084,B003ZZM6G8,full,65.0,0.0,0.9999998807907104,5,B005W8LMAC
B003WE9084,B003ZZM6G8,shuffled,53.0,-12.0,0.5893552303314209,0,B00CBEYFHW
B003WE9084,B003ZZM6G8,uniform,723.0,658.0,0.3753492534160614,0,B00FJW4OGK
B003X46ZKO,B00BLS4998,full,39.0,0.0,1.0,5,B005KN1S9Y
B003X46ZKO,B00BLS4998,shuffled,3810.0,3771.0,0.3566402494907379,0,B0075MPQLE
B003X46ZKO,B00BLS4998,uniform,295.0,256.0,0.7949532270431519,1,B00BHKFFAW
B004YOAT9A,B0093OQBCK,full,430.0,0.0,1.0,5,B004HHO2DI
B004YOAT9A,B0093OQBCK,shuffled,1078.0,648.0,0.12100481241941452,0,B00C3CQOLC
B004YOAT9A,B0093OQBCK,uniform,5421.0,4991.0,0.37737077474594116,0,B007MI4PIG
B005B6ZIE6,B00CMS4SB0,full,43.0,0.0,1.0,5,B00AK43YKO
B005B6ZIE6,B00CMS4SB0,shuffled,3350.0,3307.0,0.030044499784708023,0,B009SF0J1I
B005B6ZIE6,B00CMS4SB0,uniform,56.0,13.0,0.739113986492157,1,B00B2ZMJOM
B004AM0XUQ,B0036C4NFW,full,131.0,0.0,1.0000001192092896,5,B00E7YEAEM
B004AM0XUQ,B0036C4NFW,shuffled,1832.0,1701.0,0.04595843330025673,0,B009EB1WBW
B004AM0XUQ,B0036C4NFW,uniform,701.0,570.0,0.41451817750930786,0,B004LYG40Q
B004QDCRZS,B00C7CCMEG,full,27.0,0.0,1.0,5,B00B4EF1AA
B004QDCRZS,B00C7CCMEG,shuffled,6111.0,6084.0,0.059234730899333954,0,B00E7YEAEM
B004QDCRZS,B00C7CCMEG,uniform,4833.0,4806.0,0.0668373629450798,0,B00FD8I2HC
B00AKYDNFA,B00943FZTA,full,3.0,0.0,1.0,5,B001M1JBYW
B00AKYDNFA,B00943FZTA,shuffled,4447.0,4444.0,0.15861639380455017,0,B00E9E3PQO
B00AKYDNFA,B00943FZTA,uniform,165.0,162.0,0.6653913259506226,0,B005FY2270
B009RUTFV4,B008L40C7S,full,9.0,0.0,0.9999999403953552,5,B00FBBN4EW
B009RUTFV4,B008L40C7S,shuffled,14.0,5.0,0.43337589502334595,0,B005FH3B6S
B009RUTFV4,B008L40C7S,uniform,254.0,245.0,0.5480971932411194,0,B005IZUOOE
B00DYA9R5M,B0094KCP96,full,3848.0,0.0,1.0000001192092896,5,B005OCFG3K
B00DYA9R5M,B0094KCP96,shuffled,6069.0,2221.0,0.10890313982963562,0,B00CX00UUK
B00DYA9R5M,B0094KCP96,uniform,5968.0,2120.0,0.5612224340438843,1,B007P885ZC
B0083WQ3MQ,B0009G3YQW,full,23.0,0.0,1.0,5,B008EF1L5G
B0083WQ3MQ,B0009G3YQW,shuffled,4273.0,4250.0,0.0964905247092247,0,B001682VCU
B0083WQ3MQ,B0009G3YQW,uniform,265.0,242.0,0.46782833337783813,0,B0088YPBA4
B008BSWM4K,B008BSWH22,full,22.0,0.0,1.0,5,B00383VNX4
B008BSWM4K,B008BSWH22,shuffled,1786.0,1764.0,0.18611036241054535,0,B0091GTUKK
B008BSWM4K,B008BSWH22,uniform,101.0,79.0,0.43073004484176636,0,B0085TF6JI
B007IE40W0,B0033BGD0E,full,167.0,0.0,1.0000001192092896,5,B004S92OEE
B007IE40W0,B0033BGD0E,shuffled,1530.0,1363.0,0.36760392785072327,1,B004AAG0B4
B007IE40W0,B0033BGD0E,uniform,2987.0,2820.0,0.7833070755004883,4,B00CQLJ1Y2
B007SA6SZQ,B00AA2BC0U,full,13.0,0.0,1.0000001192092896,5,B008EIXL38
B007SA6SZQ,B00AA2BC0U,shuffled,2910.0,2897.0,0.09258899092674255,0,B005KS080Y
B007SA6SZQ,B00AA2BC0U,uniform,208.0,195.0,0.09316519647836685,0,B004U940JY
B004CVDPAA,B00030LHBS,full,616.0,0.0,1.0000001192092896,5,B005OCIGXW
B004CVDPAA,B00030LHBS,shuffled,714.0,98.0,0.3589523732662201,0,B000YL3LXI
B004CVDPAA,B00030LHBS,uniform,2187.0,1571.0,0.2709110379219055,0,B000MVJ9LI
B00BJHF36O,B004UJ14FM,full,260.0,0.0,1.0000001192092896,5,B00BF9FBJ0
B00BJHF36O,B004UJ14FM,shuffled,3049.0,2789.0,0.3665284216403961,0,B001C4AJ4K
B00BJHF36O,B004UJ14FM,uniform,4531.0,4271.0,0.21043820679187775,0,B005QS5P92
B00AAQT6ZY,B0085HCEL8,full,1601.0,0.0,1.000000238418579,5,B00DRH9YR8
B00AAQT6ZY,B0085HCEL8,shuffled,4265.0,2664.0,0.03154172748327255,0,B005VF6TK4
B00AAQT6ZY,B0085HCEL8,uniform,4145.0,2544.0,0.3232232332229614,0,B00A8KZAIE
B00E3I72W4,B005ZMUZH6,full,214.0,0.0,0.9999999403953552,5,B00AK495TS
B00E3I72W4,B005ZMUZH6,shuffled,674.0,460.0,-0.01473950780928135,0,B00A6YFYXS
B00E3I72W4,B005ZMUZH6,uniform,871.0,657.0,0.46072065830230713,0,B00470EJY2
B004YU7HNU,B007QPAWNM,full,1718.0,0.0,1.000000238418579,5,B001S2PQ4O
B004YU7HNU,B007QPAWNM,shuffled,3605.0,1887.0,0.1891201138496399,0,B00E3MZ286
B004YU7HNU,B007QPAWNM,uniform,5451.0,3733.0,0.5286837816238403,0,B00EN6APAW
B0074D0W68,B001B16GCS,full,113.0,0.0,1.0000001192092896,5,B0002UP9FO
B0074D0W68,B001B16GCS,shuffled,1309.0,1196.0,0.2772343158721924,0,B005FYL1GI
B0074D0W68,B001B16GCS,uniform,1121.0,1008.0,0.3378407061100006,0,B007G2OMP4
B007VYRFX8,B005KSBJL6,full,4.0,0.0,1.000000238418579,5,B001S2HKS4
B007VYRFX8,B005KSBJL6,shuffled,4952.0,4948.0,0.06005992740392685,0,B006WX9R4Y
B007VYRFX8,B005KSBJL6,uniform,397.0,393.0,0.6572811007499695,0,B003I86JVK
B009T5NMS4,B007TRPF5W,full,166.0,0.0,1.0000001192092896,5,B002ZCUXKI
B009T5NMS4,B007TRPF5W,shuffled,4871.0,4705.0,0.12486498057842255,0,B009SREU1G
B009T5NMS4,B007TRPF5W,uniform,1279.0,1113.0,0.2942754030227661,0,B004KJEOKO
B005KB7QSS,B00CLAZZOS,full,3.0,0.0,0.9999999403953552,5,B000P47ZAE
B005KB7QSS,B00CLAZZOS,shuffled,1444.0,1441.0,0.2791558504104614,0,B00BIQKAWS
B005KB7QSS,B00CLAZZOS,uniform,1505.0,1502.0,0.280674010515213,0,B0097PDN1W
B00CEJEA8I,B006043E2Q,full,2.0,0.0,1.0,5,B005LXHCFW
B00CEJEA8I,B006043E2Q,shuffled,2773.0,2771.0,0.12579332292079926,0,B0023UORQS
B00CEJEA8I,B006043E2Q,uniform,258.0,256.0,0.5831975340843201,0,B000G3RESC
B00BYQDJH0,B008LTDW1G,full,253.0,0.0,1.0,5,B003JSIR46
B00BYQDJH0,B008LTDW1G,shuffled,1558.0,1305.0,0.06983866542577744,0,B006043E2Q
B00BYQDJH0,B008LTDW1G,uniform,1485.0,1232.0,0.21670307219028473,0,B004MPQHN8
B000MYC2YG,B0057XC6S4,full,1.0,0.0,1.0000001192092896,5,B0057XC6S4
B000MYC2YG,B0057XC6S4,shuffled,2602.0,2601.0,0.1755584180355072,0,B009YQF6B4
B000MYC2YG,B0057XC6S4,uniform,22.0,21.0,0.8117201328277588,0,B009SREU1G
B00C51HF46,B00DPQ8FX0,full,126.0,0.0,1.0,5,B003AKZH5K
B00C51HF46,B00DPQ8FX0,shuffled,922.0,796.0,0.030019359663128853,0,B002X115DK
B00C51HF46,B00DPQ8FX0,uniform,644.0,518.0,0.46632328629493713,1,B008UYXL90
B009L97W5M,B009QR8VNQ,full,71.0,0.0,1.0,5,B00BJPS6BK
B009L97W5M,B009QR8VNQ,shuffled,2707.0,2636.0,0.1332402527332306,0,B003ZKB0O2
B009L97W5M,B009QR8VNQ,uniform,4444.0,4373.0,0.296493798494339,0,B005TMY0GY
B00BFTS1DI,B004S92OEE,full,3394.0,0.0,1.0000001192092896,5,B000EGBBTE
B00BFTS1DI,B004S92OEE,shuffled,1130.0,-2264.0,0.485647976398468,0,B009JD7XUO
B00BFTS1DI,B004S92OEE,uniform,4092.0,698.0,0.5795769691467285,0,B005IZUOOE
B001GW13QG,B005JQ22DI,full,12.0,0.0,1.0,5,B0087KODVM
B001GW13QG,B005JQ22DI,shuffled,125.0,113.0,0.3044978976249695,0,B007GYHINK
B001GW13QG,B005JQ22DI,uniform,838.0,826.0,0.20388232171535492,0,B009ZZ7PYU
B005UVPW5W,B005E7KJPK,full,220.0,0.0,0.9999998807907104,5,B004I7KQY6
B005UVPW5W,B005E7KJPK,shuffled,5185.0,4965.0,0.08683709800243378,0,B00AFJOZMK
B005UVPW5W,B005E7KJPK,uniform,1173.0,953.0,0.6090550422668457,1,B007FGYDAK
B0086F6HIK,B00B2B9JJY,full,1982.0,0.0,1.0000001192092896,5,B009CG74DO
B0086F6HIK,B00B2B9JJY,shuffled,3774.0,1792.0,0.06717179715633392,0,B007N6NGS2
B0086F6HIK,B00B2B9JJY,uniform,5754.0,3772.0,0.4351133704185486,0,B007JFEWQW
B00398WXHI,B0042FOL8Q,full,5765.0,0.0,1.0000001192092896,5,B00CQ9P4Q8
B00398WXHI,B0042FOL8Q,shuffled,3664.0,-2101.0,0.22457005083560944,0,B000S8Y834
B00398WXHI,B0042FOL8Q,uniform,5534.0,-231.0,0.5876674652099609,2,B00CQ9P4Q8
B0039Q9USU,B008WJ68NY,full,198.0,0.0,0.9999999403953552,5,B00DAMLQKS
B0039Q9USU,B008WJ68NY,shuffled,4311.0,4113.0,0.3982160687446594,0,B001CMIN4K
B0039Q9USU,B008WJ68NY,uniform,955.0,757.0,0.14069806039333344,0,B001TYLKNM
B002N8P7MI,B00B4WT108,full,1.0,0.0,0.9999999403953552,5,B00B4WT108
B002N8P7MI,B00B4WT108,shuffled,512.0,511.0,0.20353050529956818,0,B000GG5PDK
B002N8P7MI,B00B4WT108,uniform,2.0,1.0,0.8337616920471191,3,B003UPUYIA
B004R1NSL6,B00B4WVJKI,full,5.0,0.0,1.0,5,B00B4EF1AA
B004R1NSL6,B00B4WVJKI,shuffled,1863.0,1858.0,0.1149030327796936,0,B004U6OELG
B004R1NSL6,B00B4WVJKI,uniform,2189.0,2184.0,0.2512018084526062,0,B00GNKJKFC
B00DU9IRGC,B009ZRV3GY,full,618.0,0.0,1.000000238418579,5,B00CMTB5GU
B00DU9IRGC,B009ZRV3GY,shuffled,3004.0,2386.0,0.15325012803077698,0,B0017I3MEU
B00DU9IRGC,B009ZRV3GY,uniform,5271.0,4653.0,0.2703154683113098,0,B005C91IGE
B00AFQ1JD6,B0025V4H4M,full,448.0,0.0,0.9999998807907104,5,B001PCBN9O
B00AFQ1JD6,B0025V4H4M,shuffled,4973.0,4525.0,0.009213164448738098,0,B0088N39PY
B00AFQ1JD6,B0025V4H4M,uniform,3309.0,2861.0,0.6378020644187927,0,B0096SKKJS
B00C40R3FY,B004YZINB0,full,635.0,0.0,0.9999998807907104,5,B004QF0F78
B00C40R3FY,B004YZINB0,shuffled,2096.0,1461.0,0.265789270401001,0,B0051D3GF2
B00C40R3FY,B004YZINB0,uniform,748.0,113.0,0.3812014162540436,0,B004U940JY
B00CB3EQDG,B00700WVBO,full,66.0,0.0,1.0,5,B0006SCZRM
B00CB3EQDG,B00700WVBO,shuffled,389.0,323.0,0.276081383228302,0,B002BOUBHK
B00CB3EQDG,B00700WVBO,uniform,628.0,562.0,0.3806981146335602,0,B0002FHIWQ
B003AU61WI,B00D8UCM00,full,97.0,0.0,0.9999998807907104,5,B00C9UTWZS
B003AU61WI,B00D8UCM00,shuffled,4826.0,4729.0,0.09556000679731369,0,B0006SCZRM
B003AU61WI,B00D8UCM00,uniform,5572.0,5475.0,0.07818297296762466,0,B00BS7FFQ8
B004BOV7DK,B00FH65X5E,full,140.0,0.0,1.000000238418579,5,B005C50YPY
B004BOV7DK,B00FH65X5E,shuffled,3011.0,2871.0,0.37946817278862,0,B00BT8THOW
B004BOV7DK,B00FH65X5E,uniform,3452.0,3312.0,0.568771243095398,0,B001KAN812
B006Y5SM2I,B00C9UU1D0,full,62.0,0.0,1.0,5,B004MPQ8X2
B006Y5SM2I,B00C9UU1D0,shuffled,3216.0,3154.0,0.2365265041589737,0,B00EQV0DC4
B006Y5SM2I,B00C9UU1D0,uniform,300.0,238.0,0.6704858541488647,0,B00F5XVN9Y
B005LBXRWQ,B005LBWAV0,full,2534.0,0.0,0.9999999403953552,5,B008AL3XB4
B005LBXRWQ,B005LBWAV0,shuffled,2668.0,134.0,0.44260501861572266,0,B00DCXXZQ8
B005LBXRWQ,B005LBWAV0,uniform,2044.0,-490.0,0.5099340081214905,0,B00644OOSA
B0084ERQFG,B0056EJG8M,full,21.0,0.0,1.0,5,B007TXC0KO
B0084ERQFG,B0056EJG8M,shuffled,4599.0,4578.0,0.039833761751651764,0,B006ZP4RPI
B0084ERQFG,B0056EJG8M,uniform,801.0,780.0,0.4387432038784027,0,B008EF1L5G
B004ZC7YKI,B00CIZI8Y0,full,45.0,0.0,1.000000238418579,5,B004ZC7Z7A
B004ZC7YKI,B00CIZI8Y0,shuffled,154.0,109.0,0.4954814016819,3,B004ZC7Z7A
B004ZC7YKI,B00CIZI8Y0,uniform,10.0,-35.0,0.5889568328857422,4,B004ZC7Z7A
B006ZZV0L2,B003S0W9EO,full,852.0,0.0,1.0,5,B00CIBHIO0
B006ZZV0L2,B003S0W9EO,shuffled,5054.0,4202.0,0.1553727388381958,0,B002CMLPNA
B006ZZV0L2,B003S0W9EO,uniform,1081.0,229.0,0.312207967042923,0,B007PY6E40
B004R1CKX8,B00AFJK8E4,full,8.0,0.0,1.0,5,B004OKFF7K
B004R1CKX8,B00AFJK8E4,shuffled,5533.0,5525.0,0.025734910741448402,0,B00DM8KA7U
B004R1CKX8,B00AFJK8E4,uniform,102.0,94.0,0.530602753162384,0,B004D2VIGQ
B0042AOT8S,B0091BZBHQ,full,26.0,0.0,0.9999999403953552,5,B00BQ3R3CI
B0042AOT8S,B0091BZBHQ,shuffled,720.0,694.0,0.15157857537269592,0,B001JP5KAA
B0042AOT8S,B0091BZBHQ,uniform,1302.0,1276.0,0.5808791518211365,0,B00BFTS1DI
B0042VK7GA,B00CBVC8GA,full,460.0,0.0,0.9999998807907104,5,B0058VGVX6
B0042VK7GA,B00CBVC8GA,shuffled,4467.0,4007.0,0.06357002258300781,0,B0096U4GBY
B0042VK7GA,B00CBVC8GA,uniform,6113.0,5653.0,0.38529717922210693,0,B005DIKT8C
B002HNSH80,B00FV0FKXQ,full,15.0,0.0,1.0000001192092896,5,B002GUA5P2
B002HNSH80,B00FV0FKXQ,shuffled,78.0,63.0,0.46603327989578247,0,B009ADCOP2
B002HNSH80,B00FV0FKXQ,uniform,4436.0,4421.0,0.5032662749290466,0,B0026GVH8A
B00BBSZEQ0,B00AOI5DM8,full,160.0,0.0,0.9999998807907104,5,B00BF6L5HA
B00BBSZEQ0,B00AOI5DM8,shuffled,5745.0,5585.0,0.04357270151376724,0,B005NJWXTE
B00BBSZEQ0,B00AOI5DM8,uniform,1867.0,1707.0,0.16284732520580292,0,B00BHKFFAW
B006ZP78WC,B006ZP4RPI,full,39.0,0.0,1.0000001192092896,5,B00CBMHGQG
B006ZP78WC,B006ZP4RPI,shuffled,2778.0,2739.0,0.5967344641685486,0,B00BIXSATQ
B006ZP78WC,B006ZP4RPI,uniform,99.0,60.0,0.36602285504341125,0,B004U940JY
B007OXCG1C,B009X6CURI,full,6.0,0.0,0.9999998807907104,5,B00006NQ0N
B007OXCG1C,B009X6CURI,shuffled,319.0,313.0,0.5641589760780334,0,B00C40UY28
B007OXCG1C,B009X6CURI,uniform,45.0,39.0,0.466400146484375,0,B000A1OIUM
B00AK46JK6,B00C1ENRT4,full,11.0,0.0,1.0000001192092896,5,B00C2O32A2
B00AK46JK6,B00C1ENRT4,shuffled,1174.0,1163.0,0.30611711740493774,0,B004YO9IVU
B00AK46JK6,B00C1ENRT4,uniform,1256.0,1245.0,0.5165550708770752,0,B00E1QPNKQ
B00F3KMWX0,B00BXVISC2,full,61.0,0.0,1.0000001192092896,5,B0079B13RM
B00F3KMWX0,B00BXVISC2,shuffled,327.0,266.0,0.38947227597236633,0,B00CA7DEHM
B00F3KMWX0,B00BXVISC2,uniform,165.0,104.0,0.6524273157119751,0,B00BFTS1DI
B00DQDA9HC,B0015SWA4A,full,169.0,0.0,0.9999999403953552,5,B00D0XI5LA
B00DQDA9HC,B0015SWA4A,shuffled,4171.0,4002.0,0.35584917664527893,0,B00AETFOD0
B00DQDA9HC,B0015SWA4A,uniform,4547.0,4378.0,0.1817840188741684,0,B005XIGOL8
B006C5IY82,B00686QH8E,full,1.0,0.0,1.0000001192092896,5,B00686QH8E
B006C5IY82,B00686QH8E,shuffled,1958.0,1957.0,0.049564484506845474,0,B001LV9ZQM
B006C5IY82,B00686QH8E,uniform,12.0,11.0,0.6708976626396179,0,B006I8W14Q
B0083Z6QDO,B007BMSSW2,full,72.0,0.0,0.9999998807907104,5,B007IJZ2KO
B0083Z6QDO,B007BMSSW2,shuffled,1339.0,1267.0,0.03280762955546379,0,B008EYEBMM
B0083Z6QDO,B007BMSSW2,uniform,2002.0,1930.0,0.15743431448936462,0,B007JQKPXA
B0028TS5X0,B00BEH3S48,full,1327.0,0.0,1.0,5,B0077PMHIO
B0028TS5X0,B00BEH3S48,shuffled,120.0,-1207.0,0.5040475130081177,0,B00DR2643A
B0028TS5X0,B00BEH3S48,uniform,118.0,-1209.0,0.6110638976097107,1,B00BHKFFAW
B009P8QMWS,B005HFBLQA,full,9.0,0.0,0.9999999403953552,5,B0085YPIXC
B009P8QMWS,B005HFBLQA,shuffled,5616.0,5607.0,0.12900695204734802,0,B00CRLM5A8
B009P8QMWS,B005HFBLQA,uniform,146.0,137.0,0.25589290261268616,0,B00FJW4OGK
B002BOHPNS,B005J4CCRG,full,271.0,0.0,1.0,5,B007BRMYGS
B002BOHPNS,B005J4CCRG,shuffled,4696.0,4425.0,0.03076842986047268,0,B00C518TIM
B002BOHPNS,B005J4CCRG,uniform,4516.0,4245.0,0.3737361431121826,0,B007PY6E40
B003TWOPKW,B008E5CDEO,full,365.0,0.0,1.0,5,B00AAJ67QW
B003TWOPKW,B008E5CDEO,shuffled,3086.0,2721.0,0.43837684392929077,0,B0081365S4
B003TWOPKW,B008E5CDEO,uniform,528.0,163.0,0.4514082372188568,0,B0098GE6OI
B00AFU8P2K,B004KIOM4S,full,93.0,0.0,0.9999998807907104,5,B00BIF2XDS
B00AFU8P2K,B004KIOM4S,shuffled,5263.0,5170.0,-0.20961999893188477,0,B005KGF70M
B00AFU8P2K,B004KIOM4S,uniform,513.0,420.0,0.40618520975112915,0,B007IGDSTO
B0088YPBA4,B004I5NVL8,full,149.0,0.0,0.9999998807907104,5,B007I6HU02
B0088YPBA4,B004I5NVL8,shuffled,2027.0,1878.0,0.1733568012714386,0,B004U7HY8U
B0088YPBA4,B004I5NVL8,uniform,311.0,162.0,0.4509265124797821,0,B0083WQ3MQ
B0096UD3FO,B001PTD0KM,full,93.0,0.0,1.0,5,B006H4JR84
B0096UD3FO,B001PTD0KM,shuffled,1223.0,1130.0,0.17557711899280548,0,B00FV0FKXQ
B0096UD3FO,B001PTD0KM,uniform,90.0,-3.0,0.26394081115722656,0,B00CBP292O
B00BLL7CB2,B004EDHI0Y,full,931.0,0.0,1.0,5,B005XIGOL8
B00BLL7CB2,B004EDHI0Y,shuffled,2103.0,1172.0,0.12324051558971405,0,B0080F3536
B00BLL7CB2,B004EDHI0Y,uniform,866.0,-65.0,0.8489027619361877,2,B00378LDVC
B0015GMX80,B00BEEF9OI,full,104.0,0.0,1.0,5,B00BS7FFQ8
B0015GMX80,B00BEEF9OI,shuffled,31.0,-73.0,0.26028144359588623,0,B00FHW5V4G
B0015GMX80,B00BEEF9OI,uniform,90.0,-14.0,0.8147823214530945,4,B00BS7FFQ8
B001H0F2J6,B008RMEXKG,full,6.0,0.0,0.9999999403953552,5,B003QCGEVS
B001H0F2J6,B008RMEXKG,shuffled,116.0,110.0,0.14102862775325775,0,B0094S1AG2
B001H0F2J6,B008RMEXKG,uniform,31.0,25.0,0.5511902570724487,0,B003FGW8MO
B009DLYLS4,B001T4F46Q,full,41.0,0.0,1.0,5,B006ID7VIC
B009DLYLS4,B001T4F46Q,shuffled,1439.0,1398.0,0.3251038193702698,0,B001CMIN4K
B009DLYLS4,B001T4F46Q,uniform,35.0,-6.0,0.7152850031852722,2,B00G3U6N8O
B00DQDA9HC,B00DPOJCL6,full,2745.0,0.0,1.0,5,B0050UBKNQ
B00DQDA9HC,B00DPOJCL6,shuffled,3011.0,266.0,0.18783102929592133,0,B00A2BE440
B00DQDA9HC,B00DPOJCL6,uniform,2351.0,-394.0,0.5898339748382568,0,B005C6B9UW
B008VPIL52,B000KLV1CA,full,39.0,0.0,1.0,5,B0078KLOH8
B008VPIL52,B000KLV1CA,shuffled,2368.0,2329.0,0.299832284450531,0,B0081GC3AK
B008VPIL52,B000KLV1CA,uniform,166.0,127.0,0.6994733214378357,0,B007AEUC98
B00EAP7JAK,B0085428H6,full,11.0,0.0,1.0,5,B00BUIZB1O
B00EAP7JAK,B0085428H6,shuffled,2915.0,2904.0,0.11123066395521164,0,B005HWOJD0
B00EAP7JAK,B0085428H6,uniform,234.0,223.0,0.3373187482357025,0,B004PGMFYO
B00641VADU,B000TMDSOY,full,6330.0,0.0,0.9999998807907104,5,B002CJLUOW
B00641VADU,B000TMDSOY,shuffled,3959.0,-2371.0,0.31359025835990906,0,B009YLJZI4
B00641VADU,B000TMDSOY,uniform,5737.0,-593.0,0.6997469663619995,0,B001F8IK0S
B002UQJENQ,B00CPSD8A4,full,3872.0,0.0,1.000000238418579,5,B004IP8H7Q
B002UQJENQ,B00CPSD8A4,shuffled,5776.0,1904.0,0.375911682844162,1,B008FWE8AS
B002UQJENQ,B00CPSD8A4,uniform,6136.0,2264.0,0.7693021297454834,1,B00AU868R6
B0085OX8LQ,B007RAZN6M,full,9.0,0.0,1.0,5,B00AOI54L8
B0085OX8LQ,B007RAZN6M,shuffled,2535.0,2526.0,0.09524949640035629,0,B008VI0ZP8
B0085OX8LQ,B007RAZN6M,uniform,477.0,468.0,0.3687812387943268,0,B00A3OSBJ0
B0089681FI,B004DLNRSE,full,561.0,0.0,1.0,5,B00706XMX4
B0089681FI,B004DLNRSE,shuffled,1764.0,1203.0,0.06803770363330841,0,B00E8HEGQU
B0089681FI,B004DLNRSE,uniform,172.0,-389.0,0.377382755279541,0,B008LJZV0G
B004REC7ZQ,B007JQKD7S,full,3.0,0.0,1.0,5,B007E6M3UI
B004REC7ZQ,B007JQKD7S,shuffled,2948.0,2945.0,-0.024625182151794434,0,B00706XMX4
B004REC7ZQ,B007JQKD7S,uniform,1.0,-2.0,0.5469316244125366,1,B007JQKD7S
B005Q0YSU2,B0067PC8OS,full,2.0,0.0,1.0,5,B005TX2N6M
B005Q0YSU2,B0067PC8OS,shuffled,7.0,5.0,0.4006633162498474,1,B008E0N29E
B005Q0YSU2,B0067PC8OS,uniform,2.0,0.0,0.7995898127555847,3,B005TX2N6M
B004U7I0SI,B004OKFF7K,full,10.0,0.0,0.9999998807907104,5,B004U7HY8U
B004U7I0SI,B004OKFF7K,shuffled,132.0,122.0,0.4671753942966461,0,B00CWGKTLK
B004U7I0SI,B004OKFF7K,uniform,25.0,15.0,0.8632144927978516,3,B004BNNGUS
B003H8KK0M,B0013FPI8K,full,164.0,0.0,1.0000001192092896,5,B00B4A2GDE
B003H8KK0M,B0013FPI8K,shuffled,4005.0,3841.0,-0.11872407048940659,0,B002ONC79I
B003H8KK0M,B0013FPI8K,uniform,562.0,398.0,0.5105258822441101,2,B004ORJLJQ
B003OPUWH4,B003CHNXQQ,full,33.0,0.0,1.0000001192092896,5,B00BCLMPQS
B003OPUWH4,B003CHNXQQ,shuffled,14.0,-19.0,0.37095963954925537,3,B00599EYZY
B003OPUWH4,B003CHNXQQ,uniform,16.0,-17.0,0.6952780485153198,0,B00GRMK6UY
B004QDCRZS,B004T3K0FE,full,300.0,0.0,1.0000001192092896,5,B007DJ3EYA
B004QDCRZS,B004T3K0FE,shuffled,4458.0,4158.0,0.2965790629386902,0,B007V9SGZE
B004QDCRZS,B004T3K0FE,uniform,4746.0,4446.0,0.46528172492980957,0,B005XIFIRO
B008D6Q7DC,B007MEZRC8,full,1553.0,0.0,1.0,5,B004QQJAF0
B008D6Q7DC,B007MEZRC8,shuffled,5549.0,3996.0,0.47247037291526794,0,B009XE4MIA
B008D6Q7DC,B007MEZRC8,uniform,5980.0,4427.0,0.5900516510009766,0,B00AVMPTQM
B008K2HF6C,B009JD7XUO,full,228.0,0.0,0.9999999403953552,5,B009IULXXQ
B008K2HF6C,B009JD7XUO,shuffled,255.0,27.0,0.23459160327911377,0,B00BA7ZWEG
B008K2HF6C,B009JD7XUO,uniform,2522.0,2294.0,0.2786175310611725,0,B009GMZDUU
B00CLCHVSY,B00E9LPGG4,full,63.0,0.0,1.0000001192092896,5,B005RSUR44
B00CLCHVSY,B00E9LPGG4,shuffled,1873.0,1810.0,0.44332438707351685,0,B00DE4GBUM
B00CLCHVSY,B00E9LPGG4,uniform,4951.0,4888.0,0.13930122554302216,0,B009R7SGQW
B004QDCRZS,B005J4C8HA,full,30.0,0.0,1.0000001192092896,5,B007IDFV9M
B004QDCRZS,B005J4C8HA,shuffled,1586.0,1556.0,0.13410165905952454,0,B00CMBWV0W
B004QDCRZS,B005J4C8HA,uniform,829.0,799.0,0.5851650238037109,0,B00FD8I2HC
B000EOZGWE,B002R7U7Q6,full,614.0,0.0,1.0,5,B00AES8W30
B000EOZGWE,B002R7U7Q6,shuffled,2466.0,1852.0,-4.132464528083801e-05,0,B008CLE0RI
B000EOZGWE,B002R7U7Q6,uniform,2303.0,1689.0,0.1722480207681656,0,B000EOWT92
B0069UTN1W,B00B9ZFVJ0,full,3337.0,0.0,0.9999998807907104,5,B00AK495TS
B0069UTN1W,B00B9ZFVJ0,shuffled,3851.0,514.0,0.6331431269645691,0,B00CBEYC20
B0069UTN1W,B00B9ZFVJ0,uniform,2737.0,-600.0,0.378719687461853,0,B003R4ZAII
B004ASDKKA,B0007XMDL4,full,3.0,0.0,1.0000001192092896,5,B00FOR7E6C
B004ASDKKA,B0007XMDL4,shuffled,1085.0,1082.0,0.2541992664337158,0,B0088LMPCY
B004ASDKKA,B0007XMDL4,uniform,16.0,13.0,0.540478527545929,0,B004XQF8FE
B00451AT6U,B0041IY8I2,full,83.0,0.0,0.9999999403953552,5,B00AOO0HMS
B00451AT6U,B0041IY8I2,shuffled,4772.0,4689.0,0.03514764457941055,0,B008CLE0RI
B00451AT6U,B0041IY8I2,uniform,460.0,377.0,0.6372408270835876,0,B007MI4PIG
B003B2KVCQ,B00CYMFFVQ,full,121.0,0.0,1.0000001192092896,5,B0068UB0XC
B003B2KVCQ,B00CYMFFVQ,shuffled,5137.0,5016.0,0.2439151555299759,0,B0088N39PY
B003B2KVCQ,B00CYMFFVQ,uniform,1076.0,955.0,0.3620321452617645,0,B009T6010U
B0032HJXKG,B000WLVLDW,full,3894.0,0.0,1.0,5,B00706XMX4
B0032HJXKG,B000WLVLDW,shuffled,1152.0,-2742.0,0.3178826868534088,0,B003O3S8A4
B0032HJXKG,B000WLVLDW,uniform,439.0,-3455.0,0.6222752928733826,1,B00AEMT5Z0
B0038OVKR2,B001086JBK,full,109.0,0.0,1.0000001192092896,5,B001L95W7K
B0038OVKR2,B001086JBK,shuffled,449.0,340.0,0.19368940591812134,0,B008CQKIX8
B0038OVKR2,B001086JBK,uniform,181.0,72.0,0.5183379054069519,2,B0026GVH8A
B004R1CKX8,B0015IMRNE,full,186.0,0.0,1.0000001192092896,5,B0053WWJWC
B004R1CKX8,B0015IMRNE,shuffled,100.0,-86.0,0.23479609191417694,0,B00D840EOM
B004R1CKX8,B0015IMRNE,uniform,711.0,525.0,0.48824700713157654,0,B00A6VKWEW
B007LVJSW2,B002SG72FU,full,89.0,0.0,1.0000001192092896,5,B007TMU7Z0
B007LVJSW2,B002SG72FU,shuffled,5106.0,5017.0,-0.012553345412015915,0,B0053WWJWC
B007LVJSW2,B002SG72FU,uniform,1790.0,1701.0,0.4792335033416748,0,B009R6CHTK
B003ICY3OQ,B007BA6MNQ,full,117.0,0.0,1.0000001192092896,5,B008N83ZLC
B003ICY3OQ,B007BA6MNQ,shuffled,4031.0,3914.0,0.102506622672081,0,B00AFC4VDA
B003ICY3OQ,B007BA6MNQ,uniform,3113.0,2996.0,0.331037700176239,0,B007CGQ5AY
B004KV0604,B00C7BNA66,full,695.0,0.0,1.0,5,B008I5ZL4Y
B004KV0604,B00C7BNA66,shuffled,290.0,-405.0,0.5325320959091187,0,B0089EZ6W6
B004KV0604,B00C7BNA66,uniform,1608.0,913.0,0.7512580156326294,0,B004KVK7H6
B00008JPSN,B00AZLY7QM,full,16.0,0.0,1.0000001192092896,5,B0014QR9QM
B00008JPSN,B00AZLY7QM,shuffled,57.0,41.0,0.5227550268173218,1,B0014QR9QM
B00008JPSN,B00AZLY7QM,uniform,10.0,-6.0,0.7523210048675537,4,B0014QR9QM
B009R8P6QO,B0097OTU7Y,full,9.0,0.0,0.9999999403953552,5,B005KMKM38
B009R8P6QO,B0097OTU7Y,shuffled,984.0,975.0,0.35108181834220886,0,B005FH3B6S
B009R8P6QO,B0097OTU7Y,uniform,690.0,681.0,0.2704422175884247,0,B00BHKFFAW
B0071SPPAO,B00ADD03FG,full,1.0,0.0,1.0000001192092896,5,B00ADD03FG
B0071SPPAO,B00ADD03FG,shuffled,204.0,203.0,0.3758082389831543,0,B007CCWNBI
B0071SPPAO,B00ADD03FG,uniform,15.0,14.0,0.7452317476272583,0,B0065ZE500
B00DNI5GI2,B000EDM01A,full,231.0,0.0,1.0,5,B008AXCUF2
B00DNI5GI2,B000EDM01A,shuffled,828.0,597.0,0.08107632398605347,0,B0001TOS62
B00DNI5GI2,B000EDM01A,uniform,98.0,-133.0,0.6323127150535583,0,B00D2VC7VY
B00DSOHOBI,B008G3KOC2,full,30.0,0.0,1.0,5,B00AQ79LE8
B00DSOHOBI,B008G3KOC2,shuffled,5195.0,5165.0,0.16467130184173584,0,B0084ZU5TY
B00DSOHOBI,B008G3KOC2,uniform,452.0,422.0,0.6285815238952637,0,B006042IYG
B004TNLWVA,B0074JA762,full,57.0,0.0,1.0000001192092896,5,B00164ITHU
B004TNLWVA,B0074JA762,shuffled,1509.0,1452.0,0.16624505817890167,0,B001JP5KAA
B004TNLWVA,B0074JA762,uniform,978.0,921.0,0.29657843708992004,0,B0064POSPI
B00AZLZ8UQ,B00DRG0TS2,full,61.0,0.0,1.0000001192092896,5,B00A28UVWW
B00AZLZ8UQ,B00DRG0TS2,shuffled,4376.0,4315.0,0.1430712789297104,0,B00686QH8E
B00AZLZ8UQ,B00DRG0TS2,uniform,106.0,45.0,0.8236802816390991,1,B008K644U8
B008LK7CAW,B000RZ3L68,full,113.0,0.0,1.000000238418579,5,B001DIQ02K
B008LK7CAW,B000RZ3L68,shuffled,4815.0,4702.0,0.15794961154460907,0,B001DDPIKA
B008LK7CAW,B000RZ3L68,uniform,534.0,421.0,0.7231252193450928,1,B001DIQ02K
B00CPS2NE6,B001FBQ8L8,full,2669.0,0.0,1.0000001192092896,5,B00906L8L0
B00CPS2NE6,B001FBQ8L8,shuffled,5731.0,3062.0,0.35492658615112305,1,B006NR72OQ
B00CPS2NE6,B001FBQ8L8,uniform,2945.0,276.0,0.6025526523590088,2,B00906L8L0
B0054419WA,B0093NHAQW,full,1333.0,0.0,1.0,5,B00A2NMCV0
B0054419WA,B0093NHAQW,shuffled,1146.0,-187.0,0.3345268666744232,0,B0081JANLI
B0054419WA,B0093NHAQW,uniform,3448.0,2115.0,0.535460889339447,0,B008BSWMFE
B009N29AO8,B00EYGE7X2,full,78.0,0.0,1.0,5,B005CZM4XE
B009N29AO8,B00EYGE7X2,shuffled,5016.0,4938.0,0.28179940581321716,0,B007Z4WRC8
B009N29AO8,B00EYGE7X2,uniform,1920.0,1842.0,0.4343782961368561,0,B0096UD3FO
B008435IOI,B004B6NXIK,full,70.0,0.0,1.0000001192092896,5,B00D40JIBA
B008435IOI,B004B6NXIK,shuffled,4425.0,4355.0,0.25559020042419434,0,B005J4CCRG
B008435IOI,B004B6NXIK,uniform,558.0,488.0,0.27116599678993225,0,B001F8IK0S
B000SJFEAE,B000RP49KK,full,5.0,0.0,0.9999999403953552,5,B00A0XKK98
B000SJFEAE,B000RP49KK,shuffled,2859.0,2854.0,0.26736971735954285,0,B003JUGM4G
B000SJFEAE,B000RP49KK,uniform,1019.0,1014.0,0.2716681957244873,0,B000MVJ9LI
B007VPMP8C,B000S97HBS,full,273.0,0.0,1.0,5,B00BLR73XI
B007VPMP8C,B000S97HBS,shuffled,1969.0,1696.0,0.3265528380870819,0,B005KNQ4J8
B007VPMP8C,B000S97HBS,uniform,500.0,227.0,0.5115178823471069,0,B007IOX6N4
B00502EZX6,B004U28BBY,full,92.0,0.0,1.0000001192092896,5,B0062B5JQQ
B00502EZX6,B004U28BBY,shuffled,835.0,743.0,0.18923251330852509,0,B00DM8KA7U
B00502EZX6,B004U28BBY,uniform,281.0,189.0,0.4205321669578552,0,B002XUMZN0
B00A4LC2II,B006H6TYSK,full,4758.0,0.0,1.0,5,B009VI0H7S
B00A4LC2II,B006H6TYSK,shuffled,2519.0,-2239.0,0.26393455266952515,0,B00B8EQFVK
B00A4LC2II,B006H6TYSK,uniform,3323.0,-1435.0,0.5884234309196472,0,B00A4LJAG0
B00DR4IZTE,B0078F2F80,full,41.0,0.0,1.0,5,B0035YJVGM
B00DR4IZTE,B0078F2F80,shuffled,4729.0,4688.0,0.19011764228343964,0,B00ANR01C2
B00DR4IZTE,B0078F2F80,uniform,2850.0,2809.0,0.228678360581398,0,B0024FAZ4A
B00BYIN01I,B006W969LW,full,127.0,0.0,1.0000001192092896,5,B002V4QF9S
B00BYIN01I,B006W969LW,shuffled,3549.0,3422.0,0.01776188053190708,0,B006TG84O8
B00BYIN01I,B006W969LW,uniform,2441.0,2314.0,0.6753257513046265,0,B00CX00UUK
B00861KWY4,B009P8QMWS,full,27.0,0.0,1.0,5,B00E7YEAEM
B00861KWY4,B009P8QMWS,shuffled,5780.0,5753.0,-0.14327369630336761,0,B007PMRWGG
B00861KWY4,B009P8QMWS,uniform,509.0,482.0,0.4127044975757599,0,B00E3Z2XFS
B007UP0B4S,B0088B8HBC,full,5.0,0.0,1.0,5,B003R50LA4
B007UP0B4S,B0088B8HBC,shuffled,2468.0,2463.0,0.2699749171733856,0,B00A7DWRC4
B007UP0B4S,B0088B8HBC,uniform,731.0,726.0,0.5229399800300598,0,B005VN36Q6
B00009ETTU,B0002I5T5G,full,62.0,0.0,1.000000238418579,5,B003BM95QY
B00009ETTU,B0002I5T5G,shuffled,124.0,62.0,0.08297470211982727,0,B002Z2SFZ8
B00009ETTU,B0002I5T5G,uniform,439.0,377.0,0.230760395526886,0,B002XUMZN0
B00G6UFA94,B00CBP45Q2,full,104.0,0.0,1.0000001192092896,5,B0091HI4VK
B00G6UFA94,B00CBP45Q2,shuffled,5896.0,5792.0,0.09196780622005463,0,B00DRL85EW
B00G6UFA94,B00CBP45Q2,uniform,938.0,834.0,0.45477503538131714,0,B00BHKFFAW
B001FBQ8L8,B0089CCDUQ,full,106.0,0.0,1.000000238418579,5,B001CMIN4K
B001FBQ8L8,B0089CCDUQ,shuffled,5114.0,5008.0,-0.1403813511133194,0,B00DOL44JK
B001FBQ8L8,B0089CCDUQ,uniform,745.0,639.0,0.46610119938850403,0,B004L6HJK8
B00AECN92K,B00AECKNR4,full,57.0,0.0,1.0000001192092896,5,B007ZTE8NE
B00AECN92K,B00AECKNR4,shuffled,5263.0,5206.0,-0.03324015438556671,0,B00BMR73SC
B00AECN92K,B00AECKNR4,uniform,401.0,344.0,0.39557409286499023,0,B00BXL2922
B009G0SO62,B0090WXH9K,full,117.0,0.0,1.0000001192092896,5,B0015VD154
B009G0SO62,B0090WXH9K,shuffled,4745.0,4628.0,0.11783488094806671,0,B00553SDEW
B009G0SO62,B0090WXH9K,uniform,4876.0,4759.0,0.2338726967573166,0,B0037KIXK4
B002RCLYEK,B006MHI516,full,3488.0,0.0,1.0000001192092896,5,B0050UBKNQ
B002RCLYEK,B006MHI516,shuffled,3853.0,365.0,0.19610951840877533,0,B00DWGUJ00
B002RCLYEK,B006MHI516,uniform,3080.0,-408.0,0.5703539252281189,1,B001M1JBYW
B006C25WGM,B006ZYZFNM,full,16.0,0.0,0.9999999403953552,5,B004GTM7I4
B006C25WGM,B006ZYZFNM,shuffled,668.0,652.0,0.21896427869796753,0,B00CC0TY1W
B006C25WGM,B006ZYZFNM,uniform,48.0,32.0,0.47760483622550964,0,B00A6X1ZHS
B00CLZVGAA,B003TPUV0M,full,105.0,0.0,0.9999999403953552,5,B000A35AMK
B00CLZVGAA,B003TPUV0M,shuffled,1789.0,1684.0,0.29242831468582153,0,B00BMPMJ6U
B00CLZVGAA,B003TPUV0M,uniform,1522.0,1417.0,0.4746663272380829,0,B0096UD3FO
B00B9JJY76,B0093NPKO6,full,4.0,0.0,1.0000001192092896,5,B00AY2FULS
B00B9JJY76,B0093NPKO6,shuffled,154.0,150.0,0.652098536491394,0,B00EQG6D0A
B00B9JJY76,B0093NPKO6,uniform,25.0,21.0,0.553501546382904,0,B00B9JK0DI
B002EIMNY2,B0014C09VI,full,1.0,0.0,0.9999998211860657,5,B0014C09VI
B002EIMNY2,B0014C09VI,shuffled,12.0,11.0,0.522670567035675,0,B002DP8NB8
B002EIMNY2,B0014C09VI,uniform,1.0,0.0,0.6678907871246338,4,B0014C09VI
B004OKFF7K,B00774HWNA,full,8.0,0.0,1.0,5,B000EXUEZ4
B004OKFF7K,B00774HWNA,shuffled,60.0,52.0,0.44586634635925293,1,B009L4ZBNM
B004OKFF7K,B00774HWNA,uniform,15.0,7.0,0.862048327922821,2,B000EXUEZ4
B007T4JJ5W,B00BTJJVPQ,full,396.0,0.0,1.0000001192092896,5,B0094S068A
B007T4JJ5W,B00BTJJVPQ,shuffled,4960.0,4564.0,-0.03991178423166275,0,B0013KZOCU
B007T4JJ5W,B00BTJJVPQ,uniform,6051.0,5655.0,0.6186495423316956,0,B008ZB50KG
B00GOGK2SO,B009LM4LYO,full,7.0,0.0,1.0,5,B0002VN7CA
B00GOGK2SO,B009LM4LYO,shuffled,4628.0,4621.0,0.06158248335123062,0,B007ZGZ80E
B00GOGK2SO,B009LM4LYO,uniform,1391.0,1384.0,0.49128130078315735,0,B004LYG40Q
B00B7SA29S,B00CUU350U,full,1.0,0.0,1.0000003576278687,5,B00CUU350U
B00B7SA29S,B00CUU350U,shuffled,10.0,9.0,0.6077038049697876,0,B006Z2HG0Y
B00B7SA29S,B00CUU350U,uniform,193.0,192.0,0.48189663887023926,0,B008MZMLVG
B008T3V1YO,B00EUEB41G,full,384.0,0.0,1.0000001192092896,5,B005U1WRFK
B008T3V1YO,B00EUEB41G,shuffled,4608.0,4224.0,0.3032863438129425,0,B002UFUCII
B008T3V1YO,B00EUEB41G,uniform,784.0,400.0,0.6894833445549011,0,B003XMV8VC
B002O17HOU,B004QQ5IMO,full,246.0,0.0,1.0,5,B004P9806S
B002O17HOU,B004QQ5IMO,shuffled,2138.0,1892.0,0.2502591013908386,0,B00DOL44JK
B002O17HOU,B004QQ5IMO,uniform,4340.0,4094.0,0.3988271951675415,0,B009Z3YN4W
B003BWWH8M,B004BTX0GW,full,102.0,0.0,1.0,5,B00CLJ18BS
B003BWWH8M,B004BTX0GW,shuffled,1625.0,1523.0,0.1865355372428894,0,B00DEO56HQ
B003BWWH8M,B004BTX0GW,uniform,2077.0,1975.0,0.39976948499679565,0,B00A6XSJQI
B0002DQSS8,B002WOSLVM,full,39.0,0.0,1.0000001192092896,5,B0026GQET2
B0002DQSS8,B002WOSLVM,shuffled,1067.0,1028.0,0.4300065338611603,0,B00D7N1178
B0002DQSS8,B002WOSLVM,uniform,524.0,485.0,0.4396471679210663,0,B0009MDF9W
B00CUA9J5A,B0065EBKS6,full,204.0,0.0,1.0000001192092896,5,B00729O5LM
B00CUA9J5A,B0065EBKS6,shuffled,546.0,342.0,0.13501061499118805,0,B006L2ZOXO
B00CUA9J5A,B0065EBKS6,uniform,861.0,657.0,0.34075185656547546,0,B007EJQR1Q
B003BWRJ1C,B00CXSBQ8M,full,34.0,0.0,1.0,5,B007QPAIZO
B003BWRJ1C,B00CXSBQ8M,shuffled,3193.0,3159.0,0.19203278422355652,0,B0060K7MEG
B003BWRJ1C,B00CXSBQ8M,uniform,472.0,438.0,0.5944657325744629,0,B008P8A022
B007F85LVI,B00D8GO1E4,full,1140.0,0.0,1.0,5,B008ZBQYLU
B007F85LVI,B00D8GO1E4,shuffled,1983.0,843.0,0.1545998603105545,0,B00AA2BC0U
B007F85LVI,B00D8GO1E4,uniform,2771.0,1631.0,0.3209138512611389,0,B003AQK8G2
B009LJCL8A,B00EW0UFUY,full,296.0,0.0,1.0,5,B00BFTSNAY
B009LJCL8A,B00EW0UFUY,shuffled,2957.0,2661.0,0.2786732017993927,0,B0084ERQFG
B009LJCL8A,B00EW0UFUY,uniform,374.0,78.0,0.3954891860485077,0,B007PY6E40
B006WFFTTO,B008JBP5L6,full,3328.0,0.0,1.0,5,B001QVJ6PM
B006WFFTTO,B008JBP5L6,shuffled,3672.0,344.0,0.6129762530326843,1,B0065ZE500
B006WFFTTO,B008JBP5L6,uniform,5600.0,2272.0,0.7065075635910034,2,B004SK95TA
B008QUAX0S,B008PG61WM,full,5.0,0.0,1.0,5,B0024YV8R4
B008QUAX0S,B008PG61WM,shuffled,3.0,-2.0,0.3251994550228119,1,B008S0KPT0
B008QUAX0S,B008PG61WM,uniform,33.0,28.0,0.2883394658565521,0,B007IJPKVU
B000BO1R2K,B0061S0348,full,62.0,0.0,1.0,5,B006CWV270
B000BO1R2K,B0061S0348,shuffled,372.0,310.0,0.2205098271369934,0,B0023UORQS
B000BO1R2K,B0061S0348,uniform,92.0,30.0,0.2620199918746948,0,B000BQ0A4E
B00CNE6EEW,B00BHA7IBG,full,3.0,0.0,0.9999999403953552,5,B00CLIV9ZE
B00CNE6EEW,B00BHA7IBG,shuffled,254.0,251.0,0.3098120391368866,0,B009QR83ZM
B00CNE6EEW,B00BHA7IBG,uniform,35.0,32.0,0.6873331069946289,1,B00CLIV9ZE
B002CMLPNK,B00BJV7YIA,full,930.0,0.0,1.0,5,B0085288EA
B002CMLPNK,B00BJV7YIA,shuffled,3670.0,2740.0,0.19365684688091278,0,B000K3OZY4
B002CMLPNK,B00BJV7YIA,uniform,4921.0,3991.0,0.08769939094781876,0,B002CMLPNA
B00EFZ786K,B0002KV5OS,full,124.0,0.0,1.0000001192092896,5,B004Y6L5IM
B00EFZ786K,B0002KV5OS,shuffled,1694.0,1570.0,0.4234170615673065,0,B0015N6ZRS
B00EFZ786K,B0002KV5OS,uniform,140.0,16.0,0.7801181674003601,0,B000MXQ7CA
B0013FPI8K,B005X2NZ9S,full,11.0,0.0,1.0000001192092896,5,B0010B16GA
B0013FPI8K,B005X2NZ9S,shuffled,387.0,376.0,0.2634440064430237,0,B00DWGUJ00
B0013FPI8K,B005X2NZ9S,uniform,174.0,163.0,0.5225658416748047,0,B0013FI8JQ
B00EA93IKQ,B009I1PKKC,full,1.0,0.0,1.0,5,B009I1PKKC
B00EA93IKQ,B009I1PKKC,shuffled,1413.0,1412.0,0.19033510982990265,0,B00CUL3A2M
B00EA93IKQ,B009I1PKKC,uniform,14.0,13.0,0.3469700217247009,0,B006422LDW
B0038MHG18,B003POFQZM,full,16.0,0.0,1.0000001192092896,5,B003WER4FK
B0038MHG18,B003POFQZM,shuffled,171.0,155.0,0.20325545966625214,0,B001OQYE24
B0038MHG18,B003POFQZM,uniform,11.0,-5.0,0.618340015411377,0,B0002X4OES
B005GL63X6,B006HAHZ7I,full,802.0,0.0,0.9999999403953552,5,B007TZ3DNA
B005GL63X6,B006HAHZ7I,shuffled,1627.0,825.0,0.08864563703536987,0,B001SERZCS
B005GL63X6,B006HAHZ7I,uniform,1139.0,337.0,0.25001320242881775,0,B00CFSTNNA
B006AJXW0A,B008F061QO,full,2.0,0.0,1.0000001192092896,5,B00139C4CE
B006AJXW0A,B008F061QO,shuffled,10.0,8.0,0.30157527327537537,0,B004VFHTL8
B006AJXW0A,B008F061QO,uniform,8.0,6.0,0.5856672525405884,1,B005N56BXW
B000G1FDF0,B0013KOIL8,full,1.0,0.0,1.0,5,B0013KOIL8
B000G1FDF0,B0013KOIL8,shuffled,471.0,470.0,0.38217893242836,0,B004P40LX8
B000G1FDF0,B0013KOIL8,uniform,15.0,14.0,0.5876500606536865,2,B002QLE37C
B0016BK4T4,B001L3GYSW,full,2.0,0.0,1.0000001192092896,5,B0016BG0A6
B0016BK4T4,B001L3GYSW,shuffled,122.0,120.0,0.4325152039527893,0,B004VMI3DO
B0016BK4T4,B001L3GYSW,uniform,2.0,0.0,0.6641337275505066,4,B0016BG0A6
B00C4AZVA8,B004WH0J58,full,89.0,0.0,1.0,5,B00CDWRS2G
B00C4AZVA8,B004WH0J58,shuffled,1162.0,1073.0,0.2033141702413559,0,B0046R0BDE
B00C4AZVA8,B004WH0J58,uniform,473.0,384.0,0.28327715396881104,0,B0045ONV9O
B00CIYDP94,B0087J4VGK,full,1093.0,0.0,1.000000238418579,5,B007FX9LAA
B00CIYDP94,B0087J4VGK,shuffled,6250.0,5157.0,0.2012338787317276,0,B00CJSTN5O
B00CIYDP94,B0087J4VGK,uniform,3453.0,2360.0,0.44946765899658203,0,B0088N39PY
B0012FNHIO,B00C4XARMM,full,494.0,0.0,1.0000001192092896,5,B0052OSDWG
B0012FNHIO,B00C4XARMM,shuffled,3974.0,3480.0,0.1968289315700531,0,B000OCNY48
B0012FNHIO,B00C4XARMM,uniform,2784.0,2290.0,0.5842797756195068,0,B0036XLH7I
B0054I421G,B005BN2YN2,full,132.0,0.0,1.0000001192092896,5,B0050TB14K
B0054I421G,B005BN2YN2,shuffled,2325.0,2193.0,0.0593118816614151,0,B0099812DI
B0054I421G,B005BN2YN2,uniform,392.0,260.0,0.5115869641304016,0,B00BF9E8N0
B006WRED6W,B001TKTN1M,full,184.0,0.0,1.0000001192092896,5,B00AA2BC0U
B006WRED6W,B001TKTN1M,shuffled,1627.0,1443.0,0.4244150221347809,0,B00A3G8T6S
B006WRED6W,B001TKTN1M,uniform,3141.0,2957.0,0.0003749129828065634,0,B003NGJPX6
B004CR4ZC6,B004SKM6SC,full,47.0,0.0,1.000000238418579,5,B0088YPBA4
B004CR4ZC6,B004SKM6SC,shuffled,372.0,325.0,0.29118233919143677,0,B009ADCOP2
B004CR4ZC6,B004SKM6SC,uniform,3578.0,3531.0,0.46800243854522705,0,B0009MDF9W
B004QQ5IMO,B002O17HOU,full,34.0,0.0,1.0000001192092896,5,B004RMP7P0
B004QQ5IMO,B002O17HOU,shuffled,3985.0,3951.0,0.03894634172320366,0,B008EIXL38
B004QQ5IMO,B002O17HOU,uniform,121.0,87.0,0.5490406155586243,0,B0085X1DLE
B00AJJJPNA,B00C5RC12G,full,19.0,0.0,1.0,5,B00B2JMDRQ
B00AJJJPNA,B00C5RC12G,shuffled,6287.0,6268.0,0.11315005272626877,0,B00112C2MK
B00AJJJPNA,B00C5RC12G,uniform,1792.0,1773.0,0.32149964570999146,0,B000G3RESC
B007JR83CE,B00192IJZG,full,8.0,0.0,0.9999998807907104,5,B0032HJXKG
B007JR83CE,B00192IJZG,shuffled,4845.0,4837.0,-0.1613897681236267,0,B002XUMZN0
B007JR83CE,B00192IJZG,uniform,4341.0,4333.0,0.24073152244091034,0,B004DLNRSE
B006TG84O8,B006TG7W3M,full,165.0,0.0,1.0,5,B008MC25JM
B006TG84O8,B006TG7W3M,shuffled,427.0,262.0,0.4000380039215088,0,B0018TCBXG
B006TG84O8,B006TG7W3M,uniform,183.0,18.0,0.8099297285079956,0,B008UAI8II
B008BTI85Q,B004N5H9D4,full,48.0,0.0,1.0,5,B006VY4S1Q
B008BTI85Q,B004N5H9D4,shuffled,5066.0,5018.0,-0.10888336598873138,0,B00A5JAR86
B008BTI85Q,B004N5H9D4,uniform,1504.0,1456.0,0.5434427857398987,0,B003NZKZQS
B009ZC3SAS,B003QMM0SO,full,45.0,0.0,1.0,5,B00A2BE440
B009ZC3SAS,B003QMM0SO,shuffled,4301.0,4256.0,0.07754629850387573,0,B00CBWVHD4
B009ZC3SAS,B003QMM0SO,uniform,422.0,377.0,0.16053441166877747,0,B000O5K8LC
B0045VQCWA,B0045EY35K,full,110.0,0.0,1.000000238418579,5,B00853EBJU
B0045VQCWA,B0045EY35K,shuffled,51.0,-59.0,0.18509604036808014,0,B003PVIL0W
B0045VQCWA,B0045EY35K,uniform,33.0,-77.0,0.29010558128356934,0,B008OUBLWO
B005NK3GCG,B003IT740Y,full,65.0,0.0,1.0000001192092896,5,B006042IYG
B005NK3GCG,B003IT740Y,shuffled,436.0,371.0,-0.07684209942817688,0,B00DG934QE
B005NK3GCG,B003IT740Y,uniform,44.0,-21.0,0.6688936948776245,0,B007G2OMP4
B0048KZ3FU,B005REIERK,full,134.0,0.0,1.0000001192092896,5,B003OUX0MS
B0048KZ3FU,B005REIERK,shuffled,1786.0,1652.0,0.07691640406847,0,B008351BMA
B0048KZ3FU,B005REIERK,uniform,178.0,44.0,0.7844505310058594,1,B007GB06WI
B004XMVOPQ,B001F6TDJW,full,69.0,0.0,1.0000001192092896,5,B0059DQYU8
B004XMVOPQ,B001F6TDJW,shuffled,5051.0,4982.0,0.26103445887565613,0,B0056X4BM4
B004XMVOPQ,B001F6TDJW,uniform,6084.0,6015.0,0.2941684126853943,0,B009G4CVHG
B006XD31RC,B00A6YFYXS,full,29.0,0.0,0.9999999403953552,5,B001FBEFFY
B006XD31RC,B00A6YFYXS,shuffled,2097.0,2068.0,0.06955408304929733,0,B00FD2IBM4
B006XD31RC,B00A6YFYXS,uniform,3986.0,3957.0,0.4822826087474823,0,B00BOO7OLO
B008VI65PW,B00092SAR4,full,71.0,0.0,1.0,5,B007ZTRDBI
B008VI65PW,B00092SAR4,shuffled,736.0,665.0,0.23270830512046814,0,B00CLJ18BS
B008VI65PW,B00092SAR4,uniform,58.0,-13.0,0.40477824211120605,0,B00184FGT2
B00A64TGV4,B00C96U8RI,full,5.0,0.0,1.0000003576278687,5,B007ENCGTY
B00A64TGV4,B00C96U8RI,shuffled,160.0,155.0,0.08503908663988113,0,B007AQJ2RO
B00A64TGV4,B00C96U8RI,uniform,78.0,73.0,0.7049928903579712,1,B006VE8GR8
B005CXDOA8,B006HT3WBC,full,317.0,0.0,1.0,5,B006OYGCKS
B005CXDOA8,B006HT3WBC,shuffled,2997.0,2680.0,0.1617349088191986,0,B006WX9R4Y
B005CXDOA8,B006HT3WBC,uniform,4296.0,3979.0,0.3177056312561035,0,B0024FAZ4A
B00BOHU9ZE,B00EHQR0FQ,full,52.0,0.0,1.0,5,B009RQSINO
B00BOHU9ZE,B00EHQR0FQ,shuffled,223.0,171.0,0.4125911593437195,0,B007R1OJ7A
B00BOHU9ZE,B00EHQR0FQ,uniform,5.0,-47.0,0.5963722467422485,1,B00AN9K6DE
B001E2038M,B00DDXIRV0,full,1451.0,0.0,1.000000238418579,5,B00AAJ67QW
B001E2038M,B00DDXIRV0,shuffled,5140.0,3689.0,0.29836079478263855,0,B0041IY8I2
B001E2038M,B00DDXIRV0,uniform,6148.0,4697.0,0.18271464109420776,0,B008XGB4RQ
B0093OQREM,B00FDL73BK,full,3365.0,0.0,0.9999999403953552,5,B007UP0B4S
B0093OQREM,B00FDL73BK,shuffled,71.0,-3294.0,0.2308713048696518,0,B0047BMQRI
B0093OQREM,B00FDL73BK,uniform,941.0,-2424.0,0.2625693678855896,0,B00B2ZMJOM
B00B7SA29S,B008OZKW56,full,1.0,0.0,1.0,5,B008OZKW56
B00B7SA29S,B008OZKW56,shuffled,198.0,197.0,0.37046054005622864,0,B0089823LY
B00B7SA29S,B008OZKW56,uniform,25.0,24.0,0.47078782320022583,0,B0095WFOW8
B001PFBE2C,B004O92RP4,full,362.0,0.0,1.0,5,B001PIU042
B001PFBE2C,B004O92RP4,shuffled,2570.0,2208.0,0.4839627742767334,1,B001PIU042
B001PFBE2C,B004O92RP4,uniform,1594.0,1232.0,0.3028276264667511,1,B001PIWUZ4
B003XMOFP8,B000W6WB6I,full,60.0,0.0,1.000000238418579,5,B00C7T6J4I
B003XMOFP8,B000W6WB6I,shuffled,1666.0,1606.0,-0.03660711646080017,0,B001COZVCU
B003XMOFP8,B000W6WB6I,uniform,45.0,-15.0,0.49795660376548767,0,B003X00QGW
B003MSNCM0,B00DIAJ7Z8,full,271.0,0.0,1.0000001192092896,5,B00C2SRVXM
B003MSNCM0,B00DIAJ7Z8,shuffled,2586.0,2315.0,0.30318009853363037,0,B008DINMHE
B003MSNCM0,B00DIAJ7Z8,uniform,3599.0,3328.0,0.41722169518470764,0,B00BGJ4OQA
B004UJ14FM,B000L9S5NY,full,164.0,0.0,1.0,5,B006FSRHMA
B004UJ14FM,B000L9S5NY,shuffled,3841.0,3677.0,0.12022244185209274,0,B008BZANP8
B004UJ14FM,B000L9S5NY,uniform,2055.0,1891.0,0.6057760715484619,0,B00CL4JIWO
B001CFA16A,B002HNSH80,full,16.0,0.0,1.0,5,B001F23NH4
B001CFA16A,B002HNSH80,shuffled,610.0,594.0,-0.011997383087873459,0,B006FSRHMA
B001CFA16A,B002HNSH80,uniform,1.0,-15.0,0.6805102825164795,0,B002HNSH80
B004CS0IZS,B005Y8684K,full,1149.0,0.0,1.0,5,B0025U4X5G
B004CS0IZS,B005Y8684K,shuffled,2614.0,1465.0,0.6924429535865784,4,B003HLWPOI
B004CS0IZS,B005Y8684K,uniform,1699.0,550.0,0.48282676935195923,2,B002FTNYVQ
B00CQLJ1Y2,B00DN6JHNE,full,161.0,0.0,1.0,5,B00BV2Q7NK
B00CQLJ1Y2,B00DN6JHNE,shuffled,3518.0,3357.0,0.3748258948326111,0,B007CCWNBI
B00CQLJ1Y2,B00DN6JHNE,uniform,1044.0,883.0,0.7910037636756897,3,B00BV2Q7NK
B003BAEVJ2,B006NPNCBA,full,5.0,0.0,1.0,5,B000JM3A1A
B003BAEVJ2,B006NPNCBA,shuffled,602.0,597.0,0.30612313747406006,0,B003XT6BG2
B003BAEVJ2,B006NPNCBA,uniform,35.0,30.0,0.7257822155952454,0,B00ASK9HGA
B00AWA4RF2,B0098CQTP6,full,311.0,0.0,1.0,5,B001AN1N9S
B00AWA4RF2,B0098CQTP6,shuffled,396.0,85.0,0.26076453924179077,0,B001GX4VQO
B00AWA4RF2,B0098CQTP6,uniform,779.0,468.0,0.21144917607307434,0,B006N1KCB2
B00B7679FU,B009BHF8XW,full,117.0,0.0,1.0000001192092896,5,B0048E2BC4
B00B7679FU,B009BHF8XW,shuffled,3947.0,3830.0,0.076785147190094,0,B00BMNQ922
B00B7679FU,B009BHF8XW,uniform,199.0,82.0,0.4653473198413849,0,B009VI0H7S
B009PTECLU,B00FYXXTY2,full,17.0,0.0,1.0,5,B007JBFI4Q
B009PTECLU,B00FYXXTY2,shuffled,370.0,353.0,0.22634629905223846,0,B005OCBIX2
B009PTECLU,B00FYXXTY2,uniform,21.0,4.0,0.5032447576522827,1,B007GB06WI
B0087KODVM,B008BT8HRU,full,26.0,0.0,1.000000238418579,5,B0016D7DRI
B0087KODVM,B008BT8HRU,shuffled,24.0,-2.0,0.40340307354927063,1,B00A2URGOG
B0087KODVM,B008BT8HRU,uniform,1969.0,1943.0,0.7404035925865173,0,B004N1BFR4
B0071FEZAI,B004XWCRKC,full,4.0,0.0,1.0,5,B00CXGH84A
B0071FEZAI,B004XWCRKC,shuffled,31.0,27.0,0.7291712164878845,1,B004TUK3NG
B0071FEZAI,B004XWCRKC,uniform,16.0,12.0,0.5566475987434387,3,B00CXGH84A
B008VI0ZP8,B005958LUC,full,44.0,0.0,1.0000001192092896,5,B0085TF48G
B008VI0ZP8,B005958LUC,shuffled,3288.0,3244.0,0.1332857459783554,0,B001682VCU
B008VI0ZP8,B005958LUC,uniform,133.0,89.0,0.6240121126174927,2,B008RJTPT8
B009QR94S2,B005YJAP3O,full,455.0,0.0,1.0,5,B001SN7QH8
B009QR94S2,B005YJAP3O,shuffled,2301.0,1846.0,-0.02350779063999653,0,B00EW46JWS
B009QR94S2,B005YJAP3O,uniform,4063.0,3608.0,0.2761370539665222,0,B000NZW3JI
B00BHA7IBG,B003C1R750,full,37.0,0.0,1.0000001192092896,5,B006IJVUYW
B00BHA7IBG,B003C1R750,shuffled,5844.0,5807.0,0.4160062372684479,0,B0077DN4P6
B00BHA7IBG,B003C1R750,uniform,154.0,117.0,0.547846257686615,0,B007JFEUUA
B0036C4NFW,B002OT93GM,full,2966.0,0.0,0.9999999403953552,5,B00D1FDE68
B0036C4NFW,B002OT93GM,shuffled,5846.0,2880.0,0.36149099469184875,0,B008DYQQ3A
B0036C4NFW,B002OT93GM,uniform,6166.0,3200.0,0.7222051620483398,0,B009VI0H7S
B007G03S2Y,B00B60JFFO,full,48.0,0.0,1.0,5,B003R4ZAII
B007G03S2Y,B00B60JFFO,shuffled,2381.0,2333.0,0.03650530427694321,0,B00DOL44JK
B007G03S2Y,B00B60JFFO,uniform,76.0,28.0,0.5555221438407898,0,B0062B5JQQ
B00CDT7FHM,B00A5GM3RC,full,86.0,0.0,1.0,5,B006L2ZOXO
B00CDT7FHM,B00A5GM3RC,shuffled,791.0,705.0,0.12752914428710938,0,B002UFUCII
B00CDT7FHM,B00A5GM3RC,uniform,2732.0,2646.0,0.33283761143684387,0,B004JHM9E0
B00F6886DY,B006YDMYCY,full,4918.0,0.0,0.9999999403953552,5,B0025V4H4M
B00F6886DY,B006YDMYCY,shuffled,5949.0,1031.0,0.1702791303396225,0,B00B4EF1AA
B00F6886DY,B006YDMYCY,uniform,4135.0,-783.0,0.5340270400047302,0,B008JWS94A
B007E9SJSU,B00AF3YKSA,full,95.0,0.0,1.000000238418579,5,B00AKAD912
B007E9SJSU,B00AF3YKSA,shuffled,4542.0,4447.0,0.19116759300231934,0,B00BI4DTR8
B007E9SJSU,B00AF3YKSA,uniform,3208.0,3113.0,0.30045872926712036,0,B00AFR24ZW
B005EJDQ0S,B00AYVSZ4I,full,36.0,0.0,1.000000238418579,5,B004QYK7I6
B005EJDQ0S,B00AYVSZ4I,shuffled,452.0,416.0,0.18387985229492188,0,B009DNSL06
B005EJDQ0S,B00AYVSZ4I,uniform,60.0,24.0,0.7201482653617859,2,B00CVT5U5I
B003BP07R2,B00AEYXOX2,full,897.0,0.0,1.0,5,B003NZKZQS
B003BP07R2,B00AEYXOX2,shuffled,2168.0,1271.0,0.4501204490661621,0,B008LCJIUW
B003BP07R2,B00AEYXOX2,uniform,3158.0,2261.0,0.653220534324646,1,B003NZKZQS
B004KV0604,B00DJ6QOUC,full,133.0,0.0,1.0,5,B00C518TIM
B004KV0604,B00DJ6QOUC,shuffled,2262.0,2129.0,0.16211743652820587,0,B008I5ZL4Y
B004KV0604,B00DJ6QOUC,uniform,448.0,315.0,0.30724573135375977,0,B009K1O7XG
B00D7SXFS6,B00CPHNAQ2,full,1400.0,0.0,1.000000238418579,5,B008Y7GGGI
B00D7SXFS6,B00CPHNAQ2,shuffled,4780.0,3380.0,0.2961486876010895,0,B00C518TIM
B00D7SXFS6,B00CPHNAQ2,uniform,5207.0,3807.0,0.39600974321365356,0,B0076OAOL8
B003RW8XFW,B007ULMQO0,full,180.0,0.0,1.0000001192092896,5,B007KT2LXS
B003RW8XFW,B007ULMQO0,shuffled,4461.0,4281.0,0.24275463819503784,0,B002E704ZI
B003RW8XFW,B007ULMQO0,uniform,2634.0,2454.0,0.6100809574127197,0,B000XK9KKI
B00166XERS,B00579E6JK,full,13.0,0.0,1.000000238418579,5,B004S7ERQ4
B00166XERS,B00579E6JK,shuffled,2459.0,2446.0,0.013354415073990822,0,B0064POSPI
B00166XERS,B00579E6JK,uniform,923.0,910.0,0.5162568092346191,1,B000EDFWXS
B0013WHNO0,B001JP5KAA,full,93.0,0.0,1.0000001192092896,5,B003FGW8MO
B0013WHNO0,B001JP5KAA,shuffled,578.0,485.0,0.11922520399093628,0,B004RENPLG
B0013WHNO0,B001JP5KAA,uniform,26.0,-67.0,0.7785738110542297,1,B00A788IEU
B00BJ90X7Q,B001TYLKNM,full,12.0,0.0,1.0000001192092896,5,B00AAQT6ZY
B00BJ90X7Q,B001TYLKNM,shuffled,2276.0,2264.0,0.277957946062088,0,B00B80T0R0
B00BJ90X7Q,B001TYLKNM,uniform,2254.0,2242.0,0.37569698691368103,0,B000GA5YPK
B009JJG3JA,B00D2CXAOG,full,1.0,0.0,1.0,5,B00D2CXAOG
B009JJG3JA,B00D2CXAOG,shuffled,2323.0,2322.0,0.2678776979446411,0,B006WRED6W
B009JJG3JA,B00D2CXAOG,uniform,412.0,411.0,0.36933353543281555,0,B007CM2DRM
B00018A8ZI,B002CMLPNK,full,546.0,0.0,1.0,5,B00BQ1QHVI
B00018A8ZI,B002CMLPNK,shuffled,1139.0,593.0,0.28953513503074646,0,B00D2CXAOG
B00018A8ZI,B002CMLPNK,uniform,383.0,-163.0,0.2020094096660614,0,B00E93QIZ0
B005HF6TGW,B0053H927W,full,637.0,0.0,1.0,5,B009I531XG
B005HF6TGW,B0053H927W,shuffled,5905.0,5268.0,0.1485958993434906,0,B005AD7WZI
B005HF6TGW,B0053H927W,uniform,2756.0,2119.0,0.5609084367752075,0,B005C91IGE
B00D8YF87U,B00DVHNG2I,full,301.0,0.0,1.000000238418579,5,B0041FZUL4
B00D8YF87U,B00DVHNG2I,shuffled,1876.0,1575.0,0.35853394865989685,0,B00A163QXG
B00D8YF87U,B00DVHNG2I,uniform,2550.0,2249.0,0.2402443289756775,0,B00BBD1GV2
B006NR72OQ,B004NES8GW,full,153.0,0.0,0.9999999403953552,5,B00C4YRJKO
B006NR72OQ,B004NES8GW,shuffled,877.0,724.0,0.21367812156677246,0,B00CDJYD7M
B006NR72OQ,B004NES8GW,uniform,1178.0,1025.0,0.5018797516822815,0,B008G0SU26
B009ZGNJ6W,B00A7BYWM4,full,1522.0,0.0,1.000000238418579,5,B009ZGNERG
B009ZGNJ6W,B00A7BYWM4,shuffled,4236.0,2714.0,0.3577357530593872,0,B00DE0U5D0
B009ZGNJ6W,B00A7BYWM4,uniform,3245.0,1723.0,0.7825733423233032,3,B004BNNGUS
B0001TOU74,B0042AOT8S,full,169.0,0.0,0.9999999403953552,5,B0001TPBGI
B0001TOU74,B0042AOT8S,shuffled,578.0,409.0,0.19194935262203217,0,B00BIQQFMC
B0001TOU74,B0042AOT8S,uniform,5899.0,5730.0,0.5471478700637817,0,B008F9SIZ2
B0081ST50O,B00865CPJ0,full,107.0,0.0,1.000000238418579,5,B00ATREDFC
B0081ST50O,B00865CPJ0,shuffled,134.0,27.0,0.5939754247665405,0,B00BJ9HE2S
B0081ST50O,B00865CPJ0,uniform,3233.0,3126.0,0.5510404109954834,0,B008K7ZNRU
B004TNLWVA,B00AAHPHQA,full,66.0,0.0,1.0,5,B000RZ3L68
B004TNLWVA,B00AAHPHQA,shuffled,5670.0,5604.0,0.14116474986076355,0,B00A7DWRC4
B004TNLWVA,B00AAHPHQA,uniform,4133.0,4067.0,0.33346739411354065,0,B006Y2I7H6
B00AJODAOA,B006D40LJW,full,12.0,0.0,1.0000001192092896,5,B004HZFI9C
B00AJODAOA,B006D40LJW,shuffled,5819.0,5807.0,0.004465259145945311,0,B003X5SLM8
B00AJODAOA,B006D40LJW,uniform,351.0,339.0,0.23895534873008728,0,B0013PPA8S
B000CP9TY6,B001QJ2EXA,full,301.0,0.0,1.0000001192092896,5,B0007R8KA8
B000CP9TY6,B001QJ2EXA,shuffled,2080.0,1779.0,-0.11625108122825623,0,B001PFBE2C
B000CP9TY6,B001QJ2EXA,uniform,280.0,-21.0,0.6211987137794495,0,B000EHIYPM
B0085X31DC,B009XE4O7E,full,1.0,0.0,1.000000238418579,5,B009XE4O7E
B0085X31DC,B009XE4O7E,shuffled,24.0,23.0,0.39544785022735596,0,B006ZP5NRE
B0085X31DC,B009XE4O7E,uniform,299.0,298.0,0.41005760431289673,0,B00CBDH8EA
B001GW13QG,B000YHJDOI,full,82.0,0.0,1.0,5,B0051UW60Q
B001GW13QG,B000YHJDOI,shuffled,1626.0,1544.0,0.11322742700576782,0,B009QEERZK
B001GW13QG,B000YHJDOI,uniform,1104.0,1022.0,0.3227364718914032,0,B009ZZ7PYU
B00509NSFU,B00BOO7OLO,full,105.0,0.0,1.0000001192092896,5,B005TGMERW
B00509NSFU,B00BOO7OLO,shuffled,554.0,449.0,0.5382728576660156,0,B0089YMHX2
B00509NSFU,B00BOO7OLO,uniform,853.0,748.0,0.7131284475326538,2,B004D99MZS
B002YL3YQ0,B005TVEOKW,full,37.0,0.0,1.0,5,B0045VQCWA
B002YL3YQ0,B005TVEOKW,shuffled,6179.0,6142.0,0.19463498890399933,0,B00452WXMC
B002YL3YQ0,B005TVEOKW,uniform,797.0,760.0,0.4501570761203766,1,B00CWGKTLK
B002R7U7Q6,B00ABBX8FW,full,1439.0,0.0,1.0,5,B003PVIL0W
B002R7U7Q6,B00ABBX8FW,shuffled,1192.0,-247.0,0.5187605023384094,1,B0085YPIXC
B002R7U7Q6,B00ABBX8FW,uniform,4220.0,2781.0,0.40071237087249756,0,B000WB6WTU
B006ZJUB8G,B003WF2ECW,full,12.0,0.0,0.9999999403953552,5,B00B2ZMJOM
B006ZJUB8G,B003WF2ECW,shuffled,5989.0,5977.0,-0.1330445408821106,0,B009ESQ2UG
B006ZJUB8G,B003WF2ECW,uniform,1286.0,1274.0,0.34408965706825256,0,B008F5K2DC
B0064DPOAS,B00AR1XB9O,full,16.0,0.0,1.0,5,B003ZAH3AM
B0064DPOAS,B00AR1XB9O,shuffled,1012.0,996.0,0.20826826989650726,0,B006H4K8FK
B0064DPOAS,B00AR1XB9O,uniform,66.0,50.0,0.4377206861972809,0,B007IRL1VA
B007QQVE7E,B00CIA7QKW,full,28.0,0.0,1.0,5,B007PWXB1Q
B007QQVE7E,B00CIA7QKW,shuffled,4824.0,4796.0,0.3495083749294281,0,B0077191JG
B007QQVE7E,B00CIA7QKW,uniform,4578.0,4550.0,0.2639882266521454,0,B00A6XSJQI
B00B2HDZ98,B00B2FIHBQ,full,56.0,0.0,1.000000238418579,5,B00428MH0C
B00B2HDZ98,B00B2FIHBQ,shuffled,3348.0,3292.0,0.16333098709583282,0,B00DHN6WU4
B00B2HDZ98,B00B2FIHBQ,uniform,755.0,699.0,0.5721191167831421,0,B007ENCGTY
B0085X31DC,B00BP4RT2C,full,17.0,0.0,1.0000001192092896,5,B00CBDH8EA
B0085X31DC,B00BP4RT2C,shuffled,1596.0,1579.0,0.04674956575036049,0,B00BA7ZWEG
B0085X31DC,B00BP4RT2C,uniform,13.0,-4.0,0.8492844700813293,3,B00CBDH8EA
B00E3QSK2W,B006G7OC46,full,16.0,0.0,1.0,5,B007CGRWWY
B00E3QSK2W,B006G7OC46,shuffled,3257.0,3241.0,-0.028163248673081398,0,B00CX00UUK
B00E3QSK2W,B006G7OC46,uniform,172.0,156.0,0.6564760804176331,1,B00BS7FFQ8
B0085OX8LQ,B004G09EE8,full,5.0,0.0,1.000000238418579,5,B008JY17D8
B0085OX8LQ,B004G09EE8,shuffled,3145.0,3140.0,0.06422620266675949,0,B004KJEOKO
B0085OX8LQ,B004G09EE8,uniform,283.0,278.0,0.3501737713813782,0,B0021L9YNA
B008RJTPT8,B007JR83CE,full,4338.0,0.0,1.0,5,B009XE4O7E
B008RJTPT8,B007JR83CE,shuffled,442.0,-3896.0,0.012517436407506466,0,B00791QBIS
B008RJTPT8,B007JR83CE,uniform,3589.0,-749.0,0.3528198003768921,0,B007E9T5EC
B009ADCOP2,B006ZP60QC,full,111.0,0.0,1.000000238418579,5,B001GW13QG
B009ADCOP2,B006ZP60QC,shuffled,1008.0,897.0,0.007096085697412491,0,B00BEZ7YU4
B009ADCOP2,B006ZP60QC,uniform,134.0,23.0,0.5791595578193665,0,B004U940JY
B003BSOA0Y,B009IQIZA4,full,60.0,0.0,1.0,5,B00C9TMASA
B003BSOA0Y,B009IQIZA4,shuffled,2882.0,2822.0,0.16783787310123444,0,B004G09IXK
B003BSOA0Y,B009IQIZA4,uniform,6304.0,6244.0,0.01387164369225502,0,B002DYJC3M
B007HRO9B0,B005DIJKXW,full,33.0,0.0,0.9999999403953552,5,B00A2NMCV0
B007HRO9B0,B005DIJKXW,shuffled,3003.0,2970.0,0.04854436218738556,0,B00CP5TV58
B007HRO9B0,B005DIJKXW,uniform,3215.0,3182.0,0.3204372227191925,0,B0013EKE3K
B00C51HF46,B007P885ZC,full,242.0,0.0,1.0,5,B00C3TJJ9E
B00C51HF46,B007P885ZC,shuffled,2457.0,2215.0,0.573326826095581,2,B00C3TJJ9E
B00C51HF46,B007P885ZC,uniform,796.0,554.0,0.391424298286438,0,B007HB6I4C
B003R4ZLE6,B0007QCPPK,full,1.0,0.0,0.9999999403953552,5,B0007QCPPK
B003R4ZLE6,B0007QCPPK,shuffled,1305.0,1304.0,0.056013114750385284,0,B00A2NMCV0
B003R4ZLE6,B0007QCPPK,uniform,946.0,945.0,0.3760688304901123,0,B003FGW8MO
B0071BJQVU,B000N4TP72,full,11.0,0.0,1.000000238418579,5,B000EXUEZ4
B0071BJQVU,B000N4TP72,shuffled,476.0,465.0,0.3160397708415985,0,B00BAWW596
B0071BJQVU,B000N4TP72,uniform,12.0,1.0,0.8506050705909729,1,B004K2NSGM
B008FVT2Y6,B00E8IO0VA,full,110.0,0.0,1.0,5,B002KHN3Z0
B008FVT2Y6,B00E8IO0VA,shuffled,2625.0,2515.0,0.19059602916240692,0,B005LA7MRI
B008FVT2Y6,B00E8IO0VA,uniform,4072.0,3962.0,0.22273722290992737,0,B00B7M1O32
B00BF9FBJ0,B00A8OL6PG,full,72.0,0.0,1.000000238418579,5,B009LM1ZJS
B00BF9FBJ0,B00A8OL6PG,shuffled,212.0,140.0,0.41490864753723145,0,B009FG9K2Y
B00BF9FBJ0,B00A8OL6PG,uniform,1490.0,1418.0,0.3107643723487854,0,B006422LDW
B0051EPWF8,B00C6A3ODM,full,19.0,0.0,1.0,5,B00BHIZILK
B0051EPWF8,B00C6A3ODM,shuffled,566.0,547.0,0.17012977600097656,0,B001H3HVS8
B0051EPWF8,B00C6A3ODM,uniform,181.0,162.0,0.1042117178440094,0,B009SNO9DE
B008ILTI24,B00A2BD56I,full,203.0,0.0,1.0,5,B007A2ULQO
B008ILTI24,B00A2BD56I,shuffled,4395.0,4192.0,0.18386052548885345,0,B008GY5K5C
B008ILTI24,B00A2BD56I,uniform,462.0,259.0,0.4958961308002472,0,B0065RNL94
B000PHI5L4,B0049U3VGW,full,1537.0,0.0,1.0,5,B00706XMX4
B000PHI5L4,B0049U3VGW,shuffled,2537.0,1000.0,0.11377618461847305,0,B001L0ZVIE
B000PHI5L4,B0049U3VGW,uniform,1836.0,299.0,0.34063780307769775,0,B0036XMY5M
B000NBOIZE,B002P7569Q,full,396.0,0.0,1.0000001192092896,5,B0072D7E0C
B000NBOIZE,B002P7569Q,shuffled,3847.0,3451.0,0.40205511450767517,2,B0072D8384
B000NBOIZE,B002P7569Q,uniform,2530.0,2134.0,0.8082723021507263,1,B0072D7E0C
B003JY6WY2,B004JHRX5A,full,873.0,0.0,1.0,5,B004G71M28
B003JY6WY2,B004JHRX5A,shuffled,6324.0,5451.0,0.06276579946279526,0,B00BJV7YIA
B003JY6WY2,B004JHRX5A,uniform,429.0,-444.0,0.38273128867149353,1,B004T6PKTW
B001CFA16A,B0016KDSRU,full,4.0,0.0,1.0,5,B004L0KZOQ
B001CFA16A,B0016KDSRU,shuffled,856.0,852.0,0.06724928319454193,0,B00BSGU6R2
B001CFA16A,B0016KDSRU,uniform,63.0,59.0,0.6900758743286133,0,B002HNSH80
B005XI84F2,B00C7P5QGY,full,11.0,0.0,0.9999998211860657,5,B00B07YQLG
B005XI84F2,B00C7P5QGY,shuffled,2113.0,2102.0,0.20033712685108185,0,B0001TP9FG
B005XI84F2,B00C7P5QGY,uniform,404.0,393.0,0.5863364934921265,0,B004V93LYI
B000BQ09GS,B0068UBR1W,full,1074.0,0.0,1.0,5,B0012M4VB4
B000BQ09GS,B0068UBR1W,shuffled,1191.0,117.0,0.6282439827919006,2,B004DJ0A0Y
B000BQ09GS,B0068UBR1W,uniform,3545.0,2471.0,0.41599446535110474,0,B0072D9SJ2
B0064R5VW0,B00C9RVPME,full,156.0,0.0,1.0,5,B007JFEWQW
B0064R5VW0,B00C9RVPME,shuffled,3326.0,3170.0,0.22579869627952576,0,B0006BAR8I
B0064R5VW0,B00C9RVPME,uniform,1631.0,1475.0,0.5496153831481934,0,B008P8A022
B009F7NHDQ,B00EMT9N4E,full,191.0,0.0,1.0000001192092896,5,B0001TPBGI
B009F7NHDQ,B00EMT9N4E,shuffled,2094.0,1903.0,0.08891357481479645,0,B00C2O2W8U
B009F7NHDQ,B00EMT9N4E,uniform,949.0,758.0,0.6223812699317932,0,B008PE6X8Q
B006X1BA90,B002S0NVEW,full,169.0,0.0,1.0,5,B006MZQT20
B006X1BA90,B002S0NVEW,shuffled,2980.0,2811.0,0.26257044076919556,0,B007ZT9PVO
B006X1BA90,B002S0NVEW,uniform,3066.0,2897.0,0.6728565096855164,0,B00DUHBZ2C
B00644P0N8,B00E7YEAEM,full,130.0,0.0,1.0,5,B001MX8V8C
B00644P0N8,B00E7YEAEM,shuffled,6291.0,6161.0,0.14482367038726807,0,B00CN6W5YI
B00644P0N8,B00E7YEAEM,uniform,1236.0,1106.0,0.5703366994857788,0,B00BHKFFAW
B0036XODB0,B00743YLR4,full,7.0,0.0,1.0000001192092896,5,B003BM95QY
B0036XODB0,B00743YLR4,shuffled,247.0,240.0,0.1078183576464653,0,B003AU631M
B0036XODB0,B00743YLR4,uniform,24.0,17.0,0.33533477783203125,0,B001DIQ02K
B004JZY5H6,B0030ZR9TC,full,6.0,0.0,1.0000001192092896,5,B006Y5SM2I
B004JZY5H6,B0030ZR9TC,shuffled,570.0,564.0,0.3065241873264313,0,B003OQV4HA
B004JZY5H6,B0030ZR9TC,uniform,217.0,211.0,0.3271062672138214,0,B007P1GLKA
B004FN2OYI,B00C865OS2,full,2391.0,0.0,1.0000001192092896,5,B008E0N29E
B004FN2OYI,B00C865OS2,shuffled,1661.0,-730.0,0.42342624068260193,0,B004YO9IVU
B004FN2OYI,B00C865OS2,uniform,4442.0,2051.0,0.44593364000320435,0,B007MI4PIG
B00A9WRH00,B009K8BJJY,full,70.0,0.0,1.0,5,B00DEE3LC8
B00A9WRH00,B009K8BJJY,shuffled,6237.0,6167.0,0.20816358923912048,0,B005TGFWE4
B00A9WRH00,B009K8BJJY,uniform,6121.0,6051.0,0.34021833539009094,0,B00BHKFFAW
B00AX46SOA,B00D83LFBO,full,700.0,0.0,1.0,5,B006OYGCKS
B00AX46SOA,B00D83LFBO,shuffled,2562.0,1862.0,0.09771344810724258,0,B007BA6MNQ
B00AX46SOA,B00D83LFBO,uniform,6108.0,5408.0,0.3426767587661743,0,B007BLNDLO
B008KAC0E6,B007POR2M8,full,28.0,0.0,1.0000001192092896,5,B00BUIZB1O
B008KAC0E6,B007POR2M8,shuffled,5303.0,5275.0,0.025370962917804718,0,B004LVO3HA
B008KAC0E6,B007POR2M8,uniform,2558.0,2530.0,0.14162558317184448,0,B006ZZHEU8
B001MX8V8C,B00B5TV78E,full,4154.0,0.0,1.000000238418579,5,B003ZKB0O2
B001MX8V8C,B00B5TV78E,shuffled,3154.0,-1000.0,0.34890106320381165,0,B00BH3JKHI
B001MX8V8C,B00B5TV78E,uniform,5318.0,1164.0,0.44426172971725464,0,B0096UD3FO
B00CC0TY1W,B00AZLH99O,full,21.0,0.0,1.0000001192092896,5,B003K1MIYW
B00CC0TY1W,B00AZLH99O,shuffled,1302.0,1281.0,0.2878100872039795,0,B005LBXRWQ
B00CC0TY1W,B00AZLH99O,uniform,393.0,372.0,0.6869020462036133,0,B00CVBP9TI
B0096LL2W4,B001M1JBYW,full,196.0,0.0,1.0,5,B00FM5WA1K
B0096LL2W4,B001M1JBYW,shuffled,2714.0,2518.0,0.31721121072769165,0,B00CC0TY1W
B0096LL2W4,B001M1JBYW,uniform,65.0,-131.0,0.20347560942173004,0,B000FON8K0
B007KDY2GI,B004U9INTW,full,88.0,0.0,1.0,5,B009PXV0JS
B007KDY2GI,B004U9INTW,shuffled,2397.0,2309.0,0.20156541466712952,0,B00BONT774
B007KDY2GI,B004U9INTW,uniform,6164.0,6076.0,0.2005922943353653,0,B003R4ZAII
B004GB3XJ4,B004QU6XU6,full,508.0,0.0,1.0,5,B0052IW6MU
B004GB3XJ4,B004QU6XU6,shuffled,279.0,-229.0,0.19189387559890747,0,B001UA180U
B004GB3XJ4,B004QU6XU6,uniform,53.0,-455.0,0.4681713879108429,0,B001F8IK0S
B0085X0R6Q,B006H4JR84,full,32.0,0.0,1.0000001192092896,5,B007AEUC98
B0085X0R6Q,B006H4JR84,shuffled,3103.0,3071.0,0.024696964770555496,0,B005VF6TK4
B0085X0R6Q,B006H4JR84,uniform,668.0,636.0,0.5474334359169006,1,B004U940JY
B009OKKA5W,B0058JIFRI,full,41.0,0.0,0.9999999403953552,5,B003QCGEVS
B009OKKA5W,B0058JIFRI,shuffled,52.0,11.0,0.38695472478866577,0,B007CM2DRM
B009OKKA5W,B0058JIFRI,uniform,2374.0,2333.0,0.3021796941757202,0,B006ZP4OZQ
B003AQQ370,B0012ECKFG,full,3028.0,0.0,1.0000001192092896,5,B003UWAHE4
B003AQQ370,B0012ECKFG,shuffled,1646.0,-1382.0,0.4958576261997223,0,B003QCGEVS
B003AQQ370,B0012ECKFG,uniform,2720.0,-308.0,0.7785439491271973,0,B0002X4OES
B005GL63X6,B00667268A,full,787.0,0.0,1.0000001192092896,5,B0077DT5SG
B005GL63X6,B00667268A,shuffled,2078.0,1291.0,0.14172044396400452,0,B003TQ05QQ
B005GL63X6,B00667268A,uniform,1564.0,777.0,0.2324022650718689,0,B00CFSTNNA
B001YIOAOE,B008C72B7S,full,1004.0,0.0,1.0,5,B004RRB10U
B001YIOAOE,B008C72B7S,shuffled,5478.0,4474.0,0.3018133342266083,0,B002YL3YQ0
B001YIOAOE,B008C72B7S,uniform,4043.0,3039.0,0.46658632159233093,0,B008GNPWNI
B0068549E4,B00DVX894M,full,51.0,0.0,1.0,5,B00CLZVGAA
B0068549E4,B00DVX894M,shuffled,4487.0,4436.0,0.26760053634643555,0,B0059DQYU8
B0068549E4,B00DVX894M,uniform,5402.0,5351.0,0.47492045164108276,0,B000BPUVQC
B005X5L6SC,B00BF6L5HA,full,41.0,0.0,1.0,5,B00C96U8RI
B005X5L6SC,B00BF6L5HA,shuffled,319.0,278.0,0.30783194303512573,0,B008SAGOWW
B005X5L6SC,B00BF6L5HA,uniform,81.0,40.0,0.8084602355957031,2,B00A3OSBJ0
B002X115DK,B000SXEG5Y,full,376.0,0.0,1.0,5,B0002X4R18
B002X115DK,B000SXEG5Y,shuffled,1603.0,1227.0,0.10925911366939545,0,B005KS080Y
B002X115DK,B000SXEG5Y,uniform,233.0,-143.0,0.3561081290245056,0,B001DIQ02K
B00AFJTU0M,B00AFJQH0I,full,48.0,0.0,1.0000001192092896,5,B00B27IIPE
B00AFJTU0M,B00AFJQH0I,shuffled,3227.0,3179.0,0.11668373644351959,0,B00B7E2L8W
B00AFJTU0M,B00AFJQH0I,uniform,1051.0,1003.0,0.3851572275161743,0,B002PDJJ0M
B0074TVTM8,B002UKTZM2,full,1.0,0.0,1.0000001192092896,5,B002UKTZM2
B0074TVTM8,B002UKTZM2,shuffled,2142.0,2141.0,0.21663978695869446,0,B00F3KMWX0
B0074TVTM8,B002UKTZM2,uniform,13.0,12.0,0.7185074687004089,1,B001S2HKS4
B0080WWFFS,B00BSJZ7HS,full,5.0,0.0,1.0000001192092896,5,B000VTIGTC
B0080WWFFS,B00BSJZ7HS,shuffled,3131.0,3126.0,0.35168421268463135,0,B00DNJ0SUW
B0080WWFFS,B00BSJZ7HS,uniform,8.0,3.0,0.6736928820610046,2,B000VTIGTC
B00916YLW2,B007ZOLQC0,full,5413.0,0.0,1.0000001192092896,5,B004JHM9E0
B00916YLW2,B007ZOLQC0,shuffled,5256.0,-157.0,0.10487890988588333,0,B004PEMI7U
B00916YLW2,B007ZOLQC0,uniform,1868.0,-3545.0,0.32581135630607605,0,B000EHIYPM
B000GA5YPK,B000MN87D2,full,1.0,0.0,1.0,5,B000MN87D2
B000GA5YPK,B000MN87D2,shuffled,4822.0,4821.0,-0.008682250045239925,0,B00E3Z2XFS
B000GA5YPK,B000MN87D2,uniform,99.0,98.0,0.39800870418548584,0,B005CT0T8C
B000TFWVQ2,B004EPYKO4,full,56.0,0.0,1.0000001192092896,5,B00A2BE440
B000TFWVQ2,B004EPYKO4,shuffled,4197.0,4141.0,0.0679776519536972,0,B00FXJ5QMA
B000TFWVQ2,B004EPYKO4,uniform,959.0,903.0,0.4980199933052063,0,B00B31W2TC
B00BIFZU4C,B007CGRWWY,full,62.0,0.0,1.0,5,B008FVT2Y6
B00BIFZU4C,B007CGRWWY,shuffled,1594.0,1532.0,0.24219927191734314,0,B000R06R8C
B00BIFZU4C,B007CGRWWY,uniform,622.0,560.0,0.43534961342811584,0,B00A8S69CC
B0079K0YBO,B00E3WVAD2,full,97.0,0.0,1.0,5,B009XWWJV4
B0079K0YBO,B00E3WVAD2,shuffled,5194.0,5097.0,0.20415692031383514,0,B005CJYRR6
B0079K0YBO,B00E3WVAD2,uniform,3378.0,3281.0,0.3504478335380554,0,B009SNIEGW
B004VUFJK6,B0041IVTJ8,full,66.0,0.0,1.0,5,B005NYBNEU
B004VUFJK6,B0041IVTJ8,shuffled,726.0,660.0,0.4622800052165985,0,B00606OMNO
B004VUFJK6,B0041IVTJ8,uniform,1078.0,1012.0,0.46737486124038696,0,B00DLBJ18M
B003IT639C,B0098GE6OI,full,7.0,0.0,1.0000001192092896,5,B009W84IN6
B003IT639C,B0098GE6OI,shuffled,37.0,30.0,0.16941514611244202,0,B00AEJQ4RK
B003IT639C,B0098GE6OI,uniform,2.0,-5.0,0.6502339243888855,0,B00AEJOVYS
B004YZINB0,B00AZIAY1W,full,104.0,0.0,1.0,5,B00AOJHF8M
B004YZINB0,B00AZIAY1W,shuffled,1038.0,934.0,0.2006613165140152,0,B00CPOQX1Y
B004YZINB0,B00AZIAY1W,uniform,478.0,374.0,0.6749151349067688,1,B004YZINTW
B006FSM7V6,B002CIZP3K,full,4705.0,0.0,1.0,5,B008F9SIZ2
B006FSM7V6,B002CIZP3K,shuffled,1849.0,-2856.0,0.6661249399185181,1,B008JBOODG
B006FSM7V6,B002CIZP3K,uniform,6118.0,1413.0,0.5855189561843872,0,B002CJLUOW
B004OYVAIY,B007RAZYIO,full,62.0,0.0,1.0000001192092896,5,B003QCGEVS
B004OYVAIY,B007RAZYIO,shuffled,201.0,139.0,0.7439936399459839,1,B0053WWJWC
B004OYVAIY,B007RAZYIO,uniform,2954.0,2892.0,0.37266525626182556,0,B0013FI8JQ
B004L6PSCO,B007PET9GA,full,21.0,0.0,0.9999998807907104,5,B00CBU9L4I
B004L6PSCO,B007PET9GA,shuffled,5752.0,5731.0,0.009016010910272598,0,B00BMR73SC
B004L6PSCO,B007PET9GA,uniform,1034.0,1013.0,0.5802135467529297,0,B00B4WT108
B004N86414,B005U1WRFK,full,156.0,0.0,0.9999999403953552,5,B00E3Z2XFS
B004N86414,B005U1WRFK,shuffled,3944.0,3788.0,0.04669256880879402,0,B004SWYOZI
B004N86414,B005U1WRFK,uniform,269.0,113.0,0.5566990375518799,0,B00ARCXAHG
B007KREYFI,B008FRAUFU,full,24.0,0.0,0.9999999403953552,5,B0071BTE94
B007KREYFI,B008FRAUFU,shuffled,4213.0,4189.0,0.18923446536064148,0,B002CM31AU
B007KREYFI,B008FRAUFU,uniform,513.0,489.0,0.5648602843284607,0,B003X00QGW
B002RL9T2U,B00801Q8P2,full,1854.0,0.0,1.0000001192092896,5,B001682VCU
B002RL9T2U,B00801Q8P2,shuffled,5725.0,3871.0,0.3672402501106262,0,B009W2ETIQ
B002RL9T2U,B00801Q8P2,uniform,4991.0,3137.0,0.04987749829888344,0,B00BY24W7K
B006ZZV0L2,B00BW5K82C,full,80.0,0.0,1.0,5,B004O3ZBXU
B006ZZV0L2,B00BW5K82C,shuffled,2815.0,2735.0,0.15125182271003723,0,B008VHXGLY
B006ZZV0L2,B00BW5K82C,uniform,1384.0,1304.0,0.3890532851219177,0,B003OUX0MS
B0053DV6AW,B007Q8O26C,full,9.0,0.0,1.0000001192092896,5,B006042IYG
B0053DV6AW,B007Q8O26C,shuffled,5796.0,5787.0,-0.09148033708333969,0,B00E5OOLKM
B0053DV6AW,B007Q8O26C,uniform,61.0,52.0,0.6691946983337402,2,B006042IYG
B00BGVS61W,B008RMD8M0,full,78.0,0.0,1.0000001192092896,5,B00AVMPTQM
B00BGVS61W,B008RMD8M0,shuffled,2198.0,2120.0,0.19870169460773468,0,B00D3OTP5Q
B00BGVS61W,B008RMD8M0,uniform,383.0,305.0,0.6678687930107117,0,B000MVJ9LI
B00BIFZU4C,B00CAL68WQ,full,28.0,0.0,0.9999998211860657,5,B00699EPO8
B00BIFZU4C,B00CAL68WQ,shuffled,2270.0,2242.0,0.17976114153862,0,B003HLLXIW
B00BIFZU4C,B00CAL68WQ,uniform,603.0,575.0,0.6617199182510376,1,B00A8S69CC
B009LJPSV2,B00DNQCFP6,full,6023.0,0.0,0.9999999403953552,5,B008K1QJ5G
B009LJPSV2,B00DNQCFP6,shuffled,2822.0,-3201.0,0.09777709096670151,0,B003OQV4HA
B009LJPSV2,B00DNQCFP6,uniform,5613.0,-410.0,0.2415822148323059,0,B002PDJJ0M
B00517ABLA,B00CUL3A2M,full,1117.0,0.0,1.000000238418579,5,B00A474TQU
B00517ABLA,B00CUL3A2M,shuffled,3677.0,2560.0,-0.07079978287220001,0,B0065RNL94
B00517ABLA,B00CUL3A2M,uniform,4664.0,3547.0,0.7709743976593018,0,B00AEJQ4RK
B00DSOHOBI,B00AWA4RF2,full,40.0,0.0,1.0,5,B0085TF5BM
B00DSOHOBI,B00AWA4RF2,shuffled,5478.0,5438.0,-0.0053002554923295975,0,B0051D3GF2
B00DSOHOBI,B00AWA4RF2,uniform,1147.0,1107.0,0.4374464750289917,0,B0085OX8LQ
B001COZVCU,B000QHEOR2,full,71.0,0.0,1.0,5,B007XJBPT6
B001COZVCU,B000QHEOR2,shuffled,953.0,882.0,0.3463309109210968,0,B005588YAA
B001COZVCU,B000QHEOR2,uniform,85.0,14.0,0.676913857460022,0,B004UBK8GQ
B000MYC2YG,B0057XC4P4,full,79.0,0.0,1.0,5,B004308MPI
B000MYC2YG,B0057XC4P4,shuffled,4111.0,4032.0,0.07776521891355515,0,B008GNPWNI
B000MYC2YG,B0057XC4P4,uniform,12.0,-67.0,0.6447165012359619,0,B0084SUJ92
B001G0D1TA,B00GA1Q00M,full,961.0,0.0,1.0000001192092896,5,B00AAG5H5C
B001G0D1TA,B00GA1Q00M,shuffled,1399.0,438.0,0.22672024369239807,0,B005NJWXTE
B001G0D1TA,B00GA1Q00M,uniform,1616.0,655.0,0.43282759189605713,0,B005LIXPPI
B00AZIB1DM,B008ZB50KG,full,63.0,0.0,1.0,5,B002OV5EJU
B00AZIB1DM,B008ZB50KG,shuffled,624.0,561.0,0.163441464304924,0,B0085288EA
B00AZIB1DM,B008ZB50KG,uniform,21.0,-42.0,0.6954930424690247,1,B00AWSZYZQ
B004MYFRVW,B005407FGI,full,1.0,0.0,1.0,5,B005407FGI
B004MYFRVW,B005407FGI,shuffled,1466.0,1465.0,0.17345640063285828,0,B002OV5EJU
B004MYFRVW,B005407FGI,uniform,13.0,12.0,0.5843112468719482,1,B0096UD3FO
B005XIGH92,B005XIGOL8,full,46.0,0.0,1.0,5,B004B70D8M
B005XIGH92,B005XIGOL8,shuffled,105.0,59.0,0.2793876528739929,0,B00CS97P2C
B005XIGH92,B005XIGOL8,uniform,68.0,22.0,0.576187014579773,1,B00833ZJ4S
B001BISBCY,B00F96M5LC,full,68.0,0.0,1.0,5,B000E22CFA
B001BISBCY,B00F96M5LC,shuffled,4653.0,4585.0,0.06598570197820663,0,B000BTMG0C
B001BISBCY,B00F96M5LC,uniform,3420.0,3352.0,0.20585520565509796,0,B002HR9OT2
B00A9YBC0Y,B007Y4P08W,full,51.0,0.0,1.000000238418579,5,B007LVJSW2
B00A9YBC0Y,B007Y4P08W,shuffled,746.0,695.0,0.14371629059314728,0,B00A4YLIDA
B00A9YBC0Y,B007Y4P08W,uniform,361.0,310.0,0.4962351620197296,0,B003FGW8MO
B009XE4MIA,B005FSOBZW,full,1.0,0.0,1.0000001192092896,5,B005FSOBZW
B009XE4MIA,B005FSOBZW,shuffled,648.0,647.0,0.008418913930654526,0,B00BJJJNS6
B009XE4MIA,B005FSOBZW,uniform,9.0,8.0,0.6881160140037537,0,B007P28IKK
B001G0TKF4,B004PKPM2C,full,214.0,0.0,1.000000238418579,5,B006BEONRA
B001G0TKF4,B004PKPM2C,shuffled,3552.0,3338.0,0.16320404410362244,0,B00BYINGXK
B001G0TKF4,B004PKPM2C,uniform,403.0,189.0,0.568634033203125,0,B007PY6E40
B00AY2G1MU,B003ZKB0O2,full,2378.0,0.0,1.0000001192092896,5,B007TRAE4O
B00AY2G1MU,B003ZKB0O2,shuffled,1547.0,-831.0,0.2969051003456116,0,B00AY2FULS
B00AY2G1MU,B003ZKB0O2,uniform,3117.0,739.0,0.5798797011375427,0,B002NKM6PM
B00BGVUTBC,B00AYGEYL6,full,10.0,0.0,0.9999998807907104,5,B009W84IN6
B00BGVUTBC,B00AYGEYL6,shuffled,3931.0,3921.0,0.21776342391967773,0,B009E6STY0
B00BGVUTBC,B00AYGEYL6,uniform,280.0,270.0,0.5251075029373169,0,B006Y5SM2I
B001S2PP5E,B001S2PQ0S,full,138.0,0.0,1.0,5,B009L4ZBNM
B001S2PP5E,B001S2PQ0S,shuffled,3817.0,3679.0,0.32467612624168396,0,B000REM4EE
B001S2PP5E,B001S2PQ0S,uniform,1122.0,984.0,0.4591223895549774,0,B002CJLUOW
B007XX6790,B00A7DSIHM,full,35.0,0.0,1.0,5,B00853SE8E
B007XX6790,B00A7DSIHM,shuffled,1291.0,1256.0,0.2754943370819092,0,B0057M0AFG
B007XX6790,B00A7DSIHM,uniform,365.0,330.0,0.4122154116630554,0,B0095X7ENO
B009B5OVU0,B006CWV270,full,1631.0,0.0,1.0,5,B00C51HF46
B009B5OVU0,B006CWV270,shuffled,3852.0,2221.0,0.20639784634113312,0,B00CJSTN5O
B009B5OVU0,B006CWV270,uniform,2103.0,472.0,0.3184090256690979,0,B005IYMNY4
B00A2URGOG,B008EZTK2M,full,80.0,0.0,1.0,5,B001AN3MOC
B00A2URGOG,B008EZTK2M,shuffled,2998.0,2918.0,0.20763187110424042,0,B00E9LPGG4
B00A2URGOG,B008EZTK2M,uniform,5382.0,5302.0,0.331757515668869,0,B0085PJDJG
B0033BGD0E,B00B4YIHJ2,full,279.0,0.0,0.9999999403953552,5,B00DDNCO2I
B0033BGD0E,B00B4YIHJ2,shuffled,3809.0,3530.0,0.15068881213665009,0,B00112C2MK
B0033BGD0E,B00B4YIHJ2,uniform,2061.0,1782.0,0.4300522208213806,0,B00AA15O14
B008E0UE6I,B0076S3F88,full,4.0,0.0,1.0000001192092896,5,B003C7NPA0
B008E0UE6I,B0076S3F88,shuffled,3937.0,3933.0,0.2058921903371811,0,B005NJWXTE
B008E0UE6I,B0076S3F88,uniform,6071.0,6067.0,0.13050095736980438,0,B007A2ULQO
B009279FB2,B006RI31XW,full,5514.0,0.0,1.0,5,B002AT6HYM
B009279FB2,B006RI31XW,shuffled,3888.0,-1626.0,-0.013928767293691635,0,B0013KWSK6
B009279FB2,B006RI31XW,uniform,3613.0,-1901.0,0.38084036111831665,0,B004T6PKTW
B0038OVKR2,B001MDCLH4,full,30.0,0.0,1.0,5,B00ARCXAHG
B0038OVKR2,B001MDCLH4,shuffled,1536.0,1506.0,0.06957097351551056,0,B00CXSBQ8M
B0038OVKR2,B001MDCLH4,uniform,16.0,-14.0,0.524928092956543,1,B0026GVH8A
B008F061QO,B004RL9ZEU,full,45.0,0.0,1.0,5,B00BQ1QHVI
B008F061QO,B004RL9ZEU,shuffled,900.0,855.0,0.0804934874176979,0,B000ICIB4M
B008F061QO,B004RL9ZEU,uniform,41.0,-4.0,0.41662636399269104,0,B006AJXW0A
B003WEQMDU,B003WESSNM,full,145.0,0.0,1.0000001192092896,5,B008351BMA
B003WEQMDU,B003WESSNM,shuffled,2035.0,1890.0,0.23082759976387024,0,B000JTANLS
B003WEQMDU,B003WESSNM,uniform,646.0,501.0,0.24483413994312286,0,B004TB5VQO
B0017MXLL0,B00687SPR4,full,211.0,0.0,1.000000238418579,5,B003SK9GCC
B0017MXLL0,B00687SPR4,shuffled,3998.0,3787.0,0.41421008110046387,0,B008351BMA
B0017MXLL0,B00687SPR4,uniform,536.0,325.0,0.4455849826335907,0,B0016D7DRI
B00BOO7OLO,B0071MR88M,full,2126.0,0.0,0.9999999403953552,5,B009ZYWSPW
B00BOO7OLO,B0071MR88M,shuffled,2357.0,231.0,0.3236822485923767,0,B000RP49KK
B00BOO7OLO,B0071MR88M,uniform,511.0,-1615.0,0.5900062322616577,0,B009CG74DO
B00B3PKZUG,B00B3PNS5K,full,955.0,0.0,1.0000001192092896,5,B0084ERQFG
B00B3PKZUG,B00B3PNS5K,shuffled,3365.0,2410.0,0.1715974509716034,0,B0077DT5SG
B00B3PKZUG,B00B3PNS5K,uniform,3351.0,2396.0,0.34553369879722595,0,B005CT0T8C
B00CFZQIUE,B00F1Z73G8,full,37.0,0.0,1.000000238418579,5,B0007R8KA8
B00CFZQIUE,B00F1Z73G8,shuffled,2533.0,2496.0,0.2747253179550171,0,B0090OIMUW
B00CFZQIUE,B00F1Z73G8,uniform,569.0,532.0,0.4249090254306793,1,B00C865IWY
B007OXCG1C,B003ZU55K2,full,54.0,0.0,1.0,5,B004XWMCZC
B007OXCG1C,B003ZU55K2,shuffled,4245.0,4191.0,0.10927003622055054,0,B0007R8KA8
B007OXCG1C,B003ZU55K2,uniform,104.0,50.0,0.6594781875610352,2,B000VZOJG0
B00BMR73SC,B00B7E2L8W,full,424.0,0.0,1.0,5,B00F9JAU98
B00BMR73SC,B00B7E2L8W,shuffled,127.0,-297.0,0.3064447045326233,0,B00ARFOX60
B00BMR73SC,B00B7E2L8W,uniform,1052.0,628.0,0.35347577929496765,0,B0051EPWF8
B0064RL2BY,B00776GNBU,full,49.0,0.0,1.0,5,B004RMP7P0
B0064RL2BY,B00776GNBU,shuffled,1544.0,1495.0,0.12019812315702438,0,B004R1CKX8
B0064RL2BY,B00776GNBU,uniform,288.0,239.0,0.20948515832424164,0,B001WSIANS
B006VY6A12,B00527M7SO,full,30.0,0.0,0.9999999403953552,5,B005KN1S9Y
B006VY6A12,B00527M7SO,shuffled,1365.0,1335.0,0.14169161021709442,0,B001HTAEXQ
B006VY6A12,B00527M7SO,uniform,68.0,38.0,0.5404353737831116,0,B002CJLUOW
B008YCX6KC,B00BJJJ6YM,full,83.0,0.0,1.0,5,B003WE90FW
B008YCX6KC,B00BJJJ6YM,shuffled,145.0,62.0,0.21393971145153046,0,B001SERZCS
B008YCX6KC,B00BJJJ6YM,uniform,43.0,-40.0,0.4606172442436218,0,B008VRA3AG
B00B3PNS5K,B007JSCBD0,full,87.0,0.0,1.0,5,B00BP47QWK
B00B3PNS5K,B007JSCBD0,shuffled,60.0,-27.0,0.7133119106292725,1,B003WE90FW
B00B3PNS5K,B007JSCBD0,uniform,1228.0,1141.0,0.4722815155982971,0,B004H7SAAO
B00BK77UC8,B00AO7K6TE,full,56.0,0.0,1.0,5,B000BNSGDY
B00BK77UC8,B00AO7K6TE,shuffled,4186.0,4130.0,0.0661936029791832,0,B00BP47QWK
B00BK77UC8,B00AO7K6TE,uniform,17.0,-39.0,0.49906522035598755,0,B007SWH4HK
B00BGVS61W,B001M5E0BC,full,250.0,0.0,0.9999998807907104,5,B006RI34ZC
B00BGVS61W,B001M5E0BC,shuffled,4991.0,4741.0,0.009223729372024536,0,B00BHA7IBG
B00BGVS61W,B001M5E0BC,uniform,2835.0,2585.0,0.3641297221183777,0,B000MVJ9LI
B00BK77UC8,B00A0M1UHA,full,57.0,0.0,1.000000238418579,5,B000O5K8LC
B00BK77UC8,B00A0M1UHA,shuffled,4047.0,3990.0,0.02862853929400444,0,B00A7DWRC4
B00BK77UC8,B00A0M1UHA,uniform,3853.0,3796.0,0.628559947013855,1,B004KJEOKO
B002UQJENQ,B0064OQR26,full,33.0,0.0,1.0,5,B0077RS0VU
B002UQJENQ,B0064OQR26,shuffled,1729.0,1696.0,0.398472398519516,1,B003SHLOH0
B002UQJENQ,B0064OQR26,uniform,773.0,740.0,0.6401154398918152,1,B00725A862
B00593M4M0,B004N1BFR4,full,5924.0,0.0,1.0000001192092896,5,B00BOO7OLO
B00593M4M0,B004N1BFR4,shuffled,2437.0,-3487.0,0.3576529026031494,0,B002XGG0AS
B00593M4M0,B004N1BFR4,uniform,5177.0,-747.0,0.7562683820724487,1,B00B4YIHJ2
B006IE7JLA,B003OYJO5Q,full,41.0,0.0,1.0000001192092896,5,B00ATSWF9C
B006IE7JLA,B003OYJO5Q,shuffled,1992.0,1951.0,0.2506551146507263,0,B00DYA60LQ
B006IE7JLA,B003OYJO5Q,uniform,115.0,74.0,0.580291748046875,0,B0094S1AG2
B00018A8ZI,B003LLZBK4,full,853.0,0.0,1.0,5,B00CL0541M
B00018A8ZI,B003LLZBK4,shuffled,5613.0,4760.0,0.2242181897163391,0,B00DTZAZUS
B00018A8ZI,B003LLZBK4,uniform,5763.0,4910.0,0.48157674074172974,1,B00BI886DG
B00B71EDRC,B00DQ5PBSM,full,142.0,0.0,1.0,5,B005DIKT8C
B00B71EDRC,B00DQ5PBSM,shuffled,866.0,724.0,0.11996513605117798,0,B009L176KQ
B00B71EDRC,B00DQ5PBSM,uniform,2948.0,2806.0,0.09401264041662216,0,B00CVBP9TI
B008KAC0E6,B00ABU0V4Y,full,4886.0,0.0,1.0,5,B009E9J5HC
B008KAC0E6,B00ABU0V4Y,shuffled,5569.0,683.0,0.24251805245876312,0,B000Y1FWB2
B008KAC0E6,B00ABU0V4Y,uniform,1783.0,-3103.0,0.047161079943180084,0,B007BLNDLO
B009VIGPC4,B00DR5TW2M,full,1078.0,0.0,1.0,5,B009LM1ZJS
B009VIGPC4,B00DR5TW2M,shuffled,2912.0,1834.0,-0.03751517832279205,0,B0085TF48G
B009VIGPC4,B00DR5TW2M,uniform,4395.0,3317.0,0.29278093576431274,0,B00CJS9W7S
B0050TEWVO,B0060H4ZWQ,full,244.0,0.0,1.0000001192092896,5,B00BSM4OC4
B0050TEWVO,B0060H4ZWQ,shuffled,2293.0,2049.0,0.014224700629711151,0,B0084NYYRK
B0050TEWVO,B0060H4ZWQ,uniform,1996.0,1752.0,0.6436340808868408,0,B002ONC79I
B009PTECLU,B0090OIMUW,full,3.0,0.0,0.9999998807907104,5,B00DM8KA7U
B009PTECLU,B0090OIMUW,shuffled,9.0,6.0,0.21904735267162323,0,B0000ANEC9
B009PTECLU,B0090OIMUW,uniform,26.0,23.0,0.4324963688850403,0,B004U6LOTG
B0052D1RXE,B009QR8LS6,full,156.0,0.0,1.0,5,B005J0Q8SE
B0052D1RXE,B009QR8LS6,shuffled,3230.0,3074.0,0.2889763116836548,0,B003H8KK0M
B0052D1RXE,B009QR8LS6,uniform,872.0,716.0,0.6518904566764832,0,B005XIGOL8
B00C3TWRM0,B0084NYJ5C,full,18.0,0.0,1.0000001192092896,5,B003TP2GXM
B00C3TWRM0,B0084NYJ5C,shuffled,1103.0,1085.0,0.152767613530159,0,B00CBS9QMM
B00C3TWRM0,B0084NYJ5C,uniform,47.0,29.0,0.6438422203063965,0,B009NI9M3Q
B003BWWH8M,B0060K7MEG,full,46.0,0.0,0.9999998807907104,5,B007XX6790
B003BWWH8M,B0060K7MEG,shuffled,396.0,350.0,0.3456519842147827,0,B007PWFIA8
B003BWWH8M,B0060K7MEG,uniform,1002.0,956.0,0.4372469484806061,0,B000KGMHBY
B003YUBTBM,B008VI0ZP8,full,35.0,0.0,1.0000001192092896,5,B0006GH2C2
B003YUBTBM,B008VI0ZP8,shuffled,3987.0,3952.0,0.08323455601930618,0,B0089823LY
B003YUBTBM,B008VI0ZP8,uniform,130.0,95.0,0.337703138589859,0,B004U940JY
B00AREPLXK,B00AWK9TGE,full,29.0,0.0,1.0,5,B00C96U8RI
B00AREPLXK,B00AWK9TGE,shuffled,482.0,453.0,0.0761127918958664,0,B0051D0X2Q
B00AREPLXK,B00AWK9TGE,uniform,31.0,2.0,0.7435774207115173,0,B00A3OSBJ0
B003EEN7MM,B007ZU2UVU,full,4813.0,0.0,1.0000001192092896,5,B00GXFHVYE
B003EEN7MM,B007ZU2UVU,shuffled,3577.0,-1236.0,0.1709347367286682,0,B00112C2MK
B003EEN7MM,B007ZU2UVU,uniform,2038.0,-2775.0,0.33931660652160645,0,B0057XC6S4
B002BOHPNS,B008AXCUF2,full,140.0,0.0,1.0000001192092896,5,B00EW46JWS
B002BOHPNS,B008AXCUF2,shuffled,2902.0,2762.0,0.12755504250526428,0,B0012YEDJC
B002BOHPNS,B008AXCUF2,uniform,2446.0,2306.0,0.40749990940093994,0,B007PY6E40
B0049EODT2,B00BBSZEQ0,full,55.0,0.0,1.0000001192092896,5,B00EDT0SME
B0049EODT2,B00BBSZEQ0,shuffled,5412.0,5357.0,0.08094709366559982,0,B00BYINGXK
B0049EODT2,B00BBSZEQ0,uniform,3614.0,3559.0,0.37497854232788086,0,B003FGW8MO
B000CP9TY6,B0007R8KA8,full,7.0,0.0,0.9999999403953552,5,B007VYSBSG
B000CP9TY6,B0007R8KA8,shuffled,489.0,482.0,0.18066468834877014,0,B00B8ACUXQ
B000CP9TY6,B0007R8KA8,uniform,369.0,362.0,0.5211753249168396,0,B000EHIYPM
B00B71EDRC,B009DCZT8Y,full,55.0,0.0,1.0,5,B00CYMFFVQ
B00B71EDRC,B009DCZT8Y,shuffled,4522.0,4467.0,0.17489519715309143,0,B001LV9ZQM
B00B71EDRC,B009DCZT8Y,uniform,4508.0,4453.0,0.09915638715028763,0,B003BQTQPA
B006QSYMFO,B009E9J5HC,full,11.0,0.0,1.0,5,B0085TF48G
B006QSYMFO,B009E9J5HC,shuffled,988.0,977.0,0.18547075986862183,0,B00GXF7CCK
B006QSYMFO,B009E9J5HC,uniform,693.0,682.0,0.20918983221054077,0,B007IGDSTO
B004XASV0O,B004Z5EMUK,full,5.0,0.0,1.0000001192092896,5,B00B3PNS5K
B004XASV0O,B004Z5EMUK,shuffled,2534.0,2529.0,-0.10143610090017319,0,B008BSWH22
B004XASV0O,B004Z5EMUK,uniform,1749.0,1744.0,0.38726866245269775,0,B003FGW8MO
B00DV4AIL8,B00BIFZU4C,full,2686.0,0.0,1.0,5,B0077B81O2
B00DV4AIL8,B00BIFZU4C,shuffled,4317.0,1631.0,0.07028874009847641,0,B008QV2Z76
B00DV4AIL8,B00BIFZU4C,uniform,5672.0,2986.0,0.43771103024482727,0,B000A35AMK
B004M45KQ4,B00A8RGFO0,full,139.0,0.0,1.0,5,B00AR0ARLK
B004M45KQ4,B00A8RGFO0,shuffled,3913.0,3774.0,0.11306016892194748,0,B004OKFF7K
B004M45KQ4,B00A8RGFO0,uniform,5089.0,4950.0,0.4506225883960724,0,B004K2NSGM
B0058XVNC8,B0058Y7AYM,full,16.0,0.0,1.0000001192092896,5,B007VN04BO
B0058XVNC8,B0058Y7AYM,shuffled,6079.0,6063.0,-0.07508435845375061,0,B00AYJ9DHI
B0058XVNC8,B0058Y7AYM,uniform,1527.0,1511.0,0.22215093672275543,0,B00822FD2I
B009G0S8CM,B008135X1Y,full,15.0,0.0,1.000000238418579,5,B006FKPRU2
B009G0S8CM,B008135X1Y,shuffled,1438.0,1423.0,0.1709553599357605,0,B004T3K0FE
B009G0S8CM,B008135X1Y,uniform,73.0,58.0,0.6149930357933044,0,B000WLVLDW
B000Q53KRE,B004GIZYTE,full,44.0,0.0,1.0,5,B003XRDBAS
B000Q53KRE,B004GIZYTE,shuffled,2435.0,2391.0,0.2672750949859619,0,B006FKPRU2
B000Q53KRE,B004GIZYTE,uniform,81.0,37.0,0.6814807057380676,0,B009Y6OC78
B005W44GZO,B007PZ3WIA,full,14.0,0.0,1.0000001192092896,5,B009UWS7EK
B005W44GZO,B007PZ3WIA,shuffled,61.0,47.0,0.24204662442207336,0,B007PO7VI8
B005W44GZO,B007PZ3WIA,uniform,731.0,717.0,0.44028303027153015,0,B007AEUC98
B00F96M5LC,B0081TJWXI,full,11.0,0.0,1.000000238418579,5,B001WAL2UE
B00F96M5LC,B0081TJWXI,shuffled,5.0,-6.0,0.4475073218345642,1,B00CB3IPEC
B00F96M5LC,B0081TJWXI,uniform,8.0,-3.0,0.6171101331710815,1,B001WAL2UE
B0077RZYKA,B001QSG162,full,69.0,0.0,1.0000001192092896,5,B004LZFT42
B0077RZYKA,B001QSG162,shuffled,914.0,845.0,0.11440417915582657,0,B0019QUS92
B0077RZYKA,B001QSG162,uniform,82.0,13.0,0.49566081166267395,0,B0016D7DRI
B00D9ZW3I0,B00FXJ5T22,full,2275.0,0.0,1.000000238418579,5,B000GRA0YS
B00D9ZW3I0,B00FXJ5T22,shuffled,2539.0,264.0,0.06701640784740448,0,B0029YMLIY
B00D9ZW3I0,B00FXJ5T22,uniform,3353.0,1078.0,0.42631614208221436,0,B005MKSBAE
B0085HCN82,B0085HBOPA,full,17.0,0.0,1.0000001192092896,5,B00C40UY28
B0085HCN82,B0085HBOPA,shuffled,5446.0,5429.0,0.09506740421056747,0,B003MRQ37M
B0085HCN82,B0085HBOPA,uniform,2140.0,2123.0,0.4619121253490448,0,B00BS7FFQ8
B00166XERS,B008B10SOS,full,3492.0,0.0,1.0,5,B004UVBZ6I
B00166XERS,B008B10SOS,shuffled,1500.0,-1992.0,0.2296203076839447,0,B004YTEBC6
B00166XERS,B008B10SOS,uniform,331.0,-3161.0,0.6809084415435791,0,B000EDFWXS
B00AHAH7B8,B0085UC7EY,full,320.0,0.0,1.0,5,B008FWE8AS
B00AHAH7B8,B0085UC7EY,shuffled,917.0,597.0,0.2160605490207672,0,B00B7HVJZA
B00AHAH7B8,B0085UC7EY,uniform,68.0,-252.0,0.46799221634864807,0,B003WE90FW
B00066ZKS0,B003T0G1LU,full,4.0,0.0,0.9999998807907104,5,B003FGW8MO
B00066ZKS0,B003T0G1LU,shuffled,1513.0,1509.0,0.26375702023506165,0,B004LAO7PE
B00066ZKS0,B003T0G1LU,uniform,107.0,103.0,0.7017054557800293,0,B0089G5STA
B0089ODSU8,B002RV2BWA,full,162.0,0.0,1.0,5,B005HIQ9KA
B0089ODSU8,B002RV2BWA,shuffled,2662.0,2500.0,0.02279883250594139,0,B00A6X1ZHS
B0089ODSU8,B002RV2BWA,uniform,74.0,-88.0,0.4577905833721161,1,B0013PPA8S
B003INE0Q6,B000MX1M98,full,1115.0,0.0,1.0000001192092896,5,B00B5BR0RY
B003INE0Q6,B000MX1M98,shuffled,5838.0,4723.0,-0.07287304103374481,0,B004APGLNG
B003INE0Q6,B000MX1M98,uniform,1785.0,670.0,0.084337517619133,0,B00BS7FFQ8
B004VSE9CM,B009PPO9KI,full,314.0,0.0,1.0,5,B001W2M4PE
B004VSE9CM,B009PPO9KI,shuffled,1245.0,931.0,0.22507548332214355,0,B003J5CFXS
B004VSE9CM,B009PPO9KI,uniform,3305.0,2991.0,0.3423604369163513,0,B005IZUOOE
B000U6KLMG,B005TF42KA,full,54.0,0.0,1.0,5,B004CSBQAY
B000U6KLMG,B005TF42KA,shuffled,1116.0,1062.0,0.2467106282711029,0,B001W2M4PE
B000U6KLMG,B005TF42KA,uniform,1324.0,1270.0,0.5247124433517456,0,B003WE90A2
B007P28IKK,B004GGUA9U,full,49.0,0.0,1.0000001192092896,5,B005LC6BWS
B007P28IKK,B004GGUA9U,shuffled,1028.0,979.0,0.261001318693161,0,B004HEX7WI
B007P28IKK,B004GGUA9U,uniform,1228.0,1179.0,0.6630907654762268,0,B003WE90FW
B00G6UFA94,B0096SKKJS,full,742.0,0.0,1.0000001192092896,5,B001MX8V8C
B00G6UFA94,B0096SKKJS,shuffled,594.0,-148.0,0.1446794867515564,0,B007R1NWUU
B00G6UFA94,B0096SKKJS,uniform,1824.0,1082.0,0.6180029511451721,0,B00BHKFFAW
B005TG0JTW,B00AHEZ29I,full,2.0,0.0,1.0,5,B000YICIYE
B005TG0JTW,B00AHEZ29I,shuffled,103.0,101.0,0.34402647614479065,0,B0081ST50O
B005TG0JTW,B00AHEZ29I,uniform,1.0,-1.0,0.6210675835609436,3,B00AHEZ29I
B001MIMB1A,B000JOVTW0,full,71.0,0.0,1.0000001192092896,5,B005HWTURA
B001MIMB1A,B000JOVTW0,shuffled,832.0,761.0,0.1947287917137146,0,B007BRMYGS
B001MIMB1A,B000JOVTW0,uniform,909.0,838.0,0.5123335123062134,0,B007P28IKK
B00BJO34NG,B002GCIN54,full,31.0,0.0,1.0000001192092896,5,B001DIKL4I
B00BJO34NG,B002GCIN54,shuffled,3482.0,3451.0,0.13423632085323334,0,B00A9OC50U
B00BJO34NG,B002GCIN54,uniform,362.0,331.0,0.7360316514968872,0,B00B4WT108
B00318CIIA,B003LYYQF2,full,403.0,0.0,1.0000001192092896,5,B009L4ZBNM
B00318CIIA,B003LYYQF2,shuffled,6090.0,5687.0,0.2598889172077179,0,B002GKSLYE
B00318CIIA,B003LYYQF2,uniform,367.0,-36.0,0.2473168671131134,0,B005C91IGE
B002UQJENQ,B0085VJ4Y4,full,864.0,0.0,1.000000238418579,5,B004UHPEU0
B002UQJENQ,B0085VJ4Y4,shuffled,5380.0,4516.0,0.45144376158714294,2,B00479681K
B002UQJENQ,B0085VJ4Y4,uniform,225.0,-639.0,0.8344173431396484,2,B00AU868R6
B000TYT49U,B00CADKWXK,full,66.0,0.0,1.0,5,B00C68VOYA
B000TYT49U,B00CADKWXK,shuffled,842.0,776.0,0.3593914210796356,0,B006RI34ZC
B000TYT49U,B00CADKWXK,uniform,1375.0,1309.0,0.5038949847221375,0,B00GNKJKFC
B0011MNWSI,B005OCDS94,full,142.0,0.0,1.0,5,B003UPUYIA
B0011MNWSI,B005OCDS94,shuffled,1615.0,1473.0,0.5768110752105713,0,B004NNUWDK
B0011MNWSI,B005OCDS94,uniform,3546.0,3404.0,0.6345453262329102,2,B003UPUYIA
B00CH1JZ92,B008HK470O,full,364.0,0.0,0.9999999403953552,5,B000REM4EE
B00CH1JZ92,B008HK470O,shuffled,2908.0,2544.0,0.4155113399028778,0,B003674EUQ
B00CH1JZ92,B008HK470O,uniform,6200.0,5836.0,0.29167070984840393,0,B009Z3XPBY
B004KV0604,B0040NB3PE,full,70.0,0.0,0.9999998807907104,5,B004KSSKXW
B004KV0604,B0040NB3PE,shuffled,3035.0,2965.0,0.3403230309486389,2,B000REM4EE
B004KV0604,B0040NB3PE,uniform,790.0,720.0,0.6824570894241333,0,B004KVK7H6
B0085HBOPA,B00AAQTMT4,full,37.0,0.0,1.0,5,B0068YW1EA
B0085HBOPA,B00AAQTMT4,shuffled,1274.0,1237.0,0.21567527949810028,0,B002WE9S7I
B0085HBOPA,B00AAQTMT4,uniform,1280.0,1243.0,0.30199551582336426,0,B00BTYJGY2
B004HTURAS,B00DS5HO0S,full,981.0,0.0,0.9999999403953552,5,B009X97PHK
B004HTURAS,B00DS5HO0S,shuffled,6152.0,5171.0,0.06133870780467987,0,B006HT40OK
B004HTURAS,B00DS5HO0S,uniform,6135.0,5154.0,0.2145586609840393,0,B006X0AKYM
B000F5LTXW,B000ID2PZ2,full,30.0,0.0,0.9999998807907104,5,B009ZYOM60
B000F5LTXW,B000ID2PZ2,shuffled,986.0,956.0,0.20436076819896698,0,B000OTIGJY
B000F5LTXW,B000ID2PZ2,uniform,9.0,-21.0,0.5732327699661255,2,B000NK06WY
B00C40RA8Y,B00842GMLW,full,21.0,0.0,1.0000001192092896,5,B00BSM4OC4
B00C40RA8Y,B00842GMLW,shuffled,1835.0,1814.0,-0.0019574183970689774,0,B001W2M4PE
B00C40RA8Y,B00842GMLW,uniform,92.0,71.0,0.6462905406951904,0,B00CBL3B7K
B00EUEB41G,B003XCKD3G,full,1005.0,0.0,1.0,5,B00CWJ5K16
B00EUEB41G,B003XCKD3G,shuffled,5252.0,4247.0,0.38756659626960754,0,B000KW4LIA
B00EUEB41G,B003XCKD3G,uniform,2804.0,1799.0,0.49554312229156494,0,B005XQRSBU
B00AOJHF8M,B00AOJG2QS,full,42.0,0.0,1.0,5,B007JH7A1E
B00AOJHF8M,B00AOJG2QS,shuffled,762.0,720.0,0.18713556230068207,0,B007PYE4A6
B00AOJHF8M,B00AOJG2QS,uniform,112.0,70.0,0.5576770901679993,0,B004H7SAAO
B004OKFF7K,B00774HYH4,full,70.0,0.0,1.000000238418579,5,B0071N0J8M
B004OKFF7K,B00774HYH4,shuffled,346.0,276.0,0.6664924621582031,0,B00DAMLQKS
B004OKFF7K,B00774HYH4,uniform,34.0,-36.0,0.5291603803634644,2,B000EXUEZ4
B00C6A4LL6,B004XWMCZC,full,5.0,0.0,1.0000001192092896,5,B005VN36Q6
B00C6A4LL6,B004XWMCZC,shuffled,2077.0,2072.0,0.20829197764396667,0,B0055NSFRM
B00C6A4LL6,B004XWMCZC,uniform,11.0,6.0,0.7981057167053223,2,B003X00QGW
B00BCLMPQS,B004E5OGAM,full,2295.0,0.0,0.9999998807907104,5,B007UMCO3W
B00BCLMPQS,B004E5OGAM,shuffled,2290.0,-5.0,0.408419668674469,0,B00C6AOL2K
B00BCLMPQS,B004E5OGAM,uniform,5648.0,3353.0,0.3842080235481262,0,B00138MPS8
B009279FB2,B006RI34ZC,full,1550.0,0.0,1.0,5,B000LVSFX2
B009279FB2,B006RI34ZC,shuffled,3043.0,1493.0,0.3404383957386017,0,B004UKO0IO
B009279FB2,B006RI34ZC,uniform,5329.0,3779.0,0.18381337821483612,0,B0064POSPI
B008135X1Y,B0024YV8R4,full,42.0,0.0,1.000000238418579,5,B002DP8NB8
B008135X1Y,B0024YV8R4,shuffled,5832.0,5790.0,0.17767421901226044,0,B004LC8XJ8
B008135X1Y,B0024YV8R4,uniform,4207.0,4165.0,0.4858083426952362,0,B009EQJZJI
B007JQKD7S,B00BFWJK0S,full,279.0,0.0,1.000000238418579,5,B001S9X34W
B007JQKD7S,B00BFWJK0S,shuffled,4334.0,4055.0,-0.06354933232069016,0,B007DJ2UK4
B007JQKD7S,B00BFWJK0S,uniform,654.0,375.0,0.2043280154466629,0,B004T6PKTW
B009IUQ4R6,B0038298J6,full,2645.0,0.0,1.0,5,B003QCGEVS
B009IUQ4R6,B0038298J6,shuffled,2839.0,194.0,-0.06751643121242523,0,B00D3OTP5Q
B009IUQ4R6,B0038298J6,uniform,4928.0,2283.0,0.11202583461999893,0,B006VY4S1Q
B0013PPA8S,B0068UB0XC,full,397.0,0.0,1.0,5,B0099812DI
B0013PPA8S,B0068UB0XC,shuffled,2147.0,1750.0,0.16942889988422394,0,B003X5SLM8
B0013PPA8S,B0068UB0XC,uniform,4806.0,4409.0,0.3480600118637085,0,B0096UD3FO
B001G0D1TA,B008DXKT9S,full,546.0,0.0,0.9999999403953552,5,B002AT6HYM
B001G0D1TA,B008DXKT9S,shuffled,3026.0,2480.0,-0.006760475225746632,0,B0051VMI3K
B001G0D1TA,B008DXKT9S,uniform,4756.0,4210.0,0.6376932859420776,0,B005LIXPPI
B008MC2GY6,B007E4SN6S,full,4228.0,0.0,1.0000001192092896,5,B004M17U88
B008MC2GY6,B007E4SN6S,shuffled,5319.0,1091.0,0.13958874344825745,0,B00CWGKTLK
B008MC2GY6,B007E4SN6S,uniform,5929.0,1701.0,0.31324848532676697,0,B008V2JXTS
B005C91FL2,B005W8LMAC,full,664.0,0.0,0.9999999403953552,5,B008OUBLWO
B005C91FL2,B005W8LMAC,shuffled,5833.0,5169.0,-0.039829082787036896,0,B004DJ0A0Y
B005C91FL2,B005W8LMAC,uniform,2436.0,1772.0,0.6503628492355347,1,B007MI4PIG
B001WNSTAW,B0041YRX6K,full,4237.0,0.0,1.0,5,B0064R5VW0
B001WNSTAW,B0041YRX6K,shuffled,2677.0,-1560.0,0.45835426449775696,0,B00523OC9A
B001WNSTAW,B0041YRX6K,uniform,3020.0,-1217.0,0.5493977069854736,1,B00CCR7O1C
B008L40DC2,B006DUMY1O,full,2426.0,0.0,1.0,5,B005N6Z3VW
B008L40DC2,B006DUMY1O,shuffled,158.0,-2268.0,0.5462230443954468,1,B0064R5VW0
B008L40DC2,B006DUMY1O,uniform,5638.0,3212.0,0.34091243147850037,0,B007JFEUUA
B008H1MLOW,B008P4ZQMU,full,202.0,0.0,1.0,5,B0041D811M
B008H1MLOW,B008P4ZQMU,shuffled,3162.0,2960.0,0.01192729827016592,0,B006TG84O8
B008H1MLOW,B008P4ZQMU,uniform,5912.0,5710.0,-0.006451877765357494,0,B00BCWHH9W
B00CACXSU0,B005OJ9D32,full,56.0,0.0,1.0,5,B00861KWY4
B00CACXSU0,B005OJ9D32,shuffled,2258.0,2202.0,0.07245408743619919,0,B008ILTI24
B00CACXSU0,B005OJ9D32,uniform,1878.0,1822.0,0.7025136947631836,0,B004O95B0W
B004G09IXK,B00842GS3O,full,78.0,0.0,1.0,5,B007F85LVI
B004G09IXK,B00842GS3O,shuffled,298.0,220.0,0.010596438311040401,0,B006RDOWRQ
B004G09IXK,B00842GS3O,uniform,113.0,35.0,0.6497619152069092,0,B00BQ9SS8U
B001UFZIJ2,B00CC3WCLI,full,12.0,0.0,1.0000001192092896,5,B00079ZZA4
B001UFZIJ2,B00CC3WCLI,shuffled,802.0,790.0,0.2798219323158264,0,B00816SVKQ
B001UFZIJ2,B00CC3WCLI,uniform,149.0,137.0,0.5906429886817932,1,B003BZ89HW
B004LYSV9I,B005HF6TGW,full,147.0,0.0,1.0000001192092896,5,B004BNNGUS
B004LYSV9I,B005HF6TGW,shuffled,4784.0,4637.0,0.19458186626434326,0,B001COZUQ2
B004LYSV9I,B005HF6TGW,uniform,1704.0,1557.0,0.7348446846008301,1,B009ZGPRMQ
B007T5JNJ8,B0089823LY,full,829.0,0.0,1.0000001192092896,5,B00CQLJ1Y2
B007T5JNJ8,B0089823LY,shuffled,2384.0,1555.0,0.2671002447605133,0,B003ITZNYS
B007T5JNJ8,B0089823LY,uniform,2578.0,1749.0,0.4964011311531067,1,B00D83LFBO
B007X4OJCQ,B006AD5HJA,full,439.0,0.0,1.0,5,B0078SAF4S
B007X4OJCQ,B006AD5HJA,shuffled,46.0,-393.0,0.3621753752231598,0,B004XWCRKC
B007X4OJCQ,B006AD5HJA,uniform,2.0,-437.0,0.5167312026023865,0,B006WX9R4Y
B008F9SIZ2,B003RWG8KO,full,910.0,0.0,1.0000001192092896,5,B0058RUUH8
B008F9SIZ2,B003RWG8KO,shuffled,2967.0,2057.0,0.3582141697406769,0,B00DEO56HQ
B008F9SIZ2,B003RWG8KO,uniform,2760.0,1850.0,0.6144564151763916,3,B00A476WU6
B003JY6WY2,B005CT0T8C,full,1.0,0.0,1.0,5,B005CT0T8C
B003JY6WY2,B005CT0T8C,shuffled,1438.0,1437.0,0.2822013199329376,0,B000KD42BK
B003JY6WY2,B005CT0T8C,uniform,238.0,237.0,0.4709301292896271,1,B006Y2I7H6
B0090UWAVI,B0099RQYTQ,full,1.0,0.0,1.0000001192092896,5,B0099RQYTQ
B0090UWAVI,B0099RQYTQ,shuffled,4911.0,4910.0,0.05558381974697113,0,B007TB59A4
B0090UWAVI,B0099RQYTQ,uniform,239.0,238.0,0.26524877548217773,0,B0050WOT9Q
B00FV0FKXQ,B00B2856XA,full,302.0,0.0,1.0000001192092896,5,B00BQ1QHVI
B00FV0FKXQ,B00B2856XA,shuffled,936.0,634.0,0.07274795323610306,0,B0081ST50O
B00FV0FKXQ,B00B2856XA,uniform,5538.0,5236.0,0.43301552534103394,0,B00B27IIPE
B00DAMLQKS,B006QNBXC4,full,1333.0,0.0,1.0000001192092896,5,B007TZ3DNA
B00DAMLQKS,B006QNBXC4,shuffled,554.0,-779.0,0.6014724373817444,2,B0077DT5SG
B00DAMLQKS,B006QNBXC4,uniform,2403.0,1070.0,0.8678650856018066,0,B00ABDT1II
B008MON3NC,B004G7LM8C,full,24.0,0.0,1.000000238418579,5,B004OYVAIY
B008MON3NC,B004G7LM8C,shuffled,147.0,123.0,0.13253435492515564,0,B006ONQTF2
B008MON3NC,B004G7LM8C,uniform,206.0,182.0,0.33546265959739685,0,B00470EJY2
B00256FLCO,B003C9Z1L4,full,15.0,0.0,0.9999999403953552,5,B007UP0B4S
B00256FLCO,B003C9Z1L4,shuffled,1891.0,1876.0,0.1883057951927185,0,B0081GC3AK
B00256FLCO,B003C9Z1L4,uniform,123.0,108.0,0.779312789440155,0,B0057G9TKE
B001RXMRKU,B005ESA9SG,full,78.0,0.0,1.000000238418579,5,B005S2A9SI
B001RXMRKU,B005ESA9SG,shuffled,77.0,-1.0,0.44548407196998596,0,B0033AG7DS
B001RXMRKU,B005ESA9SG,uniform,3821.0,3743.0,0.5136570930480957,0,B00BOY9EWQ
B0094J9WPM,B00CL4JTB4,full,1991.0,0.0,1.0,5,B001S2PQ4O
B0094J9WPM,B00CL4JTB4,shuffled,2702.0,711.0,0.3431604504585266,0,B005V4B9NM
B0094J9WPM,B00CL4JTB4,uniform,1710.0,-281.0,0.4096295237541199,0,B007JX7CN4
B00EDKJAUE,B0087RWANS,full,11.0,0.0,1.0,5,B00256FLCO
B00EDKJAUE,B0087RWANS,shuffled,3589.0,3578.0,-0.0022347522899508476,0,B004U6OELG
B00EDKJAUE,B0087RWANS,uniform,54.0,43.0,0.5585965514183044,0,B006422LDW
B00BFCV6A0,B003CMQITA,full,592.0,0.0,1.0,5,B005J0Q8SE
B00BFCV6A0,B003CMQITA,shuffled,5199.0,4607.0,0.22779984772205353,0,B00AES8W30
B00BFCV6A0,B003CMQITA,uniform,5949.0,5357.0,0.41444844007492065,0,B0052MQ6BI
B003U02384,B003UHLGZI,full,7.0,0.0,1.0000001192092896,5,B004JKDNB0
B003U02384,B003UHLGZI,shuffled,376.0,369.0,0.1650603711605072,0,B002TSURL8
B003U02384,B003UHLGZI,uniform,585.0,578.0,0.433164119720459,0,B0085YPIXC
B009R7SGQW,B009H4RRGA,full,25.0,0.0,0.9999999403953552,5,B0067F9J1I
B009R7SGQW,B009H4RRGA,shuffled,3159.0,3134.0,0.12037769705057144,0,B009ESQ2UG
B009R7SGQW,B009H4RRGA,uniform,501.0,476.0,0.4808579683303833,0,B0045MS86W
B007E9RDH8,B005I4MIO4,full,2844.0,0.0,1.0,5,B007I6HU02
B007E9RDH8,B005I4MIO4,shuffled,4070.0,1226.0,0.20158502459526062,0,B007679AJ2
B007E9RDH8,B005I4MIO4,uniform,3461.0,617.0,0.738820493221283,2,B00AW6NSXS
B0032HJXKG,B0089MW1E4,full,72.0,0.0,1.0,5,B004KB7T18
B0032HJXKG,B0089MW1E4,shuffled,2014.0,1942.0,0.4943590760231018,0,B007PZ42PW
B0032HJXKG,B0089MW1E4,uniform,1678.0,1606.0,0.37541836500167847,0,B004GIZYTE
B00CXMYX2E,B00DLBISG8,full,1549.0,0.0,1.000000238418579,5,B00FXJ5QMA
B00CXMYX2E,B00DLBISG8,shuffled,3892.0,2343.0,0.26092329621315,0,B006QSYMFO
B00CXMYX2E,B00DLBISG8,uniform,5408.0,3859.0,0.6879915595054626,0,B002CJLUOW
B009IH5M86,B003DEBW70,full,3363.0,0.0,1.0,5,B00A6X1ZHS
B009IH5M86,B003DEBW70,shuffled,4473.0,1110.0,0.5364336371421814,0,B00BT0EQR8
B009IH5M86,B003DEBW70,uniform,967.0,-2396.0,0.5703210830688477,0,B004T6PKTW
B00CDT7FHM,B00CKZ5XIW,full,1750.0,0.0,1.000000238418579,5,B0018TCBXG
B00CDT7FHM,B00CKZ5XIW,shuffled,2666.0,916.0,0.5016677975654602,0,B005B4MD0K
B00CDT7FHM,B00CKZ5XIW,uniform,849.0,-901.0,0.7370004653930664,1,B000T899QO
B00B3PNS5K,B0086EK3XG,full,424.0,0.0,1.0000001192092896,5,B00CDL2BX8
B00B3PNS5K,B0086EK3XG,shuffled,2249.0,1825.0,0.028883181512355804,0,B0018TCBXG
B00B3PNS5K,B0086EK3XG,uniform,3627.0,3203.0,0.34674710035324097,0,B00BS7FFQ8
B002U0K0XA,B0032FPQ86,full,3755.0,0.0,1.0000001192092896,5,B00C7C7UT8
B002U0K0XA,B0032FPQ86,shuffled,6232.0,2477.0,0.18972644209861755,0,B003QCBBJI
B002U0K0XA,B0032FPQ86,uniform,2989.0,-766.0,0.3441401720046997,0,B004U6LOTG
B0084ERQFG,B008392XJ6,full,290.0,0.0,1.0000001192092896,5,B006ZP4RPI
B0084ERQFG,B008392XJ6,shuffled,2508.0,2218.0,0.22468505799770355,0,B003ZYYBO4
B0084ERQFG,B008392XJ6,uniform,3901.0,3611.0,0.4310683012008667,0,B008EF1L5G
B005PQ02G6,B008D6Q7DC,full,4736.0,0.0,1.0,5,B004QYK7I6
B005PQ02G6,B008D6Q7DC,shuffled,3047.0,-1689.0,0.3996853828430176,2,B008E0N29E
B005PQ02G6,B008D6Q7DC,uniform,4397.0,-339.0,0.501985490322113,1,B0049IALEE
B005JQ2GP2,B000YHF5K4,full,6.0,0.0,1.0000001192092896,5,B004322WPW
B005JQ2GP2,B000YHF5K4,shuffled,2020.0,2014.0,0.09579183161258698,0,B002AH1PSC
B005JQ2GP2,B000YHF5K4,uniform,1177.0,1171.0,0.3783976137638092,0,B002DYJC3M
B003C1R750,B00BCX3WRC,full,298.0,0.0,1.000000238418579,5,B0065K71Z6
B003C1R750,B00BCX3WRC,shuffled,4263.0,3965.0,0.1285768449306488,0,B00CQ3O38Y
B003C1R750,B00BCX3WRC,uniform,4346.0,4048.0,0.3781987726688385,0,B001GX4VQO
B00AF3YKSA,B007E5DGBO,full,214.0,0.0,1.0000001192092896,5,B005F0NY26
B00AF3YKSA,B007E5DGBO,shuffled,3222.0,3008.0,0.2988862097263336,0,B00D3OTP5Q
B00AF3YKSA,B007E5DGBO,uniform,741.0,527.0,0.13744014501571655,0,B004DLNRSE
B0087DW93S,B00851M3YW,full,990.0,0.0,1.0000001192092896,5,B008P8A022
B0087DW93S,B00851M3YW,shuffled,516.0,-474.0,0.2966328561306,0,B00E3GLZXS
B0087DW93S,B00851M3YW,uniform,3170.0,2180.0,0.4497542083263397,1,B00B8XSUSW
B0042ZB3PA,B00479681K,full,391.0,0.0,1.0,5,B00FM5WA1K
B0042ZB3PA,B00479681K,shuffled,5137.0,4746.0,0.48397403955459595,0,B00AAG5H5C
B0042ZB3PA,B00479681K,uniform,383.0,-8.0,0.5626416802406311,0,B001RNO45Q
B005LXFXIA,B00A0XKK98,full,489.0,0.0,1.0000001192092896,5,B001WSRW6Y
B005LXFXIA,B00A0XKK98,shuffled,49.0,-440.0,0.33681660890579224,0,B000FDXQXA
B005LXFXIA,B00A0XKK98,uniform,6018.0,5529.0,0.48848578333854675,0,B00ASK9HGA
B008VD5WE2,B004XN5L1S,full,1.0,0.0,1.0,5,B004XN5L1S
B008VD5WE2,B004XN5L1S,shuffled,740.0,739.0,0.020553356036543846,0,B003RW46LW
B008VD5WE2,B004XN5L1S,uniform,265.0,264.0,0.42593860626220703,0,B004V93LYI
B004QZB40K,B0048KPZO4,full,9.0,0.0,0.9999998807907104,5,B004YHS8CW
B004QZB40K,B0048KPZO4,shuffled,186.0,177.0,0.32277852296829224,0,B006H4LI7C
B004QZB40K,B0048KPZO4,uniform,2137.0,2128.0,0.2404683381319046,0,B006U6ENVK
B008PHCDA0,B00DNTZ00U,full,116.0,0.0,1.0000001192092896,5,B00BF9GWMU
B008PHCDA0,B00DNTZ00U,shuffled,4505.0,4389.0,0.022906236350536346,0,B00BJJJNS6
B008PHCDA0,B00DNTZ00U,uniform,2730.0,2614.0,0.48235681653022766,0,B00AL1LOEE
B00C3TELTM,B00FOR1WUQ,full,43.0,0.0,1.0000001192092896,5,B00CQ9P4Q8
B00C3TELTM,B00FOR1WUQ,shuffled,18.0,-25.0,0.4384324550628662,0,B000CEEVXG
B00C3TELTM,B00FOR1WUQ,uniform,26.0,-17.0,0.6762535572052002,0,B0049IALEE
B00BGVUTBC,B00A163QXG,full,780.0,0.0,1.0,5,B005KGF70M
B00BGVUTBC,B00A163QXG,shuffled,321.0,-459.0,0.39288535714149475,0,B00BCCMELS
B00BGVUTBC,B00A163QXG,uniform,109.0,-671.0,0.6909682750701904,0,B003Z6OPF2
B0019IT79C,B003OUW9KW,full,83.0,0.0,1.0000001192092896,5,B005LC6BWS
B0019IT79C,B003OUW9KW,shuffled,734.0,651.0,0.4088219106197357,0,B00BGDDY76
B0019IT79C,B003OUW9KW,uniform,5380.0,5297.0,0.24580539762973785,0,B003CZUYGU
B004R6IQG8,B007PVC4R4,full,440.0,0.0,1.0000001192092896,5,B000FVAJZU
B004R6IQG8,B007PVC4R4,shuffled,1226.0,786.0,0.3798961043357849,1,B00AHEZ29I
B004R6IQG8,B007PVC4R4,uniform,1381.0,941.0,0.6925318241119385,1,B000YICIYE
B004IWS9C2,B00CTSW4B4,full,22.0,0.0,1.0,5,B005LBX3C0
B004IWS9C2,B00CTSW4B4,shuffled,1128.0,1106.0,0.21672719717025757,0,B008KYREYS
B004IWS9C2,B00CTSW4B4,uniform,4203.0,4181.0,0.20034727454185486,0,B0053VMJDM
B000VX05IS,B000S6TI72,full,108.0,0.0,0.9999998807907104,5,B007JQKPXA
B000VX05IS,B000S6TI72,shuffled,3135.0,3027.0,0.056924495846033096,0,B00CQ49NLU
B000VX05IS,B000S6TI72,uniform,3328.0,3220.0,0.4805619418621063,1,B007JQKPXA
B003WF2ECW,B00BXXX3PM,full,8.0,0.0,1.0000001192092896,5,B00CYMFFVQ
B003WF2ECW,B00BXXX3PM,shuffled,2314.0,2306.0,0.07796107232570648,0,B004DR1834
B003WF2ECW,B00BXXX3PM,uniform,623.0,615.0,0.3745662569999695,0,B0088B8CM6
B002DQYGFE,B0088B8CM6,full,172.0,0.0,1.0,5,B0096A37SW
B002DQYGFE,B0088B8CM6,shuffled,2515.0,2343.0,0.22093839943408966,0,B00997MHV0
B002DQYGFE,B0088B8CM6,uniform,2494.0,2322.0,0.5381362438201904,0,B009Z3XPBY
B000ULWMIC,B00DTZAZUS,full,39.0,0.0,1.0,5,B002ACG7TY
B000ULWMIC,B00DTZAZUS,shuffled,370.0,331.0,0.43870097398757935,0,B005KQX65U
B000ULWMIC,B00DTZAZUS,uniform,264.0,225.0,0.7468183040618896,2,B009VI0H7S
B0037A2O7W,B0067N9P32,full,4.0,0.0,1.0,5,B001TB6OR2
B0037A2O7W,B0067N9P32,shuffled,586.0,582.0,0.08792402595281601,0,B000RQO9S6
B0037A2O7W,B0067N9P32,uniform,146.0,142.0,0.4106457829475403,1,B009SNIEGW
B0089MUPWO,B00CS97P2C,full,119.0,0.0,1.0,5,B007AHADCG
B0089MUPWO,B00CS97P2C,shuffled,1305.0,1186.0,0.11243859678506851,0,B0037A2O7W
B0089MUPWO,B00CS97P2C,uniform,4071.0,3952.0,0.12170734256505966,0,B004DLNRSE
B001SN7QH8,B000XTO4KK,full,103.0,0.0,1.0,5,B004KVG9TG
B001SN7QH8,B000XTO4KK,shuffled,1683.0,1580.0,0.4314700961112976,0,B007QUOJFY
B001SN7QH8,B000XTO4KK,uniform,856.0,753.0,0.37432435154914856,0,B005VF64V8
B00E5IEY3C,B004HZQTXG,full,20.0,0.0,1.0000001192092896,5,B00256FLCO
B00E5IEY3C,B004HZQTXG,shuffled,1177.0,1157.0,-0.12207803130149841,0,B00AYJNE3M
B00E5IEY3C,B004HZQTXG,uniform,533.0,513.0,0.190755695104599,0,B003LR3ES4
B00AEJPFL6,B00AEJOVYS,full,107.0,0.0,1.0000001192092896,5,B0081365S4
B00AEJPFL6,B00AEJOVYS,shuffled,2937.0,2830.0,0.169032484292984,0,B00BZJ5TRE
B00AEJPFL6,B00AEJOVYS,uniform,99.0,-8.0,0.7321166396141052,3,B0081365S4
B00A476WU6,B00C9VY1XU,full,13.0,0.0,1.0,5,B0009X7URY
B00A476WU6,B00C9VY1XU,shuffled,2755.0,2742.0,0.1581689715385437,0,B00B2NMY4O
B00A476WU6,B00C9VY1XU,uniform,1578.0,1565.0,0.3973270058631897,0,B00CQA4HPQ
B000XK9KKI,B009RV4US6,full,3.0,0.0,1.0,5,B000PNTVAC
B000XK9KKI,B009RV4US6,shuffled,292.0,289.0,0.5280580520629883,0,B0077PMHIO
B000XK9KKI,B009RV4US6,uniform,372.0,369.0,0.50920569896698,1,B00092SAR4
B00C5KHZTM,B006Y5SM2I,full,135.0,0.0,1.0000001192092896,5,B006W969LW
B00C5KHZTM,B006Y5SM2I,shuffled,1664.0,1529.0,0.1095314472913742,0,B009RV4US6
B00C5KHZTM,B006Y5SM2I,uniform,13.0,-122.0,0.4523962140083313,0,B00BQ9SMYU
B008QT38YW,B0009PRMSE,full,10.0,0.0,1.0,5,B00BHIZILK
B008QT38YW,B0009PRMSE,shuffled,2360.0,2350.0,0.24717190861701965,0,B0060K7LLU
B008QT38YW,B0009PRMSE,uniform,32.0,22.0,0.8137948513031006,3,B00B4WT108
B002TSURL8,B000GG5PDK,full,170.0,0.0,1.0000001192092896,5,B004JVANK8
B002TSURL8,B000GG5PDK,shuffled,3529.0,3359.0,0.3669341206550598,0,B004I7EJJO
B002TSURL8,B000GG5PDK,uniform,810.0,640.0,0.2807854115962982,0,B00CWGKTLK
B00GKENI2W,B00CJLMHKO,full,377.0,0.0,1.000000238418579,5,B00A9WRDY0
B00GKENI2W,B00CJLMHKO,shuffled,1940.0,1563.0,0.06735554337501526,0,B008WJ68NY
B00GKENI2W,B00CJLMHKO,uniform,907.0,530.0,0.2188798040151596,0,B007DJ2XQA
B005F0JPDI,B008D8R4NC,full,171.0,0.0,1.0000001192092896,5,B003TW4V2Y
B005F0JPDI,B008D8R4NC,shuffled,5580.0,5409.0,0.058115504682064056,0,B009BHEGLM
B005F0JPDI,B008D8R4NC,uniform,4277.0,4106.0,0.2832961678504944,0,B00BY2UU8A
B005O76QW0,B006O69E8S,full,1668.0,0.0,1.0,5,B00DS3DSRS
B005O76QW0,B006O69E8S,shuffled,2458.0,790.0,0.10038405656814575,0,B00E3GLZXS
B005O76QW0,B006O69E8S,uniform,3659.0,1991.0,0.5165942907333374,0,B004U940JY
B005SYP7WO,B005LW3XZ6,full,16.0,0.0,1.0,5,B00A1W30WW
B005SYP7WO,B005LW3XZ6,shuffled,3989.0,3973.0,0.023863650858402252,0,B005AONB34
B005SYP7WO,B005LW3XZ6,uniform,1948.0,1932.0,0.41328322887420654,0,B003U9V4OO
B0094D2LWE,B0044BCR2U,full,4.0,0.0,1.0000001192092896,5,B005LBX3C0
B0094D2LWE,B0044BCR2U,shuffled,4525.0,4521.0,0.00896538607776165,0,B004QWYYYG
B0094D2LWE,B0044BCR2U,uniform,2533.0,2529.0,0.013613473623991013,0,B005C91IGE
B00A0NDRUC,B0048KRAWE,full,513.0,0.0,1.000000238418579,5,B004DB7JYC
B00A0NDRUC,B0048KRAWE,shuffled,2048.0,1535.0,0.06673108041286469,0,B009O7AIFM
B00A0NDRUC,B0048KRAWE,uniform,587.0,74.0,0.5038372278213501,0,B00BHKFFAW
B006042IYG,B006OK7ZM6,full,17.0,0.0,1.0,5,B006ZZHEU8
B006042IYG,B006OK7ZM6,shuffled,1558.0,1541.0,-0.0013581220991909504,0,B00AOI6AAC
B006042IYG,B006OK7ZM6,uniform,1194.0,1177.0,0.3878749907016754,0,B001NPD6PM
B00BGKZEKY,B00DU8PH9I,full,498.0,0.0,1.0,5,B006CWV270
B00BGKZEKY,B00DU8PH9I,shuffled,95.0,-403.0,0.366346538066864,0,B007V9SGZE
B00BGKZEKY,B00DU8PH9I,uniform,5572.0,5074.0,0.436605840921402,0,B00GXFHVYE
B0096UD3FO,B00C3AD6OC,full,27.0,0.0,1.0,5,B00A3G9HBO
B0096UD3FO,B00C3AD6OC,shuffled,3219.0,3192.0,0.08784331381320953,0,B00502EZX6
B0096UD3FO,B00C3AD6OC,uniform,5779.0,5752.0,0.05646270886063576,0,B00CBP292O
B005G22KO6,B00D8V7G64,full,174.0,0.0,1.0000001192092896,5,B008BSWH22
B005G22KO6,B00D8V7G64,shuffled,2237.0,2063.0,0.24320843815803528,0,B00AWZOE9G
B005G22KO6,B00D8V7G64,uniform,416.0,242.0,0.4400966167449951,0,B004U940JY
B0084YZBAI,B005BSLCWQ,full,123.0,0.0,1.0000001192092896,5,B00861KWY4
B0084YZBAI,B005BSLCWQ,shuffled,2489.0,2366.0,0.16832605004310608,0,B007PONC40
B0084YZBAI,B005BSLCWQ,uniform,238.0,115.0,0.3474009037017822,0,B005UZEMT0
B00D2VC7VY,B001710FXS,full,173.0,0.0,1.0,5,B000INV8FK
B00D2VC7VY,B001710FXS,shuffled,1823.0,1650.0,0.15818606317043304,1,B001DIQ02K
B00D2VC7VY,B001710FXS,uniform,512.0,339.0,0.6785930395126343,1,B001DIQ02K
B005MKSBAE,B008MT8ASA,full,18.0,0.0,1.0000001192092896,5,B008GE8R34
B005MKSBAE,B008MT8ASA,shuffled,2430.0,2412.0,0.0433712862432003,0,B006Z2HG0Y
B005MKSBAE,B008MT8ASA,uniform,215.0,197.0,0.35682129859924316,0,B007CGQ5AY
B00CDT7FHM,B004ZI7LFU,full,142.0,0.0,1.0000001192092896,5,B001BWCHLG
B00CDT7FHM,B004ZI7LFU,shuffled,2912.0,2770.0,0.268395334482193,0,B00634R6F4
B00CDT7FHM,B004ZI7LFU,uniform,3409.0,3267.0,0.6908868551254272,1,B004D99MZS
B004K2NSGM,B004U7I0SI,full,2.0,0.0,1.0,5,B004BNNGUS
B004K2NSGM,B004U7I0SI,shuffled,1.0,-1.0,0.4101758599281311,3,B004U7I0SI
B004K2NSGM,B004U7I0SI,uniform,3.0,1.0,0.866993248462677,3,B004BNNGUS
B00AK46JK6,B009EOL9ZI,full,10.0,0.0,1.0000001192092896,5,B00729O5LM
B00AK46JK6,B009EOL9ZI,shuffled,433.0,423.0,0.31010904908180237,0,B00CL0541M
B00AK46JK6,B009EOL9ZI,uniform,2483.0,2473.0,0.15818148851394653,0,B00F6RLURO
B00166XERS,B00CN9LEQK,full,40.0,0.0,1.0,5,B0038MLMHC
B00166XERS,B00CN9LEQK,shuffled,1131.0,1091.0,0.06302943825721741,0,B00706XMX4
B00166XERS,B00CN9LEQK,uniform,195.0,155.0,0.5738934278488159,2,B008LOSIZ6
B007T5JNJ8,B004C43LO2,full,57.0,0.0,1.0000001192092896,5,B00A1AFOFK
B007T5JNJ8,B004C43LO2,shuffled,5681.0,5624.0,0.10062998533248901,0,B006YUDD9K
B007T5JNJ8,B004C43LO2,uniform,2940.0,2883.0,0.5519570708274841,0,B00B0DNZ5S
B00854N5U0,B009N29AO8,full,39.0,0.0,1.0,5,B004IWHEAU
B00854N5U0,B009N29AO8,shuffled,4571.0,4532.0,0.21381986141204834,0,B005KS080Y
B00854N5U0,B009N29AO8,uniform,152.0,113.0,0.5800723433494568,1,B002CJLUOW
B004OKFF7K,B0071BJQVU,full,2.0,0.0,1.000000238418579,5,B00774HYH4
B004OKFF7K,B0071BJQVU,shuffled,91.0,89.0,0.196621835231781,0,B000WK5FXK
B004OKFF7K,B0071BJQVU,uniform,20.0,18.0,0.7304370403289795,1,B009ZGPRMQ
B0068VM5T4,B003Y74AOI,full,13.0,0.0,1.0000001192092896,5,B00BUZKLF8
B0068VM5T4,B003Y74AOI,shuffled,3884.0,3871.0,-0.057038888335227966,0,B009ZGPRMQ
B0068VM5T4,B003Y74AOI,uniform,1443.0,1430.0,0.30520185828208923,0,B00305G3QC
B00DEO35PQ,B009M1QCLE,full,1030.0,0.0,1.0,5,B001S9X34W
B00DEO35PQ,B009M1QCLE,shuffled,2385.0,1355.0,0.24394862353801727,0,B0089823LY
B00DEO35PQ,B009M1QCLE,uniform,2050.0,1020.0,0.4101312756538391,0,B007PY6E40
B009G0S8CM,B00BJO34NG,full,33.0,0.0,1.0000001192092896,5,B0085O4Q7Q
B009G0S8CM,B00BJO34NG,shuffled,5105.0,5072.0,0.08819514513015747,0,B005N55Z7K
B009G0S8CM,B00BJO34NG,uniform,736.0,703.0,0.47451478242874146,0,B0006GH2C2
B00BV2QNUM,B006WFFTTO,full,18.0,0.0,1.0,5,B007P88LU6
B00BV2QNUM,B006WFFTTO,shuffled,1531.0,1513.0,0.17820021510124207,0,B007PIYT8O
B00BV2QNUM,B006WFFTTO,uniform,1583.0,1565.0,0.4398025572299957,0,B0019SBBPK
B000FQ9R62,B000B8K9MK,full,3.0,0.0,1.0,5,B0084NYEPW
B000FQ9R62,B000B8K9MK,shuffled,2159.0,2156.0,-0.008435364812612534,0,B000NRXXBS
B000FQ9R62,B000B8K9MK,uniform,271.0,268.0,0.42152225971221924,0,B004V93LYI
B0053OI72G,B007MD9MN4,full,179.0,0.0,1.0,5,B005XXYY2O
B0053OI72G,B007MD9MN4,shuffled,1836.0,1657.0,0.20599772036075592,0,B007D5Y952
B0053OI72G,B007MD9MN4,uniform,2909.0,2730.0,0.5874953866004944,0,B0091GTTQ0
B00BYIN01I,B004L6ZSVU,full,27.0,0.0,1.0000001192092896,5,B00C51HF46
B00BYIN01I,B004L6ZSVU,shuffled,1991.0,1964.0,0.2986643314361572,0,B00BULAJFO
B00BYIN01I,B004L6ZSVU,uniform,86.0,59.0,0.6385899782180786,0,B00CBP45Q2
B006PGW58I,B007G1ZE0W,full,43.0,0.0,1.0,5,B006QS2JEK
B006PGW58I,B007G1ZE0W,shuffled,2041.0,1998.0,0.3648185729980469,0,B0073SJVZC
B006PGW58I,B007G1ZE0W,uniform,3105.0,3062.0,0.28271210193634033,0,B001LV9ZQM
B000OFIYP4,B000EMUCTS,full,2.0,0.0,0.9999999403953552,5,B001CSIEPM
B000OFIYP4,B000EMUCTS,shuffled,137.0,135.0,0.5586540699005127,2,B009GLCMDM
B000OFIYP4,B000EMUCTS,uniform,27.0,25.0,0.6493310332298279,1,B0072D7E0C
B0081GC10M,B009BHEGLM,full,87.0,0.0,0.9999998807907104,5,B002AT6HYM
B0081GC10M,B009BHEGLM,shuffled,2029.0,1942.0,0.12954246997833252,0,B00853SE8E
B0081GC10M,B009BHEGLM,uniform,4367.0,4280.0,0.45318061113357544,0,B0013V4QRI
B00974VG2G,B009DEHF2K,full,494.0,0.0,1.000000238418579,5,B0073VMNT0
B00974VG2G,B009DEHF2K,shuffled,1194.0,700.0,0.18639852106571198,0,B00B3VCRMY
B00974VG2G,B009DEHF2K,uniform,1.0,-493.0,0.17184078693389893,0,B009DEHF2K
B005Y4L6KK,B00812S67S,full,3267.0,0.0,0.9999998807907104,5,B00G6VTGVQ
B005Y4L6KK,B00812S67S,shuffled,588.0,-2679.0,0.3951762914657593,0,B007M68RR8
B005Y4L6KK,B00812S67S,uniform,5521.0,2254.0,0.4556175172328949,0,B001TJOL6K
B00CH59Q38,B00AGEIWZK,full,126.0,0.0,1.0,5,B0084DEM2W
B00CH59Q38,B00AGEIWZK,shuffled,1519.0,1393.0,0.10791662335395813,0,B008S0KPT0
B00CH59Q38,B00AGEIWZK,uniform,267.0,141.0,0.6521368622779846,0,B004MPQHN8
B0030DG7TC,B00C2O3K72,full,639.0,0.0,1.0000001192092896,5,B00CQA4HPQ
B0030DG7TC,B00C2O3K72,shuffled,2065.0,1426.0,0.010192647576332092,0,B008A5FYBW
B0030DG7TC,B00C2O3K72,uniform,1035.0,396.0,0.247547909617424,0,B004GIVMZO
B00C2AXB66,B00A1QJ1TE,full,23.0,0.0,0.9999998807907104,5,B001SERZCS
B00C2AXB66,B00A1QJ1TE,shuffled,3193.0,3170.0,0.16098441183567047,0,B00AA2BC0U
B00C2AXB66,B00A1QJ1TE,uniform,957.0,934.0,0.5262939929962158,0,B001GX4VQO
B00680K0D8,B0050TB14K,full,33.0,0.0,1.0,5,B0081PJDYA
B00680K0D8,B0050TB14K,shuffled,616.0,583.0,0.09068749845027924,0,B001SERZCS
B00680K0D8,B0050TB14K,uniform,188.0,155.0,0.37704432010650635,0,B0084DEM2W
B005AJ1Q7M,B006PGE428,full,80.0,0.0,1.0,5,B0076IL5D0
B005AJ1Q7M,B006PGE428,shuffled,6227.0,6147.0,0.14971600472927094,0,B00593M4M0
B005AJ1Q7M,B006PGE428,uniform,2847.0,2767.0,0.10209441184997559,0,B002NKM6PM
B00CH1JZ92,B006U6ENVK,full,1.0,0.0,1.0,5,B006U6ENVK
B00CH1JZ92,B006U6ENVK,shuffled,5380.0,5379.0,0.14289017021656036,0,B00112C2MK
B00CH1JZ92,B006U6ENVK,uniform,7.0,6.0,0.8590496778488159,3,B009Z3XPBY
B005173VTO,B00BK77UC8,full,3192.0,0.0,1.0,5,B00AK43YKO
B005173VTO,B00BK77UC8,shuffled,2870.0,-322.0,0.027228303253650665,0,B005QS5P92
B005173VTO,B00BK77UC8,uniform,3795.0,603.0,0.5403612852096558,0,B0086EK1TM
B004F9QDFS,B008588ZPQ,full,7.0,0.0,1.0,5,B006ZP4VBS
B004F9QDFS,B008588ZPQ,shuffled,2742.0,2735.0,0.25900736451148987,0,B00ARFOX60
B004F9QDFS,B008588ZPQ,uniform,42.0,35.0,0.7785992622375488,0,B009ELWRYS
B00FN9J26Q,B004Y4G6XI,full,32.0,0.0,1.0000001192092896,5,B001QXC89G
B00FN9J26Q,B004Y4G6XI,shuffled,2842.0,2810.0,0.2339726686477661,0,B003Z6OPF2
B00FN9J26Q,B004Y4G6XI,uniform,3987.0,3955.0,0.4379867911338806,0,B00CH4PU5C
B006YDMYCY,B0099RSPBG,full,256.0,0.0,1.0,5,B005174882
B006YDMYCY,B0099RSPBG,shuffled,3219.0,2963.0,0.07855826616287231,0,B00ABBX8FW
B006YDMYCY,B0099RSPBG,uniform,3274.0,3018.0,0.40466323494911194,0,B00GXFHVYE
B001GW76D0,B00DBAV1K4,full,85.0,0.0,1.0000001192092896,5,B007LVJSW2
B001GW76D0,B00DBAV1K4,shuffled,4195.0,4110.0,0.040610216557979584,0,B005KQ2RAA
B001GW76D0,B00DBAV1K4,uniform,58.0,-27.0,0.6631774306297302,0,B003FGW8MO
B00CH59Q38,B004AHLE0Y,full,99.0,0.0,1.0000001192092896,5,B00729O5LM
B00CH59Q38,B004AHLE0Y,shuffled,519.0,420.0,0.14638090133666992,0,B0055XL3PI
B00CH59Q38,B004AHLE0Y,uniform,218.0,119.0,0.8193753957748413,0,B007JR86O4
B00750Y3DI,B0083WOL16,full,8.0,0.0,1.0000001192092896,5,B003BZ8D8M
B00750Y3DI,B0083WOL16,shuffled,5355.0,5347.0,-0.020308826118707657,0,B005SW4MX6
B00750Y3DI,B0083WOL16,uniform,2671.0,2663.0,0.23179861903190613,0,B004DLNRSE
B001PLAIAU,B0084OPP72,full,156.0,0.0,0.9999998807907104,5,B005CZM4XE
B001PLAIAU,B0084OPP72,shuffled,4799.0,4643.0,0.07126199454069138,0,B00325MG16
B001PLAIAU,B0084OPP72,uniform,3492.0,3336.0,0.4470456838607788,0,B0096UD3FO
B000RQO9S6,B007P88LU6,full,2715.0,0.0,0.9999999403953552,5,B008NZWUB6
B000RQO9S6,B007P88LU6,shuffled,6317.0,3602.0,0.3427916169166565,0,B005NJWXTE
B000RQO9S6,B007P88LU6,uniform,1348.0,-1367.0,0.5937573909759521,1,B008NZWUB6
B004R9DY4E,B005UZEMT0,full,51.0,0.0,1.0000001192092896,5,B000JM3A1A
B004R9DY4E,B005UZEMT0,shuffled,899.0,848.0,0.09861493855714798,0,B00C1ENRT4
B004R9DY4E,B005UZEMT0,uniform,654.0,603.0,0.7337687015533447,0,B00FJW4OGK
B003IWGZQA,B006SHCSEU,full,38.0,0.0,1.0000001192092896,5,B001KU855Q
B003IWGZQA,B006SHCSEU,shuffled,2868.0,2830.0,0.20289471745491028,0,B004U6LOTG
B003IWGZQA,B006SHCSEU,uniform,380.0,342.0,0.6500273942947388,2,B0051C4FSK
B00B4XUVKG,B008L0BEAQ,full,126.0,0.0,1.0,5,B00CSUPE4M
B00B4XUVKG,B008L0BEAQ,shuffled,5835.0,5709.0,0.2236558496952057,0,B00AR1LLB4
B00B4XUVKG,B008L0BEAQ,uniform,3093.0,2967.0,0.6328235864639282,0,B007T4JJ5W
B001LNGY1E,B00A81MMOS,full,3083.0,0.0,1.000000238418579,5,B0031XDI1G
B001LNGY1E,B00A81MMOS,shuffled,2111.0,-972.0,0.35684821009635925,0,B00ELPTH9K
B001LNGY1E,B00A81MMOS,uniform,4686.0,1603.0,0.28273099660873413,0,B004L6HJK8
B008B18A8Y,B0043EVFC6,full,92.0,0.0,1.000000238418579,5,B004YO7ZNS
B008B18A8Y,B0043EVFC6,shuffled,2889.0,2797.0,0.18773826956748962,0,B00AA2BC0U
B008B18A8Y,B0043EVFC6,uniform,672.0,580.0,0.08239756524562836,0,B00BY24W7K
B0064POSPI,B003UKCZBE,full,1688.0,0.0,1.0000001192092896,5,B004NIZR44
B0064POSPI,B003UKCZBE,shuffled,286.0,-1402.0,0.3256021738052368,0,B005AD7WZI
B0064POSPI,B003UKCZBE,uniform,1646.0,-42.0,0.47527816891670227,0,B007JFEUUA
B004YOAT9A,B0048KPWFG,full,25.0,0.0,1.0,5,B0051D3GF2
B004YOAT9A,B0048KPWFG,shuffled,1055.0,1030.0,0.39217495918273926,0,B006ONQTF2
B004YOAT9A,B0048KPWFG,uniform,128.0,103.0,0.42538022994995117,0,B007MI4PIG
B0081D7EQQ,B007F85FQO,full,288.0,0.0,1.0000001192092896,5,B00EB0AN6Q
B0081D7EQQ,B007F85FQO,shuffled,2960.0,2672.0,0.316836953163147,0,B006CWV270
B0081D7EQQ,B007F85FQO,uniform,19.0,-269.0,0.3899756073951721,0,B0064POSPI
B005TON8VA,B004XVTPJO,full,32.0,0.0,1.0000001192092896,5,B0007R8KA8
B005TON8VA,B004XVTPJO,shuffled,1775.0,1743.0,0.3823474049568176,0,B005ISGR6A
B005TON8VA,B004XVTPJO,uniform,628.0,596.0,0.639900803565979,0,B00593LZI4
B0085709D8,B0094S1AG2,full,49.0,0.0,1.0000001192092896,5,B00A8D0RMU
B0085709D8,B0094S1AG2,shuffled,103.0,54.0,0.3374476432800293,0,B00AZUNPNE
B0085709D8,B0094S1AG2,uniform,24.0,-25.0,0.2161783128976822,0,B00BII92TS
B00C3TJJ9E,B007ETIW0U,full,692.0,0.0,0.9999999403953552,5,B004A0BU3C
B00C3TJJ9E,B007ETIW0U,shuffled,2507.0,1815.0,0.22391915321350098,0,B0084NYJ5C
B00C3TJJ9E,B007ETIW0U,uniform,4792.0,4100.0,0.3551962077617645,0,B0084TQIUA
B0036SQCKK,B003ZHBS0Q,full,8.0,0.0,0.9999999403953552,5,B004SFV0ZC
B0036SQCKK,B003ZHBS0Q,shuffled,1508.0,1500.0,0.26994413137435913,0,B006SWNH8Q
B0036SQCKK,B003ZHBS0Q,uniform,519.0,511.0,0.417716383934021,1,B001UFVNI2
B009QCMOO8,B005IYZ57Q,full,635.0,0.0,1.0,5,B009170LGG
B009QCMOO8,B005IYZ57Q,shuffled,465.0,-170.0,0.3051722049713135,0,B0064R5VW0
B009QCMOO8,B005IYZ57Q,uniform,3217.0,2582.0,0.5265663266181946,1,B00AAF3N22
B009BDY8AA,B00BIXSATQ,full,1137.0,0.0,1.000000238418579,5,B006WY71OQ
B009BDY8AA,B00BIXSATQ,shuffled,1308.0,171.0,0.18113473057746887,0,B004UHP3IS
B009BDY8AA,B00BIXSATQ,uniform,2524.0,1387.0,0.23979084193706512,0,B00BXL4BRI
B007VHEYAM,B0009ALW8U,full,2048.0,0.0,0.9999999403953552,5,B0054PCK4U
B007VHEYAM,B0009ALW8U,shuffled,5228.0,3180.0,0.1466379463672638,0,B0037KIXK4
B007VHEYAM,B0009ALW8U,uniform,2616.0,568.0,0.007903363555669785,0,B001DIQ02K
B00A87A77Q,B004LETUB6,full,31.0,0.0,0.9999999403953552,5,B002DP8NB8
B00A87A77Q,B004LETUB6,shuffled,2463.0,2432.0,0.0788266733288765,0,B001TN2OYW
B00A87A77Q,B004LETUB6,uniform,1954.0,1923.0,0.28009331226348877,0,B00FYXXTY2
B005R961PM,B00BXAFQ3W,full,506.0,0.0,1.0000001192092896,5,B009CGHQNW
B005R961PM,B00BXAFQ3W,shuffled,1405.0,899.0,0.18648512661457062,0,B0078W27NQ
B005R961PM,B00BXAFQ3W,uniform,674.0,168.0,0.7134611010551453,1,B009CGHQNW
B008JY0X4W,B004ORSH1E,full,8.0,0.0,1.0,5,B00E6O0TO8
B008JY0X4W,B004ORSH1E,shuffled,5063.0,5055.0,0.0872843861579895,0,B006WBYQF6
B008JY0X4W,B004ORSH1E,uniform,1272.0,1264.0,0.5208738446235657,0,B0091GTTQ0
B004YWBYNW,B008TQRQCM,full,11.0,0.0,1.000000238418579,5,B007C3JGIU
B004YWBYNW,B008TQRQCM,shuffled,743.0,732.0,0.12407387793064117,0,B005FSOBZW
B004YWBYNW,B008TQRQCM,uniform,86.0,75.0,0.3923817276954651,0,B00C68VOYA
B009SNIEGW,B00ASK9HGA,full,3.0,0.0,1.0,5,B007BRMYGS
B009SNIEGW,B00ASK9HGA,shuffled,3318.0,3315.0,0.17087669670581818,0,B0081TUBCY
B009SNIEGW,B00ASK9HGA,uniform,104.0,101.0,0.5775966048240662,0,B00DEVN0ZY
B00AKYDNFA,B0083I6W08,full,146.0,0.0,1.000000238418579,5,B00BL5C9FM
B00AKYDNFA,B0083I6W08,shuffled,5434.0,5288.0,0.15054653584957123,0,B00DYA9R5M
B00AKYDNFA,B0083I6W08,uniform,2933.0,2787.0,0.3305957615375519,0,B005FY2270
B005G4XMFK,B0095BJB1Y,full,673.0,0.0,0.9999998807907104,5,B008EF1L5G
B005G4XMFK,B0095BJB1Y,shuffled,2387.0,1714.0,0.07982908934354782,0,B001TB6OR2
B005G4XMFK,B0095BJB1Y,uniform,103.0,-570.0,0.47870463132858276,0,B00CYJT2VS
B00BJXOE36,B004QQJAF0,full,8.0,0.0,1.0000001192092896,5,B00906L8L0
B00BJXOE36,B004QQJAF0,shuffled,5855.0,5847.0,0.05279096961021423,0,B0013V4QRI
B00BJXOE36,B004QQJAF0,uniform,506.0,498.0,0.5076200366020203,0,B009PPY0UM
B008MATC54,B0096A1FVS,full,793.0,0.0,0.9999998807907104,5,B001PCBN9O
B008MATC54,B0096A1FVS,shuffled,1073.0,280.0,0.39038506150245667,0,B00A163X02
B008MATC54,B0096A1FVS,uniform,3655.0,2862.0,0.384634792804718,0,B00ARCXAHG
B0042RUEJY,B002MA2CMA,full,84.0,0.0,1.0000001192092896,5,B0091HI4VK
B0042RUEJY,B002MA2CMA,shuffled,198.0,114.0,0.19435912370681763,0,B00FBG8YF6
B0042RUEJY,B002MA2CMA,uniform,2374.0,2290.0,0.2593989968299866,0,B0049IALEE
B009WVHAXI,B000FQ9R62,full,647.0,0.0,1.0000001192092896,5,B003XZ4HPI
B009WVHAXI,B000FQ9R62,shuffled,2705.0,2058.0,-0.029736295342445374,0,B00BSY0YQC
B009WVHAXI,B000FQ9R62,uniform,713.0,66.0,0.48947709798812866,0,B005G4XMFK
B003QAKA2Y,B000F49R5A,full,29.0,0.0,1.0,5,B004UTATIU
B003QAKA2Y,B000F49R5A,shuffled,1567.0,1538.0,0.2014332413673401,0,B000KW4LIA
B003QAKA2Y,B000F49R5A,uniform,49.0,20.0,0.7202027440071106,2,B00500I5DO
B004VPW6HU,B004VPW5Y4,full,38.0,0.0,1.0000001192092896,5,B00BGVPUWK
B004VPW6HU,B004VPW5Y4,shuffled,2.0,-36.0,0.40502458810806274,0,B0068OOI0A
B004VPW6HU,B004VPW5Y4,uniform,205.0,167.0,0.7553268074989319,1,B003CTM0JA
B0026HE9CU,B007U24CJ6,full,5661.0,0.0,1.0000001192092896,5,B00D3DB5KU
B0026HE9CU,B007U24CJ6,shuffled,2846.0,-2815.0,0.1318449229001999,0,B000W34L2I
B0026HE9CU,B007U24CJ6,uniform,5913.0,252.0,0.7041733264923096,0,B00138MPS8
B00CB7F3E8,B008R7FA3K,full,42.0,0.0,1.0,5,B0041FZUL4
B00CB7F3E8,B008R7FA3K,shuffled,4877.0,4835.0,0.1914459466934204,0,B007N2RG00
B00CB7F3E8,B008R7FA3K,uniform,1868.0,1826.0,0.5457566976547241,0,B00A7Y5H8Y
B004U9F624,B003NUSAYC,full,12.0,0.0,1.0000001192092896,5,B008H3VS94
B004U9F624,B003NUSAYC,shuffled,149.0,137.0,0.2967565655708313,0,B009MMPFOS
B004U9F624,B003NUSAYC,uniform,96.0,84.0,0.769582211971283,0,B004M5I1IW
B00AGEIWZK,B005KWPGNE,full,14.0,0.0,0.9999999403953552,5,B008BZANP8
B00AGEIWZK,B005KWPGNE,shuffled,747.0,733.0,0.2060455083847046,0,B004M5I1R8
B00AGEIWZK,B005KWPGNE,uniform,4737.0,4723.0,0.26185691356658936,0,B005LA7MRI
B0083KGFLC,B005F4O56G,full,48.0,0.0,1.0000001192092896,5,B009RCOZGW
B0083KGFLC,B005F4O56G,shuffled,4216.0,4168.0,0.1325075626373291,0,B00DCUQA7M
B0083KGFLC,B005F4O56G,uniform,3961.0,3913.0,0.13095518946647644,0,B00AL1LOEE
B0042P6BVG,B00D78EKUS,full,78.0,0.0,1.0,5,B0094IWPZM
B0042P6BVG,B00D78EKUS,shuffled,4846.0,4768.0,0.009317910298705101,0,B0085288EA
B0042P6BVG,B00D78EKUS,uniform,312.0,234.0,0.6999096870422363,0,B0083WQ3MQ
