prompt_id,probe_id,scenario,category,query_index,query_id,target_id,original_caption,prompt,expected_behavior,rank,image_id,score,image_path,is_original_target,top1_score,top1_top2_margin,contact_sheet
dress_q01_s01,dress_q01,in_domain,dress,1151,B00ANK6ND0,B00AO1VG9Y,is lighter and has longer sleeves [SEP]  off the shoulder and less fitted,is lighter and has longer sleeves [SEP]  off the shoulder and less fitted,Retrieve garments that satisfy the original FashionIQ modification.,1,B005VAE7RG,0.2741073966026306,data/fashioniq/images/B005VAE7RG.jpg,0,0.2741073966026306,0.006012558937072754,outputs/hallucination/dress/contact_sheets/dress_q01.jpg
dress_q01_s01,dress_q01,in_domain,dress,1151,B00ANK6ND0,B00AO1VG9Y,is lighter and has longer sleeves [SEP]  off the shoulder and less fitted,is lighter and has longer sleeves [SEP]  off the shoulder and less fitted,Retrieve garments that satisfy the original FashionIQ modification.,2,B006WY8INO,0.26809483766555786,data/fashioniq/images/B006WY8INO.jpg,0,0.2741073966026306,0.006012558937072754,outputs/hallucination/dress/contact_sheets/dress_q01.jpg
dress_q01_s01,dress_q01,in_domain,dress,1151,B00ANK6ND0,B00AO1VG9Y,is lighter and has longer sleeves [SEP]  off the shoulder and less fitted,is lighter and has longer sleeves [SEP]  off the shoulder and less fitted,Retrieve garments that satisfy the original FashionIQ modification.,3,B009NBVQ5A,0.265087366104126,data/fashioniq/images/B009NBVQ5A.jpg,0,0.2741073966026306,0.006012558937072754,outputs/hallucination/dress/contact_sheets/dress_q01.jpg
dress_q01_s01,dress_q01,in_domain,dress,1151,B00ANK6ND0,B00AO1VG9Y,is lighter and has longer sleeves [SEP]  off the shoulder and less fitted,is lighter and has longer sleeves [SEP]  off the shoulder and less fitted,Retrieve garments that satisfy the original FashionIQ modification.,4,B009LGLIIC,0.2608107924461365,data/fashioniq/images/B009LGLIIC.jpg,0,0.2741073966026306,0.006012558937072754,outputs/hallucination/dress/contact_sheets/dress_q01.jpg
dress_q01_s01,dress_q01,in_domain,dress,1151,B00ANK6ND0,B00AO1VG9Y,is lighter and has longer sleeves [SEP]  off the shoulder and less fitted,is lighter and has longer sleeves [SEP]  off the shoulder and less fitted,Retrieve garments that satisfy the original FashionIQ modification.,5,B00938DX2W,0.2580949664115906,data/fashioniq/images/B00938DX2W.jpg,0,0.2741073966026306,0.006012558937072754,outputs/hallucination/dress/contact_sheets/dress_q01.jpg
dress_q01_s02,dress_q01,paraphrase,dress,1151,B00ANK6ND0,B00AO1VG9Y,is lighter and has longer sleeves [SEP]  off the shoulder and less fitted,"Apply these requested changes: is lighter and has longer sleeves; also, off the shoulder and less fitted.",Remain close to the in-domain result under a meaning-preserving template change.,1,B007EY9NEE,0.32194674015045166,data/fashioniq/images/B007EY9NEE.jpg,0,0.32194674015045166,0.0009546279907226562,outputs/hallucination/dress/contact_sheets/dress_q01.jpg
dress_q01_s02,dress_q01,paraphrase,dress,1151,B00ANK6ND0,B00AO1VG9Y,is lighter and has longer sleeves [SEP]  off the shoulder and less fitted,"Apply these requested changes: is lighter and has longer sleeves; also, off the shoulder and less fitted.",Remain close to the in-domain result under a meaning-preserving template change.,2,B005VAE7RG,0.320992112159729,data/fashioniq/images/B005VAE7RG.jpg,0,0.32194674015045166,0.0009546279907226562,outputs/hallucination/dress/contact_sheets/dress_q01.jpg
dress_q01_s02,dress_q01,paraphrase,dress,1151,B00ANK6ND0,B00AO1VG9Y,is lighter and has longer sleeves [SEP]  off the shoulder and less fitted,"Apply these requested changes: is lighter and has longer sleeves; also, off the shoulder and less fitted.",Remain close to the in-domain result under a meaning-preserving template change.,3,B00775SIPA,0.31117233633995056,data/fashioniq/images/B00775SIPA.jpg,0,0.32194674015045166,0.0009546279907226562,outputs/hallucination/dress/contact_sheets/dress_q01.jpg
dress_q01_s02,dress_q01,paraphrase,dress,1151,B00ANK6ND0,B00AO1VG9Y,is lighter and has longer sleeves [SEP]  off the shoulder and less fitted,"Apply these requested changes: is lighter and has longer sleeves; also, off the shoulder and less fitted.",Remain close to the in-domain result under a meaning-preserving template change.,4,B0095FP7VI,0.30615532398223877,data/fashioniq/images/B0095FP7VI.jpg,0,0.32194674015045166,0.0009546279907226562,outputs/hallucination/dress/contact_sheets/dress_q01.jpg
dress_q01_s02,dress_q01,paraphrase,dress,1151,B00ANK6ND0,B00AO1VG9Y,is lighter and has longer sleeves [SEP]  off the shoulder and less fitted,"Apply these requested changes: is lighter and has longer sleeves; also, off the shoulder and less fitted.",Remain close to the in-domain result under a meaning-preserving template change.,5,B008DRWA6Y,0.30238983035087585,data/fashioniq/images/B008DRWA6Y.jpg,0,0.32194674015045166,0.0009546279907226562,outputs/hallucination/dress/contact_sheets/dress_q01.jpg
dress_q01_s03,dress_q01,identity,dress,1151,B00ANK6ND0,B00AO1VG9Y,is lighter and has longer sleeves [SEP]  off the shoulder and less fitted,"Keep the garment exactly as it is; do not change its color, shape, material, or details.",Preserve the source garment; returning a visually close neighbour is preferable.,1,B0084C86K2,0.2921063303947449,data/fashioniq/images/B0084C86K2.jpg,0,0.2921063303947449,0.013606637716293335,outputs/hallucination/dress/contact_sheets/dress_q01.jpg
dress_q01_s03,dress_q01,identity,dress,1151,B00ANK6ND0,B00AO1VG9Y,is lighter and has longer sleeves [SEP]  off the shoulder and less fitted,"Keep the garment exactly as it is; do not change its color, shape, material, or details.",Preserve the source garment; returning a visually close neighbour is preferable.,2,B00BC58O3W,0.27849969267845154,data/fashioniq/images/B00BC58O3W.jpg,0,0.2921063303947449,0.013606637716293335,outputs/hallucination/dress/contact_sheets/dress_q01.jpg
dress_q01_s03,dress_q01,identity,dress,1151,B00ANK6ND0,B00AO1VG9Y,is lighter and has longer sleeves [SEP]  off the shoulder and less fitted,"Keep the garment exactly as it is; do not change its color, shape, material, or details.",Preserve the source garment; returning a visually close neighbour is preferable.,3,B0054DKVWK,0.25308021903038025,data/fashioniq/images/B0054DKVWK.jpg,0,0.2921063303947449,0.013606637716293335,outputs/hallucination/dress/contact_sheets/dress_q01.jpg
dress_q01_s03,dress_q01,identity,dress,1151,B00ANK6ND0,B00AO1VG9Y,is lighter and has longer sleeves [SEP]  off the shoulder and less fitted,"Keep the garment exactly as it is; do not change its color, shape, material, or details.",Preserve the source garment; returning a visually close neighbour is preferable.,4,B008ZB39FY,0.2514972686767578,data/fashioniq/images/B008ZB39FY.jpg,0,0.2921063303947449,0.013606637716293335,outputs/hallucination/dress/contact_sheets/dress_q01.jpg
dress_q01_s03,dress_q01,identity,dress,1151,B00ANK6ND0,B00AO1VG9Y,is lighter and has longer sleeves [SEP]  off the shoulder and less fitted,"Keep the garment exactly as it is; do not change its color, shape, material, or details.",Preserve the source garment; returning a visually close neighbour is preferable.,5,B009S0IT7E,0.2492821216583252,data/fashioniq/images/B009S0IT7E.jpg,0,0.2921063303947449,0.013606637716293335,outputs/hallucination/dress/contact_sheets/dress_q01.jpg
dress_q01_s04,dress_q01,contradiction,dress,1151,B00ANK6ND0,B00AO1VG9Y,is lighter and has longer sleeves [SEP]  off the shoulder and less fitted,"Make it both sleeveless and long-sleeved, and make it both shorter and longer.",No gallery item can satisfy every mutually contradictory requirement.,1,B00B2JJ15S,0.37819910049438477,data/fashioniq/images/B00B2JJ15S.jpg,0,0.37819910049438477,0.053443193435668945,outputs/hallucination/dress/contact_sheets/dress_q01.jpg
dress_q01_s04,dress_q01,contradiction,dress,1151,B00ANK6ND0,B00AO1VG9Y,is lighter and has longer sleeves [SEP]  off the shoulder and less fitted,"Make it both sleeveless and long-sleeved, and make it both shorter and longer.",No gallery item can satisfy every mutually contradictory requirement.,2,B00B97F3SC,0.3247559070587158,data/fashioniq/images/B00B97F3SC.jpg,0,0.37819910049438477,0.053443193435668945,outputs/hallucination/dress/contact_sheets/dress_q01.jpg
dress_q01_s04,dress_q01,contradiction,dress,1151,B00ANK6ND0,B00AO1VG9Y,is lighter and has longer sleeves [SEP]  off the shoulder and less fitted,"Make it both sleeveless and long-sleeved, and make it both shorter and longer.",No gallery item can satisfy every mutually contradictory requirement.,3,B00BFAW5DE,0.30580753087997437,data/fashioniq/images/B00BFAW5DE.jpg,0,0.37819910049438477,0.053443193435668945,outputs/hallucination/dress/contact_sheets/dress_q01.jpg
dress_q01_s04,dress_q01,contradiction,dress,1151,B00ANK6ND0,B00AO1VG9Y,is lighter and has longer sleeves [SEP]  off the shoulder and less fitted,"Make it both sleeveless and long-sleeved, and make it both shorter and longer.",No gallery item can satisfy every mutually contradictory requirement.,4,B00A16VH28,0.292261004447937,data/fashioniq/images/B00A16VH28.jpg,0,0.37819910049438477,0.053443193435668945,outputs/hallucination/dress/contact_sheets/dress_q01.jpg
dress_q01_s04,dress_q01,contradiction,dress,1151,B00ANK6ND0,B00AO1VG9Y,is lighter and has longer sleeves [SEP]  off the shoulder and less fitted,"Make it both sleeveless and long-sleeved, and make it both shorter and longer.",No gallery item can satisfy every mutually contradictory requirement.,5,B00ASIH0ZC,0.290693461894989,data/fashioniq/images/B00ASIH0ZC.jpg,0,0.37819910049438477,0.053443193435668945,outputs/hallucination/dress/contact_sheets/dress_q01.jpg
dress_q01_s05,dress_q01,ood,dress,1151,B00ANK6ND0,B00AO1VG9Y,is lighter and has longer sleeves [SEP]  off the shoulder and less fitted,"Make it play jazz music, increase its battery life, and make it smell like rain.",The request is outside the fashion-image domain; high-confidence visual compliance is unsupported.,1,B004MMF00W,0.24631303548812866,data/fashioniq/images/B004MMF00W.jpg,0,0.24631303548812866,5.97536563873291e-06,outputs/hallucination/dress/contact_sheets/dress_q01.jpg
dress_q01_s05,dress_q01,ood,dress,1151,B00ANK6ND0,B00AO1VG9Y,is lighter and has longer sleeves [SEP]  off the shoulder and less fitted,"Make it play jazz music, increase its battery life, and make it smell like rain.",The request is outside the fashion-image domain; high-confidence visual compliance is unsupported.,2,B00936I6J4,0.24630706012248993,data/fashioniq/images/B00936I6J4.jpg,0,0.24631303548812866,5.97536563873291e-06,outputs/hallucination/dress/contact_sheets/dress_q01.jpg
dress_q01_s05,dress_q01,ood,dress,1151,B00ANK6ND0,B00AO1VG9Y,is lighter and has longer sleeves [SEP]  off the shoulder and less fitted,"Make it play jazz music, increase its battery life, and make it smell like rain.",The request is outside the fashion-image domain; high-confidence visual compliance is unsupported.,3,B006QSEC4K,0.23834644258022308,data/fashioniq/images/B006QSEC4K.jpg,0,0.24631303548812866,5.97536563873291e-06,outputs/hallucination/dress/contact_sheets/dress_q01.jpg
dress_q01_s05,dress_q01,ood,dress,1151,B00ANK6ND0,B00AO1VG9Y,is lighter and has longer sleeves [SEP]  off the shoulder and less fitted,"Make it play jazz music, increase its battery life, and make it smell like rain.",The request is outside the fashion-image domain; high-confidence visual compliance is unsupported.,4,B0084C86K2,0.23646531999111176,data/fashioniq/images/B0084C86K2.jpg,0,0.24631303548812866,5.97536563873291e-06,outputs/hallucination/dress/contact_sheets/dress_q01.jpg
dress_q01_s05,dress_q01,ood,dress,1151,B00ANK6ND0,B00AO1VG9Y,is lighter and has longer sleeves [SEP]  off the shoulder and less fitted,"Make it play jazz music, increase its battery life, and make it smell like rain.",The request is outside the fashion-image domain; high-confidence visual compliance is unsupported.,5,B0079088DA,0.22519168257713318,data/fashioniq/images/B0079088DA.jpg,0,0.24631303548812866,5.97536563873291e-06,outputs/hallucination/dress/contact_sheets/dress_q01.jpg
dress_q01_s06,dress_q01,unsatisfiable,dress,1151,B00ANK6ND0,B00AO1VG9Y,is lighter and has longer sleeves [SEP]  off the shoulder and less fitted,Turn it into a transparent glass garment with animated flames and invisible fabric.,The fixed FashionIQ gallery is not expected to contain a full match.,1,B008BBCXB4,0.3040826618671417,data/fashioniq/images/B008BBCXB4.jpg,0,0.3040826618671417,0.015737980604171753,outputs/hallucination/dress/contact_sheets/dress_q01.jpg
dress_q01_s06,dress_q01,unsatisfiable,dress,1151,B00ANK6ND0,B00AO1VG9Y,is lighter and has longer sleeves [SEP]  off the shoulder and less fitted,Turn it into a transparent glass garment with animated flames and invisible fabric.,The fixed FashionIQ gallery is not expected to contain a full match.,2,B00508YRGU,0.28834468126296997,data/fashioniq/images/B00508YRGU.jpg,0,0.3040826618671417,0.015737980604171753,outputs/hallucination/dress/contact_sheets/dress_q01.jpg
dress_q01_s06,dress_q01,unsatisfiable,dress,1151,B00ANK6ND0,B00AO1VG9Y,is lighter and has longer sleeves [SEP]  off the shoulder and less fitted,Turn it into a transparent glass garment with animated flames and invisible fabric.,The fixed FashionIQ gallery is not expected to contain a full match.,3,B008E7IA12,0.2865203619003296,data/fashioniq/images/B008E7IA12.jpg,0,0.3040826618671417,0.015737980604171753,outputs/hallucination/dress/contact_sheets/dress_q01.jpg
dress_q01_s06,dress_q01,unsatisfiable,dress,1151,B00ANK6ND0,B00AO1VG9Y,is lighter and has longer sleeves [SEP]  off the shoulder and less fitted,Turn it into a transparent glass garment with animated flames and invisible fabric.,The fixed FashionIQ gallery is not expected to contain a full match.,4,B00C770CY8,0.2692457139492035,data/fashioniq/images/B00C770CY8.jpg,0,0.3040826618671417,0.015737980604171753,outputs/hallucination/dress/contact_sheets/dress_q01.jpg
dress_q01_s06,dress_q01,unsatisfiable,dress,1151,B00ANK6ND0,B00AO1VG9Y,is lighter and has longer sleeves [SEP]  off the shoulder and less fitted,Turn it into a transparent glass garment with animated flames and invisible fabric.,The fixed FashionIQ gallery is not expected to contain a full match.,5,B0043RSVPM,0.25715869665145874,data/fashioniq/images/B0043RSVPM.jpg,0,0.3040826618671417,0.015737980604171753,outputs/hallucination/dress/contact_sheets/dress_q01.jpg
dress_q02_s01,dress_q02,in_domain,dress,1713,B004O6LVY0,B002YX0KZ6,The dress in black in color. [SEP] is strapless and black,The dress in black in color. [SEP] is strapless and black,Retrieve garments that satisfy the original FashionIQ modification.,1,B0046XRKNM,0.299224853515625,data/fashioniq/images/B0046XRKNM.jpg,0,0.299224853515625,0.014079630374908447,outputs/hallucination/dress/contact_sheets/dress_q02.jpg
dress_q02_s01,dress_q02,in_domain,dress,1713,B004O6LVY0,B002YX0KZ6,The dress in black in color. [SEP] is strapless and black,The dress in black in color. [SEP] is strapless and black,Retrieve garments that satisfy the original FashionIQ modification.,2,B009LLG8BE,0.28514522314071655,data/fashioniq/images/B009LLG8BE.jpg,0,0.299224853515625,0.014079630374908447,outputs/hallucination/dress/contact_sheets/dress_q02.jpg
dress_q02_s01,dress_q02,in_domain,dress,1713,B004O6LVY0,B002YX0KZ6,The dress in black in color. [SEP] is strapless and black,The dress in black in color. [SEP] is strapless and black,Retrieve garments that satisfy the original FashionIQ modification.,3,B003BT62A4,0.2758912444114685,data/fashioniq/images/B003BT62A4.jpg,0,0.299224853515625,0.014079630374908447,outputs/hallucination/dress/contact_sheets/dress_q02.jpg
dress_q02_s01,dress_q02,in_domain,dress,1713,B004O6LVY0,B002YX0KZ6,The dress in black in color. [SEP] is strapless and black,The dress in black in color. [SEP] is strapless and black,Retrieve garments that satisfy the original FashionIQ modification.,4,B004AZKU92,0.2703758180141449,data/fashioniq/images/B004AZKU92.jpg,0,0.299224853515625,0.014079630374908447,outputs/hallucination/dress/contact_sheets/dress_q02.jpg
dress_q02_s01,dress_q02,in_domain,dress,1713,B004O6LVY0,B002YX0KZ6,The dress in black in color. [SEP] is strapless and black,The dress in black in color. [SEP] is strapless and black,Retrieve garments that satisfy the original FashionIQ modification.,5,B004ZWCHYG,0.2702658176422119,data/fashioniq/images/B004ZWCHYG.jpg,0,0.299224853515625,0.014079630374908447,outputs/hallucination/dress/contact_sheets/dress_q02.jpg
dress_q02_s02,dress_q02,paraphrase,dress,1713,B004O6LVY0,B002YX0KZ6,The dress in black in color. [SEP] is strapless and black,"Apply these requested changes: The dress in black in color; also, is strapless and black.",Remain close to the in-domain result under a meaning-preserving template change.,1,B0046XRKNM,0.31167468428611755,data/fashioniq/images/B0046XRKNM.jpg,0,0.31167468428611755,0.014008700847625732,outputs/hallucination/dress/contact_sheets/dress_q02.jpg
dress_q02_s02,dress_q02,paraphrase,dress,1713,B004O6LVY0,B002YX0KZ6,The dress in black in color. [SEP] is strapless and black,"Apply these requested changes: The dress in black in color; also, is strapless and black.",Remain close to the in-domain result under a meaning-preserving template change.,2,B003BT62A4,0.2976659834384918,data/fashioniq/images/B003BT62A4.jpg,0,0.31167468428611755,0.014008700847625732,outputs/hallucination/dress/contact_sheets/dress_q02.jpg
dress_q02_s02,dress_q02,paraphrase,dress,1713,B004O6LVY0,B002YX0KZ6,The dress in black in color. [SEP] is strapless and black,"Apply these requested changes: The dress in black in color; also, is strapless and black.",Remain close to the in-domain result under a meaning-preserving template change.,3,B009YKCYZ6,0.29458925127983093,data/fashioniq/images/B009YKCYZ6.jpg,0,0.31167468428611755,0.014008700847625732,outputs/hallucination/dress/contact_sheets/dress_q02.jpg
dress_q02_s02,dress_q02,paraphrase,dress,1713,B004O6LVY0,B002YX0KZ6,The dress in black in color. [SEP] is strapless and black,"Apply these requested changes: The dress in black in color; also, is strapless and black.",Remain close to the in-domain result under a meaning-preserving template change.,4,B00A9T9N6O,0.29133278131484985,data/fashioniq/images/B00A9T9N6O.jpg,0,0.31167468428611755,0.014008700847625732,outputs/hallucination/dress/contact_sheets/dress_q02.jpg
dress_q02_s02,dress_q02,paraphrase,dress,1713,B004O6LVY0,B002YX0KZ6,The dress in black in color. [SEP] is strapless and black,"Apply these requested changes: The dress in black in color; also, is strapless and black.",Remain close to the in-domain result under a meaning-preserving template change.,5,B003ZDNPOW,0.2849835753440857,data/fashioniq/images/B003ZDNPOW.jpg,0,0.31167468428611755,0.014008700847625732,outputs/hallucination/dress/contact_sheets/dress_q02.jpg
dress_q02_s03,dress_q02,identity,dress,1713,B004O6LVY0,B002YX0KZ6,The dress in black in color. [SEP] is strapless and black,"Keep the garment exactly as it is; do not change its color, shape, material, or details.",Preserve the source garment; returning a visually close neighbour is preferable.,1,B005X4RALA,0.2651749551296234,data/fashioniq/images/B005X4RALA.jpg,0,0.2651749551296234,0.014072656631469727,outputs/hallucination/dress/contact_sheets/dress_q02.jpg
dress_q02_s03,dress_q02,identity,dress,1713,B004O6LVY0,B002YX0KZ6,The dress in black in color. [SEP] is strapless and black,"Keep the garment exactly as it is; do not change its color, shape, material, or details.",Preserve the source garment; returning a visually close neighbour is preferable.,2,B008BOMRWG,0.2511022984981537,data/fashioniq/images/B008BOMRWG.jpg,0,0.2651749551296234,0.014072656631469727,outputs/hallucination/dress/contact_sheets/dress_q02.jpg
dress_q02_s03,dress_q02,identity,dress,1713,B004O6LVY0,B002YX0KZ6,The dress in black in color. [SEP] is strapless and black,"Keep the garment exactly as it is; do not change its color, shape, material, or details.",Preserve the source garment; returning a visually close neighbour is preferable.,3,B004L2KKBW,0.24676482379436493,data/fashioniq/images/B004L2KKBW.jpg,0,0.2651749551296234,0.014072656631469727,outputs/hallucination/dress/contact_sheets/dress_q02.jpg
dress_q02_s03,dress_q02,identity,dress,1713,B004O6LVY0,B002YX0KZ6,The dress in black in color. [SEP] is strapless and black,"Keep the garment exactly as it is; do not change its color, shape, material, or details.",Preserve the source garment; returning a visually close neighbour is preferable.,4,B004YADUVS,0.24501658976078033,data/fashioniq/images/B004YADUVS.jpg,0,0.2651749551296234,0.014072656631469727,outputs/hallucination/dress/contact_sheets/dress_q02.jpg
dress_q02_s03,dress_q02,identity,dress,1713,B004O6LVY0,B002YX0KZ6,The dress in black in color. [SEP] is strapless and black,"Keep the garment exactly as it is; do not change its color, shape, material, or details.",Preserve the source garment; returning a visually close neighbour is preferable.,5,B00DRCZHJC,0.2395583987236023,data/fashioniq/images/B00DRCZHJC.jpg,0,0.2651749551296234,0.014072656631469727,outputs/hallucination/dress/contact_sheets/dress_q02.jpg
dress_q02_s04,dress_q02,contradiction,dress,1713,B004O6LVY0,B002YX0KZ6,The dress in black in color. [SEP] is strapless and black,"Make it both sleeveless and long-sleeved, and make it both shorter and longer.",No gallery item can satisfy every mutually contradictory requirement.,1,B00D9OXNW6,0.2990061044692993,data/fashioniq/images/B00D9OXNW6.jpg,0,0.2990061044692993,0.02089029550552368,outputs/hallucination/dress/contact_sheets/dress_q02.jpg
dress_q02_s04,dress_q02,contradiction,dress,1713,B004O6LVY0,B002YX0KZ6,The dress in black in color. [SEP] is strapless and black,"Make it both sleeveless and long-sleeved, and make it both shorter and longer.",No gallery item can satisfy every mutually contradictory requirement.,2,B0092PHFIY,0.27811580896377563,data/fashioniq/images/B0092PHFIY.jpg,0,0.2990061044692993,0.02089029550552368,outputs/hallucination/dress/contact_sheets/dress_q02.jpg
dress_q02_s04,dress_q02,contradiction,dress,1713,B004O6LVY0,B002YX0KZ6,The dress in black in color. [SEP] is strapless and black,"Make it both sleeveless and long-sleeved, and make it both shorter and longer.",No gallery item can satisfy every mutually contradictory requirement.,3,B0092K4WL2,0.2778112292289734,data/fashioniq/images/B0092K4WL2.jpg,0,0.2990061044692993,0.02089029550552368,outputs/hallucination/dress/contact_sheets/dress_q02.jpg
dress_q02_s04,dress_q02,contradiction,dress,1713,B004O6LVY0,B002YX0KZ6,The dress in black in color. [SEP] is strapless and black,"Make it both sleeveless and long-sleeved, and make it both shorter and longer.",No gallery item can satisfy every mutually contradictory requirement.,4,B008RK6XLK,0.2715950608253479,data/fashioniq/images/B008RK6XLK.jpg,0,0.2990061044692993,0.02089029550552368,outputs/hallucination/dress/contact_sheets/dress_q02.jpg
dress_q02_s04,dress_q02,contradiction,dress,1713,B004O6LVY0,B002YX0KZ6,The dress in black in color. [SEP] is strapless and black,"Make it both sleeveless and long-sleeved, and make it both shorter and longer.",No gallery item can satisfy every mutually contradictory requirement.,5,B0058BPLPK,0.2636699676513672,data/fashioniq/images/B0058BPLPK.jpg,0,0.2990061044692993,0.02089029550552368,outputs/hallucination/dress/contact_sheets/dress_q02.jpg
dress_q02_s05,dress_q02,ood,dress,1713,B004O6LVY0,B002YX0KZ6,The dress in black in color. [SEP] is strapless and black,"Make it play jazz music, increase its battery life, and make it smell like rain.",The request is outside the fashion-image domain; high-confidence visual compliance is unsupported.,1,B007G6BODI,0.29958081245422363,data/fashioniq/images/B007G6BODI.jpg,0,0.29958081245422363,0.008609890937805176,outputs/hallucination/dress/contact_sheets/dress_q02.jpg
dress_q02_s05,dress_q02,ood,dress,1713,B004O6LVY0,B002YX0KZ6,The dress in black in color. [SEP] is strapless and black,"Make it play jazz music, increase its battery life, and make it smell like rain.",The request is outside the fashion-image domain; high-confidence visual compliance is unsupported.,2,B006PAT5EQ,0.29097092151641846,data/fashioniq/images/B006PAT5EQ.jpg,0,0.29958081245422363,0.008609890937805176,outputs/hallucination/dress/contact_sheets/dress_q02.jpg
dress_q02_s05,dress_q02,ood,dress,1713,B004O6LVY0,B002YX0KZ6,The dress in black in color. [SEP] is strapless and black,"Make it play jazz music, increase its battery life, and make it smell like rain.",The request is outside the fashion-image domain; high-confidence visual compliance is unsupported.,3,B0078JAST4,0.28531908988952637,data/fashioniq/images/B0078JAST4.jpg,0,0.29958081245422363,0.008609890937805176,outputs/hallucination/dress/contact_sheets/dress_q02.jpg
dress_q02_s05,dress_q02,ood,dress,1713,B004O6LVY0,B002YX0KZ6,The dress in black in color. [SEP] is strapless and black,"Make it play jazz music, increase its battery life, and make it smell like rain.",The request is outside the fashion-image domain; high-confidence visual compliance is unsupported.,4,B005O78O3E,0.255553662776947,data/fashioniq/images/B005O78O3E.jpg,0,0.29958081245422363,0.008609890937805176,outputs/hallucination/dress/contact_sheets/dress_q02.jpg
dress_q02_s05,dress_q02,ood,dress,1713,B004O6LVY0,B002YX0KZ6,The dress in black in color. [SEP] is strapless and black,"Make it play jazz music, increase its battery life, and make it smell like rain.",The request is outside the fashion-image domain; high-confidence visual compliance is unsupported.,5,B00BP0WWBY,0.25536221265792847,data/fashioniq/images/B00BP0WWBY.jpg,0,0.29958081245422363,0.008609890937805176,outputs/hallucination/dress/contact_sheets/dress_q02.jpg
dress_q02_s06,dress_q02,unsatisfiable,dress,1713,B004O6LVY0,B002YX0KZ6,The dress in black in color. [SEP] is strapless and black,Turn it into a transparent glass garment with animated flames and invisible fabric.,The fixed FashionIQ gallery is not expected to contain a full match.,1,B007RM21BU,0.2861010730266571,data/fashioniq/images/B007RM21BU.jpg,0,0.2861010730266571,0.0030520856380462646,outputs/hallucination/dress/contact_sheets/dress_q02.jpg
dress_q02_s06,dress_q02,unsatisfiable,dress,1713,B004O6LVY0,B002YX0KZ6,The dress in black in color. [SEP] is strapless and black,Turn it into a transparent glass garment with animated flames and invisible fabric.,The fixed FashionIQ gallery is not expected to contain a full match.,2,B00APFQPRM,0.28304898738861084,data/fashioniq/images/B00APFQPRM.jpg,0,0.2861010730266571,0.0030520856380462646,outputs/hallucination/dress/contact_sheets/dress_q02.jpg
dress_q02_s06,dress_q02,unsatisfiable,dress,1713,B004O6LVY0,B002YX0KZ6,The dress in black in color. [SEP] is strapless and black,Turn it into a transparent glass garment with animated flames and invisible fabric.,The fixed FashionIQ gallery is not expected to contain a full match.,3,B005KOZ0M4,0.2589329183101654,data/fashioniq/images/B005KOZ0M4.jpg,0,0.2861010730266571,0.0030520856380462646,outputs/hallucination/dress/contact_sheets/dress_q02.jpg
dress_q02_s06,dress_q02,unsatisfiable,dress,1713,B004O6LVY0,B002YX0KZ6,The dress in black in color. [SEP] is strapless and black,Turn it into a transparent glass garment with animated flames and invisible fabric.,The fixed FashionIQ gallery is not expected to contain a full match.,4,B00508YRGU,0.23571527004241943,data/fashioniq/images/B00508YRGU.jpg,0,0.2861010730266571,0.0030520856380462646,outputs/hallucination/dress/contact_sheets/dress_q02.jpg
dress_q02_s06,dress_q02,unsatisfiable,dress,1713,B004O6LVY0,B002YX0KZ6,The dress in black in color. [SEP] is strapless and black,Turn it into a transparent glass garment with animated flames and invisible fabric.,The fixed FashionIQ gallery is not expected to contain a full match.,5,B0054O6D7Q,0.23531129956245422,data/fashioniq/images/B0054O6D7Q.jpg,0,0.2861010730266571,0.0030520856380462646,outputs/hallucination/dress/contact_sheets/dress_q02.jpg
dress_q03_s01,dress_q03,in_domain,dress,997,B004PKZWNG,B009LGLIIC,is blue in color [SEP] Has long sleeves and a blue pattern,is blue in color [SEP] Has long sleeves and a blue pattern,Retrieve garments that satisfy the original FashionIQ modification.,1,B00CHU700E,0.25860917568206787,data/fashioniq/images/B00CHU700E.jpg,0,0.25860917568206787,0.026172086596488953,outputs/hallucination/dress/contact_sheets/dress_q03.jpg
dress_q03_s01,dress_q03,in_domain,dress,997,B004PKZWNG,B009LGLIIC,is blue in color [SEP] Has long sleeves and a blue pattern,is blue in color [SEP] Has long sleeves and a blue pattern,Retrieve garments that satisfy the original FashionIQ modification.,2,B0017LUFJM,0.23243708908557892,data/fashioniq/images/B0017LUFJM.jpg,0,0.25860917568206787,0.026172086596488953,outputs/hallucination/dress/contact_sheets/dress_q03.jpg
dress_q03_s01,dress_q03,in_domain,dress,997,B004PKZWNG,B009LGLIIC,is blue in color [SEP] Has long sleeves and a blue pattern,is blue in color [SEP] Has long sleeves and a blue pattern,Retrieve garments that satisfy the original FashionIQ modification.,3,B009RIW4E6,0.22951731085777283,data/fashioniq/images/B009RIW4E6.jpg,0,0.25860917568206787,0.026172086596488953,outputs/hallucination/dress/contact_sheets/dress_q03.jpg
dress_q03_s01,dress_q03,in_domain,dress,997,B004PKZWNG,B009LGLIIC,is blue in color [SEP] Has long sleeves and a blue pattern,is blue in color [SEP] Has long sleeves and a blue pattern,Retrieve garments that satisfy the original FashionIQ modification.,4,B00BRC84BM,0.22800090909004211,data/fashioniq/images/B00BRC84BM.jpg,0,0.25860917568206787,0.026172086596488953,outputs/hallucination/dress/contact_sheets/dress_q03.jpg
dress_q03_s01,dress_q03,in_domain,dress,997,B004PKZWNG,B009LGLIIC,is blue in color [SEP] Has long sleeves and a blue pattern,is blue in color [SEP] Has long sleeves and a blue pattern,Retrieve garments that satisfy the original FashionIQ modification.,5,B006TD8B2G,0.22037112712860107,data/fashioniq/images/B006TD8B2G.jpg,0,0.25860917568206787,0.026172086596488953,outputs/hallucination/dress/contact_sheets/dress_q03.jpg
dress_q03_s02,dress_q03,paraphrase,dress,997,B004PKZWNG,B009LGLIIC,is blue in color [SEP] Has long sleeves and a blue pattern,"Apply these requested changes: is blue in color; also, Has long sleeves and a blue pattern.",Remain close to the in-domain result under a meaning-preserving template change.,1,B00CHU700E,0.23541361093521118,data/fashioniq/images/B00CHU700E.jpg,0,0.23541361093521118,0.013531714677810669,outputs/hallucination/dress/contact_sheets/dress_q03.jpg
dress_q03_s02,dress_q03,paraphrase,dress,997,B004PKZWNG,B009LGLIIC,is blue in color [SEP] Has long sleeves and a blue pattern,"Apply these requested changes: is blue in color; also, Has long sleeves and a blue pattern.",Remain close to the in-domain result under a meaning-preserving template change.,2,B008L7Z1B2,0.2218818962574005,data/fashioniq/images/B008L7Z1B2.jpg,0,0.23541361093521118,0.013531714677810669,outputs/hallucination/dress/contact_sheets/dress_q03.jpg
dress_q03_s02,dress_q03,paraphrase,dress,997,B004PKZWNG,B009LGLIIC,is blue in color [SEP] Has long sleeves and a blue pattern,"Apply these requested changes: is blue in color; also, Has long sleeves and a blue pattern.",Remain close to the in-domain result under a meaning-preserving template change.,3,B00BRC84BM,0.22053903341293335,data/fashioniq/images/B00BRC84BM.jpg,0,0.23541361093521118,0.013531714677810669,outputs/hallucination/dress/contact_sheets/dress_q03.jpg
dress_q03_s02,dress_q03,paraphrase,dress,997,B004PKZWNG,B009LGLIIC,is blue in color [SEP] Has long sleeves and a blue pattern,"Apply these requested changes: is blue in color; also, Has long sleeves and a blue pattern.",Remain close to the in-domain result under a meaning-preserving template change.,4,B0017LUFJM,0.21840119361877441,data/fashioniq/images/B0017LUFJM.jpg,0,0.23541361093521118,0.013531714677810669,outputs/hallucination/dress/contact_sheets/dress_q03.jpg
dress_q03_s02,dress_q03,paraphrase,dress,997,B004PKZWNG,B009LGLIIC,is blue in color [SEP] Has long sleeves and a blue pattern,"Apply these requested changes: is blue in color; also, Has long sleeves and a blue pattern.",Remain close to the in-domain result under a meaning-preserving template change.,5,B008BYUH9Q,0.21502265334129333,data/fashioniq/images/B008BYUH9Q.jpg,0,0.23541361093521118,0.013531714677810669,outputs/hallucination/dress/contact_sheets/dress_q03.jpg
dress_q03_s03,dress_q03,identity,dress,997,B004PKZWNG,B009LGLIIC,is blue in color [SEP] Has long sleeves and a blue pattern,"Keep the garment exactly as it is; do not change its color, shape, material, or details.",Preserve the source garment; returning a visually close neighbour is preferable.,1,B007PMC8AG,0.27859818935394287,data/fashioniq/images/B007PMC8AG.jpg,0,0.27859818935394287,0.027446210384368896,outputs/hallucination/dress/contact_sheets/dress_q03.jpg
dress_q03_s03,dress_q03,identity,dress,997,B004PKZWNG,B009LGLIIC,is blue in color [SEP] Has long sleeves and a blue pattern,"Keep the garment exactly as it is; do not change its color, shape, material, or details.",Preserve the source garment; returning a visually close neighbour is preferable.,2,B008BYUH9Q,0.251151978969574,data/fashioniq/images/B008BYUH9Q.jpg,0,0.27859818935394287,0.027446210384368896,outputs/hallucination/dress/contact_sheets/dress_q03.jpg
dress_q03_s03,dress_q03,identity,dress,997,B004PKZWNG,B009LGLIIC,is blue in color [SEP] Has long sleeves and a blue pattern,"Keep the garment exactly as it is; do not change its color, shape, material, or details.",Preserve the source garment; returning a visually close neighbour is preferable.,3,B0032SBJWK,0.24672840535640717,data/fashioniq/images/B0032SBJWK.jpg,0,0.27859818935394287,0.027446210384368896,outputs/hallucination/dress/contact_sheets/dress_q03.jpg
dress_q03_s03,dress_q03,identity,dress,997,B004PKZWNG,B009LGLIIC,is blue in color [SEP] Has long sleeves and a blue pattern,"Keep the garment exactly as it is; do not change its color, shape, material, or details.",Preserve the source garment; returning a visually close neighbour is preferable.,4,B00B7IFFYU,0.24430668354034424,data/fashioniq/images/B00B7IFFYU.jpg,0,0.27859818935394287,0.027446210384368896,outputs/hallucination/dress/contact_sheets/dress_q03.jpg
dress_q03_s03,dress_q03,identity,dress,997,B004PKZWNG,B009LGLIIC,is blue in color [SEP] Has long sleeves and a blue pattern,"Keep the garment exactly as it is; do not change its color, shape, material, or details.",Preserve the source garment; returning a visually close neighbour is preferable.,5,B00CQ8JYLK,0.24355289340019226,data/fashioniq/images/B00CQ8JYLK.jpg,0,0.27859818935394287,0.027446210384368896,outputs/hallucination/dress/contact_sheets/dress_q03.jpg
dress_q03_s04,dress_q03,contradiction,dress,997,B004PKZWNG,B009LGLIIC,is blue in color [SEP] Has long sleeves and a blue pattern,"Make it both sleeveless and long-sleeved, and make it both shorter and longer.",No gallery item can satisfy every mutually contradictory requirement.,1,B001IS0PYE,0.28764450550079346,data/fashioniq/images/B001IS0PYE.jpg,0,0.28764450550079346,0.02691739797592163,outputs/hallucination/dress/contact_sheets/dress_q03.jpg
dress_q03_s04,dress_q03,contradiction,dress,997,B004PKZWNG,B009LGLIIC,is blue in color [SEP] Has long sleeves and a blue pattern,"Make it both sleeveless and long-sleeved, and make it both shorter and longer.",No gallery item can satisfy every mutually contradictory requirement.,2,B00DDQX05A,0.2607271075248718,data/fashioniq/images/B00DDQX05A.jpg,0,0.28764450550079346,0.02691739797592163,outputs/hallucination/dress/contact_sheets/dress_q03.jpg
dress_q03_s04,dress_q03,contradiction,dress,997,B004PKZWNG,B009LGLIIC,is blue in color [SEP] Has long sleeves and a blue pattern,"Make it both sleeveless and long-sleeved, and make it both shorter and longer.",No gallery item can satisfy every mutually contradictory requirement.,3,B00B7IFFYU,0.24361053109169006,data/fashioniq/images/B00B7IFFYU.jpg,0,0.28764450550079346,0.02691739797592163,outputs/hallucination/dress/contact_sheets/dress_q03.jpg
dress_q03_s04,dress_q03,contradiction,dress,997,B004PKZWNG,B009LGLIIC,is blue in color [SEP] Has long sleeves and a blue pattern,"Make it both sleeveless and long-sleeved, and make it both shorter and longer.",No gallery item can satisfy every mutually contradictory requirement.,4,B000QSGNOI,0.24255630373954773,data/fashioniq/images/B000QSGNOI.jpg,0,0.28764450550079346,0.02691739797592163,outputs/hallucination/dress/contact_sheets/dress_q03.jpg
dress_q03_s04,dress_q03,contradiction,dress,997,B004PKZWNG,B009LGLIIC,is blue in color [SEP] Has long sleeves and a blue pattern,"Make it both sleeveless and long-sleeved, and make it both shorter and longer.",No gallery item can satisfy every mutually contradictory requirement.,5,B00CHU700E,0.24207398295402527,data/fashioniq/images/B00CHU700E.jpg,0,0.28764450550079346,0.02691739797592163,outputs/hallucination/dress/contact_sheets/dress_q03.jpg
dress_q03_s05,dress_q03,ood,dress,997,B004PKZWNG,B009LGLIIC,is blue in color [SEP] Has long sleeves and a blue pattern,"Make it play jazz music, increase its battery life, and make it smell like rain.",The request is outside the fashion-image domain; high-confidence visual compliance is unsupported.,1,B008BYUH9Q,0.2710550129413605,data/fashioniq/images/B008BYUH9Q.jpg,0,0.2710550129413605,0.007606297731399536,outputs/hallucination/dress/contact_sheets/dress_q03.jpg
dress_q03_s05,dress_q03,ood,dress,997,B004PKZWNG,B009LGLIIC,is blue in color [SEP] Has long sleeves and a blue pattern,"Make it play jazz music, increase its battery life, and make it smell like rain.",The request is outside the fashion-image domain; high-confidence visual compliance is unsupported.,2,B0032SBJWK,0.26344871520996094,data/fashioniq/images/B0032SBJWK.jpg,0,0.2710550129413605,0.007606297731399536,outputs/hallucination/dress/contact_sheets/dress_q03.jpg
dress_q03_s05,dress_q03,ood,dress,997,B004PKZWNG,B009LGLIIC,is blue in color [SEP] Has long sleeves and a blue pattern,"Make it play jazz music, increase its battery life, and make it smell like rain.",The request is outside the fashion-image domain; high-confidence visual compliance is unsupported.,3,B005UA9538,0.26176345348358154,data/fashioniq/images/B005UA9538.jpg,0,0.2710550129413605,0.007606297731399536,outputs/hallucination/dress/contact_sheets/dress_q03.jpg
dress_q03_s05,dress_q03,ood,dress,997,B004PKZWNG,B009LGLIIC,is blue in color [SEP] Has long sleeves and a blue pattern,"Make it play jazz music, increase its battery life, and make it smell like rain.",The request is outside the fashion-image domain; high-confidence visual compliance is unsupported.,4,B000QSGNOI,0.25329944491386414,data/fashioniq/images/B000QSGNOI.jpg,0,0.2710550129413605,0.007606297731399536,outputs/hallucination/dress/contact_sheets/dress_q03.jpg
dress_q03_s05,dress_q03,ood,dress,997,B004PKZWNG,B009LGLIIC,is blue in color [SEP] Has long sleeves and a blue pattern,"Make it play jazz music, increase its battery life, and make it smell like rain.",The request is outside the fashion-image domain; high-confidence visual compliance is unsupported.,5,B005G8BDX4,0.24743346869945526,data/fashioniq/images/B005G8BDX4.jpg,0,0.2710550129413605,0.007606297731399536,outputs/hallucination/dress/contact_sheets/dress_q03.jpg
dress_q03_s06,dress_q03,unsatisfiable,dress,997,B004PKZWNG,B009LGLIIC,is blue in color [SEP] Has long sleeves and a blue pattern,Turn it into a transparent glass garment with animated flames and invisible fabric.,The fixed FashionIQ gallery is not expected to contain a full match.,1,B000QSGNOI,0.30101823806762695,data/fashioniq/images/B000QSGNOI.jpg,0,0.30101823806762695,0.015281319618225098,outputs/hallucination/dress/contact_sheets/dress_q03.jpg
dress_q03_s06,dress_q03,unsatisfiable,dress,997,B004PKZWNG,B009LGLIIC,is blue in color [SEP] Has long sleeves and a blue pattern,Turn it into a transparent glass garment with animated flames and invisible fabric.,The fixed FashionIQ gallery is not expected to contain a full match.,2,B008BYUH9Q,0.28573691844940186,data/fashioniq/images/B008BYUH9Q.jpg,0,0.30101823806762695,0.015281319618225098,outputs/hallucination/dress/contact_sheets/dress_q03.jpg
dress_q03_s06,dress_q03,unsatisfiable,dress,997,B004PKZWNG,B009LGLIIC,is blue in color [SEP] Has long sleeves and a blue pattern,Turn it into a transparent glass garment with animated flames and invisible fabric.,The fixed FashionIQ gallery is not expected to contain a full match.,3,B0032SBJWK,0.25919604301452637,data/fashioniq/images/B0032SBJWK.jpg,0,0.30101823806762695,0.015281319618225098,outputs/hallucination/dress/contact_sheets/dress_q03.jpg
dress_q03_s06,dress_q03,unsatisfiable,dress,997,B004PKZWNG,B009LGLIIC,is blue in color [SEP] Has long sleeves and a blue pattern,Turn it into a transparent glass garment with animated flames and invisible fabric.,The fixed FashionIQ gallery is not expected to contain a full match.,4,B00A2IKF6O,0.24499806761741638,data/fashioniq/images/B00A2IKF6O.jpg,0,0.30101823806762695,0.015281319618225098,outputs/hallucination/dress/contact_sheets/dress_q03.jpg
dress_q03_s06,dress_q03,unsatisfiable,dress,997,B004PKZWNG,B009LGLIIC,is blue in color [SEP] Has long sleeves and a blue pattern,Turn it into a transparent glass garment with animated flames and invisible fabric.,The fixed FashionIQ gallery is not expected to contain a full match.,5,B005UA9538,0.23510560393333435,data/fashioniq/images/B005UA9538.jpg,0,0.30101823806762695,0.015281319618225098,outputs/hallucination/dress/contact_sheets/dress_q03.jpg
dress_q04_s01,dress_q04,in_domain,dress,814,B00FBRGJKM,B00FTA0HUE,is tighter and fancier [SEP] tighter skirt and v neck,is tighter and fancier [SEP] tighter skirt and v neck,Retrieve garments that satisfy the original FashionIQ modification.,1,B008OVNLDU,0.29879671335220337,data/fashioniq/images/B008OVNLDU.jpg,0,0.29879671335220337,0.025671958923339844,outputs/hallucination/dress/contact_sheets/dress_q04.jpg
dress_q04_s01,dress_q04,in_domain,dress,814,B00FBRGJKM,B00FTA0HUE,is tighter and fancier [SEP] tighter skirt and v neck,is tighter and fancier [SEP] tighter skirt and v neck,Retrieve garments that satisfy the original FashionIQ modification.,2,B00A8VHMRK,0.2731247544288635,data/fashioniq/images/B00A8VHMRK.jpg,0,0.29879671335220337,0.025671958923339844,outputs/hallucination/dress/contact_sheets/dress_q04.jpg
dress_q04_s01,dress_q04,in_domain,dress,814,B00FBRGJKM,B00FTA0HUE,is tighter and fancier [SEP] tighter skirt and v neck,is tighter and fancier [SEP] tighter skirt and v neck,Retrieve garments that satisfy the original FashionIQ modification.,3,B00CL14N3Q,0.27141469717025757,data/fashioniq/images/B00CL14N3Q.jpg,0,0.29879671335220337,0.025671958923339844,outputs/hallucination/dress/contact_sheets/dress_q04.jpg
dress_q04_s01,dress_q04,in_domain,dress,814,B00FBRGJKM,B00FTA0HUE,is tighter and fancier [SEP] tighter skirt and v neck,is tighter and fancier [SEP] tighter skirt and v neck,Retrieve garments that satisfy the original FashionIQ modification.,4,B00B67ELUG,0.26692187786102295,data/fashioniq/images/B00B67ELUG.jpg,0,0.29879671335220337,0.025671958923339844,outputs/hallucination/dress/contact_sheets/dress_q04.jpg
dress_q04_s01,dress_q04,in_domain,dress,814,B00FBRGJKM,B00FTA0HUE,is tighter and fancier [SEP] tighter skirt and v neck,is tighter and fancier [SEP] tighter skirt and v neck,Retrieve garments that satisfy the original FashionIQ modification.,5,B00GP5TL6I,0.2574947476387024,data/fashioniq/images/B00GP5TL6I.jpg,0,0.29879671335220337,0.025671958923339844,outputs/hallucination/dress/contact_sheets/dress_q04.jpg
dress_q04_s02,dress_q04,paraphrase,dress,814,B00FBRGJKM,B00FTA0HUE,is tighter and fancier [SEP] tighter skirt and v neck,"Apply these requested changes: is tighter and fancier; also, tighter skirt and v neck.",Remain close to the in-domain result under a meaning-preserving template change.,1,B0097B5S8C,0.2668607831001282,data/fashioniq/images/B0097B5S8C.jpg,0,0.2668607831001282,1.5735626220703125e-05,outputs/hallucination/dress/contact_sheets/dress_q04.jpg
dress_q04_s02,dress_q04,paraphrase,dress,814,B00FBRGJKM,B00FTA0HUE,is tighter and fancier [SEP] tighter skirt and v neck,"Apply these requested changes: is tighter and fancier; also, tighter skirt and v neck.",Remain close to the in-domain result under a meaning-preserving template change.,2,B00E9O5JWM,0.26684504747390747,data/fashioniq/images/B00E9O5JWM.jpg,0,0.2668607831001282,1.5735626220703125e-05,outputs/hallucination/dress/contact_sheets/dress_q04.jpg
dress_q04_s02,dress_q04,paraphrase,dress,814,B00FBRGJKM,B00FTA0HUE,is tighter and fancier [SEP] tighter skirt and v neck,"Apply these requested changes: is tighter and fancier; also, tighter skirt and v neck.",Remain close to the in-domain result under a meaning-preserving template change.,3,B005DRAVT0,0.26672860980033875,data/fashioniq/images/B005DRAVT0.jpg,0,0.2668607831001282,1.5735626220703125e-05,outputs/hallucination/dress/contact_sheets/dress_q04.jpg
dress_q04_s02,dress_q04,paraphrase,dress,814,B00FBRGJKM,B00FTA0HUE,is tighter and fancier [SEP] tighter skirt and v neck,"Apply these requested changes: is tighter and fancier; also, tighter skirt and v neck.",Remain close to the in-domain result under a meaning-preserving template change.,4,B00AMGS4CI,0.26524651050567627,data/fashioniq/images/B00AMGS4CI.jpg,0,0.2668607831001282,1.5735626220703125e-05,outputs/hallucination/dress/contact_sheets/dress_q04.jpg
dress_q04_s02,dress_q04,paraphrase,dress,814,B00FBRGJKM,B00FTA0HUE,is tighter and fancier [SEP] tighter skirt and v neck,"Apply these requested changes: is tighter and fancier; also, tighter skirt and v neck.",Remain close to the in-domain result under a meaning-preserving template change.,5,B00A8VHMRK,0.26240891218185425,data/fashioniq/images/B00A8VHMRK.jpg,0,0.2668607831001282,1.5735626220703125e-05,outputs/hallucination/dress/contact_sheets/dress_q04.jpg
dress_q04_s03,dress_q04,identity,dress,814,B00FBRGJKM,B00FTA0HUE,is tighter and fancier [SEP] tighter skirt and v neck,"Keep the garment exactly as it is; do not change its color, shape, material, or details.",Preserve the source garment; returning a visually close neighbour is preferable.,1,B006YZLWSE,0.253034770488739,data/fashioniq/images/B006YZLWSE.jpg,0,0.253034770488739,0.0050591230392456055,outputs/hallucination/dress/contact_sheets/dress_q04.jpg
dress_q04_s03,dress_q04,identity,dress,814,B00FBRGJKM,B00FTA0HUE,is tighter and fancier [SEP] tighter skirt and v neck,"Keep the garment exactly as it is; do not change its color, shape, material, or details.",Preserve the source garment; returning a visually close neighbour is preferable.,2,B00FXAC5SM,0.2479756474494934,data/fashioniq/images/B00FXAC5SM.jpg,0,0.253034770488739,0.0050591230392456055,outputs/hallucination/dress/contact_sheets/dress_q04.jpg
dress_q04_s03,dress_q04,identity,dress,814,B00FBRGJKM,B00FTA0HUE,is tighter and fancier [SEP] tighter skirt and v neck,"Keep the garment exactly as it is; do not change its color, shape, material, or details.",Preserve the source garment; returning a visually close neighbour is preferable.,3,B008YR4H0K,0.23306238651275635,data/fashioniq/images/B008YR4H0K.jpg,0,0.253034770488739,0.0050591230392456055,outputs/hallucination/dress/contact_sheets/dress_q04.jpg
dress_q04_s03,dress_q04,identity,dress,814,B00FBRGJKM,B00FTA0HUE,is tighter and fancier [SEP] tighter skirt and v neck,"Keep the garment exactly as it is; do not change its color, shape, material, or details.",Preserve the source garment; returning a visually close neighbour is preferable.,4,B00FW0Y3I8,0.23100142180919647,data/fashioniq/images/B00FW0Y3I8.jpg,0,0.253034770488739,0.0050591230392456055,outputs/hallucination/dress/contact_sheets/dress_q04.jpg
dress_q04_s03,dress_q04,identity,dress,814,B00FBRGJKM,B00FTA0HUE,is tighter and fancier [SEP] tighter skirt and v neck,"Keep the garment exactly as it is; do not change its color, shape, material, or details.",Preserve the source garment; returning a visually close neighbour is preferable.,5,B00B2TMP56,0.22388021647930145,data/fashioniq/images/B00B2TMP56.jpg,0,0.253034770488739,0.0050591230392456055,outputs/hallucination/dress/contact_sheets/dress_q04.jpg
dress_q04_s04,dress_q04,contradiction,dress,814,B00FBRGJKM,B00FTA0HUE,is tighter and fancier [SEP] tighter skirt and v neck,"Make it both sleeveless and long-sleeved, and make it both shorter and longer.",No gallery item can satisfy every mutually contradictory requirement.,1,B008RK6XLK,0.29424983263015747,data/fashioniq/images/B008RK6XLK.jpg,0,0.29424983263015747,0.014739394187927246,outputs/hallucination/dress/contact_sheets/dress_q04.jpg
dress_q04_s04,dress_q04,contradiction,dress,814,B00FBRGJKM,B00FTA0HUE,is tighter and fancier [SEP] tighter skirt and v neck,"Make it both sleeveless and long-sleeved, and make it both shorter and longer.",No gallery item can satisfy every mutually contradictory requirement.,2,B008VQ6NNI,0.2795104384422302,data/fashioniq/images/B008VQ6NNI.jpg,0,0.29424983263015747,0.014739394187927246,outputs/hallucination/dress/contact_sheets/dress_q04.jpg
dress_q04_s04,dress_q04,contradiction,dress,814,B00FBRGJKM,B00FTA0HUE,is tighter and fancier [SEP] tighter skirt and v neck,"Make it both sleeveless and long-sleeved, and make it both shorter and longer.",No gallery item can satisfy every mutually contradictory requirement.,3,B00F4N004Y,0.26808613538742065,data/fashioniq/images/B00F4N004Y.jpg,0,0.29424983263015747,0.014739394187927246,outputs/hallucination/dress/contact_sheets/dress_q04.jpg
dress_q04_s04,dress_q04,contradiction,dress,814,B00FBRGJKM,B00FTA0HUE,is tighter and fancier [SEP] tighter skirt and v neck,"Make it both sleeveless and long-sleeved, and make it both shorter and longer.",No gallery item can satisfy every mutually contradictory requirement.,4,B0058BPLPK,0.26475727558135986,data/fashioniq/images/B0058BPLPK.jpg,0,0.29424983263015747,0.014739394187927246,outputs/hallucination/dress/contact_sheets/dress_q04.jpg
dress_q04_s04,dress_q04,contradiction,dress,814,B00FBRGJKM,B00FTA0HUE,is tighter and fancier [SEP] tighter skirt and v neck,"Make it both sleeveless and long-sleeved, and make it both shorter and longer.",No gallery item can satisfy every mutually contradictory requirement.,5,B0097B5S8C,0.2634587287902832,data/fashioniq/images/B0097B5S8C.jpg,0,0.29424983263015747,0.014739394187927246,outputs/hallucination/dress/contact_sheets/dress_q04.jpg
dress_q04_s05,dress_q04,ood,dress,814,B00FBRGJKM,B00FTA0HUE,is tighter and fancier [SEP] tighter skirt and v neck,"Make it play jazz music, increase its battery life, and make it smell like rain.",The request is outside the fashion-image domain; high-confidence visual compliance is unsupported.,1,B00BCMG8A6,0.246966153383255,data/fashioniq/images/B00BCMG8A6.jpg,0,0.246966153383255,0.0,outputs/hallucination/dress/contact_sheets/dress_q04.jpg
dress_q04_s05,dress_q04,ood,dress,814,B00FBRGJKM,B00FTA0HUE,is tighter and fancier [SEP] tighter skirt and v neck,"Make it play jazz music, increase its battery life, and make it smell like rain.",The request is outside the fashion-image domain; high-confidence visual compliance is unsupported.,2,B00BCFZQFG,0.246966153383255,data/fashioniq/images/B00BCFZQFG.jpg,0,0.246966153383255,0.0,outputs/hallucination/dress/contact_sheets/dress_q04.jpg
dress_q04_s05,dress_q04,ood,dress,814,B00FBRGJKM,B00FTA0HUE,is tighter and fancier [SEP] tighter skirt and v neck,"Make it play jazz music, increase its battery life, and make it smell like rain.",The request is outside the fashion-image domain; high-confidence visual compliance is unsupported.,3,B00EPFMQWQ,0.24326637387275696,data/fashioniq/images/B00EPFMQWQ.jpg,0,0.246966153383255,0.0,outputs/hallucination/dress/contact_sheets/dress_q04.jpg
dress_q04_s05,dress_q04,ood,dress,814,B00FBRGJKM,B00FTA0HUE,is tighter and fancier [SEP] tighter skirt and v neck,"Make it play jazz music, increase its battery life, and make it smell like rain.",The request is outside the fashion-image domain; high-confidence visual compliance is unsupported.,4,B00BPRK674,0.24275052547454834,data/fashioniq/images/B00BPRK674.jpg,0,0.246966153383255,0.0,outputs/hallucination/dress/contact_sheets/dress_q04.jpg
dress_q04_s05,dress_q04,ood,dress,814,B00FBRGJKM,B00FTA0HUE,is tighter and fancier [SEP] tighter skirt and v neck,"Make it play jazz music, increase its battery life, and make it smell like rain.",The request is outside the fashion-image domain; high-confidence visual compliance is unsupported.,5,B00AYE3UIG,0.24275052547454834,data/fashioniq/images/B00AYE3UIG.jpg,0,0.246966153383255,0.0,outputs/hallucination/dress/contact_sheets/dress_q04.jpg
dress_q04_s06,dress_q04,unsatisfiable,dress,814,B00FBRGJKM,B00FTA0HUE,is tighter and fancier [SEP] tighter skirt and v neck,Turn it into a transparent glass garment with animated flames and invisible fabric.,The fixed FashionIQ gallery is not expected to contain a full match.,1,B008HW2UT2,0.2557121515274048,data/fashioniq/images/B008HW2UT2.jpg,0,0.2557121515274048,0.00035494565963745117,outputs/hallucination/dress/contact_sheets/dress_q04.jpg
dress_q04_s06,dress_q04,unsatisfiable,dress,814,B00FBRGJKM,B00FTA0HUE,is tighter and fancier [SEP] tighter skirt and v neck,Turn it into a transparent glass garment with animated flames and invisible fabric.,The fixed FashionIQ gallery is not expected to contain a full match.,2,B005GYSR64,0.25535720586776733,data/fashioniq/images/B005GYSR64.jpg,0,0.2557121515274048,0.00035494565963745117,outputs/hallucination/dress/contact_sheets/dress_q04.jpg
dress_q04_s06,dress_q04,unsatisfiable,dress,814,B00FBRGJKM,B00FTA0HUE,is tighter and fancier [SEP] tighter skirt and v neck,Turn it into a transparent glass garment with animated flames and invisible fabric.,The fixed FashionIQ gallery is not expected to contain a full match.,3,B006WS5AV8,0.2520684003829956,data/fashioniq/images/B006WS5AV8.jpg,0,0.2557121515274048,0.00035494565963745117,outputs/hallucination/dress/contact_sheets/dress_q04.jpg
dress_q04_s06,dress_q04,unsatisfiable,dress,814,B00FBRGJKM,B00FTA0HUE,is tighter and fancier [SEP] tighter skirt and v neck,Turn it into a transparent glass garment with animated flames and invisible fabric.,The fixed FashionIQ gallery is not expected to contain a full match.,4,B0047SD9WC,0.2484300434589386,data/fashioniq/images/B0047SD9WC.jpg,0,0.2557121515274048,0.00035494565963745117,outputs/hallucination/dress/contact_sheets/dress_q04.jpg
dress_q04_s06,dress_q04,unsatisfiable,dress,814,B00FBRGJKM,B00FTA0HUE,is tighter and fancier [SEP] tighter skirt and v neck,Turn it into a transparent glass garment with animated flames and invisible fabric.,The fixed FashionIQ gallery is not expected to contain a full match.,5,B008BBCXB4,0.246674045920372,data/fashioniq/images/B008BBCXB4.jpg,0,0.2557121515274048,0.00035494565963745117,outputs/hallucination/dress/contact_sheets/dress_q04.jpg
dress_q05_s01,dress_q05,in_domain,dress,804,B0029YQQYE,B004OLGO24,more purple [SEP] is longer and more maroon,more purple [SEP] is longer and more maroon,Retrieve garments that satisfy the original FashionIQ modification.,1,B00CAMJMRS,0.35428452491760254,data/fashioniq/images/B00CAMJMRS.jpg,0,0.35428452491760254,0.010231614112854004,outputs/hallucination/dress/contact_sheets/dress_q05.jpg
dress_q05_s01,dress_q05,in_domain,dress,804,B0029YQQYE,B004OLGO24,more purple [SEP] is longer and more maroon,more purple [SEP] is longer and more maroon,Retrieve garments that satisfy the original FashionIQ modification.,2,B00B2FHB72,0.34405291080474854,data/fashioniq/images/B00B2FHB72.jpg,0,0.35428452491760254,0.010231614112854004,outputs/hallucination/dress/contact_sheets/dress_q05.jpg
dress_q05_s01,dress_q05,in_domain,dress,804,B0029YQQYE,B004OLGO24,more purple [SEP] is longer and more maroon,more purple [SEP] is longer and more maroon,Retrieve garments that satisfy the original FashionIQ modification.,3,B004OLGO24,0.3288813829421997,data/fashioniq/images/B004OLGO24.jpg,1,0.35428452491760254,0.010231614112854004,outputs/hallucination/dress/contact_sheets/dress_q05.jpg
dress_q05_s01,dress_q05,in_domain,dress,804,B0029YQQYE,B004OLGO24,more purple [SEP] is longer and more maroon,more purple [SEP] is longer and more maroon,Retrieve garments that satisfy the original FashionIQ modification.,4,B00E3HGLU4,0.3208840489387512,data/fashioniq/images/B00E3HGLU4.jpg,0,0.35428452491760254,0.010231614112854004,outputs/hallucination/dress/contact_sheets/dress_q05.jpg
dress_q05_s01,dress_q05,in_domain,dress,804,B0029YQQYE,B004OLGO24,more purple [SEP] is longer and more maroon,more purple [SEP] is longer and more maroon,Retrieve garments that satisfy the original FashionIQ modification.,5,B00BD8R89E,0.2993171215057373,data/fashioniq/images/B00BD8R89E.jpg,0,0.35428452491760254,0.010231614112854004,outputs/hallucination/dress/contact_sheets/dress_q05.jpg
dress_q05_s02,dress_q05,paraphrase,dress,804,B0029YQQYE,B004OLGO24,more purple [SEP] is longer and more maroon,"Apply these requested changes: more purple; also, is longer and more maroon.",Remain close to the in-domain result under a meaning-preserving template change.,1,B00B2FHB72,0.3337322473526001,data/fashioniq/images/B00B2FHB72.jpg,0,0.3337322473526001,0.002577453851699829,outputs/hallucination/dress/contact_sheets/dress_q05.jpg
dress_q05_s02,dress_q05,paraphrase,dress,804,B0029YQQYE,B004OLGO24,more purple [SEP] is longer and more maroon,"Apply these requested changes: more purple; also, is longer and more maroon.",Remain close to the in-domain result under a meaning-preserving template change.,2,B00CAMJMRS,0.33115479350090027,data/fashioniq/images/B00CAMJMRS.jpg,0,0.3337322473526001,0.002577453851699829,outputs/hallucination/dress/contact_sheets/dress_q05.jpg
dress_q05_s02,dress_q05,paraphrase,dress,804,B0029YQQYE,B004OLGO24,more purple [SEP] is longer and more maroon,"Apply these requested changes: more purple; also, is longer and more maroon.",Remain close to the in-domain result under a meaning-preserving template change.,3,B004OLGO24,0.3044150471687317,data/fashioniq/images/B004OLGO24.jpg,1,0.3337322473526001,0.002577453851699829,outputs/hallucination/dress/contact_sheets/dress_q05.jpg
dress_q05_s02,dress_q05,paraphrase,dress,804,B0029YQQYE,B004OLGO24,more purple [SEP] is longer and more maroon,"Apply these requested changes: more purple; also, is longer and more maroon.",Remain close to the in-domain result under a meaning-preserving template change.,4,B00E8NBU6S,0.29132428765296936,data/fashioniq/images/B00E8NBU6S.jpg,0,0.3337322473526001,0.002577453851699829,outputs/hallucination/dress/contact_sheets/dress_q05.jpg
dress_q05_s02,dress_q05,paraphrase,dress,804,B0029YQQYE,B004OLGO24,more purple [SEP] is longer and more maroon,"Apply these requested changes: more purple; also, is longer and more maroon.",Remain close to the in-domain result under a meaning-preserving template change.,5,B0054TLAM4,0.2892509400844574,data/fashioniq/images/B0054TLAM4.jpg,0,0.3337322473526001,0.002577453851699829,outputs/hallucination/dress/contact_sheets/dress_q05.jpg
dress_q05_s03,dress_q05,identity,dress,804,B0029YQQYE,B004OLGO24,more purple [SEP] is longer and more maroon,"Keep the garment exactly as it is; do not change its color, shape, material, or details.",Preserve the source garment; returning a visually close neighbour is preferable.,1,B0097IX9NQ,0.3054378926753998,data/fashioniq/images/B0097IX9NQ.jpg,0,0.3054378926753998,0.016402333974838257,outputs/hallucination/dress/contact_sheets/dress_q05.jpg
dress_q05_s03,dress_q05,identity,dress,804,B0029YQQYE,B004OLGO24,more purple [SEP] is longer and more maroon,"Keep the garment exactly as it is; do not change its color, shape, material, or details.",Preserve the source garment; returning a visually close neighbour is preferable.,2,B008YR4H0K,0.2890355587005615,data/fashioniq/images/B008YR4H0K.jpg,0,0.3054378926753998,0.016402333974838257,outputs/hallucination/dress/contact_sheets/dress_q05.jpg
dress_q05_s03,dress_q05,identity,dress,804,B0029YQQYE,B004OLGO24,more purple [SEP] is longer and more maroon,"Keep the garment exactly as it is; do not change its color, shape, material, or details.",Preserve the source garment; returning a visually close neighbour is preferable.,3,B00AIHGCMU,0.2862313389778137,data/fashioniq/images/B00AIHGCMU.jpg,0,0.3054378926753998,0.016402333974838257,outputs/hallucination/dress/contact_sheets/dress_q05.jpg
dress_q05_s03,dress_q05,identity,dress,804,B0029YQQYE,B004OLGO24,more purple [SEP] is longer and more maroon,"Keep the garment exactly as it is; do not change its color, shape, material, or details.",Preserve the source garment; returning a visually close neighbour is preferable.,4,B004QL3YBG,0.2811400294303894,data/fashioniq/images/B004QL3YBG.jpg,0,0.3054378926753998,0.016402333974838257,outputs/hallucination/dress/contact_sheets/dress_q05.jpg
dress_q05_s03,dress_q05,identity,dress,804,B0029YQQYE,B004OLGO24,more purple [SEP] is longer and more maroon,"Keep the garment exactly as it is; do not change its color, shape, material, or details.",Preserve the source garment; returning a visually close neighbour is preferable.,5,B0023GWMUU,0.2807232737541199,data/fashioniq/images/B0023GWMUU.jpg,0,0.3054378926753998,0.016402333974838257,outputs/hallucination/dress/contact_sheets/dress_q05.jpg
dress_q05_s04,dress_q05,contradiction,dress,804,B0029YQQYE,B004OLGO24,more purple [SEP] is longer and more maroon,"Make it both sleeveless and long-sleeved, and make it both shorter and longer.",No gallery item can satisfy every mutually contradictory requirement.,1,B00E8AUR2O,0.25861015915870667,data/fashioniq/images/B00E8AUR2O.jpg,0,0.25861015915870667,0.025045961141586304,outputs/hallucination/dress/contact_sheets/dress_q05.jpg
dress_q05_s04,dress_q05,contradiction,dress,804,B0029YQQYE,B004OLGO24,more purple [SEP] is longer and more maroon,"Make it both sleeveless and long-sleeved, and make it both shorter and longer.",No gallery item can satisfy every mutually contradictory requirement.,2,B004QL3YBG,0.23356419801712036,data/fashioniq/images/B004QL3YBG.jpg,0,0.25861015915870667,0.025045961141586304,outputs/hallucination/dress/contact_sheets/dress_q05.jpg
dress_q05_s04,dress_q05,contradiction,dress,804,B0029YQQYE,B004OLGO24,more purple [SEP] is longer and more maroon,"Make it both sleeveless and long-sleeved, and make it both shorter and longer.",No gallery item can satisfy every mutually contradictory requirement.,3,B00BG5SSCU,0.22996218502521515,data/fashioniq/images/B00BG5SSCU.jpg,0,0.25861015915870667,0.025045961141586304,outputs/hallucination/dress/contact_sheets/dress_q05.jpg
dress_q05_s04,dress_q05,contradiction,dress,804,B0029YQQYE,B004OLGO24,more purple [SEP] is longer and more maroon,"Make it both sleeveless and long-sleeved, and make it both shorter and longer.",No gallery item can satisfy every mutually contradictory requirement.,4,B004BH166A,0.22361432015895844,data/fashioniq/images/B004BH166A.jpg,0,0.25861015915870667,0.025045961141586304,outputs/hallucination/dress/contact_sheets/dress_q05.jpg
dress_q05_s04,dress_q05,contradiction,dress,804,B0029YQQYE,B004OLGO24,more purple [SEP] is longer and more maroon,"Make it both sleeveless and long-sleeved, and make it both shorter and longer.",No gallery item can satisfy every mutually contradictory requirement.,5,B0054DKVWK,0.22324341535568237,data/fashioniq/images/B0054DKVWK.jpg,0,0.25861015915870667,0.025045961141586304,outputs/hallucination/dress/contact_sheets/dress_q05.jpg
dress_q05_s05,dress_q05,ood,dress,804,B0029YQQYE,B004OLGO24,more purple [SEP] is longer and more maroon,"Make it play jazz music, increase its battery life, and make it smell like rain.",The request is outside the fashion-image domain; high-confidence visual compliance is unsupported.,1,B004QL3YBG,0.28947097063064575,data/fashioniq/images/B004QL3YBG.jpg,0,0.28947097063064575,0.0026134252548217773,outputs/hallucination/dress/contact_sheets/dress_q05.jpg
dress_q05_s05,dress_q05,ood,dress,804,B0029YQQYE,B004OLGO24,more purple [SEP] is longer and more maroon,"Make it play jazz music, increase its battery life, and make it smell like rain.",The request is outside the fashion-image domain; high-confidence visual compliance is unsupported.,2,B00BG5SSCU,0.286857545375824,data/fashioniq/images/B00BG5SSCU.jpg,0,0.28947097063064575,0.0026134252548217773,outputs/hallucination/dress/contact_sheets/dress_q05.jpg
dress_q05_s05,dress_q05,ood,dress,804,B0029YQQYE,B004OLGO24,more purple [SEP] is longer and more maroon,"Make it play jazz music, increase its battery life, and make it smell like rain.",The request is outside the fashion-image domain; high-confidence visual compliance is unsupported.,3,B00AIHGCMU,0.27399933338165283,data/fashioniq/images/B00AIHGCMU.jpg,0,0.28947097063064575,0.0026134252548217773,outputs/hallucination/dress/contact_sheets/dress_q05.jpg
dress_q05_s05,dress_q05,ood,dress,804,B0029YQQYE,B004OLGO24,more purple [SEP] is longer and more maroon,"Make it play jazz music, increase its battery life, and make it smell like rain.",The request is outside the fashion-image domain; high-confidence visual compliance is unsupported.,4,B0097IX9NQ,0.2649713158607483,data/fashioniq/images/B0097IX9NQ.jpg,0,0.28947097063064575,0.0026134252548217773,outputs/hallucination/dress/contact_sheets/dress_q05.jpg
dress_q05_s05,dress_q05,ood,dress,804,B0029YQQYE,B004OLGO24,more purple [SEP] is longer and more maroon,"Make it play jazz music, increase its battery life, and make it smell like rain.",The request is outside the fashion-image domain; high-confidence visual compliance is unsupported.,5,B00ASPC9WE,0.24712654948234558,data/fashioniq/images/B00ASPC9WE.jpg,0,0.28947097063064575,0.0026134252548217773,outputs/hallucination/dress/contact_sheets/dress_q05.jpg
dress_q05_s06,dress_q05,unsatisfiable,dress,804,B0029YQQYE,B004OLGO24,more purple [SEP] is longer and more maroon,Turn it into a transparent glass garment with animated flames and invisible fabric.,The fixed FashionIQ gallery is not expected to contain a full match.,1,B006ZUU7RU,0.2808477580547333,data/fashioniq/images/B006ZUU7RU.jpg,0,0.2808477580547333,0.002646327018737793,outputs/hallucination/dress/contact_sheets/dress_q05.jpg
dress_q05_s06,dress_q05,unsatisfiable,dress,804,B0029YQQYE,B004OLGO24,more purple [SEP] is longer and more maroon,Turn it into a transparent glass garment with animated flames and invisible fabric.,The fixed FashionIQ gallery is not expected to contain a full match.,2,B00C6PP5CA,0.2782014310359955,data/fashioniq/images/B00C6PP5CA.jpg,0,0.2808477580547333,0.002646327018737793,outputs/hallucination/dress/contact_sheets/dress_q05.jpg
dress_q05_s06,dress_q05,unsatisfiable,dress,804,B0029YQQYE,B004OLGO24,more purple [SEP] is longer and more maroon,Turn it into a transparent glass garment with animated flames and invisible fabric.,The fixed FashionIQ gallery is not expected to contain a full match.,3,B008RKTTXY,0.2775348126888275,data/fashioniq/images/B008RKTTXY.jpg,0,0.2808477580547333,0.002646327018737793,outputs/hallucination/dress/contact_sheets/dress_q05.jpg
dress_q05_s06,dress_q05,unsatisfiable,dress,804,B0029YQQYE,B004OLGO24,more purple [SEP] is longer and more maroon,Turn it into a transparent glass garment with animated flames and invisible fabric.,The fixed FashionIQ gallery is not expected to contain a full match.,4,B009S3GXWY,0.2687073349952698,data/fashioniq/images/B009S3GXWY.jpg,0,0.2808477580547333,0.002646327018737793,outputs/hallucination/dress/contact_sheets/dress_q05.jpg
dress_q05_s06,dress_q05,unsatisfiable,dress,804,B0029YQQYE,B004OLGO24,more purple [SEP] is longer and more maroon,Turn it into a transparent glass garment with animated flames and invisible fabric.,The fixed FashionIQ gallery is not expected to contain a full match.,5,B007WPH9BY,0.25521621108055115,data/fashioniq/images/B007WPH9BY.jpg,0,0.2808477580547333,0.002646327018737793,outputs/hallucination/dress/contact_sheets/dress_q05.jpg
dress_q06_s01,dress_q06,in_domain,dress,1390,B00DFN4MSU,B00806NEIQ,is shorter [SEP] is shorter and darker,is shorter [SEP] is shorter and darker,Retrieve garments that satisfy the original FashionIQ modification.,1,B00756WDYI,0.2863800525665283,data/fashioniq/images/B00756WDYI.jpg,0,0.2863800525665283,0.02127102017402649,outputs/hallucination/dress/contact_sheets/dress_q06.jpg
dress_q06_s01,dress_q06,in_domain,dress,1390,B00DFN4MSU,B00806NEIQ,is shorter [SEP] is shorter and darker,is shorter [SEP] is shorter and darker,Retrieve garments that satisfy the original FashionIQ modification.,2,B00749VA8Q,0.26510903239250183,data/fashioniq/images/B00749VA8Q.jpg,0,0.2863800525665283,0.02127102017402649,outputs/hallucination/dress/contact_sheets/dress_q06.jpg
dress_q06_s01,dress_q06,in_domain,dress,1390,B00DFN4MSU,B00806NEIQ,is shorter [SEP] is shorter and darker,is shorter [SEP] is shorter and darker,Retrieve garments that satisfy the original FashionIQ modification.,3,B00428DS2I,0.2508402466773987,data/fashioniq/images/B00428DS2I.jpg,0,0.2863800525665283,0.02127102017402649,outputs/hallucination/dress/contact_sheets/dress_q06.jpg
dress_q06_s01,dress_q06,in_domain,dress,1390,B00DFN4MSU,B00806NEIQ,is shorter [SEP] is shorter and darker,is shorter [SEP] is shorter and darker,Retrieve garments that satisfy the original FashionIQ modification.,4,B004T6S8ZK,0.2430432289838791,data/fashioniq/images/B004T6S8ZK.jpg,0,0.2863800525665283,0.02127102017402649,outputs/hallucination/dress/contact_sheets/dress_q06.jpg
dress_q06_s01,dress_q06,in_domain,dress,1390,B00DFN4MSU,B00806NEIQ,is shorter [SEP] is shorter and darker,is shorter [SEP] is shorter and darker,Retrieve garments that satisfy the original FashionIQ modification.,5,B0038KR31I,0.2328222095966339,data/fashioniq/images/B0038KR31I.jpg,0,0.2863800525665283,0.02127102017402649,outputs/hallucination/dress/contact_sheets/dress_q06.jpg
dress_q06_s02,dress_q06,paraphrase,dress,1390,B00DFN4MSU,B00806NEIQ,is shorter [SEP] is shorter and darker,"Apply these requested changes: is shorter; also, is shorter and darker.",Remain close to the in-domain result under a meaning-preserving template change.,1,B00756WDYI,0.3027957081794739,data/fashioniq/images/B00756WDYI.jpg,0,0.3027957081794739,0.055839478969573975,outputs/hallucination/dress/contact_sheets/dress_q06.jpg
dress_q06_s02,dress_q06,paraphrase,dress,1390,B00DFN4MSU,B00806NEIQ,is shorter [SEP] is shorter and darker,"Apply these requested changes: is shorter; also, is shorter and darker.",Remain close to the in-domain result under a meaning-preserving template change.,2,B004RKVGDY,0.2469562292098999,data/fashioniq/images/B004RKVGDY.jpg,0,0.3027957081794739,0.055839478969573975,outputs/hallucination/dress/contact_sheets/dress_q06.jpg
dress_q06_s02,dress_q06,paraphrase,dress,1390,B00DFN4MSU,B00806NEIQ,is shorter [SEP] is shorter and darker,"Apply these requested changes: is shorter; also, is shorter and darker.",Remain close to the in-domain result under a meaning-preserving template change.,3,B00EZIW2G8,0.24342690408229828,data/fashioniq/images/B00EZIW2G8.jpg,0,0.3027957081794739,0.055839478969573975,outputs/hallucination/dress/contact_sheets/dress_q06.jpg
dress_q06_s02,dress_q06,paraphrase,dress,1390,B00DFN4MSU,B00806NEIQ,is shorter [SEP] is shorter and darker,"Apply these requested changes: is shorter; also, is shorter and darker.",Remain close to the in-domain result under a meaning-preserving template change.,4,B00428DS2I,0.23874348402023315,data/fashioniq/images/B00428DS2I.jpg,0,0.3027957081794739,0.055839478969573975,outputs/hallucination/dress/contact_sheets/dress_q06.jpg
dress_q06_s02,dress_q06,paraphrase,dress,1390,B00DFN4MSU,B00806NEIQ,is shorter [SEP] is shorter and darker,"Apply these requested changes: is shorter; also, is shorter and darker.",Remain close to the in-domain result under a meaning-preserving template change.,5,B00B513RKS,0.22868961095809937,data/fashioniq/images/B00B513RKS.jpg,0,0.3027957081794739,0.055839478969573975,outputs/hallucination/dress/contact_sheets/dress_q06.jpg
dress_q06_s03,dress_q06,identity,dress,1390,B00DFN4MSU,B00806NEIQ,is shorter [SEP] is shorter and darker,"Keep the garment exactly as it is; do not change its color, shape, material, or details.",Preserve the source garment; returning a visually close neighbour is preferable.,1,B00B923WCQ,0.2724997103214264,data/fashioniq/images/B00B923WCQ.jpg,0,0.2724997103214264,0.004258602857589722,outputs/hallucination/dress/contact_sheets/dress_q06.jpg
dress_q06_s03,dress_q06,identity,dress,1390,B00DFN4MSU,B00806NEIQ,is shorter [SEP] is shorter and darker,"Keep the garment exactly as it is; do not change its color, shape, material, or details.",Preserve the source garment; returning a visually close neighbour is preferable.,2,B00756WDYI,0.26824110746383667,data/fashioniq/images/B00756WDYI.jpg,0,0.2724997103214264,0.004258602857589722,outputs/hallucination/dress/contact_sheets/dress_q06.jpg
dress_q06_s03,dress_q06,identity,dress,1390,B00DFN4MSU,B00806NEIQ,is shorter [SEP] is shorter and darker,"Keep the garment exactly as it is; do not change its color, shape, material, or details.",Preserve the source garment; returning a visually close neighbour is preferable.,3,B00428DS2I,0.24489271640777588,data/fashioniq/images/B00428DS2I.jpg,0,0.2724997103214264,0.004258602857589722,outputs/hallucination/dress/contact_sheets/dress_q06.jpg
dress_q06_s03,dress_q06,identity,dress,1390,B00DFN4MSU,B00806NEIQ,is shorter [SEP] is shorter and darker,"Keep the garment exactly as it is; do not change its color, shape, material, or details.",Preserve the source garment; returning a visually close neighbour is preferable.,4,B00BC58O3W,0.24414731562137604,data/fashioniq/images/B00BC58O3W.jpg,0,0.2724997103214264,0.004258602857589722,outputs/hallucination/dress/contact_sheets/dress_q06.jpg
dress_q06_s03,dress_q06,identity,dress,1390,B00DFN4MSU,B00806NEIQ,is shorter [SEP] is shorter and darker,"Keep the garment exactly as it is; do not change its color, shape, material, or details.",Preserve the source garment; returning a visually close neighbour is preferable.,5,B002QQ41U6,0.23812811076641083,data/fashioniq/images/B002QQ41U6.jpg,0,0.2724997103214264,0.004258602857589722,outputs/hallucination/dress/contact_sheets/dress_q06.jpg
dress_q06_s04,dress_q06,contradiction,dress,1390,B00DFN4MSU,B00806NEIQ,is shorter [SEP] is shorter and darker,"Make it both sleeveless and long-sleeved, and make it both shorter and longer.",No gallery item can satisfy every mutually contradictory requirement.,1,B00A4FQ4PG,0.28450796008110046,data/fashioniq/images/B00A4FQ4PG.jpg,0,0.28450796008110046,0.05312913656234741,outputs/hallucination/dress/contact_sheets/dress_q06.jpg
dress_q06_s04,dress_q06,contradiction,dress,1390,B00DFN4MSU,B00806NEIQ,is shorter [SEP] is shorter and darker,"Make it both sleeveless and long-sleeved, and make it both shorter and longer.",No gallery item can satisfy every mutually contradictory requirement.,2,B00ABF01BM,0.23137882351875305,data/fashioniq/images/B00ABF01BM.jpg,0,0.28450796008110046,0.05312913656234741,outputs/hallucination/dress/contact_sheets/dress_q06.jpg
dress_q06_s04,dress_q06,contradiction,dress,1390,B00DFN4MSU,B00806NEIQ,is shorter [SEP] is shorter and darker,"Make it both sleeveless and long-sleeved, and make it both shorter and longer.",No gallery item can satisfy every mutually contradictory requirement.,3,B002VLK54C,0.23024022579193115,data/fashioniq/images/B002VLK54C.jpg,0,0.28450796008110046,0.05312913656234741,outputs/hallucination/dress/contact_sheets/dress_q06.jpg
dress_q06_s04,dress_q06,contradiction,dress,1390,B00DFN4MSU,B00806NEIQ,is shorter [SEP] is shorter and darker,"Make it both sleeveless and long-sleeved, and make it both shorter and longer.",No gallery item can satisfy every mutually contradictory requirement.,4,B008E7IA0I,0.2230059802532196,data/fashioniq/images/B008E7IA0I.jpg,0,0.28450796008110046,0.05312913656234741,outputs/hallucination/dress/contact_sheets/dress_q06.jpg
dress_q06_s04,dress_q06,contradiction,dress,1390,B00DFN4MSU,B00806NEIQ,is shorter [SEP] is shorter and darker,"Make it both sleeveless and long-sleeved, and make it both shorter and longer.",No gallery item can satisfy every mutually contradictory requirement.,5,B00FH7C5RC,0.2220250517129898,data/fashioniq/images/B00FH7C5RC.jpg,0,0.28450796008110046,0.05312913656234741,outputs/hallucination/dress/contact_sheets/dress_q06.jpg
dress_q06_s05,dress_q06,ood,dress,1390,B00DFN4MSU,B00806NEIQ,is shorter [SEP] is shorter and darker,"Make it play jazz music, increase its battery life, and make it smell like rain.",The request is outside the fashion-image domain; high-confidence visual compliance is unsupported.,1,B00756WDYI,0.28331220149993896,data/fashioniq/images/B00756WDYI.jpg,0,0.28331220149993896,0.006848841905593872,outputs/hallucination/dress/contact_sheets/dress_q06.jpg
dress_q06_s05,dress_q06,ood,dress,1390,B00DFN4MSU,B00806NEIQ,is shorter [SEP] is shorter and darker,"Make it play jazz music, increase its battery life, and make it smell like rain.",The request is outside the fashion-image domain; high-confidence visual compliance is unsupported.,2,B0043RSVPM,0.2764633595943451,data/fashioniq/images/B0043RSVPM.jpg,0,0.28331220149993896,0.006848841905593872,outputs/hallucination/dress/contact_sheets/dress_q06.jpg
dress_q06_s05,dress_q06,ood,dress,1390,B00DFN4MSU,B00806NEIQ,is shorter [SEP] is shorter and darker,"Make it play jazz music, increase its battery life, and make it smell like rain.",The request is outside the fashion-image domain; high-confidence visual compliance is unsupported.,3,B00BNH31AU,0.26821383833885193,data/fashioniq/images/B00BNH31AU.jpg,0,0.28331220149993896,0.006848841905593872,outputs/hallucination/dress/contact_sheets/dress_q06.jpg
dress_q06_s05,dress_q06,ood,dress,1390,B00DFN4MSU,B00806NEIQ,is shorter [SEP] is shorter and darker,"Make it play jazz music, increase its battery life, and make it smell like rain.",The request is outside the fashion-image domain; high-confidence visual compliance is unsupported.,4,B008E7IA0I,0.26660478115081787,data/fashioniq/images/B008E7IA0I.jpg,0,0.28331220149993896,0.006848841905593872,outputs/hallucination/dress/contact_sheets/dress_q06.jpg
dress_q06_s05,dress_q06,ood,dress,1390,B00DFN4MSU,B00806NEIQ,is shorter [SEP] is shorter and darker,"Make it play jazz music, increase its battery life, and make it smell like rain.",The request is outside the fashion-image domain; high-confidence visual compliance is unsupported.,5,B00BUVJTSC,0.26421675086021423,data/fashioniq/images/B00BUVJTSC.jpg,0,0.28331220149993896,0.006848841905593872,outputs/hallucination/dress/contact_sheets/dress_q06.jpg
dress_q06_s06,dress_q06,unsatisfiable,dress,1390,B00DFN4MSU,B00806NEIQ,is shorter [SEP] is shorter and darker,Turn it into a transparent glass garment with animated flames and invisible fabric.,The fixed FashionIQ gallery is not expected to contain a full match.,1,B00756WDYI,0.27422115206718445,data/fashioniq/images/B00756WDYI.jpg,0,0.27422115206718445,0.005714893341064453,outputs/hallucination/dress/contact_sheets/dress_q06.jpg
dress_q06_s06,dress_q06,unsatisfiable,dress,1390,B00DFN4MSU,B00806NEIQ,is shorter [SEP] is shorter and darker,Turn it into a transparent glass garment with animated flames and invisible fabric.,The fixed FashionIQ gallery is not expected to contain a full match.,2,B008HW2UT2,0.26850625872612,data/fashioniq/images/B008HW2UT2.jpg,0,0.27422115206718445,0.005714893341064453,outputs/hallucination/dress/contact_sheets/dress_q06.jpg
dress_q06_s06,dress_q06,unsatisfiable,dress,1390,B00DFN4MSU,B00806NEIQ,is shorter [SEP] is shorter and darker,Turn it into a transparent glass garment with animated flames and invisible fabric.,The fixed FashionIQ gallery is not expected to contain a full match.,3,B0043RSVPM,0.2603573799133301,data/fashioniq/images/B0043RSVPM.jpg,0,0.27422115206718445,0.005714893341064453,outputs/hallucination/dress/contact_sheets/dress_q06.jpg
dress_q06_s06,dress_q06,unsatisfiable,dress,1390,B00DFN4MSU,B00806NEIQ,is shorter [SEP] is shorter and darker,Turn it into a transparent glass garment with animated flames and invisible fabric.,The fixed FashionIQ gallery is not expected to contain a full match.,4,B007YBDKZK,0.2501074969768524,data/fashioniq/images/B007YBDKZK.jpg,0,0.27422115206718445,0.005714893341064453,outputs/hallucination/dress/contact_sheets/dress_q06.jpg
dress_q06_s06,dress_q06,unsatisfiable,dress,1390,B00DFN4MSU,B00806NEIQ,is shorter [SEP] is shorter and darker,Turn it into a transparent glass garment with animated flames and invisible fabric.,The fixed FashionIQ gallery is not expected to contain a full match.,5,B00D7ISRPC,0.2462046593427658,data/fashioniq/images/B00D7ISRPC.jpg,0,0.27422115206718445,0.005714893341064453,outputs/hallucination/dress/contact_sheets/dress_q06.jpg
dress_q07_s01,dress_q07,in_domain,dress,580,B002WV0S6G,B0036ME5BE,is shorter and more casual [SEP] is a lot shorter in tan coloring and the straps aren't similar.,is shorter and more casual [SEP] is a lot shorter in tan coloring and the straps aren't similar.,Retrieve garments that satisfy the original FashionIQ modification.,1,B008KCUXLQ,0.289969801902771,data/fashioniq/images/B008KCUXLQ.jpg,0,0.289969801902771,0.029037803411483765,outputs/hallucination/dress/contact_sheets/dress_q07.jpg
dress_q07_s01,dress_q07,in_domain,dress,580,B002WV0S6G,B0036ME5BE,is shorter and more casual [SEP] is a lot shorter in tan coloring and the straps aren't similar.,is shorter and more casual [SEP] is a lot shorter in tan coloring and the straps aren't similar.,Retrieve garments that satisfy the original FashionIQ modification.,2,B00FW0Y3I8,0.26093199849128723,data/fashioniq/images/B00FW0Y3I8.jpg,0,0.289969801902771,0.029037803411483765,outputs/hallucination/dress/contact_sheets/dress_q07.jpg
dress_q07_s01,dress_q07,in_domain,dress,580,B002WV0S6G,B0036ME5BE,is shorter and more casual [SEP] is a lot shorter in tan coloring and the straps aren't similar.,is shorter and more casual [SEP] is a lot shorter in tan coloring and the straps aren't similar.,Retrieve garments that satisfy the original FashionIQ modification.,3,B00ANT6K0M,0.26000112295150757,data/fashioniq/images/B00ANT6K0M.jpg,0,0.289969801902771,0.029037803411483765,outputs/hallucination/dress/contact_sheets/dress_q07.jpg
dress_q07_s01,dress_q07,in_domain,dress,580,B002WV0S6G,B0036ME5BE,is shorter and more casual [SEP] is a lot shorter in tan coloring and the straps aren't similar.,is shorter and more casual [SEP] is a lot shorter in tan coloring and the straps aren't similar.,Retrieve garments that satisfy the original FashionIQ modification.,4,B00ANC7JCW,0.2536824643611908,data/fashioniq/images/B00ANC7JCW.jpg,0,0.289969801902771,0.029037803411483765,outputs/hallucination/dress/contact_sheets/dress_q07.jpg
dress_q07_s01,dress_q07,in_domain,dress,580,B002WV0S6G,B0036ME5BE,is shorter and more casual [SEP] is a lot shorter in tan coloring and the straps aren't similar.,is shorter and more casual [SEP] is a lot shorter in tan coloring and the straps aren't similar.,Retrieve garments that satisfy the original FashionIQ modification.,5,B00CD8JL48,0.252351313829422,data/fashioniq/images/B00CD8JL48.jpg,0,0.289969801902771,0.029037803411483765,outputs/hallucination/dress/contact_sheets/dress_q07.jpg
dress_q07_s02,dress_q07,paraphrase,dress,580,B002WV0S6G,B0036ME5BE,is shorter and more casual [SEP] is a lot shorter in tan coloring and the straps aren't similar.,"Apply these requested changes: is shorter and more casual; also, is a lot shorter in tan coloring and the straps aren't similar.",Remain close to the in-domain result under a meaning-preserving template change.,1,B008KCUXLQ,0.2761255204677582,data/fashioniq/images/B008KCUXLQ.jpg,0,0.2761255204677582,0.014552265405654907,outputs/hallucination/dress/contact_sheets/dress_q07.jpg
dress_q07_s02,dress_q07,paraphrase,dress,580,B002WV0S6G,B0036ME5BE,is shorter and more casual [SEP] is a lot shorter in tan coloring and the straps aren't similar.,"Apply these requested changes: is shorter and more casual; also, is a lot shorter in tan coloring and the straps aren't similar.",Remain close to the in-domain result under a meaning-preserving template change.,2,B00D6DPE40,0.26157325506210327,data/fashioniq/images/B00D6DPE40.jpg,0,0.2761255204677582,0.014552265405654907,outputs/hallucination/dress/contact_sheets/dress_q07.jpg
dress_q07_s02,dress_q07,paraphrase,dress,580,B002WV0S6G,B0036ME5BE,is shorter and more casual [SEP] is a lot shorter in tan coloring and the straps aren't similar.,"Apply these requested changes: is shorter and more casual; also, is a lot shorter in tan coloring and the straps aren't similar.",Remain close to the in-domain result under a meaning-preserving template change.,3,B00ANC7JCW,0.2559463381767273,data/fashioniq/images/B00ANC7JCW.jpg,0,0.2761255204677582,0.014552265405654907,outputs/hallucination/dress/contact_sheets/dress_q07.jpg
dress_q07_s02,dress_q07,paraphrase,dress,580,B002WV0S6G,B0036ME5BE,is shorter and more casual [SEP] is a lot shorter in tan coloring and the straps aren't similar.,"Apply these requested changes: is shorter and more casual; also, is a lot shorter in tan coloring and the straps aren't similar.",Remain close to the in-domain result under a meaning-preserving template change.,4,B00FW0Y3I8,0.24490538239479065,data/fashioniq/images/B00FW0Y3I8.jpg,0,0.2761255204677582,0.014552265405654907,outputs/hallucination/dress/contact_sheets/dress_q07.jpg
dress_q07_s02,dress_q07,paraphrase,dress,580,B002WV0S6G,B0036ME5BE,is shorter and more casual [SEP] is a lot shorter in tan coloring and the straps aren't similar.,"Apply these requested changes: is shorter and more casual; also, is a lot shorter in tan coloring and the straps aren't similar.",Remain close to the in-domain result under a meaning-preserving template change.,5,B00CJ1LFAW,0.24369166791439056,data/fashioniq/images/B00CJ1LFAW.jpg,0,0.2761255204677582,0.014552265405654907,outputs/hallucination/dress/contact_sheets/dress_q07.jpg
dress_q07_s03,dress_q07,identity,dress,580,B002WV0S6G,B0036ME5BE,is shorter and more casual [SEP] is a lot shorter in tan coloring and the straps aren't similar.,"Keep the garment exactly as it is; do not change its color, shape, material, or details.",Preserve the source garment; returning a visually close neighbour is preferable.,1,B007W9ZK66,0.2822422385215759,data/fashioniq/images/B007W9ZK66.jpg,0,0.2822422385215759,0.018330663442611694,outputs/hallucination/dress/contact_sheets/dress_q07.jpg
dress_q07_s03,dress_q07,identity,dress,580,B002WV0S6G,B0036ME5BE,is shorter and more casual [SEP] is a lot shorter in tan coloring and the straps aren't similar.,"Keep the garment exactly as it is; do not change its color, shape, material, or details.",Preserve the source garment; returning a visually close neighbour is preferable.,2,B0084XZI8Y,0.26391157507896423,data/fashioniq/images/B0084XZI8Y.jpg,0,0.2822422385215759,0.018330663442611694,outputs/hallucination/dress/contact_sheets/dress_q07.jpg
dress_q07_s03,dress_q07,identity,dress,580,B002WV0S6G,B0036ME5BE,is shorter and more casual [SEP] is a lot shorter in tan coloring and the straps aren't similar.,"Keep the garment exactly as it is; do not change its color, shape, material, or details.",Preserve the source garment; returning a visually close neighbour is preferable.,3,B004DIXOR6,0.2547181248664856,data/fashioniq/images/B004DIXOR6.jpg,0,0.2822422385215759,0.018330663442611694,outputs/hallucination/dress/contact_sheets/dress_q07.jpg
dress_q07_s03,dress_q07,identity,dress,580,B002WV0S6G,B0036ME5BE,is shorter and more casual [SEP] is a lot shorter in tan coloring and the straps aren't similar.,"Keep the garment exactly as it is; do not change its color, shape, material, or details.",Preserve the source garment; returning a visually close neighbour is preferable.,4,B00824GAP0,0.2424842119216919,data/fashioniq/images/B00824GAP0.jpg,0,0.2822422385215759,0.018330663442611694,outputs/hallucination/dress/contact_sheets/dress_q07.jpg
dress_q07_s03,dress_q07,identity,dress,580,B002WV0S6G,B0036ME5BE,is shorter and more casual [SEP] is a lot shorter in tan coloring and the straps aren't similar.,"Keep the garment exactly as it is; do not change its color, shape, material, or details.",Preserve the source garment; returning a visually close neighbour is preferable.,5,B00EEAOUCQ,0.24083814024925232,data/fashioniq/images/B00EEAOUCQ.jpg,0,0.2822422385215759,0.018330663442611694,outputs/hallucination/dress/contact_sheets/dress_q07.jpg
dress_q07_s04,dress_q07,contradiction,dress,580,B002WV0S6G,B0036ME5BE,is shorter and more casual [SEP] is a lot shorter in tan coloring and the straps aren't similar.,"Make it both sleeveless and long-sleeved, and make it both shorter and longer.",No gallery item can satisfy every mutually contradictory requirement.,1,B00A16VH28,0.2479390949010849,data/fashioniq/images/B00A16VH28.jpg,0,0.2479390949010849,0.012812361121177673,outputs/hallucination/dress/contact_sheets/dress_q07.jpg
dress_q07_s04,dress_q07,contradiction,dress,580,B002WV0S6G,B0036ME5BE,is shorter and more casual [SEP] is a lot shorter in tan coloring and the straps aren't similar.,"Make it both sleeveless and long-sleeved, and make it both shorter and longer.",No gallery item can satisfy every mutually contradictory requirement.,2,B00DOJ28UY,0.23512673377990723,data/fashioniq/images/B00DOJ28UY.jpg,0,0.2479390949010849,0.012812361121177673,outputs/hallucination/dress/contact_sheets/dress_q07.jpg
dress_q07_s04,dress_q07,contradiction,dress,580,B002WV0S6G,B0036ME5BE,is shorter and more casual [SEP] is a lot shorter in tan coloring and the straps aren't similar.,"Make it both sleeveless and long-sleeved, and make it both shorter and longer.",No gallery item can satisfy every mutually contradictory requirement.,3,B0084XZI8Y,0.22153569757938385,data/fashioniq/images/B0084XZI8Y.jpg,0,0.2479390949010849,0.012812361121177673,outputs/hallucination/dress/contact_sheets/dress_q07.jpg
dress_q07_s04,dress_q07,contradiction,dress,580,B002WV0S6G,B0036ME5BE,is shorter and more casual [SEP] is a lot shorter in tan coloring and the straps aren't similar.,"Make it both sleeveless and long-sleeved, and make it both shorter and longer.",No gallery item can satisfy every mutually contradictory requirement.,4,B00DC0XN0O,0.21276873350143433,data/fashioniq/images/B00DC0XN0O.jpg,0,0.2479390949010849,0.012812361121177673,outputs/hallucination/dress/contact_sheets/dress_q07.jpg
dress_q07_s04,dress_q07,contradiction,dress,580,B002WV0S6G,B0036ME5BE,is shorter and more casual [SEP] is a lot shorter in tan coloring and the straps aren't similar.,"Make it both sleeveless and long-sleeved, and make it both shorter and longer.",No gallery item can satisfy every mutually contradictory requirement.,5,B006TALF54,0.21227169036865234,data/fashioniq/images/B006TALF54.jpg,0,0.2479390949010849,0.012812361121177673,outputs/hallucination/dress/contact_sheets/dress_q07.jpg
dress_q07_s05,dress_q07,ood,dress,580,B002WV0S6G,B0036ME5BE,is shorter and more casual [SEP] is a lot shorter in tan coloring and the straps aren't similar.,"Make it play jazz music, increase its battery life, and make it smell like rain.",The request is outside the fashion-image domain; high-confidence visual compliance is unsupported.,1,B00CHH5C2K,0.24312254786491394,data/fashioniq/images/B00CHH5C2K.jpg,0,0.24312254786491394,0.002568274736404419,outputs/hallucination/dress/contact_sheets/dress_q07.jpg
dress_q07_s05,dress_q07,ood,dress,580,B002WV0S6G,B0036ME5BE,is shorter and more casual [SEP] is a lot shorter in tan coloring and the straps aren't similar.,"Make it play jazz music, increase its battery life, and make it smell like rain.",The request is outside the fashion-image domain; high-confidence visual compliance is unsupported.,2,B00AA8LIWG,0.24055427312850952,data/fashioniq/images/B00AA8LIWG.jpg,0,0.24312254786491394,0.002568274736404419,outputs/hallucination/dress/contact_sheets/dress_q07.jpg
dress_q07_s05,dress_q07,ood,dress,580,B002WV0S6G,B0036ME5BE,is shorter and more casual [SEP] is a lot shorter in tan coloring and the straps aren't similar.,"Make it play jazz music, increase its battery life, and make it smell like rain.",The request is outside the fashion-image domain; high-confidence visual compliance is unsupported.,3,B006UCQYMA,0.2376077026128769,data/fashioniq/images/B006UCQYMA.jpg,0,0.24312254786491394,0.002568274736404419,outputs/hallucination/dress/contact_sheets/dress_q07.jpg
dress_q07_s05,dress_q07,ood,dress,580,B002WV0S6G,B0036ME5BE,is shorter and more casual [SEP] is a lot shorter in tan coloring and the straps aren't similar.,"Make it play jazz music, increase its battery life, and make it smell like rain.",The request is outside the fashion-image domain; high-confidence visual compliance is unsupported.,4,B00DM03I72,0.23627769947052002,data/fashioniq/images/B00DM03I72.jpg,0,0.24312254786491394,0.002568274736404419,outputs/hallucination/dress/contact_sheets/dress_q07.jpg
dress_q07_s05,dress_q07,ood,dress,580,B002WV0S6G,B0036ME5BE,is shorter and more casual [SEP] is a lot shorter in tan coloring and the straps aren't similar.,"Make it play jazz music, increase its battery life, and make it smell like rain.",The request is outside the fashion-image domain; high-confidence visual compliance is unsupported.,5,B007W9ZK66,0.23216627538204193,data/fashioniq/images/B007W9ZK66.jpg,0,0.24312254786491394,0.002568274736404419,outputs/hallucination/dress/contact_sheets/dress_q07.jpg
dress_q07_s06,dress_q07,unsatisfiable,dress,580,B002WV0S6G,B0036ME5BE,is shorter and more casual [SEP] is a lot shorter in tan coloring and the straps aren't similar.,Turn it into a transparent glass garment with animated flames and invisible fabric.,The fixed FashionIQ gallery is not expected to contain a full match.,1,B007WPH9BY,0.27981850504875183,data/fashioniq/images/B007WPH9BY.jpg,0,0.27981850504875183,0.017214059829711914,outputs/hallucination/dress/contact_sheets/dress_q07.jpg
dress_q07_s06,dress_q07,unsatisfiable,dress,580,B002WV0S6G,B0036ME5BE,is shorter and more casual [SEP] is a lot shorter in tan coloring and the straps aren't similar.,Turn it into a transparent glass garment with animated flames and invisible fabric.,The fixed FashionIQ gallery is not expected to contain a full match.,2,B0099DC5Z2,0.2626044452190399,data/fashioniq/images/B0099DC5Z2.jpg,0,0.27981850504875183,0.017214059829711914,outputs/hallucination/dress/contact_sheets/dress_q07.jpg
dress_q07_s06,dress_q07,unsatisfiable,dress,580,B002WV0S6G,B0036ME5BE,is shorter and more casual [SEP] is a lot shorter in tan coloring and the straps aren't similar.,Turn it into a transparent glass garment with animated flames and invisible fabric.,The fixed FashionIQ gallery is not expected to contain a full match.,3,B00C6PP5CA,0.25671619176864624,data/fashioniq/images/B00C6PP5CA.jpg,0,0.27981850504875183,0.017214059829711914,outputs/hallucination/dress/contact_sheets/dress_q07.jpg
dress_q07_s06,dress_q07,unsatisfiable,dress,580,B002WV0S6G,B0036ME5BE,is shorter and more casual [SEP] is a lot shorter in tan coloring and the straps aren't similar.,Turn it into a transparent glass garment with animated flames and invisible fabric.,The fixed FashionIQ gallery is not expected to contain a full match.,4,B007YBDKZK,0.25538933277130127,data/fashioniq/images/B007YBDKZK.jpg,0,0.27981850504875183,0.017214059829711914,outputs/hallucination/dress/contact_sheets/dress_q07.jpg
dress_q07_s06,dress_q07,unsatisfiable,dress,580,B002WV0S6G,B0036ME5BE,is shorter and more casual [SEP] is a lot shorter in tan coloring and the straps aren't similar.,Turn it into a transparent glass garment with animated flames and invisible fabric.,The fixed FashionIQ gallery is not expected to contain a full match.,5,B00CII5IT0,0.25283387303352356,data/fashioniq/images/B00CII5IT0.jpg,0,0.27981850504875183,0.017214059829711914,outputs/hallucination/dress/contact_sheets/dress_q07.jpg
dress_q08_s01,dress_q08,in_domain,dress,802,B0059817JQ,B008UD2EAS,has three colors [SEP] has more colors,has three colors [SEP] has more colors,Retrieve garments that satisfy the original FashionIQ modification.,1,B0066NI17E,0.3072240650653839,data/fashioniq/images/B0066NI17E.jpg,0,0.3072240650653839,0.023323625326156616,outputs/hallucination/dress/contact_sheets/dress_q08.jpg
dress_q08_s01,dress_q08,in_domain,dress,802,B0059817JQ,B008UD2EAS,has three colors [SEP] has more colors,has three colors [SEP] has more colors,Retrieve garments that satisfy the original FashionIQ modification.,2,B0084XZI8Y,0.2839004397392273,data/fashioniq/images/B0084XZI8Y.jpg,0,0.3072240650653839,0.023323625326156616,outputs/hallucination/dress/contact_sheets/dress_q08.jpg
dress_q08_s01,dress_q08,in_domain,dress,802,B0059817JQ,B008UD2EAS,has three colors [SEP] has more colors,has three colors [SEP] has more colors,Retrieve garments that satisfy the original FashionIQ modification.,3,B008DBP4Z4,0.26523324847221375,data/fashioniq/images/B008DBP4Z4.jpg,0,0.3072240650653839,0.023323625326156616,outputs/hallucination/dress/contact_sheets/dress_q08.jpg
dress_q08_s01,dress_q08,in_domain,dress,802,B0059817JQ,B008UD2EAS,has three colors [SEP] has more colors,has three colors [SEP] has more colors,Retrieve garments that satisfy the original FashionIQ modification.,4,B006UR05S4,0.26488614082336426,data/fashioniq/images/B006UR05S4.jpg,0,0.3072240650653839,0.023323625326156616,outputs/hallucination/dress/contact_sheets/dress_q08.jpg
dress_q08_s01,dress_q08,in_domain,dress,802,B0059817JQ,B008UD2EAS,has three colors [SEP] has more colors,has three colors [SEP] has more colors,Retrieve garments that satisfy the original FashionIQ modification.,5,B006TAM4CW,0.2630843222141266,data/fashioniq/images/B006TAM4CW.jpg,0,0.3072240650653839,0.023323625326156616,outputs/hallucination/dress/contact_sheets/dress_q08.jpg
dress_q08_s02,dress_q08,paraphrase,dress,802,B0059817JQ,B008UD2EAS,has three colors [SEP] has more colors,"Apply these requested changes: has three colors; also, has more colors.",Remain close to the in-domain result under a meaning-preserving template change.,1,B006J3YCHO,0.2894083857536316,data/fashioniq/images/B006J3YCHO.jpg,0,0.2894083857536316,0.006658434867858887,outputs/hallucination/dress/contact_sheets/dress_q08.jpg
dress_q08_s02,dress_q08,paraphrase,dress,802,B0059817JQ,B008UD2EAS,has three colors [SEP] has more colors,"Apply these requested changes: has three colors; also, has more colors.",Remain close to the in-domain result under a meaning-preserving template change.,2,B0076OAWOW,0.2827499508857727,data/fashioniq/images/B0076OAWOW.jpg,0,0.2894083857536316,0.006658434867858887,outputs/hallucination/dress/contact_sheets/dress_q08.jpg
dress_q08_s02,dress_q08,paraphrase,dress,802,B0059817JQ,B008UD2EAS,has three colors [SEP] has more colors,"Apply these requested changes: has three colors; also, has more colors.",Remain close to the in-domain result under a meaning-preserving template change.,3,B00BZSV8ZC,0.278022438287735,data/fashioniq/images/B00BZSV8ZC.jpg,0,0.2894083857536316,0.006658434867858887,outputs/hallucination/dress/contact_sheets/dress_q08.jpg
dress_q08_s02,dress_q08,paraphrase,dress,802,B0059817JQ,B008UD2EAS,has three colors [SEP] has more colors,"Apply these requested changes: has three colors; also, has more colors.",Remain close to the in-domain result under a meaning-preserving template change.,4,B006UR05S4,0.26623645424842834,data/fashioniq/images/B006UR05S4.jpg,0,0.2894083857536316,0.006658434867858887,outputs/hallucination/dress/contact_sheets/dress_q08.jpg
dress_q08_s02,dress_q08,paraphrase,dress,802,B0059817JQ,B008UD2EAS,has three colors [SEP] has more colors,"Apply these requested changes: has three colors; also, has more colors.",Remain close to the in-domain result under a meaning-preserving template change.,5,B00DQ686X8,0.2637481987476349,data/fashioniq/images/B00DQ686X8.jpg,0,0.2894083857536316,0.006658434867858887,outputs/hallucination/dress/contact_sheets/dress_q08.jpg
dress_q08_s03,dress_q08,identity,dress,802,B0059817JQ,B008UD2EAS,has three colors [SEP] has more colors,"Keep the garment exactly as it is; do not change its color, shape, material, or details.",Preserve the source garment; returning a visually close neighbour is preferable.,1,B0078XZV10,0.24700844287872314,data/fashioniq/images/B0078XZV10.jpg,0,0.24700844287872314,0.0049543678760528564,outputs/hallucination/dress/contact_sheets/dress_q08.jpg
dress_q08_s03,dress_q08,identity,dress,802,B0059817JQ,B008UD2EAS,has three colors [SEP] has more colors,"Keep the garment exactly as it is; do not change its color, shape, material, or details.",Preserve the source garment; returning a visually close neighbour is preferable.,2,B0048OYGF4,0.2420540750026703,data/fashioniq/images/B0048OYGF4.jpg,0,0.24700844287872314,0.0049543678760528564,outputs/hallucination/dress/contact_sheets/dress_q08.jpg
dress_q08_s03,dress_q08,identity,dress,802,B0059817JQ,B008UD2EAS,has three colors [SEP] has more colors,"Keep the garment exactly as it is; do not change its color, shape, material, or details.",Preserve the source garment; returning a visually close neighbour is preferable.,3,B00E8AUR2O,0.2413371503353119,data/fashioniq/images/B00E8AUR2O.jpg,0,0.24700844287872314,0.0049543678760528564,outputs/hallucination/dress/contact_sheets/dress_q08.jpg
dress_q08_s03,dress_q08,identity,dress,802,B0059817JQ,B008UD2EAS,has three colors [SEP] has more colors,"Keep the garment exactly as it is; do not change its color, shape, material, or details.",Preserve the source garment; returning a visually close neighbour is preferable.,4,B004MMF00W,0.23682284355163574,data/fashioniq/images/B004MMF00W.jpg,0,0.24700844287872314,0.0049543678760528564,outputs/hallucination/dress/contact_sheets/dress_q08.jpg
dress_q08_s03,dress_q08,identity,dress,802,B0059817JQ,B008UD2EAS,has three colors [SEP] has more colors,"Keep the garment exactly as it is; do not change its color, shape, material, or details.",Preserve the source garment; returning a visually close neighbour is preferable.,5,B004D85XZW,0.23616836965084076,data/fashioniq/images/B004D85XZW.jpg,0,0.24700844287872314,0.0049543678760528564,outputs/hallucination/dress/contact_sheets/dress_q08.jpg
dress_q08_s04,dress_q08,contradiction,dress,802,B0059817JQ,B008UD2EAS,has three colors [SEP] has more colors,"Make it both sleeveless and long-sleeved, and make it both shorter and longer.",No gallery item can satisfy every mutually contradictory requirement.,1,B008RK6XLK,0.3428865671157837,data/fashioniq/images/B008RK6XLK.jpg,0,0.3428865671157837,0.03316223621368408,outputs/hallucination/dress/contact_sheets/dress_q08.jpg
dress_q08_s04,dress_q08,contradiction,dress,802,B0059817JQ,B008UD2EAS,has three colors [SEP] has more colors,"Make it both sleeveless and long-sleeved, and make it both shorter and longer.",No gallery item can satisfy every mutually contradictory requirement.,2,B00F4N004Y,0.3097243309020996,data/fashioniq/images/B00F4N004Y.jpg,0,0.3428865671157837,0.03316223621368408,outputs/hallucination/dress/contact_sheets/dress_q08.jpg
dress_q08_s04,dress_q08,contradiction,dress,802,B0059817JQ,B008UD2EAS,has three colors [SEP] has more colors,"Make it both sleeveless and long-sleeved, and make it both shorter and longer.",No gallery item can satisfy every mutually contradictory requirement.,3,B008VPX9BS,0.30796176195144653,data/fashioniq/images/B008VPX9BS.jpg,0,0.3428865671157837,0.03316223621368408,outputs/hallucination/dress/contact_sheets/dress_q08.jpg
dress_q08_s04,dress_q08,contradiction,dress,802,B0059817JQ,B008UD2EAS,has three colors [SEP] has more colors,"Make it both sleeveless and long-sleeved, and make it both shorter and longer.",No gallery item can satisfy every mutually contradictory requirement.,4,B00E96MS0Q,0.29829221963882446,data/fashioniq/images/B00E96MS0Q.jpg,0,0.3428865671157837,0.03316223621368408,outputs/hallucination/dress/contact_sheets/dress_q08.jpg
dress_q08_s04,dress_q08,contradiction,dress,802,B0059817JQ,B008UD2EAS,has three colors [SEP] has more colors,"Make it both sleeveless and long-sleeved, and make it both shorter and longer.",No gallery item can satisfy every mutually contradictory requirement.,5,B00F4MX4SE,0.29154714941978455,data/fashioniq/images/B00F4MX4SE.jpg,0,0.3428865671157837,0.03316223621368408,outputs/hallucination/dress/contact_sheets/dress_q08.jpg
dress_q08_s05,dress_q08,ood,dress,802,B0059817JQ,B008UD2EAS,has three colors [SEP] has more colors,"Make it play jazz music, increase its battery life, and make it smell like rain.",The request is outside the fashion-image domain; high-confidence visual compliance is unsupported.,1,B007U6KS0Y,0.2911602258682251,data/fashioniq/images/B007U6KS0Y.jpg,0,0.2911602258682251,0.003948003053665161,outputs/hallucination/dress/contact_sheets/dress_q08.jpg
dress_q08_s05,dress_q08,ood,dress,802,B0059817JQ,B008UD2EAS,has three colors [SEP] has more colors,"Make it play jazz music, increase its battery life, and make it smell like rain.",The request is outside the fashion-image domain; high-confidence visual compliance is unsupported.,2,B0066NI17E,0.28721222281455994,data/fashioniq/images/B0066NI17E.jpg,0,0.2911602258682251,0.003948003053665161,outputs/hallucination/dress/contact_sheets/dress_q08.jpg
dress_q08_s05,dress_q08,ood,dress,802,B0059817JQ,B008UD2EAS,has three colors [SEP] has more colors,"Make it play jazz music, increase its battery life, and make it smell like rain.",The request is outside the fashion-image domain; high-confidence visual compliance is unsupported.,3,B00BCMG8A6,0.28418490290641785,data/fashioniq/images/B00BCMG8A6.jpg,0,0.2911602258682251,0.003948003053665161,outputs/hallucination/dress/contact_sheets/dress_q08.jpg
dress_q08_s05,dress_q08,ood,dress,802,B0059817JQ,B008UD2EAS,has three colors [SEP] has more colors,"Make it play jazz music, increase its battery life, and make it smell like rain.",The request is outside the fashion-image domain; high-confidence visual compliance is unsupported.,4,B00BCFZQFG,0.28418490290641785,data/fashioniq/images/B00BCFZQFG.jpg,0,0.2911602258682251,0.003948003053665161,outputs/hallucination/dress/contact_sheets/dress_q08.jpg
dress_q08_s05,dress_q08,ood,dress,802,B0059817JQ,B008UD2EAS,has three colors [SEP] has more colors,"Make it play jazz music, increase its battery life, and make it smell like rain.",The request is outside the fashion-image domain; high-confidence visual compliance is unsupported.,5,B00CR02CF2,0.2690088748931885,data/fashioniq/images/B00CR02CF2.jpg,0,0.2911602258682251,0.003948003053665161,outputs/hallucination/dress/contact_sheets/dress_q08.jpg
dress_q08_s06,dress_q08,unsatisfiable,dress,802,B0059817JQ,B008UD2EAS,has three colors [SEP] has more colors,Turn it into a transparent glass garment with animated flames and invisible fabric.,The fixed FashionIQ gallery is not expected to contain a full match.,1,B005LT7R1K,0.29898470640182495,data/fashioniq/images/B005LT7R1K.jpg,0,0.29898470640182495,0.021558821201324463,outputs/hallucination/dress/contact_sheets/dress_q08.jpg
dress_q08_s06,dress_q08,unsatisfiable,dress,802,B0059817JQ,B008UD2EAS,has three colors [SEP] has more colors,Turn it into a transparent glass garment with animated flames and invisible fabric.,The fixed FashionIQ gallery is not expected to contain a full match.,2,B00CMVCTZ4,0.2774258852005005,data/fashioniq/images/B00CMVCTZ4.jpg,0,0.29898470640182495,0.021558821201324463,outputs/hallucination/dress/contact_sheets/dress_q08.jpg
dress_q08_s06,dress_q08,unsatisfiable,dress,802,B0059817JQ,B008UD2EAS,has three colors [SEP] has more colors,Turn it into a transparent glass garment with animated flames and invisible fabric.,The fixed FashionIQ gallery is not expected to contain a full match.,3,B004L92VN0,0.26552093029022217,data/fashioniq/images/B004L92VN0.jpg,0,0.29898470640182495,0.021558821201324463,outputs/hallucination/dress/contact_sheets/dress_q08.jpg
dress_q08_s06,dress_q08,unsatisfiable,dress,802,B0059817JQ,B008UD2EAS,has three colors [SEP] has more colors,Turn it into a transparent glass garment with animated flames and invisible fabric.,The fixed FashionIQ gallery is not expected to contain a full match.,4,B008CUM27O,0.2627948820590973,data/fashioniq/images/B008CUM27O.jpg,0,0.29898470640182495,0.021558821201324463,outputs/hallucination/dress/contact_sheets/dress_q08.jpg
dress_q08_s06,dress_q08,unsatisfiable,dress,802,B0059817JQ,B008UD2EAS,has three colors [SEP] has more colors,Turn it into a transparent glass garment with animated flames and invisible fabric.,The fixed FashionIQ gallery is not expected to contain a full match.,5,B00D9SATFG,0.2454923391342163,data/fashioniq/images/B00D9SATFG.jpg,0,0.29898470640182495,0.021558821201324463,outputs/hallucination/dress/contact_sheets/dress_q08.jpg
dress_q09_s01,dress_q09,in_domain,dress,823,B00B1YKB26,B00BUVAI5K, has a  u shaped neck with red heels [SEP]  black and gray with no shoulder straps, has a  u shaped neck with red heels [SEP]  black and gray with no shoulder straps,Retrieve garments that satisfy the original FashionIQ modification.,1,B00A0TSV2U,0.3001992404460907,data/fashioniq/images/B00A0TSV2U.jpg,0,0.3001992404460907,0.00933656096458435,outputs/hallucination/dress/contact_sheets/dress_q09.jpg
dress_q09_s01,dress_q09,in_domain,dress,823,B00B1YKB26,B00BUVAI5K, has a  u shaped neck with red heels [SEP]  black and gray with no shoulder straps, has a  u shaped neck with red heels [SEP]  black and gray with no shoulder straps,Retrieve garments that satisfy the original FashionIQ modification.,2,B00ALGUEXG,0.29086267948150635,data/fashioniq/images/B00ALGUEXG.jpg,0,0.3001992404460907,0.00933656096458435,outputs/hallucination/dress/contact_sheets/dress_q09.jpg
dress_q09_s01,dress_q09,in_domain,dress,823,B00B1YKB26,B00BUVAI5K, has a  u shaped neck with red heels [SEP]  black and gray with no shoulder straps, has a  u shaped neck with red heels [SEP]  black and gray with no shoulder straps,Retrieve garments that satisfy the original FashionIQ modification.,3,B008G0E9UI,0.28006553649902344,data/fashioniq/images/B008G0E9UI.jpg,0,0.3001992404460907,0.00933656096458435,outputs/hallucination/dress/contact_sheets/dress_q09.jpg
dress_q09_s01,dress_q09,in_domain,dress,823,B00B1YKB26,B00BUVAI5K, has a  u shaped neck with red heels [SEP]  black and gray with no shoulder straps, has a  u shaped neck with red heels [SEP]  black and gray with no shoulder straps,Retrieve garments that satisfy the original FashionIQ modification.,4,B008L0AOWU,0.27707767486572266,data/fashioniq/images/B008L0AOWU.jpg,0,0.3001992404460907,0.00933656096458435,outputs/hallucination/dress/contact_sheets/dress_q09.jpg
dress_q09_s01,dress_q09,in_domain,dress,823,B00B1YKB26,B00BUVAI5K, has a  u shaped neck with red heels [SEP]  black and gray with no shoulder straps, has a  u shaped neck with red heels [SEP]  black and gray with no shoulder straps,Retrieve garments that satisfy the original FashionIQ modification.,5,B0091E3MCE,0.2695865035057068,data/fashioniq/images/B0091E3MCE.jpg,0,0.3001992404460907,0.00933656096458435,outputs/hallucination/dress/contact_sheets/dress_q09.jpg
dress_q09_s02,dress_q09,paraphrase,dress,823,B00B1YKB26,B00BUVAI5K, has a  u shaped neck with red heels [SEP]  black and gray with no shoulder straps,"Apply these requested changes: has a  u shaped neck with red heels; also, black and gray with no shoulder straps.",Remain close to the in-domain result under a meaning-preserving template change.,1,B0010VH27C,0.32114025950431824,data/fashioniq/images/B0010VH27C.jpg,0,0.32114025950431824,0.03804311156272888,outputs/hallucination/dress/contact_sheets/dress_q09.jpg
dress_q09_s02,dress_q09,paraphrase,dress,823,B00B1YKB26,B00BUVAI5K, has a  u shaped neck with red heels [SEP]  black and gray with no shoulder straps,"Apply these requested changes: has a  u shaped neck with red heels; also, black and gray with no shoulder straps.",Remain close to the in-domain result under a meaning-preserving template change.,2,B007PAD51E,0.28309714794158936,data/fashioniq/images/B007PAD51E.jpg,0,0.32114025950431824,0.03804311156272888,outputs/hallucination/dress/contact_sheets/dress_q09.jpg
dress_q09_s02,dress_q09,paraphrase,dress,823,B00B1YKB26,B00BUVAI5K, has a  u shaped neck with red heels [SEP]  black and gray with no shoulder straps,"Apply these requested changes: has a  u shaped neck with red heels; also, black and gray with no shoulder straps.",Remain close to the in-domain result under a meaning-preserving template change.,3,B00A16E1X0,0.27983999252319336,data/fashioniq/images/B00A16E1X0.jpg,0,0.32114025950431824,0.03804311156272888,outputs/hallucination/dress/contact_sheets/dress_q09.jpg
dress_q09_s02,dress_q09,paraphrase,dress,823,B00B1YKB26,B00BUVAI5K, has a  u shaped neck with red heels [SEP]  black and gray with no shoulder straps,"Apply these requested changes: has a  u shaped neck with red heels; also, black and gray with no shoulder straps.",Remain close to the in-domain result under a meaning-preserving template change.,4,B007V0LBW8,0.25762689113616943,data/fashioniq/images/B007V0LBW8.jpg,0,0.32114025950431824,0.03804311156272888,outputs/hallucination/dress/contact_sheets/dress_q09.jpg
dress_q09_s02,dress_q09,paraphrase,dress,823,B00B1YKB26,B00BUVAI5K, has a  u shaped neck with red heels [SEP]  black and gray with no shoulder straps,"Apply these requested changes: has a  u shaped neck with red heels; also, black and gray with no shoulder straps.",Remain close to the in-domain result under a meaning-preserving template change.,5,B008G0E9UI,0.24561339616775513,data/fashioniq/images/B008G0E9UI.jpg,0,0.32114025950431824,0.03804311156272888,outputs/hallucination/dress/contact_sheets/dress_q09.jpg
dress_q09_s03,dress_q09,identity,dress,823,B00B1YKB26,B00BUVAI5K, has a  u shaped neck with red heels [SEP]  black and gray with no shoulder straps,"Keep the garment exactly as it is; do not change its color, shape, material, or details.",Preserve the source garment; returning a visually close neighbour is preferable.,1,B006QSEC4K,0.28296959400177,data/fashioniq/images/B006QSEC4K.jpg,0,0.28296959400177,0.01629120111465454,outputs/hallucination/dress/contact_sheets/dress_q09.jpg
dress_q09_s03,dress_q09,identity,dress,823,B00B1YKB26,B00BUVAI5K, has a  u shaped neck with red heels [SEP]  black and gray with no shoulder straps,"Keep the garment exactly as it is; do not change its color, shape, material, or details.",Preserve the source garment; returning a visually close neighbour is preferable.,2,B0084XZI8Y,0.2666783928871155,data/fashioniq/images/B0084XZI8Y.jpg,0,0.28296959400177,0.01629120111465454,outputs/hallucination/dress/contact_sheets/dress_q09.jpg
dress_q09_s03,dress_q09,identity,dress,823,B00B1YKB26,B00BUVAI5K, has a  u shaped neck with red heels [SEP]  black and gray with no shoulder straps,"Keep the garment exactly as it is; do not change its color, shape, material, or details.",Preserve the source garment; returning a visually close neighbour is preferable.,3,B005XW1C70,0.2665107548236847,data/fashioniq/images/B005XW1C70.jpg,0,0.28296959400177,0.01629120111465454,outputs/hallucination/dress/contact_sheets/dress_q09.jpg
dress_q09_s03,dress_q09,identity,dress,823,B00B1YKB26,B00BUVAI5K, has a  u shaped neck with red heels [SEP]  black and gray with no shoulder straps,"Keep the garment exactly as it is; do not change its color, shape, material, or details.",Preserve the source garment; returning a visually close neighbour is preferable.,4,B00DESMJKE,0.26324263215065,data/fashioniq/images/B00DESMJKE.jpg,0,0.28296959400177,0.01629120111465454,outputs/hallucination/dress/contact_sheets/dress_q09.jpg
dress_q09_s03,dress_q09,identity,dress,823,B00B1YKB26,B00BUVAI5K, has a  u shaped neck with red heels [SEP]  black and gray with no shoulder straps,"Keep the garment exactly as it is; do not change its color, shape, material, or details.",Preserve the source garment; returning a visually close neighbour is preferable.,5,B007VL6D9S,0.25756514072418213,data/fashioniq/images/B007VL6D9S.jpg,0,0.28296959400177,0.01629120111465454,outputs/hallucination/dress/contact_sheets/dress_q09.jpg
dress_q09_s04,dress_q09,contradiction,dress,823,B00B1YKB26,B00BUVAI5K, has a  u shaped neck with red heels [SEP]  black and gray with no shoulder straps,"Make it both sleeveless and long-sleeved, and make it both shorter and longer.",No gallery item can satisfy every mutually contradictory requirement.,1,B0077KMLT4,0.3433403968811035,data/fashioniq/images/B0077KMLT4.jpg,0,0.3433403968811035,0.013296663761138916,outputs/hallucination/dress/contact_sheets/dress_q09.jpg
dress_q09_s04,dress_q09,contradiction,dress,823,B00B1YKB26,B00BUVAI5K, has a  u shaped neck with red heels [SEP]  black and gray with no shoulder straps,"Make it both sleeveless and long-sleeved, and make it both shorter and longer.",No gallery item can satisfy every mutually contradictory requirement.,2,B00A16VH28,0.3300437331199646,data/fashioniq/images/B00A16VH28.jpg,0,0.3433403968811035,0.013296663761138916,outputs/hallucination/dress/contact_sheets/dress_q09.jpg
dress_q09_s04,dress_q09,contradiction,dress,823,B00B1YKB26,B00BUVAI5K, has a  u shaped neck with red heels [SEP]  black and gray with no shoulder straps,"Make it both sleeveless and long-sleeved, and make it both shorter and longer.",No gallery item can satisfy every mutually contradictory requirement.,3,B00DUFRTQA,0.3117895722389221,data/fashioniq/images/B00DUFRTQA.jpg,0,0.3433403968811035,0.013296663761138916,outputs/hallucination/dress/contact_sheets/dress_q09.jpg
dress_q09_s04,dress_q09,contradiction,dress,823,B00B1YKB26,B00BUVAI5K, has a  u shaped neck with red heels [SEP]  black and gray with no shoulder straps,"Make it both sleeveless and long-sleeved, and make it both shorter and longer.",No gallery item can satisfy every mutually contradictory requirement.,4,B007VL6D9S,0.305974543094635,data/fashioniq/images/B007VL6D9S.jpg,0,0.3433403968811035,0.013296663761138916,outputs/hallucination/dress/contact_sheets/dress_q09.jpg
dress_q09_s04,dress_q09,contradiction,dress,823,B00B1YKB26,B00BUVAI5K, has a  u shaped neck with red heels [SEP]  black and gray with no shoulder straps,"Make it both sleeveless and long-sleeved, and make it both shorter and longer.",No gallery item can satisfy every mutually contradictory requirement.,5,B006QSEC4K,0.29628631472587585,data/fashioniq/images/B006QSEC4K.jpg,0,0.3433403968811035,0.013296663761138916,outputs/hallucination/dress/contact_sheets/dress_q09.jpg
dress_q09_s05,dress_q09,ood,dress,823,B00B1YKB26,B00BUVAI5K, has a  u shaped neck with red heels [SEP]  black and gray with no shoulder straps,"Make it play jazz music, increase its battery life, and make it smell like rain.",The request is outside the fashion-image domain; high-confidence visual compliance is unsupported.,1,B007VL6D9S,0.27946382761001587,data/fashioniq/images/B007VL6D9S.jpg,0,0.27946382761001587,0.014450520277023315,outputs/hallucination/dress/contact_sheets/dress_q09.jpg
dress_q09_s05,dress_q09,ood,dress,823,B00B1YKB26,B00BUVAI5K, has a  u shaped neck with red heels [SEP]  black and gray with no shoulder straps,"Make it play jazz music, increase its battery life, and make it smell like rain.",The request is outside the fashion-image domain; high-confidence visual compliance is unsupported.,2,B007IAHLOS,0.26501330733299255,data/fashioniq/images/B007IAHLOS.jpg,0,0.27946382761001587,0.014450520277023315,outputs/hallucination/dress/contact_sheets/dress_q09.jpg
dress_q09_s05,dress_q09,ood,dress,823,B00B1YKB26,B00BUVAI5K, has a  u shaped neck with red heels [SEP]  black and gray with no shoulder straps,"Make it play jazz music, increase its battery life, and make it smell like rain.",The request is outside the fashion-image domain; high-confidence visual compliance is unsupported.,3,B006QSEC4K,0.252826064825058,data/fashioniq/images/B006QSEC4K.jpg,0,0.27946382761001587,0.014450520277023315,outputs/hallucination/dress/contact_sheets/dress_q09.jpg
dress_q09_s05,dress_q09,ood,dress,823,B00B1YKB26,B00BUVAI5K, has a  u shaped neck with red heels [SEP]  black and gray with no shoulder straps,"Make it play jazz music, increase its battery life, and make it smell like rain.",The request is outside the fashion-image domain; high-confidence visual compliance is unsupported.,4,B00ARAY3OC,0.24960453808307648,data/fashioniq/images/B00ARAY3OC.jpg,0,0.27946382761001587,0.014450520277023315,outputs/hallucination/dress/contact_sheets/dress_q09.jpg
dress_q09_s05,dress_q09,ood,dress,823,B00B1YKB26,B00BUVAI5K, has a  u shaped neck with red heels [SEP]  black and gray with no shoulder straps,"Make it play jazz music, increase its battery life, and make it smell like rain.",The request is outside the fashion-image domain; high-confidence visual compliance is unsupported.,5,B00AE4C2LC,0.24795866012573242,data/fashioniq/images/B00AE4C2LC.jpg,0,0.27946382761001587,0.014450520277023315,outputs/hallucination/dress/contact_sheets/dress_q09.jpg
dress_q09_s06,dress_q09,unsatisfiable,dress,823,B00B1YKB26,B00BUVAI5K, has a  u shaped neck with red heels [SEP]  black and gray with no shoulder straps,Turn it into a transparent glass garment with animated flames and invisible fabric.,The fixed FashionIQ gallery is not expected to contain a full match.,1,B005GYSR64,0.30203089118003845,data/fashioniq/images/B005GYSR64.jpg,0,0.30203089118003845,0.03658995032310486,outputs/hallucination/dress/contact_sheets/dress_q09.jpg
dress_q09_s06,dress_q09,unsatisfiable,dress,823,B00B1YKB26,B00BUVAI5K, has a  u shaped neck with red heels [SEP]  black and gray with no shoulder straps,Turn it into a transparent glass garment with animated flames and invisible fabric.,The fixed FashionIQ gallery is not expected to contain a full match.,2,B006WS5AV8,0.2654409408569336,data/fashioniq/images/B006WS5AV8.jpg,0,0.30203089118003845,0.03658995032310486,outputs/hallucination/dress/contact_sheets/dress_q09.jpg
dress_q09_s06,dress_q09,unsatisfiable,dress,823,B00B1YKB26,B00BUVAI5K, has a  u shaped neck with red heels [SEP]  black and gray with no shoulder straps,Turn it into a transparent glass garment with animated flames and invisible fabric.,The fixed FashionIQ gallery is not expected to contain a full match.,3,B008BBCXB4,0.26509568095207214,data/fashioniq/images/B008BBCXB4.jpg,0,0.30203089118003845,0.03658995032310486,outputs/hallucination/dress/contact_sheets/dress_q09.jpg
dress_q09_s06,dress_q09,unsatisfiable,dress,823,B00B1YKB26,B00BUVAI5K, has a  u shaped neck with red heels [SEP]  black and gray with no shoulder straps,Turn it into a transparent glass garment with animated flames and invisible fabric.,The fixed FashionIQ gallery is not expected to contain a full match.,4,B0047SD9WC,0.25959205627441406,data/fashioniq/images/B0047SD9WC.jpg,0,0.30203089118003845,0.03658995032310486,outputs/hallucination/dress/contact_sheets/dress_q09.jpg
dress_q09_s06,dress_q09,unsatisfiable,dress,823,B00B1YKB26,B00BUVAI5K, has a  u shaped neck with red heels [SEP]  black and gray with no shoulder straps,Turn it into a transparent glass garment with animated flames and invisible fabric.,The fixed FashionIQ gallery is not expected to contain a full match.,5,B00428MWP2,0.2573419511318207,data/fashioniq/images/B00428MWP2.jpg,0,0.30203089118003845,0.03658995032310486,outputs/hallucination/dress/contact_sheets/dress_q09.jpg
dress_q10_s01,dress_q10,in_domain,dress,1946,B00BM82UCK,B0097B5ABC,is thigh high and blue [SEP] Is blue and denim,is thigh high and blue [SEP] Is blue and denim,Retrieve garments that satisfy the original FashionIQ modification.,1,B00DXWDJT6,0.305300772190094,data/fashioniq/images/B00DXWDJT6.jpg,0,0.305300772190094,0.012670725584030151,outputs/hallucination/dress/contact_sheets/dress_q10.jpg
dress_q10_s01,dress_q10,in_domain,dress,1946,B00BM82UCK,B0097B5ABC,is thigh high and blue [SEP] Is blue and denim,is thigh high and blue [SEP] Is blue and denim,Retrieve garments that satisfy the original FashionIQ modification.,2,B00EBZUV0Y,0.29263004660606384,data/fashioniq/images/B00EBZUV0Y.jpg,0,0.305300772190094,0.012670725584030151,outputs/hallucination/dress/contact_sheets/dress_q10.jpg
dress_q10_s01,dress_q10,in_domain,dress,1946,B00BM82UCK,B0097B5ABC,is thigh high and blue [SEP] Is blue and denim,is thigh high and blue [SEP] Is blue and denim,Retrieve garments that satisfy the original FashionIQ modification.,3,B004XDJIJE,0.28328973054885864,data/fashioniq/images/B004XDJIJE.jpg,0,0.305300772190094,0.012670725584030151,outputs/hallucination/dress/contact_sheets/dress_q10.jpg
dress_q10_s01,dress_q10,in_domain,dress,1946,B00BM82UCK,B0097B5ABC,is thigh high and blue [SEP] Is blue and denim,is thigh high and blue [SEP] Is blue and denim,Retrieve garments that satisfy the original FashionIQ modification.,4,B00CAMMV5S,0.2813902497291565,data/fashioniq/images/B00CAMMV5S.jpg,0,0.305300772190094,0.012670725584030151,outputs/hallucination/dress/contact_sheets/dress_q10.jpg
dress_q10_s01,dress_q10,in_domain,dress,1946,B00BM82UCK,B0097B5ABC,is thigh high and blue [SEP] Is blue and denim,is thigh high and blue [SEP] Is blue and denim,Retrieve garments that satisfy the original FashionIQ modification.,5,B00D3KBI3M,0.27453404664993286,data/fashioniq/images/B00D3KBI3M.jpg,0,0.305300772190094,0.012670725584030151,outputs/hallucination/dress/contact_sheets/dress_q10.jpg
dress_q10_s02,dress_q10,paraphrase,dress,1946,B00BM82UCK,B0097B5ABC,is thigh high and blue [SEP] Is blue and denim,"Apply these requested changes: is thigh high and blue; also, Is blue and denim.",Remain close to the in-domain result under a meaning-preserving template change.,1,B00D3KBI3M,0.2967986464500427,data/fashioniq/images/B00D3KBI3M.jpg,0,0.2967986464500427,0.005495786666870117,outputs/hallucination/dress/contact_sheets/dress_q10.jpg
dress_q10_s02,dress_q10,paraphrase,dress,1946,B00BM82UCK,B0097B5ABC,is thigh high and blue [SEP] Is blue and denim,"Apply these requested changes: is thigh high and blue; also, Is blue and denim.",Remain close to the in-domain result under a meaning-preserving template change.,2,B00DXWDJT6,0.2913028597831726,data/fashioniq/images/B00DXWDJT6.jpg,0,0.2967986464500427,0.005495786666870117,outputs/hallucination/dress/contact_sheets/dress_q10.jpg
dress_q10_s02,dress_q10,paraphrase,dress,1946,B00BM82UCK,B0097B5ABC,is thigh high and blue [SEP] Is blue and denim,"Apply these requested changes: is thigh high and blue; also, Is blue and denim.",Remain close to the in-domain result under a meaning-preserving template change.,3,B00CAMMV5S,0.28480446338653564,data/fashioniq/images/B00CAMMV5S.jpg,0,0.2967986464500427,0.005495786666870117,outputs/hallucination/dress/contact_sheets/dress_q10.jpg
dress_q10_s02,dress_q10,paraphrase,dress,1946,B00BM82UCK,B0097B5ABC,is thigh high and blue [SEP] Is blue and denim,"Apply these requested changes: is thigh high and blue; also, Is blue and denim.",Remain close to the in-domain result under a meaning-preserving template change.,4,B00EBZUV0Y,0.2705504298210144,data/fashioniq/images/B00EBZUV0Y.jpg,0,0.2967986464500427,0.005495786666870117,outputs/hallucination/dress/contact_sheets/dress_q10.jpg
dress_q10_s02,dress_q10,paraphrase,dress,1946,B00BM82UCK,B0097B5ABC,is thigh high and blue [SEP] Is blue and denim,"Apply these requested changes: is thigh high and blue; also, Is blue and denim.",Remain close to the in-domain result under a meaning-preserving template change.,5,B00D6QTRRC,0.26712602376937866,data/fashioniq/images/B00D6QTRRC.jpg,0,0.2967986464500427,0.005495786666870117,outputs/hallucination/dress/contact_sheets/dress_q10.jpg
dress_q10_s03,dress_q10,identity,dress,1946,B00BM82UCK,B0097B5ABC,is thigh high and blue [SEP] Is blue and denim,"Keep the garment exactly as it is; do not change its color, shape, material, or details.",Preserve the source garment; returning a visually close neighbour is preferable.,1,B0084C86K2,0.2585109770298004,data/fashioniq/images/B0084C86K2.jpg,0,0.2585109770298004,0.008616894483566284,outputs/hallucination/dress/contact_sheets/dress_q10.jpg
dress_q10_s03,dress_q10,identity,dress,1946,B00BM82UCK,B0097B5ABC,is thigh high and blue [SEP] Is blue and denim,"Keep the garment exactly as it is; do not change its color, shape, material, or details.",Preserve the source garment; returning a visually close neighbour is preferable.,2,B007WATTX0,0.24989408254623413,data/fashioniq/images/B007WATTX0.jpg,0,0.2585109770298004,0.008616894483566284,outputs/hallucination/dress/contact_sheets/dress_q10.jpg
dress_q10_s03,dress_q10,identity,dress,1946,B00BM82UCK,B0097B5ABC,is thigh high and blue [SEP] Is blue and denim,"Keep the garment exactly as it is; do not change its color, shape, material, or details.",Preserve the source garment; returning a visually close neighbour is preferable.,3,B00936I6J4,0.2381897270679474,data/fashioniq/images/B00936I6J4.jpg,0,0.2585109770298004,0.008616894483566284,outputs/hallucination/dress/contact_sheets/dress_q10.jpg
dress_q10_s03,dress_q10,identity,dress,1946,B00BM82UCK,B0097B5ABC,is thigh high and blue [SEP] Is blue and denim,"Keep the garment exactly as it is; do not change its color, shape, material, or details.",Preserve the source garment; returning a visually close neighbour is preferable.,4,B006W8T474,0.2259203940629959,data/fashioniq/images/B006W8T474.jpg,0,0.2585109770298004,0.008616894483566284,outputs/hallucination/dress/contact_sheets/dress_q10.jpg
dress_q10_s03,dress_q10,identity,dress,1946,B00BM82UCK,B0097B5ABC,is thigh high and blue [SEP] Is blue and denim,"Keep the garment exactly as it is; do not change its color, shape, material, or details.",Preserve the source garment; returning a visually close neighbour is preferable.,5,B009KNVH3W,0.22339673340320587,data/fashioniq/images/B009KNVH3W.jpg,0,0.2585109770298004,0.008616894483566284,outputs/hallucination/dress/contact_sheets/dress_q10.jpg
dress_q10_s04,dress_q10,contradiction,dress,1946,B00BM82UCK,B0097B5ABC,is thigh high and blue [SEP] Is blue and denim,"Make it both sleeveless and long-sleeved, and make it both shorter and longer.",No gallery item can satisfy every mutually contradictory requirement.,1,B00A16KWZ6,0.33846044540405273,data/fashioniq/images/B00A16KWZ6.jpg,0,0.33846044540405273,0.007278561592102051,outputs/hallucination/dress/contact_sheets/dress_q10.jpg
dress_q10_s04,dress_q10,contradiction,dress,1946,B00BM82UCK,B0097B5ABC,is thigh high and blue [SEP] Is blue and denim,"Make it both sleeveless and long-sleeved, and make it both shorter and longer.",No gallery item can satisfy every mutually contradictory requirement.,2,B008RK6XLK,0.3311818838119507,data/fashioniq/images/B008RK6XLK.jpg,0,0.33846044540405273,0.007278561592102051,outputs/hallucination/dress/contact_sheets/dress_q10.jpg
dress_q10_s04,dress_q10,contradiction,dress,1946,B00BM82UCK,B0097B5ABC,is thigh high and blue [SEP] Is blue and denim,"Make it both sleeveless and long-sleeved, and make it both shorter and longer.",No gallery item can satisfy every mutually contradictory requirement.,3,B008MLXYYS,0.3266916871070862,data/fashioniq/images/B008MLXYYS.jpg,0,0.33846044540405273,0.007278561592102051,outputs/hallucination/dress/contact_sheets/dress_q10.jpg
dress_q10_s04,dress_q10,contradiction,dress,1946,B00BM82UCK,B0097B5ABC,is thigh high and blue [SEP] Is blue and denim,"Make it both sleeveless and long-sleeved, and make it both shorter and longer.",No gallery item can satisfy every mutually contradictory requirement.,4,B0057WYVU6,0.3163079023361206,data/fashioniq/images/B0057WYVU6.jpg,0,0.33846044540405273,0.007278561592102051,outputs/hallucination/dress/contact_sheets/dress_q10.jpg
dress_q10_s04,dress_q10,contradiction,dress,1946,B00BM82UCK,B0097B5ABC,is thigh high and blue [SEP] Is blue and denim,"Make it both sleeveless and long-sleeved, and make it both shorter and longer.",No gallery item can satisfy every mutually contradictory requirement.,5,B008YF4VAS,0.31248438358306885,data/fashioniq/images/B008YF4VAS.jpg,0,0.33846044540405273,0.007278561592102051,outputs/hallucination/dress/contact_sheets/dress_q10.jpg
dress_q10_s05,dress_q10,ood,dress,1946,B00BM82UCK,B0097B5ABC,is thigh high and blue [SEP] Is blue and denim,"Make it play jazz music, increase its battery life, and make it smell like rain.",The request is outside the fashion-image domain; high-confidence visual compliance is unsupported.,1,B00GS6TTU2,0.25833040475845337,data/fashioniq/images/B00GS6TTU2.jpg,0,0.25833040475845337,0.013348430395126343,outputs/hallucination/dress/contact_sheets/dress_q10.jpg
dress_q10_s05,dress_q10,ood,dress,1946,B00BM82UCK,B0097B5ABC,is thigh high and blue [SEP] Is blue and denim,"Make it play jazz music, increase its battery life, and make it smell like rain.",The request is outside the fashion-image domain; high-confidence visual compliance is unsupported.,2,B00AV9DXIG,0.24498197436332703,data/fashioniq/images/B00AV9DXIG.jpg,0,0.25833040475845337,0.013348430395126343,outputs/hallucination/dress/contact_sheets/dress_q10.jpg
dress_q10_s05,dress_q10,ood,dress,1946,B00BM82UCK,B0097B5ABC,is thigh high and blue [SEP] Is blue and denim,"Make it play jazz music, increase its battery life, and make it smell like rain.",The request is outside the fashion-image domain; high-confidence visual compliance is unsupported.,3,B00BI72C0A,0.2289852499961853,data/fashioniq/images/B00BI72C0A.jpg,0,0.25833040475845337,0.013348430395126343,outputs/hallucination/dress/contact_sheets/dress_q10.jpg
dress_q10_s05,dress_q10,ood,dress,1946,B00BM82UCK,B0097B5ABC,is thigh high and blue [SEP] Is blue and denim,"Make it play jazz music, increase its battery life, and make it smell like rain.",The request is outside the fashion-image domain; high-confidence visual compliance is unsupported.,4,B006WQXS82,0.2208041399717331,data/fashioniq/images/B006WQXS82.jpg,0,0.25833040475845337,0.013348430395126343,outputs/hallucination/dress/contact_sheets/dress_q10.jpg
dress_q10_s05,dress_q10,ood,dress,1946,B00BM82UCK,B0097B5ABC,is thigh high and blue [SEP] Is blue and denim,"Make it play jazz music, increase its battery life, and make it smell like rain.",The request is outside the fashion-image domain; high-confidence visual compliance is unsupported.,5,B00BEZTESO,0.21718625724315643,data/fashioniq/images/B00BEZTESO.jpg,0,0.25833040475845337,0.013348430395126343,outputs/hallucination/dress/contact_sheets/dress_q10.jpg
dress_q10_s06,dress_q10,unsatisfiable,dress,1946,B00BM82UCK,B0097B5ABC,is thigh high and blue [SEP] Is blue and denim,Turn it into a transparent glass garment with animated flames and invisible fabric.,The fixed FashionIQ gallery is not expected to contain a full match.,1,B00BGK4I3S,0.2707589864730835,data/fashioniq/images/B00BGK4I3S.jpg,0,0.2707589864730835,0.009997010231018066,outputs/hallucination/dress/contact_sheets/dress_q10.jpg
dress_q10_s06,dress_q10,unsatisfiable,dress,1946,B00BM82UCK,B0097B5ABC,is thigh high and blue [SEP] Is blue and denim,Turn it into a transparent glass garment with animated flames and invisible fabric.,The fixed FashionIQ gallery is not expected to contain a full match.,2,B00AV9DXIG,0.26076197624206543,data/fashioniq/images/B00AV9DXIG.jpg,0,0.2707589864730835,0.009997010231018066,outputs/hallucination/dress/contact_sheets/dress_q10.jpg
dress_q10_s06,dress_q10,unsatisfiable,dress,1946,B00BM82UCK,B0097B5ABC,is thigh high and blue [SEP] Is blue and denim,Turn it into a transparent glass garment with animated flames and invisible fabric.,The fixed FashionIQ gallery is not expected to contain a full match.,3,B00ECL8JTW,0.25627005100250244,data/fashioniq/images/B00ECL8JTW.jpg,0,0.2707589864730835,0.009997010231018066,outputs/hallucination/dress/contact_sheets/dress_q10.jpg
dress_q10_s06,dress_q10,unsatisfiable,dress,1946,B00BM82UCK,B0097B5ABC,is thigh high and blue [SEP] Is blue and denim,Turn it into a transparent glass garment with animated flames and invisible fabric.,The fixed FashionIQ gallery is not expected to contain a full match.,4,B007SYWDWO,0.25166642665863037,data/fashioniq/images/B007SYWDWO.jpg,0,0.2707589864730835,0.009997010231018066,outputs/hallucination/dress/contact_sheets/dress_q10.jpg
dress_q10_s06,dress_q10,unsatisfiable,dress,1946,B00BM82UCK,B0097B5ABC,is thigh high and blue [SEP] Is blue and denim,Turn it into a transparent glass garment with animated flames and invisible fabric.,The fixed FashionIQ gallery is not expected to contain a full match.,5,B002QQ9BEC,0.2514415383338928,data/fashioniq/images/B002QQ9BEC.jpg,0,0.2707589864730835,0.009997010231018066,outputs/hallucination/dress/contact_sheets/dress_q10.jpg
