prompt_id,probe_id,scenario,category,query_index,query_id,target_id,original_caption,prompt,expected_behavior,rank,image_id,score,image_path,is_original_target,top1_score,top1_top2_margin,contact_sheet
shirt_q01_s01,shirt_q01,in_domain,shirt,1746,B003JY6WY2,B004JHRX5A,is gray colored with green and yellow design [SEP] Is grey in color,is gray colored with green and yellow design [SEP] Is grey in color,Retrieve garments that satisfy the original FashionIQ modification.,1,B004G71M28,0.35157787799835205,data/fashioniq/images/B004G71M28.jpg,0,0.35157787799835205,0.0032287538051605225,outputs/hallucination/shirt/contact_sheets/shirt_q01.jpg
shirt_q01_s01,shirt_q01,in_domain,shirt,1746,B003JY6WY2,B004JHRX5A,is gray colored with green and yellow design [SEP] Is grey in color,is gray colored with green and yellow design [SEP] Is grey in color,Retrieve garments that satisfy the original FashionIQ modification.,2,B00DAX9LYA,0.34834912419319153,data/fashioniq/images/B00DAX9LYA.jpg,0,0.35157787799835205,0.0032287538051605225,outputs/hallucination/shirt/contact_sheets/shirt_q01.jpg
shirt_q01_s01,shirt_q01,in_domain,shirt,1746,B003JY6WY2,B004JHRX5A,is gray colored with green and yellow design [SEP] Is grey in color,is gray colored with green and yellow design [SEP] Is grey in color,Retrieve garments that satisfy the original FashionIQ modification.,3,B008400YLS,0.34430819749832153,data/fashioniq/images/B008400YLS.jpg,0,0.35157787799835205,0.0032287538051605225,outputs/hallucination/shirt/contact_sheets/shirt_q01.jpg
shirt_q01_s01,shirt_q01,in_domain,shirt,1746,B003JY6WY2,B004JHRX5A,is gray colored with green and yellow design [SEP] Is grey in color,is gray colored with green and yellow design [SEP] Is grey in color,Retrieve garments that satisfy the original FashionIQ modification.,4,B00AYSTPXQ,0.32433775067329407,data/fashioniq/images/B00AYSTPXQ.jpg,0,0.35157787799835205,0.0032287538051605225,outputs/hallucination/shirt/contact_sheets/shirt_q01.jpg
shirt_q01_s01,shirt_q01,in_domain,shirt,1746,B003JY6WY2,B004JHRX5A,is gray colored with green and yellow design [SEP] Is grey in color,is gray colored with green and yellow design [SEP] Is grey in color,Retrieve garments that satisfy the original FashionIQ modification.,5,B004T6PKTW,0.3143081068992615,data/fashioniq/images/B004T6PKTW.jpg,0,0.35157787799835205,0.0032287538051605225,outputs/hallucination/shirt/contact_sheets/shirt_q01.jpg
shirt_q01_s02,shirt_q01,paraphrase,shirt,1746,B003JY6WY2,B004JHRX5A,is gray colored with green and yellow design [SEP] Is grey in color,"Apply these requested changes: is gray colored with green and yellow design; also, Is grey in color.",Remain close to the in-domain result under a meaning-preserving template change.,1,B004G71M28,0.3352622389793396,data/fashioniq/images/B004G71M28.jpg,0,0.3352622389793396,0.01943141222000122,outputs/hallucination/shirt/contact_sheets/shirt_q01.jpg
shirt_q01_s02,shirt_q01,paraphrase,shirt,1746,B003JY6WY2,B004JHRX5A,is gray colored with green and yellow design [SEP] Is grey in color,"Apply these requested changes: is gray colored with green and yellow design; also, Is grey in color.",Remain close to the in-domain result under a meaning-preserving template change.,2,B002RCLYEK,0.3158308267593384,data/fashioniq/images/B002RCLYEK.jpg,0,0.3352622389793396,0.01943141222000122,outputs/hallucination/shirt/contact_sheets/shirt_q01.jpg
shirt_q01_s02,shirt_q01,paraphrase,shirt,1746,B003JY6WY2,B004JHRX5A,is gray colored with green and yellow design [SEP] Is grey in color,"Apply these requested changes: is gray colored with green and yellow design; also, Is grey in color.",Remain close to the in-domain result under a meaning-preserving template change.,3,B00DAX9LYA,0.30849266052246094,data/fashioniq/images/B00DAX9LYA.jpg,0,0.3352622389793396,0.01943141222000122,outputs/hallucination/shirt/contact_sheets/shirt_q01.jpg
shirt_q01_s02,shirt_q01,paraphrase,shirt,1746,B003JY6WY2,B004JHRX5A,is gray colored with green and yellow design [SEP] Is grey in color,"Apply these requested changes: is gray colored with green and yellow design; also, Is grey in color.",Remain close to the in-domain result under a meaning-preserving template change.,4,B008400YLS,0.2940320670604706,data/fashioniq/images/B008400YLS.jpg,0,0.3352622389793396,0.01943141222000122,outputs/hallucination/shirt/contact_sheets/shirt_q01.jpg
shirt_q01_s02,shirt_q01,paraphrase,shirt,1746,B003JY6WY2,B004JHRX5A,is gray colored with green and yellow design [SEP] Is grey in color,"Apply these requested changes: is gray colored with green and yellow design; also, Is grey in color.",Remain close to the in-domain result under a meaning-preserving template change.,5,B004T6PKTW,0.2836555242538452,data/fashioniq/images/B004T6PKTW.jpg,0,0.3352622389793396,0.01943141222000122,outputs/hallucination/shirt/contact_sheets/shirt_q01.jpg
shirt_q01_s03,shirt_q01,identity,shirt,1746,B003JY6WY2,B004JHRX5A,is gray colored with green and yellow design [SEP] Is grey in color,"Keep the garment exactly as it is; do not change its color, shape, material, or details.",Preserve the source garment; returning a visually close neighbour is preferable.,1,B0013EG76S,0.29720187187194824,data/fashioniq/images/B0013EG76S.jpg,0,0.29720187187194824,0.010227441787719727,outputs/hallucination/shirt/contact_sheets/shirt_q01.jpg
shirt_q01_s03,shirt_q01,identity,shirt,1746,B003JY6WY2,B004JHRX5A,is gray colored with green and yellow design [SEP] Is grey in color,"Keep the garment exactly as it is; do not change its color, shape, material, or details.",Preserve the source garment; returning a visually close neighbour is preferable.,2,B00192IJZG,0.2869744300842285,data/fashioniq/images/B00192IJZG.jpg,0,0.29720187187194824,0.010227441787719727,outputs/hallucination/shirt/contact_sheets/shirt_q01.jpg
shirt_q01_s03,shirt_q01,identity,shirt,1746,B003JY6WY2,B004JHRX5A,is gray colored with green and yellow design [SEP] Is grey in color,"Keep the garment exactly as it is; do not change its color, shape, material, or details.",Preserve the source garment; returning a visually close neighbour is preferable.,3,B008AYYVVM,0.27800536155700684,data/fashioniq/images/B008AYYVVM.jpg,0,0.29720187187194824,0.010227441787719727,outputs/hallucination/shirt/contact_sheets/shirt_q01.jpg
shirt_q01_s03,shirt_q01,identity,shirt,1746,B003JY6WY2,B004JHRX5A,is gray colored with green and yellow design [SEP] Is grey in color,"Keep the garment exactly as it is; do not change its color, shape, material, or details.",Preserve the source garment; returning a visually close neighbour is preferable.,4,B00260H5QY,0.27554982900619507,data/fashioniq/images/B00260H5QY.jpg,0,0.29720187187194824,0.010227441787719727,outputs/hallucination/shirt/contact_sheets/shirt_q01.jpg
shirt_q01_s03,shirt_q01,identity,shirt,1746,B003JY6WY2,B004JHRX5A,is gray colored with green and yellow design [SEP] Is grey in color,"Keep the garment exactly as it is; do not change its color, shape, material, or details.",Preserve the source garment; returning a visually close neighbour is preferable.,5,B00BNRB4R2,0.27396291494369507,data/fashioniq/images/B00BNRB4R2.jpg,0,0.29720187187194824,0.010227441787719727,outputs/hallucination/shirt/contact_sheets/shirt_q01.jpg
shirt_q01_s04,shirt_q01,contradiction,shirt,1746,B003JY6WY2,B004JHRX5A,is gray colored with green and yellow design [SEP] Is grey in color,"Make it both sleeveless and long-sleeved, and make it both shorter and longer.",No gallery item can satisfy every mutually contradictory requirement.,1,B0033AG7DS,0.3127264678478241,data/fashioniq/images/B0033AG7DS.jpg,0,0.3127264678478241,0.017256826162338257,outputs/hallucination/shirt/contact_sheets/shirt_q01.jpg
shirt_q01_s04,shirt_q01,contradiction,shirt,1746,B003JY6WY2,B004JHRX5A,is gray colored with green and yellow design [SEP] Is grey in color,"Make it both sleeveless and long-sleeved, and make it both shorter and longer.",No gallery item can satisfy every mutually contradictory requirement.,2,B00BF7VCKO,0.29546964168548584,data/fashioniq/images/B00BF7VCKO.jpg,0,0.3127264678478241,0.017256826162338257,outputs/hallucination/shirt/contact_sheets/shirt_q01.jpg
shirt_q01_s04,shirt_q01,contradiction,shirt,1746,B003JY6WY2,B004JHRX5A,is gray colored with green and yellow design [SEP] Is grey in color,"Make it both sleeveless and long-sleeved, and make it both shorter and longer.",No gallery item can satisfy every mutually contradictory requirement.,3,B0073OGKDW,0.29163581132888794,data/fashioniq/images/B0073OGKDW.jpg,0,0.3127264678478241,0.017256826162338257,outputs/hallucination/shirt/contact_sheets/shirt_q01.jpg
shirt_q01_s04,shirt_q01,contradiction,shirt,1746,B003JY6WY2,B004JHRX5A,is gray colored with green and yellow design [SEP] Is grey in color,"Make it both sleeveless and long-sleeved, and make it both shorter and longer.",No gallery item can satisfy every mutually contradictory requirement.,4,B008N66KPM,0.2910398840904236,data/fashioniq/images/B008N66KPM.jpg,0,0.3127264678478241,0.017256826162338257,outputs/hallucination/shirt/contact_sheets/shirt_q01.jpg
shirt_q01_s04,shirt_q01,contradiction,shirt,1746,B003JY6WY2,B004JHRX5A,is gray colored with green and yellow design [SEP] Is grey in color,"Make it both sleeveless and long-sleeved, and make it both shorter and longer.",No gallery item can satisfy every mutually contradictory requirement.,5,B0006LKS6O,0.28700223565101624,data/fashioniq/images/B0006LKS6O.jpg,0,0.3127264678478241,0.017256826162338257,outputs/hallucination/shirt/contact_sheets/shirt_q01.jpg
shirt_q01_s05,shirt_q01,ood,shirt,1746,B003JY6WY2,B004JHRX5A,is gray colored with green and yellow design [SEP] Is grey in color,"Make it play jazz music, increase its battery life, and make it smell like rain.",The request is outside the fashion-image domain; high-confidence visual compliance is unsupported.,1,B00C2RX5QU,0.29780352115631104,data/fashioniq/images/B00C2RX5QU.jpg,0,0.29780352115631104,0.024644583463668823,outputs/hallucination/shirt/contact_sheets/shirt_q01.jpg
shirt_q01_s05,shirt_q01,ood,shirt,1746,B003JY6WY2,B004JHRX5A,is gray colored with green and yellow design [SEP] Is grey in color,"Make it play jazz music, increase its battery life, and make it smell like rain.",The request is outside the fashion-image domain; high-confidence visual compliance is unsupported.,2,B007KREYFI,0.2731589376926422,data/fashioniq/images/B007KREYFI.jpg,0,0.29780352115631104,0.024644583463668823,outputs/hallucination/shirt/contact_sheets/shirt_q01.jpg
shirt_q01_s05,shirt_q01,ood,shirt,1746,B003JY6WY2,B004JHRX5A,is gray colored with green and yellow design [SEP] Is grey in color,"Make it play jazz music, increase its battery life, and make it smell like rain.",The request is outside the fashion-image domain; high-confidence visual compliance is unsupported.,3,B009IQIZA4,0.2702862620353699,data/fashioniq/images/B009IQIZA4.jpg,0,0.29780352115631104,0.024644583463668823,outputs/hallucination/shirt/contact_sheets/shirt_q01.jpg
shirt_q01_s05,shirt_q01,ood,shirt,1746,B003JY6WY2,B004JHRX5A,is gray colored with green and yellow design [SEP] Is grey in color,"Make it play jazz music, increase its battery life, and make it smell like rain.",The request is outside the fashion-image domain; high-confidence visual compliance is unsupported.,4,B00CP5TV58,0.25628674030303955,data/fashioniq/images/B00CP5TV58.jpg,0,0.29780352115631104,0.024644583463668823,outputs/hallucination/shirt/contact_sheets/shirt_q01.jpg
shirt_q01_s05,shirt_q01,ood,shirt,1746,B003JY6WY2,B004JHRX5A,is gray colored with green and yellow design [SEP] Is grey in color,"Make it play jazz music, increase its battery life, and make it smell like rain.",The request is outside the fashion-image domain; high-confidence visual compliance is unsupported.,5,B006H4LI7C,0.2468978613615036,data/fashioniq/images/B006H4LI7C.jpg,0,0.29780352115631104,0.024644583463668823,outputs/hallucination/shirt/contact_sheets/shirt_q01.jpg
shirt_q01_s06,shirt_q01,unsatisfiable,shirt,1746,B003JY6WY2,B004JHRX5A,is gray colored with green and yellow design [SEP] Is grey in color,Turn it into a transparent glass garment with animated flames and invisible fabric.,The fixed FashionIQ gallery is not expected to contain a full match.,1,B0018EEU3A,0.27872592210769653,data/fashioniq/images/B0018EEU3A.jpg,0,0.27872592210769653,0.003597259521484375,outputs/hallucination/shirt/contact_sheets/shirt_q01.jpg
shirt_q01_s06,shirt_q01,unsatisfiable,shirt,1746,B003JY6WY2,B004JHRX5A,is gray colored with green and yellow design [SEP] Is grey in color,Turn it into a transparent glass garment with animated flames and invisible fabric.,The fixed FashionIQ gallery is not expected to contain a full match.,2,B00C9TMASA,0.27512866258621216,data/fashioniq/images/B00C9TMASA.jpg,0,0.27872592210769653,0.003597259521484375,outputs/hallucination/shirt/contact_sheets/shirt_q01.jpg
shirt_q01_s06,shirt_q01,unsatisfiable,shirt,1746,B003JY6WY2,B004JHRX5A,is gray colored with green and yellow design [SEP] Is grey in color,Turn it into a transparent glass garment with animated flames and invisible fabric.,The fixed FashionIQ gallery is not expected to contain a full match.,3,B004YW6MB6,0.27252334356307983,data/fashioniq/images/B004YW6MB6.jpg,0,0.27872592210769653,0.003597259521484375,outputs/hallucination/shirt/contact_sheets/shirt_q01.jpg
shirt_q01_s06,shirt_q01,unsatisfiable,shirt,1746,B003JY6WY2,B004JHRX5A,is gray colored with green and yellow design [SEP] Is grey in color,Turn it into a transparent glass garment with animated flames and invisible fabric.,The fixed FashionIQ gallery is not expected to contain a full match.,4,B006YUDD9K,0.2713024318218231,data/fashioniq/images/B006YUDD9K.jpg,0,0.27872592210769653,0.003597259521484375,outputs/hallucination/shirt/contact_sheets/shirt_q01.jpg
shirt_q01_s06,shirt_q01,unsatisfiable,shirt,1746,B003JY6WY2,B004JHRX5A,is gray colored with green and yellow design [SEP] Is grey in color,Turn it into a transparent glass garment with animated flames and invisible fabric.,The fixed FashionIQ gallery is not expected to contain a full match.,5,B007J3UPX8,0.26726940274238586,data/fashioniq/images/B007J3UPX8.jpg,0,0.27872592210769653,0.003597259521484375,outputs/hallucination/shirt/contact_sheets/shirt_q01.jpg
shirt_q02_s01,shirt_q02,in_domain,shirt,21,B0051D0X2Q,B003INE0Q6,is blue plaid with white button shirt [SEP] is lighter,is blue plaid with white button shirt [SEP] is lighter,Retrieve garments that satisfy the original FashionIQ modification.,1,B008TOOBWW,0.38265347480773926,data/fashioniq/images/B008TOOBWW.jpg,0,0.38265347480773926,0.006579339504241943,outputs/hallucination/shirt/contact_sheets/shirt_q02.jpg
shirt_q02_s01,shirt_q02,in_domain,shirt,21,B0051D0X2Q,B003INE0Q6,is blue plaid with white button shirt [SEP] is lighter,is blue plaid with white button shirt [SEP] is lighter,Retrieve garments that satisfy the original FashionIQ modification.,2,B0068DJYAA,0.3760741353034973,data/fashioniq/images/B0068DJYAA.jpg,0,0.38265347480773926,0.006579339504241943,outputs/hallucination/shirt/contact_sheets/shirt_q02.jpg
shirt_q02_s01,shirt_q02,in_domain,shirt,21,B0051D0X2Q,B003INE0Q6,is blue plaid with white button shirt [SEP] is lighter,is blue plaid with white button shirt [SEP] is lighter,Retrieve garments that satisfy the original FashionIQ modification.,3,B00A8D0RMU,0.3745911121368408,data/fashioniq/images/B00A8D0RMU.jpg,0,0.38265347480773926,0.006579339504241943,outputs/hallucination/shirt/contact_sheets/shirt_q02.jpg
shirt_q02_s01,shirt_q02,in_domain,shirt,21,B0051D0X2Q,B003INE0Q6,is blue plaid with white button shirt [SEP] is lighter,is blue plaid with white button shirt [SEP] is lighter,Retrieve garments that satisfy the original FashionIQ modification.,4,B003FLL9HO,0.34384214878082275,data/fashioniq/images/B003FLL9HO.jpg,0,0.38265347480773926,0.006579339504241943,outputs/hallucination/shirt/contact_sheets/shirt_q02.jpg
shirt_q02_s01,shirt_q02,in_domain,shirt,21,B0051D0X2Q,B003INE0Q6,is blue plaid with white button shirt [SEP] is lighter,is blue plaid with white button shirt [SEP] is lighter,Retrieve garments that satisfy the original FashionIQ modification.,5,B00A8D13CI,0.3429971933364868,data/fashioniq/images/B00A8D13CI.jpg,0,0.38265347480773926,0.006579339504241943,outputs/hallucination/shirt/contact_sheets/shirt_q02.jpg
shirt_q02_s02,shirt_q02,paraphrase,shirt,21,B0051D0X2Q,B003INE0Q6,is blue plaid with white button shirt [SEP] is lighter,"Apply these requested changes: is blue plaid with white button shirt; also, is lighter.",Remain close to the in-domain result under a meaning-preserving template change.,1,B00A3OSBJ0,0.35450077056884766,data/fashioniq/images/B00A3OSBJ0.jpg,0,0.35450077056884766,0.006260693073272705,outputs/hallucination/shirt/contact_sheets/shirt_q02.jpg
shirt_q02_s02,shirt_q02,paraphrase,shirt,21,B0051D0X2Q,B003INE0Q6,is blue plaid with white button shirt [SEP] is lighter,"Apply these requested changes: is blue plaid with white button shirt; also, is lighter.",Remain close to the in-domain result under a meaning-preserving template change.,2,B0094S1AG2,0.34824007749557495,data/fashioniq/images/B0094S1AG2.jpg,0,0.35450077056884766,0.006260693073272705,outputs/hallucination/shirt/contact_sheets/shirt_q02.jpg
shirt_q02_s02,shirt_q02,paraphrase,shirt,21,B0051D0X2Q,B003INE0Q6,is blue plaid with white button shirt [SEP] is lighter,"Apply these requested changes: is blue plaid with white button shirt; also, is lighter.",Remain close to the in-domain result under a meaning-preserving template change.,3,B00A8D0RMU,0.34768909215927124,data/fashioniq/images/B00A8D0RMU.jpg,0,0.35450077056884766,0.006260693073272705,outputs/hallucination/shirt/contact_sheets/shirt_q02.jpg
shirt_q02_s02,shirt_q02,paraphrase,shirt,21,B0051D0X2Q,B003INE0Q6,is blue plaid with white button shirt [SEP] is lighter,"Apply these requested changes: is blue plaid with white button shirt; also, is lighter.",Remain close to the in-domain result under a meaning-preserving template change.,4,B0068DJYAA,0.3466801643371582,data/fashioniq/images/B0068DJYAA.jpg,0,0.35450077056884766,0.006260693073272705,outputs/hallucination/shirt/contact_sheets/shirt_q02.jpg
shirt_q02_s02,shirt_q02,paraphrase,shirt,21,B0051D0X2Q,B003INE0Q6,is blue plaid with white button shirt [SEP] is lighter,"Apply these requested changes: is blue plaid with white button shirt; also, is lighter.",Remain close to the in-domain result under a meaning-preserving template change.,5,B00AREIQUK,0.34146785736083984,data/fashioniq/images/B00AREIQUK.jpg,0,0.35450077056884766,0.006260693073272705,outputs/hallucination/shirt/contact_sheets/shirt_q02.jpg
shirt_q02_s03,shirt_q02,identity,shirt,21,B0051D0X2Q,B003INE0Q6,is blue plaid with white button shirt [SEP] is lighter,"Keep the garment exactly as it is; do not change its color, shape, material, or details.",Preserve the source garment; returning a visually close neighbour is preferable.,1,B0079085BA,0.3515176773071289,data/fashioniq/images/B0079085BA.jpg,0,0.3515176773071289,0.008497059345245361,outputs/hallucination/shirt/contact_sheets/shirt_q02.jpg
shirt_q02_s03,shirt_q02,identity,shirt,21,B0051D0X2Q,B003INE0Q6,is blue plaid with white button shirt [SEP] is lighter,"Keep the garment exactly as it is; do not change its color, shape, material, or details.",Preserve the source garment; returning a visually close neighbour is preferable.,2,B006HZH9MY,0.34302061796188354,data/fashioniq/images/B006HZH9MY.jpg,0,0.3515176773071289,0.008497059345245361,outputs/hallucination/shirt/contact_sheets/shirt_q02.jpg
shirt_q02_s03,shirt_q02,identity,shirt,21,B0051D0X2Q,B003INE0Q6,is blue plaid with white button shirt [SEP] is lighter,"Keep the garment exactly as it is; do not change its color, shape, material, or details.",Preserve the source garment; returning a visually close neighbour is preferable.,3,B00B9JK4ES,0.29141175746917725,data/fashioniq/images/B00B9JK4ES.jpg,0,0.3515176773071289,0.008497059345245361,outputs/hallucination/shirt/contact_sheets/shirt_q02.jpg
shirt_q02_s03,shirt_q02,identity,shirt,21,B0051D0X2Q,B003INE0Q6,is blue plaid with white button shirt [SEP] is lighter,"Keep the garment exactly as it is; do not change its color, shape, material, or details.",Preserve the source garment; returning a visually close neighbour is preferable.,4,B006V90YVY,0.27810823917388916,data/fashioniq/images/B006V90YVY.jpg,0,0.3515176773071289,0.008497059345245361,outputs/hallucination/shirt/contact_sheets/shirt_q02.jpg
shirt_q02_s03,shirt_q02,identity,shirt,21,B0051D0X2Q,B003INE0Q6,is blue plaid with white button shirt [SEP] is lighter,"Keep the garment exactly as it is; do not change its color, shape, material, or details.",Preserve the source garment; returning a visually close neighbour is preferable.,5,B0028K3908,0.27114057540893555,data/fashioniq/images/B0028K3908.jpg,0,0.3515176773071289,0.008497059345245361,outputs/hallucination/shirt/contact_sheets/shirt_q02.jpg
shirt_q02_s04,shirt_q02,contradiction,shirt,21,B0051D0X2Q,B003INE0Q6,is blue plaid with white button shirt [SEP] is lighter,"Make it both sleeveless and long-sleeved, and make it both shorter and longer.",No gallery item can satisfy every mutually contradictory requirement.,1,B003AQK8G2,0.27916234731674194,data/fashioniq/images/B003AQK8G2.jpg,0,0.27916234731674194,0.02125602960586548,outputs/hallucination/shirt/contact_sheets/shirt_q02.jpg
shirt_q02_s04,shirt_q02,contradiction,shirt,21,B0051D0X2Q,B003INE0Q6,is blue plaid with white button shirt [SEP] is lighter,"Make it both sleeveless and long-sleeved, and make it both shorter and longer.",No gallery item can satisfy every mutually contradictory requirement.,2,B00A78V6NU,0.25790631771087646,data/fashioniq/images/B00A78V6NU.jpg,0,0.27916234731674194,0.02125602960586548,outputs/hallucination/shirt/contact_sheets/shirt_q02.jpg
shirt_q02_s04,shirt_q02,contradiction,shirt,21,B0051D0X2Q,B003INE0Q6,is blue plaid with white button shirt [SEP] is lighter,"Make it both sleeveless and long-sleeved, and make it both shorter and longer.",No gallery item can satisfy every mutually contradictory requirement.,3,B007K1GB46,0.2558022141456604,data/fashioniq/images/B007K1GB46.jpg,0,0.27916234731674194,0.02125602960586548,outputs/hallucination/shirt/contact_sheets/shirt_q02.jpg
shirt_q02_s04,shirt_q02,contradiction,shirt,21,B0051D0X2Q,B003INE0Q6,is blue plaid with white button shirt [SEP] is lighter,"Make it both sleeveless and long-sleeved, and make it both shorter and longer.",No gallery item can satisfy every mutually contradictory requirement.,4,B00B5FT6IG,0.24479135870933533,data/fashioniq/images/B00B5FT6IG.jpg,0,0.27916234731674194,0.02125602960586548,outputs/hallucination/shirt/contact_sheets/shirt_q02.jpg
shirt_q02_s04,shirt_q02,contradiction,shirt,21,B0051D0X2Q,B003INE0Q6,is blue plaid with white button shirt [SEP] is lighter,"Make it both sleeveless and long-sleeved, and make it both shorter and longer.",No gallery item can satisfy every mutually contradictory requirement.,5,B007PVC4R4,0.23961269855499268,data/fashioniq/images/B007PVC4R4.jpg,0,0.27916234731674194,0.02125602960586548,outputs/hallucination/shirt/contact_sheets/shirt_q02.jpg
shirt_q02_s05,shirt_q02,ood,shirt,21,B0051D0X2Q,B003INE0Q6,is blue plaid with white button shirt [SEP] is lighter,"Make it play jazz music, increase its battery life, and make it smell like rain.",The request is outside the fashion-image domain; high-confidence visual compliance is unsupported.,1,B000INV8FK,0.2712780237197876,data/fashioniq/images/B000INV8FK.jpg,0,0.2712780237197876,0.00783798098564148,outputs/hallucination/shirt/contact_sheets/shirt_q02.jpg
shirt_q02_s05,shirt_q02,ood,shirt,21,B0051D0X2Q,B003INE0Q6,is blue plaid with white button shirt [SEP] is lighter,"Make it play jazz music, increase its battery life, and make it smell like rain.",The request is outside the fashion-image domain; high-confidence visual compliance is unsupported.,2,B007R1OAP6,0.2634400427341461,data/fashioniq/images/B007R1OAP6.jpg,0,0.2712780237197876,0.00783798098564148,outputs/hallucination/shirt/contact_sheets/shirt_q02.jpg
shirt_q02_s05,shirt_q02,ood,shirt,21,B0051D0X2Q,B003INE0Q6,is blue plaid with white button shirt [SEP] is lighter,"Make it play jazz music, increase its battery life, and make it smell like rain.",The request is outside the fashion-image domain; high-confidence visual compliance is unsupported.,3,B00A8D1Q8Y,0.2629331946372986,data/fashioniq/images/B00A8D1Q8Y.jpg,0,0.2712780237197876,0.00783798098564148,outputs/hallucination/shirt/contact_sheets/shirt_q02.jpg
shirt_q02_s05,shirt_q02,ood,shirt,21,B0051D0X2Q,B003INE0Q6,is blue plaid with white button shirt [SEP] is lighter,"Make it play jazz music, increase its battery life, and make it smell like rain.",The request is outside the fashion-image domain; high-confidence visual compliance is unsupported.,4,B0068UBR1W,0.25462889671325684,data/fashioniq/images/B0068UBR1W.jpg,0,0.2712780237197876,0.00783798098564148,outputs/hallucination/shirt/contact_sheets/shirt_q02.jpg
shirt_q02_s05,shirt_q02,ood,shirt,21,B0051D0X2Q,B003INE0Q6,is blue plaid with white button shirt [SEP] is lighter,"Make it play jazz music, increase its battery life, and make it smell like rain.",The request is outside the fashion-image domain; high-confidence visual compliance is unsupported.,5,B000JHQGVQ,0.2541136145591736,data/fashioniq/images/B000JHQGVQ.jpg,0,0.2712780237197876,0.00783798098564148,outputs/hallucination/shirt/contact_sheets/shirt_q02.jpg
shirt_q02_s06,shirt_q02,unsatisfiable,shirt,21,B0051D0X2Q,B003INE0Q6,is blue plaid with white button shirt [SEP] is lighter,Turn it into a transparent glass garment with animated flames and invisible fabric.,The fixed FashionIQ gallery is not expected to contain a full match.,1,B00BT90QDW,0.26474374532699585,data/fashioniq/images/B00BT90QDW.jpg,0,0.26474374532699585,0.005445659160614014,outputs/hallucination/shirt/contact_sheets/shirt_q02.jpg
shirt_q02_s06,shirt_q02,unsatisfiable,shirt,21,B0051D0X2Q,B003INE0Q6,is blue plaid with white button shirt [SEP] is lighter,Turn it into a transparent glass garment with animated flames and invisible fabric.,The fixed FashionIQ gallery is not expected to contain a full match.,2,B00BGBUR00,0.25929808616638184,data/fashioniq/images/B00BGBUR00.jpg,0,0.26474374532699585,0.005445659160614014,outputs/hallucination/shirt/contact_sheets/shirt_q02.jpg
shirt_q02_s06,shirt_q02,unsatisfiable,shirt,21,B0051D0X2Q,B003INE0Q6,is blue plaid with white button shirt [SEP] is lighter,Turn it into a transparent glass garment with animated flames and invisible fabric.,The fixed FashionIQ gallery is not expected to contain a full match.,3,B006HZH9MY,0.25827962160110474,data/fashioniq/images/B006HZH9MY.jpg,0,0.26474374532699585,0.005445659160614014,outputs/hallucination/shirt/contact_sheets/shirt_q02.jpg
shirt_q02_s06,shirt_q02,unsatisfiable,shirt,21,B0051D0X2Q,B003INE0Q6,is blue plaid with white button shirt [SEP] is lighter,Turn it into a transparent glass garment with animated flames and invisible fabric.,The fixed FashionIQ gallery is not expected to contain a full match.,4,B002KDYT70,0.25428298115730286,data/fashioniq/images/B002KDYT70.jpg,0,0.26474374532699585,0.005445659160614014,outputs/hallucination/shirt/contact_sheets/shirt_q02.jpg
shirt_q02_s06,shirt_q02,unsatisfiable,shirt,21,B0051D0X2Q,B003INE0Q6,is blue plaid with white button shirt [SEP] is lighter,Turn it into a transparent glass garment with animated flames and invisible fabric.,The fixed FashionIQ gallery is not expected to contain a full match.,5,B002DP8NB8,0.25339847803115845,data/fashioniq/images/B002DP8NB8.jpg,0,0.26474374532699585,0.005445659160614014,outputs/hallucination/shirt/contact_sheets/shirt_q02.jpg
shirt_q03_s01,shirt_q03,in_domain,shirt,392,B00B31W2TC,B00B2JD2CQ,is lighter with shorter sleeves [SEP] is less striped,is lighter with shorter sleeves [SEP] is less striped,Retrieve garments that satisfy the original FashionIQ modification.,1,B00BS7FFQ8,0.3460180163383484,data/fashioniq/images/B00BS7FFQ8.jpg,0,0.3460180163383484,0.01950886845588684,outputs/hallucination/shirt/contact_sheets/shirt_q03.jpg
shirt_q03_s01,shirt_q03,in_domain,shirt,392,B00B31W2TC,B00B2JD2CQ,is lighter with shorter sleeves [SEP] is less striped,is lighter with shorter sleeves [SEP] is less striped,Retrieve garments that satisfy the original FashionIQ modification.,2,B00AQR2JM4,0.32650914788246155,data/fashioniq/images/B00AQR2JM4.jpg,0,0.3460180163383484,0.01950886845588684,outputs/hallucination/shirt/contact_sheets/shirt_q03.jpg
shirt_q03_s01,shirt_q03,in_domain,shirt,392,B00B31W2TC,B00B2JD2CQ,is lighter with shorter sleeves [SEP] is less striped,is lighter with shorter sleeves [SEP] is less striped,Retrieve garments that satisfy the original FashionIQ modification.,3,B0063MJBZE,0.3236142098903656,data/fashioniq/images/B0063MJBZE.jpg,0,0.3460180163383484,0.01950886845588684,outputs/hallucination/shirt/contact_sheets/shirt_q03.jpg
shirt_q03_s01,shirt_q03,in_domain,shirt,392,B00B31W2TC,B00B2JD2CQ,is lighter with shorter sleeves [SEP] is less striped,is lighter with shorter sleeves [SEP] is less striped,Retrieve garments that satisfy the original FashionIQ modification.,4,B00DPGF3OO,0.318421334028244,data/fashioniq/images/B00DPGF3OO.jpg,0,0.3460180163383484,0.01950886845588684,outputs/hallucination/shirt/contact_sheets/shirt_q03.jpg
shirt_q03_s01,shirt_q03,in_domain,shirt,392,B00B31W2TC,B00B2JD2CQ,is lighter with shorter sleeves [SEP] is less striped,is lighter with shorter sleeves [SEP] is less striped,Retrieve garments that satisfy the original FashionIQ modification.,5,B0083F58H4,0.3170233368873596,data/fashioniq/images/B0083F58H4.jpg,0,0.3460180163383484,0.01950886845588684,outputs/hallucination/shirt/contact_sheets/shirt_q03.jpg
shirt_q03_s02,shirt_q03,paraphrase,shirt,392,B00B31W2TC,B00B2JD2CQ,is lighter with shorter sleeves [SEP] is less striped,"Apply these requested changes: is lighter with shorter sleeves; also, is less striped.",Remain close to the in-domain result under a meaning-preserving template change.,1,B00AQR2JM4,0.31611907482147217,data/fashioniq/images/B00AQR2JM4.jpg,0,0.31611907482147217,0.006065040826797485,outputs/hallucination/shirt/contact_sheets/shirt_q03.jpg
shirt_q03_s02,shirt_q03,paraphrase,shirt,392,B00B31W2TC,B00B2JD2CQ,is lighter with shorter sleeves [SEP] is less striped,"Apply these requested changes: is lighter with shorter sleeves; also, is less striped.",Remain close to the in-domain result under a meaning-preserving template change.,2,B00BS7FFQ8,0.3100540339946747,data/fashioniq/images/B00BS7FFQ8.jpg,0,0.31611907482147217,0.006065040826797485,outputs/hallucination/shirt/contact_sheets/shirt_q03.jpg
shirt_q03_s02,shirt_q03,paraphrase,shirt,392,B00B31W2TC,B00B2JD2CQ,is lighter with shorter sleeves [SEP] is less striped,"Apply these requested changes: is lighter with shorter sleeves; also, is less striped.",Remain close to the in-domain result under a meaning-preserving template change.,3,B00C96U8RI,0.30984264612197876,data/fashioniq/images/B00C96U8RI.jpg,0,0.31611907482147217,0.006065040826797485,outputs/hallucination/shirt/contact_sheets/shirt_q03.jpg
shirt_q03_s02,shirt_q03,paraphrase,shirt,392,B00B31W2TC,B00B2JD2CQ,is lighter with shorter sleeves [SEP] is less striped,"Apply these requested changes: is lighter with shorter sleeves; also, is less striped.",Remain close to the in-domain result under a meaning-preserving template change.,4,B00CDJZ60K,0.30230772495269775,data/fashioniq/images/B00CDJZ60K.jpg,0,0.31611907482147217,0.006065040826797485,outputs/hallucination/shirt/contact_sheets/shirt_q03.jpg
shirt_q03_s02,shirt_q03,paraphrase,shirt,392,B00B31W2TC,B00B2JD2CQ,is lighter with shorter sleeves [SEP] is less striped,"Apply these requested changes: is lighter with shorter sleeves; also, is less striped.",Remain close to the in-domain result under a meaning-preserving template change.,5,B0083F58H4,0.29815930128097534,data/fashioniq/images/B0083F58H4.jpg,0,0.31611907482147217,0.006065040826797485,outputs/hallucination/shirt/contact_sheets/shirt_q03.jpg
shirt_q03_s03,shirt_q03,identity,shirt,392,B00B31W2TC,B00B2JD2CQ,is lighter with shorter sleeves [SEP] is less striped,"Keep the garment exactly as it is; do not change its color, shape, material, or details.",Preserve the source garment; returning a visually close neighbour is preferable.,1,B0079085BA,0.2913665473461151,data/fashioniq/images/B0079085BA.jpg,0,0.2913665473461151,0.0024856626987457275,outputs/hallucination/shirt/contact_sheets/shirt_q03.jpg
shirt_q03_s03,shirt_q03,identity,shirt,392,B00B31W2TC,B00B2JD2CQ,is lighter with shorter sleeves [SEP] is less striped,"Keep the garment exactly as it is; do not change its color, shape, material, or details.",Preserve the source garment; returning a visually close neighbour is preferable.,2,B0091VI6GE,0.2888808846473694,data/fashioniq/images/B0091VI6GE.jpg,0,0.2913665473461151,0.0024856626987457275,outputs/hallucination/shirt/contact_sheets/shirt_q03.jpg
shirt_q03_s03,shirt_q03,identity,shirt,392,B00B31W2TC,B00B2JD2CQ,is lighter with shorter sleeves [SEP] is less striped,"Keep the garment exactly as it is; do not change its color, shape, material, or details.",Preserve the source garment; returning a visually close neighbour is preferable.,3,B00428MH0C,0.27783557772636414,data/fashioniq/images/B00428MH0C.jpg,0,0.2913665473461151,0.0024856626987457275,outputs/hallucination/shirt/contact_sheets/shirt_q03.jpg
shirt_q03_s03,shirt_q03,identity,shirt,392,B00B31W2TC,B00B2JD2CQ,is lighter with shorter sleeves [SEP] is less striped,"Keep the garment exactly as it is; do not change its color, shape, material, or details.",Preserve the source garment; returning a visually close neighbour is preferable.,4,B005432I44,0.27538710832595825,data/fashioniq/images/B005432I44.jpg,0,0.2913665473461151,0.0024856626987457275,outputs/hallucination/shirt/contact_sheets/shirt_q03.jpg
shirt_q03_s03,shirt_q03,identity,shirt,392,B00B31W2TC,B00B2JD2CQ,is lighter with shorter sleeves [SEP] is less striped,"Keep the garment exactly as it is; do not change its color, shape, material, or details.",Preserve the source garment; returning a visually close neighbour is preferable.,5,B006HZH9MY,0.2706556022167206,data/fashioniq/images/B006HZH9MY.jpg,0,0.2913665473461151,0.0024856626987457275,outputs/hallucination/shirt/contact_sheets/shirt_q03.jpg
shirt_q03_s04,shirt_q03,contradiction,shirt,392,B00B31W2TC,B00B2JD2CQ,is lighter with shorter sleeves [SEP] is less striped,"Make it both sleeveless and long-sleeved, and make it both shorter and longer.",No gallery item can satisfy every mutually contradictory requirement.,1,B00A78V6NU,0.2612731456756592,data/fashioniq/images/B00A78V6NU.jpg,0,0.2612731456756592,0.0015150010585784912,outputs/hallucination/shirt/contact_sheets/shirt_q03.jpg
shirt_q03_s04,shirt_q03,contradiction,shirt,392,B00B31W2TC,B00B2JD2CQ,is lighter with shorter sleeves [SEP] is less striped,"Make it both sleeveless and long-sleeved, and make it both shorter and longer.",No gallery item can satisfy every mutually contradictory requirement.,2,B000S6G5NM,0.2597581446170807,data/fashioniq/images/B000S6G5NM.jpg,0,0.2612731456756592,0.0015150010585784912,outputs/hallucination/shirt/contact_sheets/shirt_q03.jpg
shirt_q03_s04,shirt_q03,contradiction,shirt,392,B00B31W2TC,B00B2JD2CQ,is lighter with shorter sleeves [SEP] is less striped,"Make it both sleeveless and long-sleeved, and make it both shorter and longer.",No gallery item can satisfy every mutually contradictory requirement.,3,B008N66KPM,0.2519371807575226,data/fashioniq/images/B008N66KPM.jpg,0,0.2612731456756592,0.0015150010585784912,outputs/hallucination/shirt/contact_sheets/shirt_q03.jpg
shirt_q03_s04,shirt_q03,contradiction,shirt,392,B00B31W2TC,B00B2JD2CQ,is lighter with shorter sleeves [SEP] is less striped,"Make it both sleeveless and long-sleeved, and make it both shorter and longer.",No gallery item can satisfy every mutually contradictory requirement.,4,B00BULAJFO,0.2472589910030365,data/fashioniq/images/B00BULAJFO.jpg,0,0.2612731456756592,0.0015150010585784912,outputs/hallucination/shirt/contact_sheets/shirt_q03.jpg
shirt_q03_s04,shirt_q03,contradiction,shirt,392,B00B31W2TC,B00B2JD2CQ,is lighter with shorter sleeves [SEP] is less striped,"Make it both sleeveless and long-sleeved, and make it both shorter and longer.",No gallery item can satisfy every mutually contradictory requirement.,5,B001OCO9J6,0.2438948154449463,data/fashioniq/images/B001OCO9J6.jpg,0,0.2612731456756592,0.0015150010585784912,outputs/hallucination/shirt/contact_sheets/shirt_q03.jpg
shirt_q03_s05,shirt_q03,ood,shirt,392,B00B31W2TC,B00B2JD2CQ,is lighter with shorter sleeves [SEP] is less striped,"Make it play jazz music, increase its battery life, and make it smell like rain.",The request is outside the fashion-image domain; high-confidence visual compliance is unsupported.,1,B003AU61WI,0.29276177287101746,data/fashioniq/images/B003AU61WI.jpg,0,0.29276177287101746,0.0031918883323669434,outputs/hallucination/shirt/contact_sheets/shirt_q03.jpg
shirt_q03_s05,shirt_q03,ood,shirt,392,B00B31W2TC,B00B2JD2CQ,is lighter with shorter sleeves [SEP] is less striped,"Make it play jazz music, increase its battery life, and make it smell like rain.",The request is outside the fashion-image domain; high-confidence visual compliance is unsupported.,2,B00AREHSMM,0.2895698845386505,data/fashioniq/images/B00AREHSMM.jpg,0,0.29276177287101746,0.0031918883323669434,outputs/hallucination/shirt/contact_sheets/shirt_q03.jpg
shirt_q03_s05,shirt_q03,ood,shirt,392,B00B31W2TC,B00B2JD2CQ,is lighter with shorter sleeves [SEP] is less striped,"Make it play jazz music, increase its battery life, and make it smell like rain.",The request is outside the fashion-image domain; high-confidence visual compliance is unsupported.,3,B0068UBR1W,0.2823668122291565,data/fashioniq/images/B0068UBR1W.jpg,0,0.29276177287101746,0.0031918883323669434,outputs/hallucination/shirt/contact_sheets/shirt_q03.jpg
shirt_q03_s05,shirt_q03,ood,shirt,392,B00B31W2TC,B00B2JD2CQ,is lighter with shorter sleeves [SEP] is less striped,"Make it play jazz music, increase its battery life, and make it smell like rain.",The request is outside the fashion-image domain; high-confidence visual compliance is unsupported.,4,B00F0DU0HK,0.28034111857414246,data/fashioniq/images/B00F0DU0HK.jpg,0,0.29276177287101746,0.0031918883323669434,outputs/hallucination/shirt/contact_sheets/shirt_q03.jpg
shirt_q03_s05,shirt_q03,ood,shirt,392,B00B31W2TC,B00B2JD2CQ,is lighter with shorter sleeves [SEP] is less striped,"Make it play jazz music, increase its battery life, and make it smell like rain.",The request is outside the fashion-image domain; high-confidence visual compliance is unsupported.,5,B000INV8FK,0.27917975187301636,data/fashioniq/images/B000INV8FK.jpg,0,0.29276177287101746,0.0031918883323669434,outputs/hallucination/shirt/contact_sheets/shirt_q03.jpg
shirt_q03_s06,shirt_q03,unsatisfiable,shirt,392,B00B31W2TC,B00B2JD2CQ,is lighter with shorter sleeves [SEP] is less striped,Turn it into a transparent glass garment with animated flames and invisible fabric.,The fixed FashionIQ gallery is not expected to contain a full match.,1,B0079085BA,0.2941927909851074,data/fashioniq/images/B0079085BA.jpg,0,0.2941927909851074,0.03399893641471863,outputs/hallucination/shirt/contact_sheets/shirt_q03.jpg
shirt_q03_s06,shirt_q03,unsatisfiable,shirt,392,B00B31W2TC,B00B2JD2CQ,is lighter with shorter sleeves [SEP] is less striped,Turn it into a transparent glass garment with animated flames and invisible fabric.,The fixed FashionIQ gallery is not expected to contain a full match.,2,B006HZH9MY,0.2601938545703888,data/fashioniq/images/B006HZH9MY.jpg,0,0.2941927909851074,0.03399893641471863,outputs/hallucination/shirt/contact_sheets/shirt_q03.jpg
shirt_q03_s06,shirt_q03,unsatisfiable,shirt,392,B00B31W2TC,B00B2JD2CQ,is lighter with shorter sleeves [SEP] is less striped,Turn it into a transparent glass garment with animated flames and invisible fabric.,The fixed FashionIQ gallery is not expected to contain a full match.,3,B009XP1HUA,0.24982190132141113,data/fashioniq/images/B009XP1HUA.jpg,0,0.2941927909851074,0.03399893641471863,outputs/hallucination/shirt/contact_sheets/shirt_q03.jpg
shirt_q03_s06,shirt_q03,unsatisfiable,shirt,392,B00B31W2TC,B00B2JD2CQ,is lighter with shorter sleeves [SEP] is less striped,Turn it into a transparent glass garment with animated flames and invisible fabric.,The fixed FashionIQ gallery is not expected to contain a full match.,4,B00DW88CA2,0.24894726276397705,data/fashioniq/images/B00DW88CA2.jpg,0,0.2941927909851074,0.03399893641471863,outputs/hallucination/shirt/contact_sheets/shirt_q03.jpg
shirt_q03_s06,shirt_q03,unsatisfiable,shirt,392,B00B31W2TC,B00B2JD2CQ,is lighter with shorter sleeves [SEP] is less striped,Turn it into a transparent glass garment with animated flames and invisible fabric.,The fixed FashionIQ gallery is not expected to contain a full match.,5,B00BGBUR00,0.24709932506084442,data/fashioniq/images/B00BGBUR00.jpg,0,0.2941927909851074,0.03399893641471863,outputs/hallucination/shirt/contact_sheets/shirt_q03.jpg
shirt_q04_s01,shirt_q04,in_domain,shirt,995,B002UQJENQ,B004KPD8FA,is a black t shirt [SEP] has text in red,is a black t shirt [SEP] has text in red,Retrieve garments that satisfy the original FashionIQ modification.,1,B002TSURL8,0.3296259045600891,data/fashioniq/images/B002TSURL8.jpg,0,0.3296259045600891,0.03679189085960388,outputs/hallucination/shirt/contact_sheets/shirt_q04.jpg
shirt_q04_s01,shirt_q04,in_domain,shirt,995,B002UQJENQ,B004KPD8FA,is a black t shirt [SEP] has text in red,is a black t shirt [SEP] has text in red,Retrieve garments that satisfy the original FashionIQ modification.,2,B003SHLOH0,0.29283401370048523,data/fashioniq/images/B003SHLOH0.jpg,0,0.3296259045600891,0.03679189085960388,outputs/hallucination/shirt/contact_sheets/shirt_q04.jpg
shirt_q04_s01,shirt_q04,in_domain,shirt,995,B002UQJENQ,B004KPD8FA,is a black t shirt [SEP] has text in red,is a black t shirt [SEP] has text in red,Retrieve garments that satisfy the original FashionIQ modification.,3,B0085YPIXC,0.2872116267681122,data/fashioniq/images/B0085YPIXC.jpg,0,0.3296259045600891,0.03679189085960388,outputs/hallucination/shirt/contact_sheets/shirt_q04.jpg
shirt_q04_s01,shirt_q04,in_domain,shirt,995,B002UQJENQ,B004KPD8FA,is a black t shirt [SEP] has text in red,is a black t shirt [SEP] has text in red,Retrieve garments that satisfy the original FashionIQ modification.,4,B005HYYI2K,0.2856801450252533,data/fashioniq/images/B005HYYI2K.jpg,0,0.3296259045600891,0.03679189085960388,outputs/hallucination/shirt/contact_sheets/shirt_q04.jpg
shirt_q04_s01,shirt_q04,in_domain,shirt,995,B002UQJENQ,B004KPD8FA,is a black t shirt [SEP] has text in red,is a black t shirt [SEP] has text in red,Retrieve garments that satisfy the original FashionIQ modification.,5,B005Q5YN9S,0.2819119691848755,data/fashioniq/images/B005Q5YN9S.jpg,0,0.3296259045600891,0.03679189085960388,outputs/hallucination/shirt/contact_sheets/shirt_q04.jpg
shirt_q04_s02,shirt_q04,paraphrase,shirt,995,B002UQJENQ,B004KPD8FA,is a black t shirt [SEP] has text in red,"Apply these requested changes: is a black t shirt; also, has text in red.",Remain close to the in-domain result under a meaning-preserving template change.,1,B002TSURL8,0.34502550959587097,data/fashioniq/images/B002TSURL8.jpg,0,0.34502550959587097,0.04442134499549866,outputs/hallucination/shirt/contact_sheets/shirt_q04.jpg
shirt_q04_s02,shirt_q04,paraphrase,shirt,995,B002UQJENQ,B004KPD8FA,is a black t shirt [SEP] has text in red,"Apply these requested changes: is a black t shirt; also, has text in red.",Remain close to the in-domain result under a meaning-preserving template change.,2,B003SHLOH0,0.3006041646003723,data/fashioniq/images/B003SHLOH0.jpg,0,0.34502550959587097,0.04442134499549866,outputs/hallucination/shirt/contact_sheets/shirt_q04.jpg
shirt_q04_s02,shirt_q04,paraphrase,shirt,995,B002UQJENQ,B004KPD8FA,is a black t shirt [SEP] has text in red,"Apply these requested changes: is a black t shirt; also, has text in red.",Remain close to the in-domain result under a meaning-preserving template change.,3,B005HYYI2K,0.29635050892829895,data/fashioniq/images/B005HYYI2K.jpg,0,0.34502550959587097,0.04442134499549866,outputs/hallucination/shirt/contact_sheets/shirt_q04.jpg
shirt_q04_s02,shirt_q04,paraphrase,shirt,995,B002UQJENQ,B004KPD8FA,is a black t shirt [SEP] has text in red,"Apply these requested changes: is a black t shirt; also, has text in red.",Remain close to the in-domain result under a meaning-preserving template change.,4,B005Q5YN9S,0.2833171486854553,data/fashioniq/images/B005Q5YN9S.jpg,0,0.34502550959587097,0.04442134499549866,outputs/hallucination/shirt/contact_sheets/shirt_q04.jpg
shirt_q04_s02,shirt_q04,paraphrase,shirt,995,B002UQJENQ,B004KPD8FA,is a black t shirt [SEP] has text in red,"Apply these requested changes: is a black t shirt; also, has text in red.",Remain close to the in-domain result under a meaning-preserving template change.,5,B005QS5P92,0.2833086848258972,data/fashioniq/images/B005QS5P92.jpg,0,0.34502550959587097,0.04442134499549866,outputs/hallucination/shirt/contact_sheets/shirt_q04.jpg
shirt_q04_s03,shirt_q04,identity,shirt,995,B002UQJENQ,B004KPD8FA,is a black t shirt [SEP] has text in red,"Keep the garment exactly as it is; do not change its color, shape, material, or details.",Preserve the source garment; returning a visually close neighbour is preferable.,1,B005KLXWRM,0.25368940830230713,data/fashioniq/images/B005KLXWRM.jpg,0,0.25368940830230713,0.005794808268547058,outputs/hallucination/shirt/contact_sheets/shirt_q04.jpg
shirt_q04_s03,shirt_q04,identity,shirt,995,B002UQJENQ,B004KPD8FA,is a black t shirt [SEP] has text in red,"Keep the garment exactly as it is; do not change its color, shape, material, or details.",Preserve the source garment; returning a visually close neighbour is preferable.,2,B0077RS0VU,0.24789460003376007,data/fashioniq/images/B0077RS0VU.jpg,0,0.25368940830230713,0.005794808268547058,outputs/hallucination/shirt/contact_sheets/shirt_q04.jpg
shirt_q04_s03,shirt_q04,identity,shirt,995,B002UQJENQ,B004KPD8FA,is a black t shirt [SEP] has text in red,"Keep the garment exactly as it is; do not change its color, shape, material, or details.",Preserve the source garment; returning a visually close neighbour is preferable.,3,B003R4PEN4,0.24410173296928406,data/fashioniq/images/B003R4PEN4.jpg,0,0.25368940830230713,0.005794808268547058,outputs/hallucination/shirt/contact_sheets/shirt_q04.jpg
shirt_q04_s03,shirt_q04,identity,shirt,995,B002UQJENQ,B004KPD8FA,is a black t shirt [SEP] has text in red,"Keep the garment exactly as it is; do not change its color, shape, material, or details.",Preserve the source garment; returning a visually close neighbour is preferable.,4,B00D83LFBO,0.2429206371307373,data/fashioniq/images/B00D83LFBO.jpg,0,0.25368940830230713,0.005794808268547058,outputs/hallucination/shirt/contact_sheets/shirt_q04.jpg
shirt_q04_s03,shirt_q04,identity,shirt,995,B002UQJENQ,B004KPD8FA,is a black t shirt [SEP] has text in red,"Keep the garment exactly as it is; do not change its color, shape, material, or details.",Preserve the source garment; returning a visually close neighbour is preferable.,5,B00C4XARMM,0.24159714579582214,data/fashioniq/images/B00C4XARMM.jpg,0,0.25368940830230713,0.005794808268547058,outputs/hallucination/shirt/contact_sheets/shirt_q04.jpg
shirt_q04_s04,shirt_q04,contradiction,shirt,995,B002UQJENQ,B004KPD8FA,is a black t shirt [SEP] has text in red,"Make it both sleeveless and long-sleeved, and make it both shorter and longer.",No gallery item can satisfy every mutually contradictory requirement.,1,B009K8BJJY,0.27378156781196594,data/fashioniq/images/B009K8BJJY.jpg,0,0.27378156781196594,0.006747931241989136,outputs/hallucination/shirt/contact_sheets/shirt_q04.jpg
shirt_q04_s04,shirt_q04,contradiction,shirt,995,B002UQJENQ,B004KPD8FA,is a black t shirt [SEP] has text in red,"Make it both sleeveless and long-sleeved, and make it both shorter and longer.",No gallery item can satisfy every mutually contradictory requirement.,2,B00CLJ18BS,0.2670336365699768,data/fashioniq/images/B00CLJ18BS.jpg,0,0.27378156781196594,0.006747931241989136,outputs/hallucination/shirt/contact_sheets/shirt_q04.jpg
shirt_q04_s04,shirt_q04,contradiction,shirt,995,B002UQJENQ,B004KPD8FA,is a black t shirt [SEP] has text in red,"Make it both sleeveless and long-sleeved, and make it both shorter and longer.",No gallery item can satisfy every mutually contradictory requirement.,3,B009RVTT4G,0.26347628235816956,data/fashioniq/images/B009RVTT4G.jpg,0,0.27378156781196594,0.006747931241989136,outputs/hallucination/shirt/contact_sheets/shirt_q04.jpg
shirt_q04_s04,shirt_q04,contradiction,shirt,995,B002UQJENQ,B004KPD8FA,is a black t shirt [SEP] has text in red,"Make it both sleeveless and long-sleeved, and make it both shorter and longer.",No gallery item can satisfy every mutually contradictory requirement.,4,B00GA1Q00M,0.255462646484375,data/fashioniq/images/B00GA1Q00M.jpg,0,0.27378156781196594,0.006747931241989136,outputs/hallucination/shirt/contact_sheets/shirt_q04.jpg
shirt_q04_s04,shirt_q04,contradiction,shirt,995,B002UQJENQ,B004KPD8FA,is a black t shirt [SEP] has text in red,"Make it both sleeveless and long-sleeved, and make it both shorter and longer.",No gallery item can satisfy every mutually contradictory requirement.,5,B00FDW5WNK,0.2481723427772522,data/fashioniq/images/B00FDW5WNK.jpg,0,0.27378156781196594,0.006747931241989136,outputs/hallucination/shirt/contact_sheets/shirt_q04.jpg
shirt_q04_s05,shirt_q04,ood,shirt,995,B002UQJENQ,B004KPD8FA,is a black t shirt [SEP] has text in red,"Make it play jazz music, increase its battery life, and make it smell like rain.",The request is outside the fashion-image domain; high-confidence visual compliance is unsupported.,1,B003R4PEN4,0.37833237648010254,data/fashioniq/images/B003R4PEN4.jpg,0,0.37833237648010254,0.031656354665756226,outputs/hallucination/shirt/contact_sheets/shirt_q04.jpg
shirt_q04_s05,shirt_q04,ood,shirt,995,B002UQJENQ,B004KPD8FA,is a black t shirt [SEP] has text in red,"Make it play jazz music, increase its battery life, and make it smell like rain.",The request is outside the fashion-image domain; high-confidence visual compliance is unsupported.,2,B003SHLOH0,0.3466760218143463,data/fashioniq/images/B003SHLOH0.jpg,0,0.37833237648010254,0.031656354665756226,outputs/hallucination/shirt/contact_sheets/shirt_q04.jpg
shirt_q04_s05,shirt_q04,ood,shirt,995,B002UQJENQ,B004KPD8FA,is a black t shirt [SEP] has text in red,"Make it play jazz music, increase its battery life, and make it smell like rain.",The request is outside the fashion-image domain; high-confidence visual compliance is unsupported.,3,B004UHPEU0,0.3286924660205841,data/fashioniq/images/B004UHPEU0.jpg,0,0.37833237648010254,0.031656354665756226,outputs/hallucination/shirt/contact_sheets/shirt_q04.jpg
shirt_q04_s05,shirt_q04,ood,shirt,995,B002UQJENQ,B004KPD8FA,is a black t shirt [SEP] has text in red,"Make it play jazz music, increase its battery life, and make it smell like rain.",The request is outside the fashion-image domain; high-confidence visual compliance is unsupported.,4,B009F1TRTK,0.31637412309646606,data/fashioniq/images/B009F1TRTK.jpg,0,0.37833237648010254,0.031656354665756226,outputs/hallucination/shirt/contact_sheets/shirt_q04.jpg
shirt_q04_s05,shirt_q04,ood,shirt,995,B002UQJENQ,B004KPD8FA,is a black t shirt [SEP] has text in red,"Make it play jazz music, increase its battery life, and make it smell like rain.",The request is outside the fashion-image domain; high-confidence visual compliance is unsupported.,5,B004HZQTXG,0.31565773487091064,data/fashioniq/images/B004HZQTXG.jpg,0,0.37833237648010254,0.031656354665756226,outputs/hallucination/shirt/contact_sheets/shirt_q04.jpg
shirt_q04_s06,shirt_q04,unsatisfiable,shirt,995,B002UQJENQ,B004KPD8FA,is a black t shirt [SEP] has text in red,Turn it into a transparent glass garment with animated flames and invisible fabric.,The fixed FashionIQ gallery is not expected to contain a full match.,1,B0081QK3A2,0.27767130732536316,data/fashioniq/images/B0081QK3A2.jpg,0,0.27767130732536316,0.016765087842941284,outputs/hallucination/shirt/contact_sheets/shirt_q04.jpg
shirt_q04_s06,shirt_q04,unsatisfiable,shirt,995,B002UQJENQ,B004KPD8FA,is a black t shirt [SEP] has text in red,Turn it into a transparent glass garment with animated flames and invisible fabric.,The fixed FashionIQ gallery is not expected to contain a full match.,2,B004ZGFH26,0.2609062194824219,data/fashioniq/images/B004ZGFH26.jpg,0,0.27767130732536316,0.016765087842941284,outputs/hallucination/shirt/contact_sheets/shirt_q04.jpg
shirt_q04_s06,shirt_q04,unsatisfiable,shirt,995,B002UQJENQ,B004KPD8FA,is a black t shirt [SEP] has text in red,Turn it into a transparent glass garment with animated flames and invisible fabric.,The fixed FashionIQ gallery is not expected to contain a full match.,3,B00BYIUQXS,0.2283381223678589,data/fashioniq/images/B00BYIUQXS.jpg,0,0.27767130732536316,0.016765087842941284,outputs/hallucination/shirt/contact_sheets/shirt_q04.jpg
shirt_q04_s06,shirt_q04,unsatisfiable,shirt,995,B002UQJENQ,B004KPD8FA,is a black t shirt [SEP] has text in red,Turn it into a transparent glass garment with animated flames and invisible fabric.,The fixed FashionIQ gallery is not expected to contain a full match.,4,B001F6KQF2,0.2281714826822281,data/fashioniq/images/B001F6KQF2.jpg,0,0.27767130732536316,0.016765087842941284,outputs/hallucination/shirt/contact_sheets/shirt_q04.jpg
shirt_q04_s06,shirt_q04,unsatisfiable,shirt,995,B002UQJENQ,B004KPD8FA,is a black t shirt [SEP] has text in red,Turn it into a transparent glass garment with animated flames and invisible fabric.,The fixed FashionIQ gallery is not expected to contain a full match.,5,B00853SE8E,0.22792425751686096,data/fashioniq/images/B00853SE8E.jpg,0,0.27767130732536316,0.016765087842941284,outputs/hallucination/shirt/contact_sheets/shirt_q04.jpg
shirt_q05_s01,shirt_q05,in_domain,shirt,975,B005CQAIYK,B001B14HE2,is a lighter color and has shorter sleeves [SEP] Is white with shorter sleeves.,is a lighter color and has shorter sleeves [SEP] Is white with shorter sleeves.,Retrieve garments that satisfy the original FashionIQ modification.,1,B000BZGDDM,0.36800244450569153,data/fashioniq/images/B000BZGDDM.jpg,0,0.36800244450569153,0.012370377779006958,outputs/hallucination/shirt/contact_sheets/shirt_q05.jpg
shirt_q05_s01,shirt_q05,in_domain,shirt,975,B005CQAIYK,B001B14HE2,is a lighter color and has shorter sleeves [SEP] Is white with shorter sleeves.,is a lighter color and has shorter sleeves [SEP] Is white with shorter sleeves.,Retrieve garments that satisfy the original FashionIQ modification.,2,B007BLNDLO,0.35563206672668457,data/fashioniq/images/B007BLNDLO.jpg,0,0.36800244450569153,0.012370377779006958,outputs/hallucination/shirt/contact_sheets/shirt_q05.jpg
shirt_q05_s01,shirt_q05,in_domain,shirt,975,B005CQAIYK,B001B14HE2,is a lighter color and has shorter sleeves [SEP] Is white with shorter sleeves.,is a lighter color and has shorter sleeves [SEP] Is white with shorter sleeves.,Retrieve garments that satisfy the original FashionIQ modification.,3,B004YHS8CW,0.3504958748817444,data/fashioniq/images/B004YHS8CW.jpg,0,0.36800244450569153,0.012370377779006958,outputs/hallucination/shirt/contact_sheets/shirt_q05.jpg
shirt_q05_s01,shirt_q05,in_domain,shirt,975,B005CQAIYK,B001B14HE2,is a lighter color and has shorter sleeves [SEP] Is white with shorter sleeves.,is a lighter color and has shorter sleeves [SEP] Is white with shorter sleeves.,Retrieve garments that satisfy the original FashionIQ modification.,4,B00263KHX4,0.34606805443763733,data/fashioniq/images/B00263KHX4.jpg,0,0.36800244450569153,0.012370377779006958,outputs/hallucination/shirt/contact_sheets/shirt_q05.jpg
shirt_q05_s01,shirt_q05,in_domain,shirt,975,B005CQAIYK,B001B14HE2,is a lighter color and has shorter sleeves [SEP] Is white with shorter sleeves.,is a lighter color and has shorter sleeves [SEP] Is white with shorter sleeves.,Retrieve garments that satisfy the original FashionIQ modification.,5,B0012FRM2G,0.34208208322525024,data/fashioniq/images/B0012FRM2G.jpg,0,0.36800244450569153,0.012370377779006958,outputs/hallucination/shirt/contact_sheets/shirt_q05.jpg
shirt_q05_s02,shirt_q05,paraphrase,shirt,975,B005CQAIYK,B001B14HE2,is a lighter color and has shorter sleeves [SEP] Is white with shorter sleeves.,"Apply these requested changes: is a lighter color and has shorter sleeves; also, Is white with shorter sleeves.",Remain close to the in-domain result under a meaning-preserving template change.,1,B00AX46SOA,0.3535655736923218,data/fashioniq/images/B00AX46SOA.jpg,0,0.3535655736923218,0.004112601280212402,outputs/hallucination/shirt/contact_sheets/shirt_q05.jpg
shirt_q05_s02,shirt_q05,paraphrase,shirt,975,B005CQAIYK,B001B14HE2,is a lighter color and has shorter sleeves [SEP] Is white with shorter sleeves.,"Apply these requested changes: is a lighter color and has shorter sleeves; also, Is white with shorter sleeves.",Remain close to the in-domain result under a meaning-preserving template change.,2,B004YHS8CW,0.3494529724121094,data/fashioniq/images/B004YHS8CW.jpg,0,0.3535655736923218,0.004112601280212402,outputs/hallucination/shirt/contact_sheets/shirt_q05.jpg
shirt_q05_s02,shirt_q05,paraphrase,shirt,975,B005CQAIYK,B001B14HE2,is a lighter color and has shorter sleeves [SEP] Is white with shorter sleeves.,"Apply these requested changes: is a lighter color and has shorter sleeves; also, Is white with shorter sleeves.",Remain close to the in-domain result under a meaning-preserving template change.,3,B007BLNDLO,0.3373074233531952,data/fashioniq/images/B007BLNDLO.jpg,0,0.3535655736923218,0.004112601280212402,outputs/hallucination/shirt/contact_sheets/shirt_q05.jpg
shirt_q05_s02,shirt_q05,paraphrase,shirt,975,B005CQAIYK,B001B14HE2,is a lighter color and has shorter sleeves [SEP] Is white with shorter sleeves.,"Apply these requested changes: is a lighter color and has shorter sleeves; also, Is white with shorter sleeves.",Remain close to the in-domain result under a meaning-preserving template change.,4,B00BWJ8T5G,0.3354642391204834,data/fashioniq/images/B00BWJ8T5G.jpg,0,0.3535655736923218,0.004112601280212402,outputs/hallucination/shirt/contact_sheets/shirt_q05.jpg
shirt_q05_s02,shirt_q05,paraphrase,shirt,975,B005CQAIYK,B001B14HE2,is a lighter color and has shorter sleeves [SEP] Is white with shorter sleeves.,"Apply these requested changes: is a lighter color and has shorter sleeves; also, Is white with shorter sleeves.",Remain close to the in-domain result under a meaning-preserving template change.,5,B006ZZHEU8,0.3245781660079956,data/fashioniq/images/B006ZZHEU8.jpg,0,0.3535655736923218,0.004112601280212402,outputs/hallucination/shirt/contact_sheets/shirt_q05.jpg
shirt_q05_s03,shirt_q05,identity,shirt,975,B005CQAIYK,B001B14HE2,is a lighter color and has shorter sleeves [SEP] Is white with shorter sleeves.,"Keep the garment exactly as it is; do not change its color, shape, material, or details.",Preserve the source garment; returning a visually close neighbour is preferable.,1,B009DNSL06,0.2946428060531616,data/fashioniq/images/B009DNSL06.jpg,0,0.2946428060531616,0.009426534175872803,outputs/hallucination/shirt/contact_sheets/shirt_q05.jpg
shirt_q05_s03,shirt_q05,identity,shirt,975,B005CQAIYK,B001B14HE2,is a lighter color and has shorter sleeves [SEP] Is white with shorter sleeves.,"Keep the garment exactly as it is; do not change its color, shape, material, or details.",Preserve the source garment; returning a visually close neighbour is preferable.,2,B008N67V8W,0.2852162718772888,data/fashioniq/images/B008N67V8W.jpg,0,0.2946428060531616,0.009426534175872803,outputs/hallucination/shirt/contact_sheets/shirt_q05.jpg
shirt_q05_s03,shirt_q05,identity,shirt,975,B005CQAIYK,B001B14HE2,is a lighter color and has shorter sleeves [SEP] Is white with shorter sleeves.,"Keep the garment exactly as it is; do not change its color, shape, material, or details.",Preserve the source garment; returning a visually close neighbour is preferable.,3,B000U7CJJS,0.28440895676612854,data/fashioniq/images/B000U7CJJS.jpg,0,0.2946428060531616,0.009426534175872803,outputs/hallucination/shirt/contact_sheets/shirt_q05.jpg
shirt_q05_s03,shirt_q05,identity,shirt,975,B005CQAIYK,B001B14HE2,is a lighter color and has shorter sleeves [SEP] Is white with shorter sleeves.,"Keep the garment exactly as it is; do not change its color, shape, material, or details.",Preserve the source garment; returning a visually close neighbour is preferable.,4,B00AOCBFGW,0.2843889594078064,data/fashioniq/images/B00AOCBFGW.jpg,0,0.2946428060531616,0.009426534175872803,outputs/hallucination/shirt/contact_sheets/shirt_q05.jpg
shirt_q05_s03,shirt_q05,identity,shirt,975,B005CQAIYK,B001B14HE2,is a lighter color and has shorter sleeves [SEP] Is white with shorter sleeves.,"Keep the garment exactly as it is; do not change its color, shape, material, or details.",Preserve the source garment; returning a visually close neighbour is preferable.,5,B008RS4LPW,0.2781696319580078,data/fashioniq/images/B008RS4LPW.jpg,0,0.2946428060531616,0.009426534175872803,outputs/hallucination/shirt/contact_sheets/shirt_q05.jpg
shirt_q05_s04,shirt_q05,contradiction,shirt,975,B005CQAIYK,B001B14HE2,is a lighter color and has shorter sleeves [SEP] Is white with shorter sleeves.,"Make it both sleeveless and long-sleeved, and make it both shorter and longer.",No gallery item can satisfy every mutually contradictory requirement.,1,B008N66KPM,0.30642667412757874,data/fashioniq/images/B008N66KPM.jpg,0,0.30642667412757874,0.00788077712059021,outputs/hallucination/shirt/contact_sheets/shirt_q05.jpg
shirt_q05_s04,shirt_q05,contradiction,shirt,975,B005CQAIYK,B001B14HE2,is a lighter color and has shorter sleeves [SEP] Is white with shorter sleeves.,"Make it both sleeveless and long-sleeved, and make it both shorter and longer.",No gallery item can satisfy every mutually contradictory requirement.,2,B001MDCLH4,0.2985458970069885,data/fashioniq/images/B001MDCLH4.jpg,0,0.30642667412757874,0.00788077712059021,outputs/hallucination/shirt/contact_sheets/shirt_q05.jpg
shirt_q05_s04,shirt_q05,contradiction,shirt,975,B005CQAIYK,B001B14HE2,is a lighter color and has shorter sleeves [SEP] Is white with shorter sleeves.,"Make it both sleeveless and long-sleeved, and make it both shorter and longer.",No gallery item can satisfy every mutually contradictory requirement.,3,B008N67V8W,0.2975333333015442,data/fashioniq/images/B008N67V8W.jpg,0,0.30642667412757874,0.00788077712059021,outputs/hallucination/shirt/contact_sheets/shirt_q05.jpg
shirt_q05_s04,shirt_q05,contradiction,shirt,975,B005CQAIYK,B001B14HE2,is a lighter color and has shorter sleeves [SEP] Is white with shorter sleeves.,"Make it both sleeveless and long-sleeved, and make it both shorter and longer.",No gallery item can satisfy every mutually contradictory requirement.,4,B00BULAJFO,0.28814297914505005,data/fashioniq/images/B00BULAJFO.jpg,0,0.30642667412757874,0.00788077712059021,outputs/hallucination/shirt/contact_sheets/shirt_q05.jpg
shirt_q05_s04,shirt_q05,contradiction,shirt,975,B005CQAIYK,B001B14HE2,is a lighter color and has shorter sleeves [SEP] Is white with shorter sleeves.,"Make it both sleeveless and long-sleeved, and make it both shorter and longer.",No gallery item can satisfy every mutually contradictory requirement.,5,B0092KSEB6,0.2865351140499115,data/fashioniq/images/B0092KSEB6.jpg,0,0.30642667412757874,0.00788077712059021,outputs/hallucination/shirt/contact_sheets/shirt_q05.jpg
shirt_q05_s05,shirt_q05,ood,shirt,975,B005CQAIYK,B001B14HE2,is a lighter color and has shorter sleeves [SEP] Is white with shorter sleeves.,"Make it play jazz music, increase its battery life, and make it smell like rain.",The request is outside the fashion-image domain; high-confidence visual compliance is unsupported.,1,B008FFYK2Q,0.29435527324676514,data/fashioniq/images/B008FFYK2Q.jpg,0,0.29435527324676514,0.022694319486618042,outputs/hallucination/shirt/contact_sheets/shirt_q05.jpg
shirt_q05_s05,shirt_q05,ood,shirt,975,B005CQAIYK,B001B14HE2,is a lighter color and has shorter sleeves [SEP] Is white with shorter sleeves.,"Make it play jazz music, increase its battery life, and make it smell like rain.",The request is outside the fashion-image domain; high-confidence visual compliance is unsupported.,2,B00509BTHY,0.2716609537601471,data/fashioniq/images/B00509BTHY.jpg,0,0.29435527324676514,0.022694319486618042,outputs/hallucination/shirt/contact_sheets/shirt_q05.jpg
shirt_q05_s05,shirt_q05,ood,shirt,975,B005CQAIYK,B001B14HE2,is a lighter color and has shorter sleeves [SEP] Is white with shorter sleeves.,"Make it play jazz music, increase its battery life, and make it smell like rain.",The request is outside the fashion-image domain; high-confidence visual compliance is unsupported.,3,B009CI5IL2,0.2557470500469208,data/fashioniq/images/B009CI5IL2.jpg,0,0.29435527324676514,0.022694319486618042,outputs/hallucination/shirt/contact_sheets/shirt_q05.jpg
shirt_q05_s05,shirt_q05,ood,shirt,975,B005CQAIYK,B001B14HE2,is a lighter color and has shorter sleeves [SEP] Is white with shorter sleeves.,"Make it play jazz music, increase its battery life, and make it smell like rain.",The request is outside the fashion-image domain; high-confidence visual compliance is unsupported.,4,B00926S118,0.2521337866783142,data/fashioniq/images/B00926S118.jpg,0,0.29435527324676514,0.022694319486618042,outputs/hallucination/shirt/contact_sheets/shirt_q05.jpg
shirt_q05_s05,shirt_q05,ood,shirt,975,B005CQAIYK,B001B14HE2,is a lighter color and has shorter sleeves [SEP] Is white with shorter sleeves.,"Make it play jazz music, increase its battery life, and make it smell like rain.",The request is outside the fashion-image domain; high-confidence visual compliance is unsupported.,5,B0031QGXJM,0.24935537576675415,data/fashioniq/images/B0031QGXJM.jpg,0,0.29435527324676514,0.022694319486618042,outputs/hallucination/shirt/contact_sheets/shirt_q05.jpg
shirt_q05_s06,shirt_q05,unsatisfiable,shirt,975,B005CQAIYK,B001B14HE2,is a lighter color and has shorter sleeves [SEP] Is white with shorter sleeves.,Turn it into a transparent glass garment with animated flames and invisible fabric.,The fixed FashionIQ gallery is not expected to contain a full match.,1,B0018EEU3A,0.25002938508987427,data/fashioniq/images/B0018EEU3A.jpg,0,0.25002938508987427,0.0007249414920806885,outputs/hallucination/shirt/contact_sheets/shirt_q05.jpg
shirt_q05_s06,shirt_q05,unsatisfiable,shirt,975,B005CQAIYK,B001B14HE2,is a lighter color and has shorter sleeves [SEP] Is white with shorter sleeves.,Turn it into a transparent glass garment with animated flames and invisible fabric.,The fixed FashionIQ gallery is not expected to contain a full match.,2,B00DM8KA7U,0.24930444359779358,data/fashioniq/images/B00DM8KA7U.jpg,0,0.25002938508987427,0.0007249414920806885,outputs/hallucination/shirt/contact_sheets/shirt_q05.jpg
shirt_q05_s06,shirt_q05,unsatisfiable,shirt,975,B005CQAIYK,B001B14HE2,is a lighter color and has shorter sleeves [SEP] Is white with shorter sleeves.,Turn it into a transparent glass garment with animated flames and invisible fabric.,The fixed FashionIQ gallery is not expected to contain a full match.,3,B00C2O2W8U,0.24759508669376373,data/fashioniq/images/B00C2O2W8U.jpg,0,0.25002938508987427,0.0007249414920806885,outputs/hallucination/shirt/contact_sheets/shirt_q05.jpg
shirt_q05_s06,shirt_q05,unsatisfiable,shirt,975,B005CQAIYK,B001B14HE2,is a lighter color and has shorter sleeves [SEP] Is white with shorter sleeves.,Turn it into a transparent glass garment with animated flames and invisible fabric.,The fixed FashionIQ gallery is not expected to contain a full match.,4,B00CI4EWXW,0.244428813457489,data/fashioniq/images/B00CI4EWXW.jpg,0,0.25002938508987427,0.0007249414920806885,outputs/hallucination/shirt/contact_sheets/shirt_q05.jpg
shirt_q05_s06,shirt_q05,unsatisfiable,shirt,975,B005CQAIYK,B001B14HE2,is a lighter color and has shorter sleeves [SEP] Is white with shorter sleeves.,Turn it into a transparent glass garment with animated flames and invisible fabric.,The fixed FashionIQ gallery is not expected to contain a full match.,5,B003XGPATY,0.2431393265724182,data/fashioniq/images/B003XGPATY.jpg,0,0.25002938508987427,0.0007249414920806885,outputs/hallucination/shirt/contact_sheets/shirt_q05.jpg
shirt_q06_s01,shirt_q06,in_domain,shirt,1175,B00B1FCGFU,B000F5LTXW,is blue with image of dolphins [SEP] is closer to blue,is blue with image of dolphins [SEP] is closer to blue,Retrieve garments that satisfy the original FashionIQ modification.,1,B009ZYNH84,0.36568447947502136,data/fashioniq/images/B009ZYNH84.jpg,0,0.36568447947502136,0.008395224809646606,outputs/hallucination/shirt/contact_sheets/shirt_q06.jpg
shirt_q06_s01,shirt_q06,in_domain,shirt,1175,B00B1FCGFU,B000F5LTXW,is blue with image of dolphins [SEP] is closer to blue,is blue with image of dolphins [SEP] is closer to blue,Retrieve garments that satisfy the original FashionIQ modification.,2,B009ZYOM60,0.35728925466537476,data/fashioniq/images/B009ZYOM60.jpg,0,0.36568447947502136,0.008395224809646606,outputs/hallucination/shirt/contact_sheets/shirt_q06.jpg
shirt_q06_s01,shirt_q06,in_domain,shirt,1175,B00B1FCGFU,B000F5LTXW,is blue with image of dolphins [SEP] is closer to blue,is blue with image of dolphins [SEP] is closer to blue,Retrieve garments that satisfy the original FashionIQ modification.,3,B00A1W30WW,0.35726892948150635,data/fashioniq/images/B00A1W30WW.jpg,0,0.36568447947502136,0.008395224809646606,outputs/hallucination/shirt/contact_sheets/shirt_q06.jpg
shirt_q06_s01,shirt_q06,in_domain,shirt,1175,B00B1FCGFU,B000F5LTXW,is blue with image of dolphins [SEP] is closer to blue,is blue with image of dolphins [SEP] is closer to blue,Retrieve garments that satisfy the original FashionIQ modification.,4,B008Y2L6SG,0.3483530282974243,data/fashioniq/images/B008Y2L6SG.jpg,0,0.36568447947502136,0.008395224809646606,outputs/hallucination/shirt/contact_sheets/shirt_q06.jpg
shirt_q06_s01,shirt_q06,in_domain,shirt,1175,B00B1FCGFU,B000F5LTXW,is blue with image of dolphins [SEP] is closer to blue,is blue with image of dolphins [SEP] is closer to blue,Retrieve garments that satisfy the original FashionIQ modification.,5,B000NK06WY,0.3452412486076355,data/fashioniq/images/B000NK06WY.jpg,0,0.36568447947502136,0.008395224809646606,outputs/hallucination/shirt/contact_sheets/shirt_q06.jpg
shirt_q06_s02,shirt_q06,paraphrase,shirt,1175,B00B1FCGFU,B000F5LTXW,is blue with image of dolphins [SEP] is closer to blue,"Apply these requested changes: is blue with image of dolphins; also, is closer to blue.",Remain close to the in-domain result under a meaning-preserving template change.,1,B009ZYOM60,0.3653828203678131,data/fashioniq/images/B009ZYOM60.jpg,0,0.3653828203678131,0.021659284830093384,outputs/hallucination/shirt/contact_sheets/shirt_q06.jpg
shirt_q06_s02,shirt_q06,paraphrase,shirt,1175,B00B1FCGFU,B000F5LTXW,is blue with image of dolphins [SEP] is closer to blue,"Apply these requested changes: is blue with image of dolphins; also, is closer to blue.",Remain close to the in-domain result under a meaning-preserving template change.,2,B009ZYNH84,0.3437235355377197,data/fashioniq/images/B009ZYNH84.jpg,0,0.3653828203678131,0.021659284830093384,outputs/hallucination/shirt/contact_sheets/shirt_q06.jpg
shirt_q06_s02,shirt_q06,paraphrase,shirt,1175,B00B1FCGFU,B000F5LTXW,is blue with image of dolphins [SEP] is closer to blue,"Apply these requested changes: is blue with image of dolphins; also, is closer to blue.",Remain close to the in-domain result under a meaning-preserving template change.,3,B00A1W30WW,0.3424761891365051,data/fashioniq/images/B00A1W30WW.jpg,0,0.3653828203678131,0.021659284830093384,outputs/hallucination/shirt/contact_sheets/shirt_q06.jpg
shirt_q06_s02,shirt_q06,paraphrase,shirt,1175,B00B1FCGFU,B000F5LTXW,is blue with image of dolphins [SEP] is closer to blue,"Apply these requested changes: is blue with image of dolphins; also, is closer to blue.",Remain close to the in-domain result under a meaning-preserving template change.,4,B000EHL3WS,0.3421299457550049,data/fashioniq/images/B000EHL3WS.jpg,0,0.3653828203678131,0.021659284830093384,outputs/hallucination/shirt/contact_sheets/shirt_q06.jpg
shirt_q06_s02,shirt_q06,paraphrase,shirt,1175,B00B1FCGFU,B000F5LTXW,is blue with image of dolphins [SEP] is closer to blue,"Apply these requested changes: is blue with image of dolphins; also, is closer to blue.",Remain close to the in-domain result under a meaning-preserving template change.,5,B000EMROT4,0.3415974974632263,data/fashioniq/images/B000EMROT4.jpg,0,0.3653828203678131,0.021659284830093384,outputs/hallucination/shirt/contact_sheets/shirt_q06.jpg
shirt_q06_s03,shirt_q06,identity,shirt,1175,B00B1FCGFU,B000F5LTXW,is blue with image of dolphins [SEP] is closer to blue,"Keep the garment exactly as it is; do not change its color, shape, material, or details.",Preserve the source garment; returning a visually close neighbour is preferable.,1,B00FJ5IABW,0.2566397190093994,data/fashioniq/images/B00FJ5IABW.jpg,0,0.2566397190093994,0.008486807346343994,outputs/hallucination/shirt/contact_sheets/shirt_q06.jpg
shirt_q06_s03,shirt_q06,identity,shirt,1175,B00B1FCGFU,B000F5LTXW,is blue with image of dolphins [SEP] is closer to blue,"Keep the garment exactly as it is; do not change its color, shape, material, or details.",Preserve the source garment; returning a visually close neighbour is preferable.,2,B00C4XARMM,0.24815291166305542,data/fashioniq/images/B00C4XARMM.jpg,0,0.2566397190093994,0.008486807346343994,outputs/hallucination/shirt/contact_sheets/shirt_q06.jpg
shirt_q06_s03,shirt_q06,identity,shirt,1175,B00B1FCGFU,B000F5LTXW,is blue with image of dolphins [SEP] is closer to blue,"Keep the garment exactly as it is; do not change its color, shape, material, or details.",Preserve the source garment; returning a visually close neighbour is preferable.,3,B00BNRB4R2,0.24744264781475067,data/fashioniq/images/B00BNRB4R2.jpg,0,0.2566397190093994,0.008486807346343994,outputs/hallucination/shirt/contact_sheets/shirt_q06.jpg
shirt_q06_s03,shirt_q06,identity,shirt,1175,B00B1FCGFU,B000F5LTXW,is blue with image of dolphins [SEP] is closer to blue,"Keep the garment exactly as it is; do not change its color, shape, material, or details.",Preserve the source garment; returning a visually close neighbour is preferable.,4,B000MVCNXO,0.2473815679550171,data/fashioniq/images/B000MVCNXO.jpg,0,0.2566397190093994,0.008486807346343994,outputs/hallucination/shirt/contact_sheets/shirt_q06.jpg
shirt_q06_s03,shirt_q06,identity,shirt,1175,B00B1FCGFU,B000F5LTXW,is blue with image of dolphins [SEP] is closer to blue,"Keep the garment exactly as it is; do not change its color, shape, material, or details.",Preserve the source garment; returning a visually close neighbour is preferable.,5,B0072D9SJ2,0.2451116293668747,data/fashioniq/images/B0072D9SJ2.jpg,0,0.2566397190093994,0.008486807346343994,outputs/hallucination/shirt/contact_sheets/shirt_q06.jpg
shirt_q06_s04,shirt_q06,contradiction,shirt,1175,B00B1FCGFU,B000F5LTXW,is blue with image of dolphins [SEP] is closer to blue,"Make it both sleeveless and long-sleeved, and make it both shorter and longer.",No gallery item can satisfy every mutually contradictory requirement.,1,B00CLJ18BS,0.2761498689651489,data/fashioniq/images/B00CLJ18BS.jpg,0,0.2761498689651489,0.004604339599609375,outputs/hallucination/shirt/contact_sheets/shirt_q06.jpg
shirt_q06_s04,shirt_q06,contradiction,shirt,1175,B00B1FCGFU,B000F5LTXW,is blue with image of dolphins [SEP] is closer to blue,"Make it both sleeveless and long-sleeved, and make it both shorter and longer.",No gallery item can satisfy every mutually contradictory requirement.,2,B004U6LOTG,0.27154552936553955,data/fashioniq/images/B004U6LOTG.jpg,0,0.2761498689651489,0.004604339599609375,outputs/hallucination/shirt/contact_sheets/shirt_q06.jpg
shirt_q06_s04,shirt_q06,contradiction,shirt,1175,B00B1FCGFU,B000F5LTXW,is blue with image of dolphins [SEP] is closer to blue,"Make it both sleeveless and long-sleeved, and make it both shorter and longer.",No gallery item can satisfy every mutually contradictory requirement.,3,B007JBFI4Q,0.2703443467617035,data/fashioniq/images/B007JBFI4Q.jpg,0,0.2761498689651489,0.004604339599609375,outputs/hallucination/shirt/contact_sheets/shirt_q06.jpg
shirt_q06_s04,shirt_q06,contradiction,shirt,1175,B00B1FCGFU,B000F5LTXW,is blue with image of dolphins [SEP] is closer to blue,"Make it both sleeveless and long-sleeved, and make it both shorter and longer.",No gallery item can satisfy every mutually contradictory requirement.,4,B002H09Z4I,0.24453546106815338,data/fashioniq/images/B002H09Z4I.jpg,0,0.2761498689651489,0.004604339599609375,outputs/hallucination/shirt/contact_sheets/shirt_q06.jpg
shirt_q06_s04,shirt_q06,contradiction,shirt,1175,B00B1FCGFU,B000F5LTXW,is blue with image of dolphins [SEP] is closer to blue,"Make it both sleeveless and long-sleeved, and make it both shorter and longer.",No gallery item can satisfy every mutually contradictory requirement.,5,B009PTECLU,0.2435092031955719,data/fashioniq/images/B009PTECLU.jpg,0,0.2761498689651489,0.004604339599609375,outputs/hallucination/shirt/contact_sheets/shirt_q06.jpg
shirt_q06_s05,shirt_q06,ood,shirt,1175,B00B1FCGFU,B000F5LTXW,is blue with image of dolphins [SEP] is closer to blue,"Make it play jazz music, increase its battery life, and make it smell like rain.",The request is outside the fashion-image domain; high-confidence visual compliance is unsupported.,1,B001UK1WWY,0.29386037588119507,data/fashioniq/images/B001UK1WWY.jpg,0,0.29386037588119507,0.007979989051818848,outputs/hallucination/shirt/contact_sheets/shirt_q06.jpg
shirt_q06_s05,shirt_q06,ood,shirt,1175,B00B1FCGFU,B000F5LTXW,is blue with image of dolphins [SEP] is closer to blue,"Make it play jazz music, increase its battery life, and make it smell like rain.",The request is outside the fashion-image domain; high-confidence visual compliance is unsupported.,2,B000EHL3WS,0.2858803868293762,data/fashioniq/images/B000EHL3WS.jpg,0,0.29386037588119507,0.007979989051818848,outputs/hallucination/shirt/contact_sheets/shirt_q06.jpg
shirt_q06_s05,shirt_q06,ood,shirt,1175,B00B1FCGFU,B000F5LTXW,is blue with image of dolphins [SEP] is closer to blue,"Make it play jazz music, increase its battery life, and make it smell like rain.",The request is outside the fashion-image domain; high-confidence visual compliance is unsupported.,3,B000NPJ9H2,0.2844640016555786,data/fashioniq/images/B000NPJ9H2.jpg,0,0.29386037588119507,0.007979989051818848,outputs/hallucination/shirt/contact_sheets/shirt_q06.jpg
shirt_q06_s05,shirt_q06,ood,shirt,1175,B00B1FCGFU,B000F5LTXW,is blue with image of dolphins [SEP] is closer to blue,"Make it play jazz music, increase its battery life, and make it smell like rain.",The request is outside the fashion-image domain; high-confidence visual compliance is unsupported.,4,B003CNVMH2,0.2783932387828827,data/fashioniq/images/B003CNVMH2.jpg,0,0.29386037588119507,0.007979989051818848,outputs/hallucination/shirt/contact_sheets/shirt_q06.jpg
shirt_q06_s05,shirt_q06,ood,shirt,1175,B00B1FCGFU,B000F5LTXW,is blue with image of dolphins [SEP] is closer to blue,"Make it play jazz music, increase its battery life, and make it smell like rain.",The request is outside the fashion-image domain; high-confidence visual compliance is unsupported.,5,B004UIOL3K,0.27780526876449585,data/fashioniq/images/B004UIOL3K.jpg,0,0.29386037588119507,0.007979989051818848,outputs/hallucination/shirt/contact_sheets/shirt_q06.jpg
shirt_q06_s06,shirt_q06,unsatisfiable,shirt,1175,B00B1FCGFU,B000F5LTXW,is blue with image of dolphins [SEP] is closer to blue,Turn it into a transparent glass garment with animated flames and invisible fabric.,The fixed FashionIQ gallery is not expected to contain a full match.,1,B009ZYOM60,0.31497329473495483,data/fashioniq/images/B009ZYOM60.jpg,0,0.31497329473495483,0.00972968339920044,outputs/hallucination/shirt/contact_sheets/shirt_q06.jpg
shirt_q06_s06,shirt_q06,unsatisfiable,shirt,1175,B00B1FCGFU,B000F5LTXW,is blue with image of dolphins [SEP] is closer to blue,Turn it into a transparent glass garment with animated flames and invisible fabric.,The fixed FashionIQ gallery is not expected to contain a full match.,2,B000EHL3WS,0.3052436113357544,data/fashioniq/images/B000EHL3WS.jpg,0,0.31497329473495483,0.00972968339920044,outputs/hallucination/shirt/contact_sheets/shirt_q06.jpg
shirt_q06_s06,shirt_q06,unsatisfiable,shirt,1175,B00B1FCGFU,B000F5LTXW,is blue with image of dolphins [SEP] is closer to blue,Turn it into a transparent glass garment with animated flames and invisible fabric.,The fixed FashionIQ gallery is not expected to contain a full match.,3,B001UK1WWY,0.3006506562232971,data/fashioniq/images/B001UK1WWY.jpg,0,0.31497329473495483,0.00972968339920044,outputs/hallucination/shirt/contact_sheets/shirt_q06.jpg
shirt_q06_s06,shirt_q06,unsatisfiable,shirt,1175,B00B1FCGFU,B000F5LTXW,is blue with image of dolphins [SEP] is closer to blue,Turn it into a transparent glass garment with animated flames and invisible fabric.,The fixed FashionIQ gallery is not expected to contain a full match.,4,B004UIOL3K,0.2860960364341736,data/fashioniq/images/B004UIOL3K.jpg,0,0.31497329473495483,0.00972968339920044,outputs/hallucination/shirt/contact_sheets/shirt_q06.jpg
shirt_q06_s06,shirt_q06,unsatisfiable,shirt,1175,B00B1FCGFU,B000F5LTXW,is blue with image of dolphins [SEP] is closer to blue,Turn it into a transparent glass garment with animated flames and invisible fabric.,The fixed FashionIQ gallery is not expected to contain a full match.,5,B000MVCNXO,0.2720378637313843,data/fashioniq/images/B000MVCNXO.jpg,0,0.31497329473495483,0.00972968339920044,outputs/hallucination/shirt/contact_sheets/shirt_q06.jpg
shirt_q07_s01,shirt_q07,in_domain,shirt,1074,B0095VZ8JI,B008MHFJIQ,Is less animal-like and more wordy [SEP] has a white chest logo,Is less animal-like and more wordy [SEP] has a white chest logo,Retrieve garments that satisfy the original FashionIQ modification.,1,B00CLXRI90,0.24381758272647858,data/fashioniq/images/B00CLXRI90.jpg,0,0.24381758272647858,0.012233272194862366,outputs/hallucination/shirt/contact_sheets/shirt_q07.jpg
shirt_q07_s01,shirt_q07,in_domain,shirt,1074,B0095VZ8JI,B008MHFJIQ,Is less animal-like and more wordy [SEP] has a white chest logo,Is less animal-like and more wordy [SEP] has a white chest logo,Retrieve garments that satisfy the original FashionIQ modification.,2,B004U7HY8U,0.2315843105316162,data/fashioniq/images/B004U7HY8U.jpg,0,0.24381758272647858,0.012233272194862366,outputs/hallucination/shirt/contact_sheets/shirt_q07.jpg
shirt_q07_s01,shirt_q07,in_domain,shirt,1074,B0095VZ8JI,B008MHFJIQ,Is less animal-like and more wordy [SEP] has a white chest logo,Is less animal-like and more wordy [SEP] has a white chest logo,Retrieve garments that satisfy the original FashionIQ modification.,3,B000FFB8D8,0.22575728595256805,data/fashioniq/images/B000FFB8D8.jpg,0,0.24381758272647858,0.012233272194862366,outputs/hallucination/shirt/contact_sheets/shirt_q07.jpg
shirt_q07_s01,shirt_q07,in_domain,shirt,1074,B0095VZ8JI,B008MHFJIQ,Is less animal-like and more wordy [SEP] has a white chest logo,Is less animal-like and more wordy [SEP] has a white chest logo,Retrieve garments that satisfy the original FashionIQ modification.,4,B009VI0H7S,0.22215232253074646,data/fashioniq/images/B009VI0H7S.jpg,0,0.24381758272647858,0.012233272194862366,outputs/hallucination/shirt/contact_sheets/shirt_q07.jpg
shirt_q07_s01,shirt_q07,in_domain,shirt,1074,B0095VZ8JI,B008MHFJIQ,Is less animal-like and more wordy [SEP] has a white chest logo,Is less animal-like and more wordy [SEP] has a white chest logo,Retrieve garments that satisfy the original FashionIQ modification.,5,B000Z3V2JA,0.21805737912654877,data/fashioniq/images/B000Z3V2JA.jpg,0,0.24381758272647858,0.012233272194862366,outputs/hallucination/shirt/contact_sheets/shirt_q07.jpg
shirt_q07_s02,shirt_q07,paraphrase,shirt,1074,B0095VZ8JI,B008MHFJIQ,Is less animal-like and more wordy [SEP] has a white chest logo,"Apply these requested changes: Is less animal-like and more wordy; also, has a white chest logo.",Remain close to the in-domain result under a meaning-preserving template change.,1,B005KMKG9S,0.24932131171226501,data/fashioniq/images/B005KMKG9S.jpg,0,0.24932131171226501,0.002984970808029175,outputs/hallucination/shirt/contact_sheets/shirt_q07.jpg
shirt_q07_s02,shirt_q07,paraphrase,shirt,1074,B0095VZ8JI,B008MHFJIQ,Is less animal-like and more wordy [SEP] has a white chest logo,"Apply these requested changes: Is less animal-like and more wordy; also, has a white chest logo.",Remain close to the in-domain result under a meaning-preserving template change.,2,B009EXKQEY,0.24633634090423584,data/fashioniq/images/B009EXKQEY.jpg,0,0.24932131171226501,0.002984970808029175,outputs/hallucination/shirt/contact_sheets/shirt_q07.jpg
shirt_q07_s02,shirt_q07,paraphrase,shirt,1074,B0095VZ8JI,B008MHFJIQ,Is less animal-like and more wordy [SEP] has a white chest logo,"Apply these requested changes: Is less animal-like and more wordy; also, has a white chest logo.",Remain close to the in-domain result under a meaning-preserving template change.,3,B009VI0H7S,0.23969650268554688,data/fashioniq/images/B009VI0H7S.jpg,0,0.24932131171226501,0.002984970808029175,outputs/hallucination/shirt/contact_sheets/shirt_q07.jpg
shirt_q07_s02,shirt_q07,paraphrase,shirt,1074,B0095VZ8JI,B008MHFJIQ,Is less animal-like and more wordy [SEP] has a white chest logo,"Apply these requested changes: Is less animal-like and more wordy; also, has a white chest logo.",Remain close to the in-domain result under a meaning-preserving template change.,4,B00DPOJCL6,0.23720470070838928,data/fashioniq/images/B00DPOJCL6.jpg,0,0.24932131171226501,0.002984970808029175,outputs/hallucination/shirt/contact_sheets/shirt_q07.jpg
shirt_q07_s02,shirt_q07,paraphrase,shirt,1074,B0095VZ8JI,B008MHFJIQ,Is less animal-like and more wordy [SEP] has a white chest logo,"Apply these requested changes: Is less animal-like and more wordy; also, has a white chest logo.",Remain close to the in-domain result under a meaning-preserving template change.,5,B0017QFRF4,0.23416286706924438,data/fashioniq/images/B0017QFRF4.jpg,0,0.24932131171226501,0.002984970808029175,outputs/hallucination/shirt/contact_sheets/shirt_q07.jpg
shirt_q07_s03,shirt_q07,identity,shirt,1074,B0095VZ8JI,B008MHFJIQ,Is less animal-like and more wordy [SEP] has a white chest logo,"Keep the garment exactly as it is; do not change its color, shape, material, or details.",Preserve the source garment; returning a visually close neighbour is preferable.,1,B009ZGPRMQ,0.31934839487075806,data/fashioniq/images/B009ZGPRMQ.jpg,0,0.31934839487075806,0.01519012451171875,outputs/hallucination/shirt/contact_sheets/shirt_q07.jpg
shirt_q07_s03,shirt_q07,identity,shirt,1074,B0095VZ8JI,B008MHFJIQ,Is less animal-like and more wordy [SEP] has a white chest logo,"Keep the garment exactly as it is; do not change its color, shape, material, or details.",Preserve the source garment; returning a visually close neighbour is preferable.,2,B00BNRB4R2,0.3041582703590393,data/fashioniq/images/B00BNRB4R2.jpg,0,0.31934839487075806,0.01519012451171875,outputs/hallucination/shirt/contact_sheets/shirt_q07.jpg
shirt_q07_s03,shirt_q07,identity,shirt,1074,B0095VZ8JI,B008MHFJIQ,Is less animal-like and more wordy [SEP] has a white chest logo,"Keep the garment exactly as it is; do not change its color, shape, material, or details.",Preserve the source garment; returning a visually close neighbour is preferable.,3,B0099812DI,0.29082614183425903,data/fashioniq/images/B0099812DI.jpg,0,0.31934839487075806,0.01519012451171875,outputs/hallucination/shirt/contact_sheets/shirt_q07.jpg
shirt_q07_s03,shirt_q07,identity,shirt,1074,B0095VZ8JI,B008MHFJIQ,Is less animal-like and more wordy [SEP] has a white chest logo,"Keep the garment exactly as it is; do not change its color, shape, material, or details.",Preserve the source garment; returning a visually close neighbour is preferable.,4,B005JEKZ1Q,0.28897809982299805,data/fashioniq/images/B005JEKZ1Q.jpg,0,0.31934839487075806,0.01519012451171875,outputs/hallucination/shirt/contact_sheets/shirt_q07.jpg
shirt_q07_s03,shirt_q07,identity,shirt,1074,B0095VZ8JI,B008MHFJIQ,Is less animal-like and more wordy [SEP] has a white chest logo,"Keep the garment exactly as it is; do not change its color, shape, material, or details.",Preserve the source garment; returning a visually close neighbour is preferable.,5,B000RQO9S6,0.28779149055480957,data/fashioniq/images/B000RQO9S6.jpg,0,0.31934839487075806,0.01519012451171875,outputs/hallucination/shirt/contact_sheets/shirt_q07.jpg
shirt_q07_s04,shirt_q07,contradiction,shirt,1074,B0095VZ8JI,B008MHFJIQ,Is less animal-like and more wordy [SEP] has a white chest logo,"Make it both sleeveless and long-sleeved, and make it both shorter and longer.",No gallery item can satisfy every mutually contradictory requirement.,1,B000ICIB4M,0.2696670889854431,data/fashioniq/images/B000ICIB4M.jpg,0,0.2696670889854431,0.014073312282562256,outputs/hallucination/shirt/contact_sheets/shirt_q07.jpg
shirt_q07_s04,shirt_q07,contradiction,shirt,1074,B0095VZ8JI,B008MHFJIQ,Is less animal-like and more wordy [SEP] has a white chest logo,"Make it both sleeveless and long-sleeved, and make it both shorter and longer.",No gallery item can satisfy every mutually contradictory requirement.,2,B00C68VOYA,0.25559377670288086,data/fashioniq/images/B00C68VOYA.jpg,0,0.2696670889854431,0.014073312282562256,outputs/hallucination/shirt/contact_sheets/shirt_q07.jpg
shirt_q07_s04,shirt_q07,contradiction,shirt,1074,B0095VZ8JI,B008MHFJIQ,Is less animal-like and more wordy [SEP] has a white chest logo,"Make it both sleeveless and long-sleeved, and make it both shorter and longer.",No gallery item can satisfy every mutually contradictory requirement.,3,B004U28BBY,0.2529328465461731,data/fashioniq/images/B004U28BBY.jpg,0,0.2696670889854431,0.014073312282562256,outputs/hallucination/shirt/contact_sheets/shirt_q07.jpg
shirt_q07_s04,shirt_q07,contradiction,shirt,1074,B0095VZ8JI,B008MHFJIQ,Is less animal-like and more wordy [SEP] has a white chest logo,"Make it both sleeveless and long-sleeved, and make it both shorter and longer.",No gallery item can satisfy every mutually contradictory requirement.,4,B008AYYVVM,0.24964286386966705,data/fashioniq/images/B008AYYVVM.jpg,0,0.2696670889854431,0.014073312282562256,outputs/hallucination/shirt/contact_sheets/shirt_q07.jpg
shirt_q07_s04,shirt_q07,contradiction,shirt,1074,B0095VZ8JI,B008MHFJIQ,Is less animal-like and more wordy [SEP] has a white chest logo,"Make it both sleeveless and long-sleeved, and make it both shorter and longer.",No gallery item can satisfy every mutually contradictory requirement.,5,B00BMNQ922,0.2444634586572647,data/fashioniq/images/B00BMNQ922.jpg,0,0.2696670889854431,0.014073312282562256,outputs/hallucination/shirt/contact_sheets/shirt_q07.jpg
shirt_q07_s05,shirt_q07,ood,shirt,1074,B0095VZ8JI,B008MHFJIQ,Is less animal-like and more wordy [SEP] has a white chest logo,"Make it play jazz music, increase its battery life, and make it smell like rain.",The request is outside the fashion-image domain; high-confidence visual compliance is unsupported.,1,B009ZGPRMQ,0.29736992716789246,data/fashioniq/images/B009ZGPRMQ.jpg,0,0.29736992716789246,0.0036035478115081787,outputs/hallucination/shirt/contact_sheets/shirt_q07.jpg
shirt_q07_s05,shirt_q07,ood,shirt,1074,B0095VZ8JI,B008MHFJIQ,Is less animal-like and more wordy [SEP] has a white chest logo,"Make it play jazz music, increase its battery life, and make it smell like rain.",The request is outside the fashion-image domain; high-confidence visual compliance is unsupported.,2,B004TI2NTU,0.2937663793563843,data/fashioniq/images/B004TI2NTU.jpg,0,0.29736992716789246,0.0036035478115081787,outputs/hallucination/shirt/contact_sheets/shirt_q07.jpg
shirt_q07_s05,shirt_q07,ood,shirt,1074,B0095VZ8JI,B008MHFJIQ,Is less animal-like and more wordy [SEP] has a white chest logo,"Make it play jazz music, increase its battery life, and make it smell like rain.",The request is outside the fashion-image domain; high-confidence visual compliance is unsupported.,3,B00AFJK8E4,0.28673380613327026,data/fashioniq/images/B00AFJK8E4.jpg,0,0.29736992716789246,0.0036035478115081787,outputs/hallucination/shirt/contact_sheets/shirt_q07.jpg
shirt_q07_s05,shirt_q07,ood,shirt,1074,B0095VZ8JI,B008MHFJIQ,Is less animal-like and more wordy [SEP] has a white chest logo,"Make it play jazz music, increase its battery life, and make it smell like rain.",The request is outside the fashion-image domain; high-confidence visual compliance is unsupported.,4,B00773L4K8,0.28516247868537903,data/fashioniq/images/B00773L4K8.jpg,0,0.29736992716789246,0.0036035478115081787,outputs/hallucination/shirt/contact_sheets/shirt_q07.jpg
shirt_q07_s05,shirt_q07,ood,shirt,1074,B0095VZ8JI,B008MHFJIQ,Is less animal-like and more wordy [SEP] has a white chest logo,"Make it play jazz music, increase its battery life, and make it smell like rain.",The request is outside the fashion-image domain; high-confidence visual compliance is unsupported.,5,B00774HWNA,0.27827802300453186,data/fashioniq/images/B00774HWNA.jpg,0,0.29736992716789246,0.0036035478115081787,outputs/hallucination/shirt/contact_sheets/shirt_q07.jpg
shirt_q07_s06,shirt_q07,unsatisfiable,shirt,1074,B0095VZ8JI,B008MHFJIQ,Is less animal-like and more wordy [SEP] has a white chest logo,Turn it into a transparent glass garment with animated flames and invisible fabric.,The fixed FashionIQ gallery is not expected to contain a full match.,1,B00BGJ4OQA,0.2531203031539917,data/fashioniq/images/B00BGJ4OQA.jpg,0,0.2531203031539917,0.005082964897155762,outputs/hallucination/shirt/contact_sheets/shirt_q07.jpg
shirt_q07_s06,shirt_q07,unsatisfiable,shirt,1074,B0095VZ8JI,B008MHFJIQ,Is less animal-like and more wordy [SEP] has a white chest logo,Turn it into a transparent glass garment with animated flames and invisible fabric.,The fixed FashionIQ gallery is not expected to contain a full match.,2,B0036UG48S,0.24803733825683594,data/fashioniq/images/B0036UG48S.jpg,0,0.2531203031539917,0.005082964897155762,outputs/hallucination/shirt/contact_sheets/shirt_q07.jpg
shirt_q07_s06,shirt_q07,unsatisfiable,shirt,1074,B0095VZ8JI,B008MHFJIQ,Is less animal-like and more wordy [SEP] has a white chest logo,Turn it into a transparent glass garment with animated flames and invisible fabric.,The fixed FashionIQ gallery is not expected to contain a full match.,3,B009ZGNERG,0.24328163266181946,data/fashioniq/images/B009ZGNERG.jpg,0,0.2531203031539917,0.005082964897155762,outputs/hallucination/shirt/contact_sheets/shirt_q07.jpg
shirt_q07_s06,shirt_q07,unsatisfiable,shirt,1074,B0095VZ8JI,B008MHFJIQ,Is less animal-like and more wordy [SEP] has a white chest logo,Turn it into a transparent glass garment with animated flames and invisible fabric.,The fixed FashionIQ gallery is not expected to contain a full match.,4,B00BNRB4R2,0.2416631281375885,data/fashioniq/images/B00BNRB4R2.jpg,0,0.2531203031539917,0.005082964897155762,outputs/hallucination/shirt/contact_sheets/shirt_q07.jpg
shirt_q07_s06,shirt_q07,unsatisfiable,shirt,1074,B0095VZ8JI,B008MHFJIQ,Is less animal-like and more wordy [SEP] has a white chest logo,Turn it into a transparent glass garment with animated flames and invisible fabric.,The fixed FashionIQ gallery is not expected to contain a full match.,5,B004BNNGUS,0.23590727150440216,data/fashioniq/images/B004BNNGUS.jpg,0,0.2531203031539917,0.005082964897155762,outputs/hallucination/shirt/contact_sheets/shirt_q07.jpg
shirt_q08_s01,shirt_q08,in_domain,shirt,1092,B00AOJHO56,245600258X,Has a Hawaii summery feel with more colors [SEP] has more colors and more graphics,Has a Hawaii summery feel with more colors [SEP] has more colors and more graphics,Retrieve garments that satisfy the original FashionIQ modification.,1,B004P8CIT4,0.36594158411026,data/fashioniq/images/B004P8CIT4.jpg,0,0.36594158411026,0.01996442675590515,outputs/hallucination/shirt/contact_sheets/shirt_q08.jpg
shirt_q08_s01,shirt_q08,in_domain,shirt,1092,B00AOJHO56,245600258X,Has a Hawaii summery feel with more colors [SEP] has more colors and more graphics,Has a Hawaii summery feel with more colors [SEP] has more colors and more graphics,Retrieve garments that satisfy the original FashionIQ modification.,2,B00BT90QDW,0.34597715735435486,data/fashioniq/images/B00BT90QDW.jpg,0,0.36594158411026,0.01996442675590515,outputs/hallucination/shirt/contact_sheets/shirt_q08.jpg
shirt_q08_s01,shirt_q08,in_domain,shirt,1092,B00AOJHO56,245600258X,Has a Hawaii summery feel with more colors [SEP] has more colors and more graphics,Has a Hawaii summery feel with more colors [SEP] has more colors and more graphics,Retrieve garments that satisfy the original FashionIQ modification.,3,B0081SF8U0,0.34332674741744995,data/fashioniq/images/B0081SF8U0.jpg,0,0.36594158411026,0.01996442675590515,outputs/hallucination/shirt/contact_sheets/shirt_q08.jpg
shirt_q08_s01,shirt_q08,in_domain,shirt,1092,B00AOJHO56,245600258X,Has a Hawaii summery feel with more colors [SEP] has more colors and more graphics,Has a Hawaii summery feel with more colors [SEP] has more colors and more graphics,Retrieve garments that satisfy the original FashionIQ modification.,4,B001MT5QAM,0.34208762645721436,data/fashioniq/images/B001MT5QAM.jpg,0,0.36594158411026,0.01996442675590515,outputs/hallucination/shirt/contact_sheets/shirt_q08.jpg
shirt_q08_s01,shirt_q08,in_domain,shirt,1092,B00AOJHO56,245600258X,Has a Hawaii summery feel with more colors [SEP] has more colors and more graphics,Has a Hawaii summery feel with more colors [SEP] has more colors and more graphics,Retrieve garments that satisfy the original FashionIQ modification.,5,B005JQN9C6,0.3353814482688904,data/fashioniq/images/B005JQN9C6.jpg,0,0.36594158411026,0.01996442675590515,outputs/hallucination/shirt/contact_sheets/shirt_q08.jpg
shirt_q08_s02,shirt_q08,paraphrase,shirt,1092,B00AOJHO56,245600258X,Has a Hawaii summery feel with more colors [SEP] has more colors and more graphics,"Apply these requested changes: Has a Hawaii summery feel with more colors; also, has more colors and more graphics.",Remain close to the in-domain result under a meaning-preserving template change.,1,B00BT90QDW,0.3551466166973114,data/fashioniq/images/B00BT90QDW.jpg,0,0.3551466166973114,0.008136361837387085,outputs/hallucination/shirt/contact_sheets/shirt_q08.jpg
shirt_q08_s02,shirt_q08,paraphrase,shirt,1092,B00AOJHO56,245600258X,Has a Hawaii summery feel with more colors [SEP] has more colors and more graphics,"Apply these requested changes: Has a Hawaii summery feel with more colors; also, has more colors and more graphics.",Remain close to the in-domain result under a meaning-preserving template change.,2,B004P8CIT4,0.3470102548599243,data/fashioniq/images/B004P8CIT4.jpg,0,0.3551466166973114,0.008136361837387085,outputs/hallucination/shirt/contact_sheets/shirt_q08.jpg
shirt_q08_s02,shirt_q08,paraphrase,shirt,1092,B00AOJHO56,245600258X,Has a Hawaii summery feel with more colors [SEP] has more colors and more graphics,"Apply these requested changes: Has a Hawaii summery feel with more colors; also, has more colors and more graphics.",Remain close to the in-domain result under a meaning-preserving template change.,3,B0081SF8U0,0.32664960622787476,data/fashioniq/images/B0081SF8U0.jpg,0,0.3551466166973114,0.008136361837387085,outputs/hallucination/shirt/contact_sheets/shirt_q08.jpg
shirt_q08_s02,shirt_q08,paraphrase,shirt,1092,B00AOJHO56,245600258X,Has a Hawaii summery feel with more colors [SEP] has more colors and more graphics,"Apply these requested changes: Has a Hawaii summery feel with more colors; also, has more colors and more graphics.",Remain close to the in-domain result under a meaning-preserving template change.,4,B00AYVSZ4I,0.31934118270874023,data/fashioniq/images/B00AYVSZ4I.jpg,0,0.3551466166973114,0.008136361837387085,outputs/hallucination/shirt/contact_sheets/shirt_q08.jpg
shirt_q08_s02,shirt_q08,paraphrase,shirt,1092,B00AOJHO56,245600258X,Has a Hawaii summery feel with more colors [SEP] has more colors and more graphics,"Apply these requested changes: Has a Hawaii summery feel with more colors; also, has more colors and more graphics.",Remain close to the in-domain result under a meaning-preserving template change.,5,B002DP8NB8,0.3173341751098633,data/fashioniq/images/B002DP8NB8.jpg,0,0.3551466166973114,0.008136361837387085,outputs/hallucination/shirt/contact_sheets/shirt_q08.jpg
shirt_q08_s03,shirt_q08,identity,shirt,1092,B00AOJHO56,245600258X,Has a Hawaii summery feel with more colors [SEP] has more colors and more graphics,"Keep the garment exactly as it is; do not change its color, shape, material, or details.",Preserve the source garment; returning a visually close neighbour is preferable.,1,B00AY2FULS,0.2859046459197998,data/fashioniq/images/B00AY2FULS.jpg,0,0.2859046459197998,0.010142475366592407,outputs/hallucination/shirt/contact_sheets/shirt_q08.jpg
shirt_q08_s03,shirt_q08,identity,shirt,1092,B00AOJHO56,245600258X,Has a Hawaii summery feel with more colors [SEP] has more colors and more graphics,"Keep the garment exactly as it is; do not change its color, shape, material, or details.",Preserve the source garment; returning a visually close neighbour is preferable.,2,B0079085BA,0.2757621705532074,data/fashioniq/images/B0079085BA.jpg,0,0.2859046459197998,0.010142475366592407,outputs/hallucination/shirt/contact_sheets/shirt_q08.jpg
shirt_q08_s03,shirt_q08,identity,shirt,1092,B00AOJHO56,245600258X,Has a Hawaii summery feel with more colors [SEP] has more colors and more graphics,"Keep the garment exactly as it is; do not change its color, shape, material, or details.",Preserve the source garment; returning a visually close neighbour is preferable.,3,B0070HAKL0,0.2755316495895386,data/fashioniq/images/B0070HAKL0.jpg,0,0.2859046459197998,0.010142475366592407,outputs/hallucination/shirt/contact_sheets/shirt_q08.jpg
shirt_q08_s03,shirt_q08,identity,shirt,1092,B00AOJHO56,245600258X,Has a Hawaii summery feel with more colors [SEP] has more colors and more graphics,"Keep the garment exactly as it is; do not change its color, shape, material, or details.",Preserve the source garment; returning a visually close neighbour is preferable.,4,B008STCL4I,0.27279654145240784,data/fashioniq/images/B008STCL4I.jpg,0,0.2859046459197998,0.010142475366592407,outputs/hallucination/shirt/contact_sheets/shirt_q08.jpg
shirt_q08_s03,shirt_q08,identity,shirt,1092,B00AOJHO56,245600258X,Has a Hawaii summery feel with more colors [SEP] has more colors and more graphics,"Keep the garment exactly as it is; do not change its color, shape, material, or details.",Preserve the source garment; returning a visually close neighbour is preferable.,5,B006HZH9MY,0.2611420154571533,data/fashioniq/images/B006HZH9MY.jpg,0,0.2859046459197998,0.010142475366592407,outputs/hallucination/shirt/contact_sheets/shirt_q08.jpg
shirt_q08_s04,shirt_q08,contradiction,shirt,1092,B00AOJHO56,245600258X,Has a Hawaii summery feel with more colors [SEP] has more colors and more graphics,"Make it both sleeveless and long-sleeved, and make it both shorter and longer.",No gallery item can satisfy every mutually contradictory requirement.,1,B009LM4LYO,0.2817302346229553,data/fashioniq/images/B009LM4LYO.jpg,0,0.2817302346229553,0.018442749977111816,outputs/hallucination/shirt/contact_sheets/shirt_q08.jpg
shirt_q08_s04,shirt_q08,contradiction,shirt,1092,B00AOJHO56,245600258X,Has a Hawaii summery feel with more colors [SEP] has more colors and more graphics,"Make it both sleeveless and long-sleeved, and make it both shorter and longer.",No gallery item can satisfy every mutually contradictory requirement.,2,B0002X4JHK,0.2632874846458435,data/fashioniq/images/B0002X4JHK.jpg,0,0.2817302346229553,0.018442749977111816,outputs/hallucination/shirt/contact_sheets/shirt_q08.jpg
shirt_q08_s04,shirt_q08,contradiction,shirt,1092,B00AOJHO56,245600258X,Has a Hawaii summery feel with more colors [SEP] has more colors and more graphics,"Make it both sleeveless and long-sleeved, and make it both shorter and longer.",No gallery item can satisfy every mutually contradictory requirement.,3,B007K1GB46,0.2625548243522644,data/fashioniq/images/B007K1GB46.jpg,0,0.2817302346229553,0.018442749977111816,outputs/hallucination/shirt/contact_sheets/shirt_q08.jpg
shirt_q08_s04,shirt_q08,contradiction,shirt,1092,B00AOJHO56,245600258X,Has a Hawaii summery feel with more colors [SEP] has more colors and more graphics,"Make it both sleeveless and long-sleeved, and make it both shorter and longer.",No gallery item can satisfy every mutually contradictory requirement.,4,B00GGNHQ4S,0.25296369194984436,data/fashioniq/images/B00GGNHQ4S.jpg,0,0.2817302346229553,0.018442749977111816,outputs/hallucination/shirt/contact_sheets/shirt_q08.jpg
shirt_q08_s04,shirt_q08,contradiction,shirt,1092,B00AOJHO56,245600258X,Has a Hawaii summery feel with more colors [SEP] has more colors and more graphics,"Make it both sleeveless and long-sleeved, and make it both shorter and longer.",No gallery item can satisfy every mutually contradictory requirement.,5,B0059D0Q9I,0.24285286664962769,data/fashioniq/images/B0059D0Q9I.jpg,0,0.2817302346229553,0.018442749977111816,outputs/hallucination/shirt/contact_sheets/shirt_q08.jpg
shirt_q08_s05,shirt_q08,ood,shirt,1092,B00AOJHO56,245600258X,Has a Hawaii summery feel with more colors [SEP] has more colors and more graphics,"Make it play jazz music, increase its battery life, and make it smell like rain.",The request is outside the fashion-image domain; high-confidence visual compliance is unsupported.,1,B004Z2OHIA,0.2498236745595932,data/fashioniq/images/B004Z2OHIA.jpg,0,0.2498236745595932,0.005200251936912537,outputs/hallucination/shirt/contact_sheets/shirt_q08.jpg
shirt_q08_s05,shirt_q08,ood,shirt,1092,B00AOJHO56,245600258X,Has a Hawaii summery feel with more colors [SEP] has more colors and more graphics,"Make it play jazz music, increase its battery life, and make it smell like rain.",The request is outside the fashion-image domain; high-confidence visual compliance is unsupported.,2,B008T479JO,0.24462342262268066,data/fashioniq/images/B008T479JO.jpg,0,0.2498236745595932,0.005200251936912537,outputs/hallucination/shirt/contact_sheets/shirt_q08.jpg
shirt_q08_s05,shirt_q08,ood,shirt,1092,B00AOJHO56,245600258X,Has a Hawaii summery feel with more colors [SEP] has more colors and more graphics,"Make it play jazz music, increase its battery life, and make it smell like rain.",The request is outside the fashion-image domain; high-confidence visual compliance is unsupported.,3,B001CKECFQ,0.23621417582035065,data/fashioniq/images/B001CKECFQ.jpg,0,0.2498236745595932,0.005200251936912537,outputs/hallucination/shirt/contact_sheets/shirt_q08.jpg
shirt_q08_s05,shirt_q08,ood,shirt,1092,B00AOJHO56,245600258X,Has a Hawaii summery feel with more colors [SEP] has more colors and more graphics,"Make it play jazz music, increase its battery life, and make it smell like rain.",The request is outside the fashion-image domain; high-confidence visual compliance is unsupported.,4,B004LETUB6,0.22839932143688202,data/fashioniq/images/B004LETUB6.jpg,0,0.2498236745595932,0.005200251936912537,outputs/hallucination/shirt/contact_sheets/shirt_q08.jpg
shirt_q08_s05,shirt_q08,ood,shirt,1092,B00AOJHO56,245600258X,Has a Hawaii summery feel with more colors [SEP] has more colors and more graphics,"Make it play jazz music, increase its battery life, and make it smell like rain.",The request is outside the fashion-image domain; high-confidence visual compliance is unsupported.,5,B0070HAKL0,0.2211240828037262,data/fashioniq/images/B0070HAKL0.jpg,0,0.2498236745595932,0.005200251936912537,outputs/hallucination/shirt/contact_sheets/shirt_q08.jpg
shirt_q08_s06,shirt_q08,unsatisfiable,shirt,1092,B00AOJHO56,245600258X,Has a Hawaii summery feel with more colors [SEP] has more colors and more graphics,Turn it into a transparent glass garment with animated flames and invisible fabric.,The fixed FashionIQ gallery is not expected to contain a full match.,1,B002DP8NB8,0.2842242121696472,data/fashioniq/images/B002DP8NB8.jpg,0,0.2842242121696472,0.0004962682723999023,outputs/hallucination/shirt/contact_sheets/shirt_q08.jpg
shirt_q08_s06,shirt_q08,unsatisfiable,shirt,1092,B00AOJHO56,245600258X,Has a Hawaii summery feel with more colors [SEP] has more colors and more graphics,Turn it into a transparent glass garment with animated flames and invisible fabric.,The fixed FashionIQ gallery is not expected to contain a full match.,2,B004ZGFH26,0.2837279438972473,data/fashioniq/images/B004ZGFH26.jpg,0,0.2842242121696472,0.0004962682723999023,outputs/hallucination/shirt/contact_sheets/shirt_q08.jpg
shirt_q08_s06,shirt_q08,unsatisfiable,shirt,1092,B00AOJHO56,245600258X,Has a Hawaii summery feel with more colors [SEP] has more colors and more graphics,Turn it into a transparent glass garment with animated flames and invisible fabric.,The fixed FashionIQ gallery is not expected to contain a full match.,3,B00BT90QDW,0.2768194079399109,data/fashioniq/images/B00BT90QDW.jpg,0,0.2842242121696472,0.0004962682723999023,outputs/hallucination/shirt/contact_sheets/shirt_q08.jpg
shirt_q08_s06,shirt_q08,unsatisfiable,shirt,1092,B00AOJHO56,245600258X,Has a Hawaii summery feel with more colors [SEP] has more colors and more graphics,Turn it into a transparent glass garment with animated flames and invisible fabric.,The fixed FashionIQ gallery is not expected to contain a full match.,4,B001W2M4PE,0.2664688229560852,data/fashioniq/images/B001W2M4PE.jpg,0,0.2842242121696472,0.0004962682723999023,outputs/hallucination/shirt/contact_sheets/shirt_q08.jpg
shirt_q08_s06,shirt_q08,unsatisfiable,shirt,1092,B00AOJHO56,245600258X,Has a Hawaii summery feel with more colors [SEP] has more colors and more graphics,Turn it into a transparent glass garment with animated flames and invisible fabric.,The fixed FashionIQ gallery is not expected to contain a full match.,5,B002KDYT70,0.2656382620334625,data/fashioniq/images/B002KDYT70.jpg,0,0.2842242121696472,0.0004962682723999023,outputs/hallucination/shirt/contact_sheets/shirt_q08.jpg
shirt_q09_s01,shirt_q09,in_domain,shirt,842,B001CWN1A6,B001L0ZVIE,is gray with long sleeves [SEP] is darker,is gray with long sleeves [SEP] is darker,Retrieve garments that satisfy the original FashionIQ modification.,1,B008EF1L5G,0.3742624819278717,data/fashioniq/images/B008EF1L5G.jpg,0,0.3742624819278717,0.01095232367515564,outputs/hallucination/shirt/contact_sheets/shirt_q09.jpg
shirt_q09_s01,shirt_q09,in_domain,shirt,842,B001CWN1A6,B001L0ZVIE,is gray with long sleeves [SEP] is darker,is gray with long sleeves [SEP] is darker,Retrieve garments that satisfy the original FashionIQ modification.,2,B001L0ZVIE,0.36331015825271606,data/fashioniq/images/B001L0ZVIE.jpg,1,0.3742624819278717,0.01095232367515564,outputs/hallucination/shirt/contact_sheets/shirt_q09.jpg
shirt_q09_s01,shirt_q09,in_domain,shirt,842,B001CWN1A6,B001L0ZVIE,is gray with long sleeves [SEP] is darker,is gray with long sleeves [SEP] is darker,Retrieve garments that satisfy the original FashionIQ modification.,3,B0038MLMHC,0.3472263514995575,data/fashioniq/images/B0038MLMHC.jpg,0,0.3742624819278717,0.01095232367515564,outputs/hallucination/shirt/contact_sheets/shirt_q09.jpg
shirt_q09_s01,shirt_q09,in_domain,shirt,842,B001CWN1A6,B001L0ZVIE,is gray with long sleeves [SEP] is darker,is gray with long sleeves [SEP] is darker,Retrieve garments that satisfy the original FashionIQ modification.,4,B008MWJ5PO,0.3405318856239319,data/fashioniq/images/B008MWJ5PO.jpg,0,0.3742624819278717,0.01095232367515564,outputs/hallucination/shirt/contact_sheets/shirt_q09.jpg
shirt_q09_s01,shirt_q09,in_domain,shirt,842,B001CWN1A6,B001L0ZVIE,is gray with long sleeves [SEP] is darker,is gray with long sleeves [SEP] is darker,Retrieve garments that satisfy the original FashionIQ modification.,5,B008LK6OUQ,0.34053078293800354,data/fashioniq/images/B008LK6OUQ.jpg,0,0.3742624819278717,0.01095232367515564,outputs/hallucination/shirt/contact_sheets/shirt_q09.jpg
shirt_q09_s02,shirt_q09,paraphrase,shirt,842,B001CWN1A6,B001L0ZVIE,is gray with long sleeves [SEP] is darker,"Apply these requested changes: is gray with long sleeves; also, is darker.",Remain close to the in-domain result under a meaning-preserving template change.,1,B001L0ZVIE,0.34105199575424194,data/fashioniq/images/B001L0ZVIE.jpg,1,0.34105199575424194,0.006393611431121826,outputs/hallucination/shirt/contact_sheets/shirt_q09.jpg
shirt_q09_s02,shirt_q09,paraphrase,shirt,842,B001CWN1A6,B001L0ZVIE,is gray with long sleeves [SEP] is darker,"Apply these requested changes: is gray with long sleeves; also, is darker.",Remain close to the in-domain result under a meaning-preserving template change.,2,B008EF1L5G,0.3346583843231201,data/fashioniq/images/B008EF1L5G.jpg,0,0.34105199575424194,0.006393611431121826,outputs/hallucination/shirt/contact_sheets/shirt_q09.jpg
shirt_q09_s02,shirt_q09,paraphrase,shirt,842,B001CWN1A6,B001L0ZVIE,is gray with long sleeves [SEP] is darker,"Apply these requested changes: is gray with long sleeves; also, is darker.",Remain close to the in-domain result under a meaning-preserving template change.,3,B005LBX3C0,0.32195913791656494,data/fashioniq/images/B005LBX3C0.jpg,0,0.34105199575424194,0.006393611431121826,outputs/hallucination/shirt/contact_sheets/shirt_q09.jpg
shirt_q09_s02,shirt_q09,paraphrase,shirt,842,B001CWN1A6,B001L0ZVIE,is gray with long sleeves [SEP] is darker,"Apply these requested changes: is gray with long sleeves; also, is darker.",Remain close to the in-domain result under a meaning-preserving template change.,4,B005XXYY2O,0.3196462392807007,data/fashioniq/images/B005XXYY2O.jpg,0,0.34105199575424194,0.006393611431121826,outputs/hallucination/shirt/contact_sheets/shirt_q09.jpg
shirt_q09_s02,shirt_q09,paraphrase,shirt,842,B001CWN1A6,B001L0ZVIE,is gray with long sleeves [SEP] is darker,"Apply these requested changes: is gray with long sleeves; also, is darker.",Remain close to the in-domain result under a meaning-preserving template change.,5,B002KQ6H4U,0.31740888953208923,data/fashioniq/images/B002KQ6H4U.jpg,0,0.34105199575424194,0.006393611431121826,outputs/hallucination/shirt/contact_sheets/shirt_q09.jpg
shirt_q09_s03,shirt_q09,identity,shirt,842,B001CWN1A6,B001L0ZVIE,is gray with long sleeves [SEP] is darker,"Keep the garment exactly as it is; do not change its color, shape, material, or details.",Preserve the source garment; returning a visually close neighbour is preferable.,1,B00ATQ60M2,0.312088280916214,data/fashioniq/images/B00ATQ60M2.jpg,0,0.312088280916214,0.004757672548294067,outputs/hallucination/shirt/contact_sheets/shirt_q09.jpg
shirt_q09_s03,shirt_q09,identity,shirt,842,B001CWN1A6,B001L0ZVIE,is gray with long sleeves [SEP] is darker,"Keep the garment exactly as it is; do not change its color, shape, material, or details.",Preserve the source garment; returning a visually close neighbour is preferable.,2,B004U6OELG,0.3073306083679199,data/fashioniq/images/B004U6OELG.jpg,0,0.312088280916214,0.004757672548294067,outputs/hallucination/shirt/contact_sheets/shirt_q09.jpg
shirt_q09_s03,shirt_q09,identity,shirt,842,B001CWN1A6,B001L0ZVIE,is gray with long sleeves [SEP] is darker,"Keep the garment exactly as it is; do not change its color, shape, material, or details.",Preserve the source garment; returning a visually close neighbour is preferable.,3,B006IKQ6MW,0.30720049142837524,data/fashioniq/images/B006IKQ6MW.jpg,0,0.312088280916214,0.004757672548294067,outputs/hallucination/shirt/contact_sheets/shirt_q09.jpg
shirt_q09_s03,shirt_q09,identity,shirt,842,B001CWN1A6,B001L0ZVIE,is gray with long sleeves [SEP] is darker,"Keep the garment exactly as it is; do not change its color, shape, material, or details.",Preserve the source garment; returning a visually close neighbour is preferable.,4,B001UFZIJ2,0.305263489484787,data/fashioniq/images/B001UFZIJ2.jpg,0,0.312088280916214,0.004757672548294067,outputs/hallucination/shirt/contact_sheets/shirt_q09.jpg
shirt_q09_s03,shirt_q09,identity,shirt,842,B001CWN1A6,B001L0ZVIE,is gray with long sleeves [SEP] is darker,"Keep the garment exactly as it is; do not change its color, shape, material, or details.",Preserve the source garment; returning a visually close neighbour is preferable.,5,B00597L3W8,0.3001860976219177,data/fashioniq/images/B00597L3W8.jpg,0,0.312088280916214,0.004757672548294067,outputs/hallucination/shirt/contact_sheets/shirt_q09.jpg
shirt_q09_s04,shirt_q09,contradiction,shirt,842,B001CWN1A6,B001L0ZVIE,is gray with long sleeves [SEP] is darker,"Make it both sleeveless and long-sleeved, and make it both shorter and longer.",No gallery item can satisfy every mutually contradictory requirement.,1,B000RN76GG,0.3309304416179657,data/fashioniq/images/B000RN76GG.jpg,0,0.3309304416179657,0.016826599836349487,outputs/hallucination/shirt/contact_sheets/shirt_q09.jpg
shirt_q09_s04,shirt_q09,contradiction,shirt,842,B001CWN1A6,B001L0ZVIE,is gray with long sleeves [SEP] is darker,"Make it both sleeveless and long-sleeved, and make it both shorter and longer.",No gallery item can satisfy every mutually contradictory requirement.,2,B00ATQ60M2,0.3141038417816162,data/fashioniq/images/B00ATQ60M2.jpg,0,0.3309304416179657,0.016826599836349487,outputs/hallucination/shirt/contact_sheets/shirt_q09.jpg
shirt_q09_s04,shirt_q09,contradiction,shirt,842,B001CWN1A6,B001L0ZVIE,is gray with long sleeves [SEP] is darker,"Make it both sleeveless and long-sleeved, and make it both shorter and longer.",No gallery item can satisfy every mutually contradictory requirement.,3,B007U6TYUY,0.31390297412872314,data/fashioniq/images/B007U6TYUY.jpg,0,0.3309304416179657,0.016826599836349487,outputs/hallucination/shirt/contact_sheets/shirt_q09.jpg
shirt_q09_s04,shirt_q09,contradiction,shirt,842,B001CWN1A6,B001L0ZVIE,is gray with long sleeves [SEP] is darker,"Make it both sleeveless and long-sleeved, and make it both shorter and longer.",No gallery item can satisfy every mutually contradictory requirement.,4,B0009G3YQW,0.30927038192749023,data/fashioniq/images/B0009G3YQW.jpg,0,0.3309304416179657,0.016826599836349487,outputs/hallucination/shirt/contact_sheets/shirt_q09.jpg
shirt_q09_s04,shirt_q09,contradiction,shirt,842,B001CWN1A6,B001L0ZVIE,is gray with long sleeves [SEP] is darker,"Make it both sleeveless and long-sleeved, and make it both shorter and longer.",No gallery item can satisfy every mutually contradictory requirement.,5,B004U28BBY,0.3052436113357544,data/fashioniq/images/B004U28BBY.jpg,0,0.3309304416179657,0.016826599836349487,outputs/hallucination/shirt/contact_sheets/shirt_q09.jpg
shirt_q09_s05,shirt_q09,ood,shirt,842,B001CWN1A6,B001L0ZVIE,is gray with long sleeves [SEP] is darker,"Make it play jazz music, increase its battery life, and make it smell like rain.",The request is outside the fashion-image domain; high-confidence visual compliance is unsupported.,1,B001UFZIJ2,0.31167086958885193,data/fashioniq/images/B001UFZIJ2.jpg,0,0.31167086958885193,0.029889613389968872,outputs/hallucination/shirt/contact_sheets/shirt_q09.jpg
shirt_q09_s05,shirt_q09,ood,shirt,842,B001CWN1A6,B001L0ZVIE,is gray with long sleeves [SEP] is darker,"Make it play jazz music, increase its battery life, and make it smell like rain.",The request is outside the fashion-image domain; high-confidence visual compliance is unsupported.,2,B005IYLOYE,0.28178125619888306,data/fashioniq/images/B005IYLOYE.jpg,0,0.31167086958885193,0.029889613389968872,outputs/hallucination/shirt/contact_sheets/shirt_q09.jpg
shirt_q09_s05,shirt_q09,ood,shirt,842,B001CWN1A6,B001L0ZVIE,is gray with long sleeves [SEP] is darker,"Make it play jazz music, increase its battery life, and make it smell like rain.",The request is outside the fashion-image domain; high-confidence visual compliance is unsupported.,3,B0002X4OES,0.27809521555900574,data/fashioniq/images/B0002X4OES.jpg,0,0.31167086958885193,0.029889613389968872,outputs/hallucination/shirt/contact_sheets/shirt_q09.jpg
shirt_q09_s05,shirt_q09,ood,shirt,842,B001CWN1A6,B001L0ZVIE,is gray with long sleeves [SEP] is darker,"Make it play jazz music, increase its battery life, and make it smell like rain.",The request is outside the fashion-image domain; high-confidence visual compliance is unsupported.,4,B000RN76GG,0.2763945460319519,data/fashioniq/images/B000RN76GG.jpg,0,0.31167086958885193,0.029889613389968872,outputs/hallucination/shirt/contact_sheets/shirt_q09.jpg
shirt_q09_s05,shirt_q09,ood,shirt,842,B001CWN1A6,B001L0ZVIE,is gray with long sleeves [SEP] is darker,"Make it play jazz music, increase its battery life, and make it smell like rain.",The request is outside the fashion-image domain; high-confidence visual compliance is unsupported.,5,B003C7NPA0,0.2762033939361572,data/fashioniq/images/B003C7NPA0.jpg,0,0.31167086958885193,0.029889613389968872,outputs/hallucination/shirt/contact_sheets/shirt_q09.jpg
shirt_q09_s06,shirt_q09,unsatisfiable,shirt,842,B001CWN1A6,B001L0ZVIE,is gray with long sleeves [SEP] is darker,Turn it into a transparent glass garment with animated flames and invisible fabric.,The fixed FashionIQ gallery is not expected to contain a full match.,1,B00ANJ14LC,0.2678517997264862,data/fashioniq/images/B00ANJ14LC.jpg,0,0.2678517997264862,0.005609661340713501,outputs/hallucination/shirt/contact_sheets/shirt_q09.jpg
shirt_q09_s06,shirt_q09,unsatisfiable,shirt,842,B001CWN1A6,B001L0ZVIE,is gray with long sleeves [SEP] is darker,Turn it into a transparent glass garment with animated flames and invisible fabric.,The fixed FashionIQ gallery is not expected to contain a full match.,2,B008V2JXTS,0.2622421383857727,data/fashioniq/images/B008V2JXTS.jpg,0,0.2678517997264862,0.005609661340713501,outputs/hallucination/shirt/contact_sheets/shirt_q09.jpg
shirt_q09_s06,shirt_q09,unsatisfiable,shirt,842,B001CWN1A6,B001L0ZVIE,is gray with long sleeves [SEP] is darker,Turn it into a transparent glass garment with animated flames and invisible fabric.,The fixed FashionIQ gallery is not expected to contain a full match.,3,B00BNRB4R2,0.25370684266090393,data/fashioniq/images/B00BNRB4R2.jpg,0,0.2678517997264862,0.005609661340713501,outputs/hallucination/shirt/contact_sheets/shirt_q09.jpg
shirt_q09_s06,shirt_q09,unsatisfiable,shirt,842,B001CWN1A6,B001L0ZVIE,is gray with long sleeves [SEP] is darker,Turn it into a transparent glass garment with animated flames and invisible fabric.,The fixed FashionIQ gallery is not expected to contain a full match.,4,B00A6JE1C8,0.2480778843164444,data/fashioniq/images/B00A6JE1C8.jpg,0,0.2678517997264862,0.005609661340713501,outputs/hallucination/shirt/contact_sheets/shirt_q09.jpg
shirt_q09_s06,shirt_q09,unsatisfiable,shirt,842,B001CWN1A6,B001L0ZVIE,is gray with long sleeves [SEP] is darker,Turn it into a transparent glass garment with animated flames and invisible fabric.,The fixed FashionIQ gallery is not expected to contain a full match.,5,B0079P1KDK,0.2465929388999939,data/fashioniq/images/B0079P1KDK.jpg,0,0.2678517997264862,0.005609661340713501,outputs/hallucination/shirt/contact_sheets/shirt_q09.jpg
shirt_q10_s01,shirt_q10,in_domain,shirt,585,B00AZIAZK2,B001LY2VLK,Is more whimsical and black [SEP] is a dark t-shirt with a graphic,Is more whimsical and black [SEP] is a dark t-shirt with a graphic,Retrieve garments that satisfy the original FashionIQ modification.,1,B001S2PQ4O,0.3714989423751831,data/fashioniq/images/B001S2PQ4O.jpg,0,0.3714989423751831,0.0328197181224823,outputs/hallucination/shirt/contact_sheets/shirt_q10.jpg
shirt_q10_s01,shirt_q10,in_domain,shirt,585,B00AZIAZK2,B001LY2VLK,Is more whimsical and black [SEP] is a dark t-shirt with a graphic,Is more whimsical and black [SEP] is a dark t-shirt with a graphic,Retrieve garments that satisfy the original FashionIQ modification.,2,B007WMHDOK,0.3386792242527008,data/fashioniq/images/B007WMHDOK.jpg,0,0.3714989423751831,0.0328197181224823,outputs/hallucination/shirt/contact_sheets/shirt_q10.jpg
shirt_q10_s01,shirt_q10,in_domain,shirt,585,B00AZIAZK2,B001LY2VLK,Is more whimsical and black [SEP] is a dark t-shirt with a graphic,Is more whimsical and black [SEP] is a dark t-shirt with a graphic,Retrieve garments that satisfy the original FashionIQ modification.,3,B00BOO7OLO,0.3314995765686035,data/fashioniq/images/B00BOO7OLO.jpg,0,0.3714989423751831,0.0328197181224823,outputs/hallucination/shirt/contact_sheets/shirt_q10.jpg
shirt_q10_s01,shirt_q10,in_domain,shirt,585,B00AZIAZK2,B001LY2VLK,Is more whimsical and black [SEP] is a dark t-shirt with a graphic,Is more whimsical and black [SEP] is a dark t-shirt with a graphic,Retrieve garments that satisfy the original FashionIQ modification.,4,B00380DSDU,0.31070637702941895,data/fashioniq/images/B00380DSDU.jpg,0,0.3714989423751831,0.0328197181224823,outputs/hallucination/shirt/contact_sheets/shirt_q10.jpg
shirt_q10_s01,shirt_q10,in_domain,shirt,585,B00AZIAZK2,B001LY2VLK,Is more whimsical and black [SEP] is a dark t-shirt with a graphic,Is more whimsical and black [SEP] is a dark t-shirt with a graphic,Retrieve garments that satisfy the original FashionIQ modification.,5,B001LZV83Q,0.3096909523010254,data/fashioniq/images/B001LZV83Q.jpg,0,0.3714989423751831,0.0328197181224823,outputs/hallucination/shirt/contact_sheets/shirt_q10.jpg
shirt_q10_s02,shirt_q10,paraphrase,shirt,585,B00AZIAZK2,B001LY2VLK,Is more whimsical and black [SEP] is a dark t-shirt with a graphic,"Apply these requested changes: Is more whimsical and black; also, is a dark t-shirt with a graphic.",Remain close to the in-domain result under a meaning-preserving template change.,1,B001S2PQ4O,0.3443579077720642,data/fashioniq/images/B001S2PQ4O.jpg,0,0.3443579077720642,0.008275479078292847,outputs/hallucination/shirt/contact_sheets/shirt_q10.jpg
shirt_q10_s02,shirt_q10,paraphrase,shirt,585,B00AZIAZK2,B001LY2VLK,Is more whimsical and black [SEP] is a dark t-shirt with a graphic,"Apply these requested changes: Is more whimsical and black; also, is a dark t-shirt with a graphic.",Remain close to the in-domain result under a meaning-preserving template change.,2,B007WMHDOK,0.33608242869377136,data/fashioniq/images/B007WMHDOK.jpg,0,0.3443579077720642,0.008275479078292847,outputs/hallucination/shirt/contact_sheets/shirt_q10.jpg
shirt_q10_s02,shirt_q10,paraphrase,shirt,585,B00AZIAZK2,B001LY2VLK,Is more whimsical and black [SEP] is a dark t-shirt with a graphic,"Apply these requested changes: Is more whimsical and black; also, is a dark t-shirt with a graphic.",Remain close to the in-domain result under a meaning-preserving template change.,3,B001LZV83Q,0.2980073094367981,data/fashioniq/images/B001LZV83Q.jpg,0,0.3443579077720642,0.008275479078292847,outputs/hallucination/shirt/contact_sheets/shirt_q10.jpg
shirt_q10_s02,shirt_q10,paraphrase,shirt,585,B00AZIAZK2,B001LY2VLK,Is more whimsical and black [SEP] is a dark t-shirt with a graphic,"Apply these requested changes: Is more whimsical and black; also, is a dark t-shirt with a graphic.",Remain close to the in-domain result under a meaning-preserving template change.,4,B004GBM6N8,0.296017050743103,data/fashioniq/images/B004GBM6N8.jpg,0,0.3443579077720642,0.008275479078292847,outputs/hallucination/shirt/contact_sheets/shirt_q10.jpg
shirt_q10_s02,shirt_q10,paraphrase,shirt,585,B00AZIAZK2,B001LY2VLK,Is more whimsical and black [SEP] is a dark t-shirt with a graphic,"Apply these requested changes: Is more whimsical and black; also, is a dark t-shirt with a graphic.",Remain close to the in-domain result under a meaning-preserving template change.,5,B00ABDT1II,0.294025719165802,data/fashioniq/images/B00ABDT1II.jpg,0,0.3443579077720642,0.008275479078292847,outputs/hallucination/shirt/contact_sheets/shirt_q10.jpg
shirt_q10_s03,shirt_q10,identity,shirt,585,B00AZIAZK2,B001LY2VLK,Is more whimsical and black [SEP] is a dark t-shirt with a graphic,"Keep the garment exactly as it is; do not change its color, shape, material, or details.",Preserve the source garment; returning a visually close neighbour is preferable.,1,B000A1OIUM,0.3327977955341339,data/fashioniq/images/B000A1OIUM.jpg,0,0.3327977955341339,0.014905482530593872,outputs/hallucination/shirt/contact_sheets/shirt_q10.jpg
shirt_q10_s03,shirt_q10,identity,shirt,585,B00AZIAZK2,B001LY2VLK,Is more whimsical and black [SEP] is a dark t-shirt with a graphic,"Keep the garment exactly as it is; do not change its color, shape, material, or details.",Preserve the source garment; returning a visually close neighbour is preferable.,2,B00F3YS42Y,0.31789231300354004,data/fashioniq/images/B00F3YS42Y.jpg,0,0.3327977955341339,0.014905482530593872,outputs/hallucination/shirt/contact_sheets/shirt_q10.jpg
shirt_q10_s03,shirt_q10,identity,shirt,585,B00AZIAZK2,B001LY2VLK,Is more whimsical and black [SEP] is a dark t-shirt with a graphic,"Keep the garment exactly as it is; do not change its color, shape, material, or details.",Preserve the source garment; returning a visually close neighbour is preferable.,3,B007EZ7YLW,0.31014910340309143,data/fashioniq/images/B007EZ7YLW.jpg,0,0.3327977955341339,0.014905482530593872,outputs/hallucination/shirt/contact_sheets/shirt_q10.jpg
shirt_q10_s03,shirt_q10,identity,shirt,585,B00AZIAZK2,B001LY2VLK,Is more whimsical and black [SEP] is a dark t-shirt with a graphic,"Keep the garment exactly as it is; do not change its color, shape, material, or details.",Preserve the source garment; returning a visually close neighbour is preferable.,4,B0084NYGFK,0.3046935796737671,data/fashioniq/images/B0084NYGFK.jpg,0,0.3327977955341339,0.014905482530593872,outputs/hallucination/shirt/contact_sheets/shirt_q10.jpg
shirt_q10_s03,shirt_q10,identity,shirt,585,B00AZIAZK2,B001LY2VLK,Is more whimsical and black [SEP] is a dark t-shirt with a graphic,"Keep the garment exactly as it is; do not change its color, shape, material, or details.",Preserve the source garment; returning a visually close neighbour is preferable.,5,B0095BJB1Y,0.30105334520339966,data/fashioniq/images/B0095BJB1Y.jpg,0,0.3327977955341339,0.014905482530593872,outputs/hallucination/shirt/contact_sheets/shirt_q10.jpg
shirt_q10_s04,shirt_q10,contradiction,shirt,585,B00AZIAZK2,B001LY2VLK,Is more whimsical and black [SEP] is a dark t-shirt with a graphic,"Make it both sleeveless and long-sleeved, and make it both shorter and longer.",No gallery item can satisfy every mutually contradictory requirement.,1,B002E0G86O,0.27347537875175476,data/fashioniq/images/B002E0G86O.jpg,0,0.27347537875175476,0.0029771625995635986,outputs/hallucination/shirt/contact_sheets/shirt_q10.jpg
shirt_q10_s04,shirt_q10,contradiction,shirt,585,B00AZIAZK2,B001LY2VLK,Is more whimsical and black [SEP] is a dark t-shirt with a graphic,"Make it both sleeveless and long-sleeved, and make it both shorter and longer.",No gallery item can satisfy every mutually contradictory requirement.,2,B008OGP7WI,0.27049821615219116,data/fashioniq/images/B008OGP7WI.jpg,0,0.27347537875175476,0.0029771625995635986,outputs/hallucination/shirt/contact_sheets/shirt_q10.jpg
shirt_q10_s04,shirt_q10,contradiction,shirt,585,B00AZIAZK2,B001LY2VLK,Is more whimsical and black [SEP] is a dark t-shirt with a graphic,"Make it both sleeveless and long-sleeved, and make it both shorter and longer.",No gallery item can satisfy every mutually contradictory requirement.,3,B0017WRLYI,0.26985958218574524,data/fashioniq/images/B0017WRLYI.jpg,0,0.27347537875175476,0.0029771625995635986,outputs/hallucination/shirt/contact_sheets/shirt_q10.jpg
shirt_q10_s04,shirt_q10,contradiction,shirt,585,B00AZIAZK2,B001LY2VLK,Is more whimsical and black [SEP] is a dark t-shirt with a graphic,"Make it both sleeveless and long-sleeved, and make it both shorter and longer.",No gallery item can satisfy every mutually contradictory requirement.,4,B008N66KPM,0.26605767011642456,data/fashioniq/images/B008N66KPM.jpg,0,0.27347537875175476,0.0029771625995635986,outputs/hallucination/shirt/contact_sheets/shirt_q10.jpg
shirt_q10_s04,shirt_q10,contradiction,shirt,585,B00AZIAZK2,B001LY2VLK,Is more whimsical and black [SEP] is a dark t-shirt with a graphic,"Make it both sleeveless and long-sleeved, and make it both shorter and longer.",No gallery item can satisfy every mutually contradictory requirement.,5,B008N67V8W,0.2656077742576599,data/fashioniq/images/B008N67V8W.jpg,0,0.27347537875175476,0.0029771625995635986,outputs/hallucination/shirt/contact_sheets/shirt_q10.jpg
shirt_q10_s05,shirt_q10,ood,shirt,585,B00AZIAZK2,B001LY2VLK,Is more whimsical and black [SEP] is a dark t-shirt with a graphic,"Make it play jazz music, increase its battery life, and make it smell like rain.",The request is outside the fashion-image domain; high-confidence visual compliance is unsupported.,1,B000JCCHBE,0.30370813608169556,data/fashioniq/images/B000JCCHBE.jpg,0,0.30370813608169556,0.000755012035369873,outputs/hallucination/shirt/contact_sheets/shirt_q10.jpg
shirt_q10_s05,shirt_q10,ood,shirt,585,B00AZIAZK2,B001LY2VLK,Is more whimsical and black [SEP] is a dark t-shirt with a graphic,"Make it play jazz music, increase its battery life, and make it smell like rain.",The request is outside the fashion-image domain; high-confidence visual compliance is unsupported.,2,B000W11AQU,0.3029531240463257,data/fashioniq/images/B000W11AQU.jpg,0,0.30370813608169556,0.000755012035369873,outputs/hallucination/shirt/contact_sheets/shirt_q10.jpg
shirt_q10_s05,shirt_q10,ood,shirt,585,B00AZIAZK2,B001LY2VLK,Is more whimsical and black [SEP] is a dark t-shirt with a graphic,"Make it play jazz music, increase its battery life, and make it smell like rain.",The request is outside the fashion-image domain; high-confidence visual compliance is unsupported.,3,B00E45CCJO,0.2994878590106964,data/fashioniq/images/B00E45CCJO.jpg,0,0.30370813608169556,0.000755012035369873,outputs/hallucination/shirt/contact_sheets/shirt_q10.jpg
shirt_q10_s05,shirt_q10,ood,shirt,585,B00AZIAZK2,B001LY2VLK,Is more whimsical and black [SEP] is a dark t-shirt with a graphic,"Make it play jazz music, increase its battery life, and make it smell like rain.",The request is outside the fashion-image domain; high-confidence visual compliance is unsupported.,4,B00375A938,0.2984417676925659,data/fashioniq/images/B00375A938.jpg,0,0.30370813608169556,0.000755012035369873,outputs/hallucination/shirt/contact_sheets/shirt_q10.jpg
shirt_q10_s05,shirt_q10,ood,shirt,585,B00AZIAZK2,B001LY2VLK,Is more whimsical and black [SEP] is a dark t-shirt with a graphic,"Make it play jazz music, increase its battery life, and make it smell like rain.",The request is outside the fashion-image domain; high-confidence visual compliance is unsupported.,5,B007I6HU02,0.29551586508750916,data/fashioniq/images/B007I6HU02.jpg,0,0.30370813608169556,0.000755012035369873,outputs/hallucination/shirt/contact_sheets/shirt_q10.jpg
shirt_q10_s06,shirt_q10,unsatisfiable,shirt,585,B00AZIAZK2,B001LY2VLK,Is more whimsical and black [SEP] is a dark t-shirt with a graphic,Turn it into a transparent glass garment with animated flames and invisible fabric.,The fixed FashionIQ gallery is not expected to contain a full match.,1,B0018EEU3A,0.2745265066623688,data/fashioniq/images/B0018EEU3A.jpg,0,0.2745265066623688,0.009582608938217163,outputs/hallucination/shirt/contact_sheets/shirt_q10.jpg
shirt_q10_s06,shirt_q10,unsatisfiable,shirt,585,B00AZIAZK2,B001LY2VLK,Is more whimsical and black [SEP] is a dark t-shirt with a graphic,Turn it into a transparent glass garment with animated flames and invisible fabric.,The fixed FashionIQ gallery is not expected to contain a full match.,2,B0099812DI,0.2649438977241516,data/fashioniq/images/B0099812DI.jpg,0,0.2745265066623688,0.009582608938217163,outputs/hallucination/shirt/contact_sheets/shirt_q10.jpg
shirt_q10_s06,shirt_q10,unsatisfiable,shirt,585,B00AZIAZK2,B001LY2VLK,Is more whimsical and black [SEP] is a dark t-shirt with a graphic,Turn it into a transparent glass garment with animated flames and invisible fabric.,The fixed FashionIQ gallery is not expected to contain a full match.,3,B005JEKZ1Q,0.25198522210121155,data/fashioniq/images/B005JEKZ1Q.jpg,0,0.2745265066623688,0.009582608938217163,outputs/hallucination/shirt/contact_sheets/shirt_q10.jpg
shirt_q10_s06,shirt_q10,unsatisfiable,shirt,585,B00AZIAZK2,B001LY2VLK,Is more whimsical and black [SEP] is a dark t-shirt with a graphic,Turn it into a transparent glass garment with animated flames and invisible fabric.,The fixed FashionIQ gallery is not expected to contain a full match.,4,B0065ZE500,0.2496754229068756,data/fashioniq/images/B0065ZE500.jpg,0,0.2745265066623688,0.009582608938217163,outputs/hallucination/shirt/contact_sheets/shirt_q10.jpg
shirt_q10_s06,shirt_q10,unsatisfiable,shirt,585,B00AZIAZK2,B001LY2VLK,Is more whimsical and black [SEP] is a dark t-shirt with a graphic,Turn it into a transparent glass garment with animated flames and invisible fabric.,The fixed FashionIQ gallery is not expected to contain a full match.,5,B0099XDU2O,0.24708488583564758,data/fashioniq/images/B0099XDU2O.jpg,0,0.2745265066623688,0.009582608938217163,outputs/hallucination/shirt/contact_sheets/shirt_q10.jpg
