category,query_id,target_id,target_rank,target_score,top1_id,top1_score,top1_top2_margin
toptee,B008CFZW76,B008CG1JJ0,3,0.29394203424453735,B008CG1WK6,0.35118693113327026,0.03606933355331421
toptee,B0088WRQVS,B001AS562I,594,0.09606572985649109,B0095RDYAW,0.2675103545188904,0.008043080568313599
toptee,B00BM27KWQ,B007TGJOMS,1,0.32164159417152405,B007TGJOMS,0.32164159417152405,0.02332499623298645
toptee,B00H03TS7Q,B0085YC1G4,1380,0.06678880006074905,B008WYDP1C,0.26763272285461426,0.011092662811279297
toptee,B00B02GQ1E,B00BB1UAMU,257,0.12427444010972977,B005PXI0A4,0.33415141701698303,0.026368945837020874
toptee,B007GO8A00,B00CXN5WUA,41,0.23758795857429504,B008Y7BHM6,0.3186461925506592,0.004635274410247803
toptee,B0081XJQZI,B00CTA13AK,11,0.2701590061187744,B00BB8WEE0,0.30902594327926636,0.017663955688476562
toptee,B00DEJR2EQ,B00CD23F8W,1,0.3514360785484314,B00CD23F8W,0.3514360785484314,0.024276822805404663
toptee,B00ADM33S6,B004045DEA,32,0.2804124653339386,B005WS1TUA,0.36818790435791016,0.006188035011291504
toptee,B00EE0DYZ0,B001UEUTF6,83,0.19809579849243164,B008TV79LK,0.3314386010169983,0.006843745708465576
toptee,B00D5703AW,B00ENUC9X4,5,0.28250277042388916,B00BD5UXFS,0.3096836805343628,0.0050980448722839355
toptee,B007OTSRDM,B00CDVICKY,4086,0.009134506806731224,B00DG9ISYM,0.31138092279434204,0.018413245677947998
toptee,B00BE75USU,B00D55169Q,101,0.1526455283164978,B00B2YNWDU,0.32861819863319397,0.009829312562942505
toptee,B008ZAD9A0,B00APEF5Q0,15,0.26871877908706665,B005LJX4L2,0.34415721893310547,0.016619980335235596
toptee,B007G11JF6,B00F6EB91O,34,0.2653062343597412,B000ES2D9E,0.38146835565567017,0.027193039655685425
toptee,B006MHUH0I,B00C2G46RS,41,0.2636118531227112,B00DYTDAYW,0.33781370520591736,0.005855590105056763
toptee,B006TCJTUK,B008SCHF7I,7,0.3155669569969177,B0086URG8K,0.3458821177482605,0.009726464748382568
toptee,B009I8DIC2,B0068POKEI,4,0.3471997380256653,B0018MRUVG,0.3663540482521057,0.00043770670890808105
toptee,B004D8QCN4,B004KUUK3S,1,0.38823792338371277,B004KUUK3S,0.38823792338371277,0.010807126760482788
toptee,B00CN3WUP0,B00BM0OYPO,41,0.18337729573249817,B00ESMW1DA,0.29353055357933044,0.022432655096054077
toptee,B006C4Y45A,B00AJQVNJM,36,0.19829781353473663,B00B76EAV6,0.3162502646446228,0.026461422443389893
toptee,B007S3TENQ,B0081U1TNI,13,0.2556326389312744,B003XRJGQG,0.3334430456161499,0.0038602352142333984
toptee,B00DLYL2ZO,B00DDXH9E6,3880,0.020214729011058807,B0073ESLGQ,0.30382341146469116,0.007470905780792236
toptee,B008A4OUC2,B004I6OAQW,151,0.1447153389453888,B0080HXSGI,0.32227790355682373,0.012336790561676025
toptee,B005V9YOS4,B005EVZKJG,30,0.31196239590644836,B00EYYEYAA,0.38022375106811523,0.007286280393600464
toptee,B00AIZCMKI,B00BB1UC5K,2,0.2691202461719513,B008FET3LU,0.27450522780418396,0.005384981632232666
toptee,B004L83ZEU,B001NZVD4I,2783,0.03679407387971878,B002XQ37FE,0.27878570556640625,0.02590760588645935
toptee,B00DLAFC0O,B007XD6ZME,1696,0.06304621696472168,B00BNQWFKI,0.2883237600326538,0.002553224563598633
toptee,B008WZC38C,B001F4A45G,924,0.08346959203481674,B008SB0NBO,0.36023032665252686,0.030588090419769287
toptee,B00CTA3OT8,B00CTA4DSO,152,0.1832233965396881,B00FZ9NF08,0.31691741943359375,0.029060542583465576
toptee,B004KF5DSU,B0051CMKH8,123,0.20877599716186523,B009IGUZIY,0.3395810127258301,0.001837015151977539
toptee,B006E3ZMA0,B00A13DD8M,899,0.09323965013027191,B0091IXLT4,0.2812000513076782,0.010232597589492798
toptee,B00BB9UBNU,B005LCCOI8,6,0.3841992914676666,B00EYYEYAA,0.4100356101989746,0.01418238878250122
toptee,B002Q2O178,B008H3W3GQ,9,0.19803744554519653,B00CLE86I6,0.23394916951656342,0.00982058048248291
toptee,B00BP9DXPO,B001PKTQSQ,497,0.12145889550447464,B0058IED7U,0.26366472244262695,0.0014754831790924072
toptee,B00DV6C8LE,B00C7CT7TO,199,0.14789286255836487,B007B94NE2,0.290203720331192,0.0030891597270965576
toptee,B000PZQ0MW,B003WLL8TQ,111,0.23157116770744324,B004MU4IG6,0.3576647937297821,0.00543251633644104
toptee,B000YYBM54,B006PE13Y2,2,0.3732941150665283,B00ATUGPDM,0.390845388174057,0.017551273107528687
toptee,B000F4U6QE,B00F6518JG,44,0.1962725669145584,B00D5XS4AC,0.2850140333175659,0.0053650736808776855
toptee,B001HBKGB4,B0075PQCFK,134,0.18294793367385864,B00BMBNQLG,0.34451884031295776,0.011638373136520386
toptee,B0077497O2,B008MJAZF6,51,0.20757102966308594,B005EE3GN0,0.31075629591941833,0.027809172868728638
toptee,B00DZP4XO6,B008A6VSNY,697,0.10259468853473663,B007LLWQMQ,0.35502296686172485,0.021226555109024048
toptee,B00BADDV6Q,B00EOJLM7S,25,0.2370785027742386,B0099SSUYW,0.3134576976299286,0.024334758520126343
toptee,B005Z94IMM,B001SHNCL8,96,0.16284984350204468,B00BJLR1YC,0.27488696575164795,0.003070443868637085
toptee,B00BF6VD2M,B00COYDU9I,17,0.2911874055862427,B004XFWZ4M,0.33719444274902344,0.0016172528266906738
toptee,B007O3TPJI,B009ZMX47A,94,0.219282329082489,B00BXEHQWW,0.3381640911102295,0.000710606575012207
toptee,B0090YFTEE,B0081OYIIM,787,0.09232327342033386,B009YJE0YA,0.3289891481399536,0.0024431347846984863
toptee,B007E67LT6,B008JC4MEG,282,0.1467759758234024,B004SWH4I2,0.35765525698661804,0.006935209035873413
toptee,B00AK1OD66,B00FHRZI58,4,0.319557249546051,B007FO5H1Q,0.33737748861312866,0.00018578767776489258
toptee,B007WAE516,B007WAU7WM,19,0.22198417782783508,B008OUM4X4,0.2961922883987427,0.0011804699897766113
toptee,B008TBS8UG,B0084YK36U,761,0.08729039132595062,B005QDCSHE,0.280947744846344,0.0
toptee,B00BDGQK90,B005U5K6XQ,2069,0.04753530025482178,B00AZXM5QY,0.36973509192466736,0.03249332308769226
toptee,B009NOC3TA,B009E8RMSC,4,0.31374311447143555,B006FTCBJ8,0.3374999761581421,0.02036726474761963
toptee,B00BDGQK90,B008MP0KYQ,42,0.24153739213943481,B002GV29EG,0.33843398094177246,0.017410993576049805
toptee,B00BU9F40G,B00BWUL5LA,510,0.10014031827449799,B00BGF647Q,0.3095007538795471,0.013433456420898438
toptee,B005JR1KA8,B009W1HUM4,1,0.29459160566329956,B009W1HUM4,0.29459160566329956,0.014448165893554688
toptee,B00CQNY0EG,B007KBMC58,150,0.16619142889976501,B007XD4OCM,0.3297545909881592,0.03206050395965576
toptee,B00FJF5ZEC,B00A8FD9G4,258,0.12340838462114334,B008JBOZ62,0.24719789624214172,0.015023529529571533
toptee,B00BXIPAQ2,B000FTH9QO,11,0.2481071650981903,B00FLNLKU0,0.27809399366378784,0.004922628402709961
toptee,B009K2N8GW,B0079K3RI6,18,0.22435450553894043,B0078UMBN4,0.28313595056533813,0.001844644546508789
toptee,B004BZE6S2,B004BZ9ECA,4,0.32018008828163147,B007IFYJ2K,0.3452577590942383,0.021637558937072754
toptee,B00A0I88VU,B00AMYTG5E,63,0.20780035853385925,B0085IN9GQ,0.30498433113098145,0.0058293938636779785
toptee,B009LHR3P8,B007RWJT4C,20,0.24427130818367004,B004IWRQRG,0.3367854356765747,0.01436123251914978
toptee,B003IM4JU4,B00AQ46LIU,164,0.16148149967193604,B00BUKJ2JY,0.3009176254272461,0.025685250759124756
toptee,B003QORJKQ,B004S2QS9I,3,0.37212997674942017,B004VMHX8A,0.37790393829345703,0.004423469305038452
toptee,B008MAU19U,B00BXMUFWC,193,0.1656462699174881,B004OTCF6U,0.30918774008750916,0.01213747262954712
toptee,B004NE6UZ8,B009VSPPZ2,43,0.2587133049964905,B00DV0VYK6,0.37698817253112793,0.005177140235900879
toptee,B00A3MV3CO,B00A3MVCUC,12,0.2818671762943268,B00C85K9I8,0.3098343312740326,0.0013522207736968994
toptee,B005JWECI0,B0061QIMZM,193,0.1639527529478073,B00EPM00F4,0.35421496629714966,0.03729516267776489
toptee,B007C3LIX6,B007RCOVUO,641,0.11197247356176376,B003QORIMA,0.3481915593147278,0.029061585664749146
toptee,B007R1QAJA,B00BGJ4OQA,545,0.10655584931373596,B00GKZUV6W,0.3139974772930145,0.011473655700683594
toptee,B00CHYIX56,B009S8OYTS,137,0.1996477246284485,B0067N9P32,0.3591330051422119,0.008714079856872559
toptee,B0035EPUBW,B006YN4J2C,438,0.11830414086580276,B004AHKZG8,0.38589751720428467,0.040715187788009644
toptee,B008JCFX3A,B006J4H356,1,0.3199324905872345,B006J4H356,0.3199324905872345,0.04016581177711487
toptee,B00ALWZLS8,B007RGHP1W,2447,0.03454050049185753,B007VQOTHG,0.2615557014942169,0.005374521017074585
toptee,B00C8FZDCK,B00GAMZZUM,273,0.13542716205120087,B00CD9DZDU,0.271659791469574,1.4632940292358398e-05
toptee,B0092TZZ1Y,B00BC02S6Q,401,0.12677279114723206,B00BL8ISHW,0.2859315872192383,0.0075778961181640625
toptee,B0076OB20A,B002HOQ5J2,26,0.2976779043674469,B008LUUKHO,0.3421369194984436,0.00018039345741271973
toptee,B003FK79ZQ,B003D8K7SQ,14,0.2810630202293396,B00AWVA2IW,0.33704060316085815,0.001901388168334961
toptee,B0092SC112,B00857OFFG,344,0.1259317845106125,B00CDZC2VA,0.2774388790130615,0.006609916687011719
toptee,B007TWL7L8,B000RO0X0Q,28,0.32069075107574463,B001T7CRDG,0.40924492478370667,0.0074179768562316895
toptee,B00BGV7G9A,B009YJEDT2,3,0.2748509645462036,B0076G0M0Y,0.3025684356689453,0.01750659942626953
toptee,B00CJGBH1Y,B009YKO0AI,1,0.32925307750701904,B009YKO0AI,0.32925307750701904,0.01575949788093567
toptee,B008P6YR6E,B00EQ2AYUO,16,0.22326941788196564,B005PXI0A4,0.2809889614582062,0.012334287166595459
toptee,B009LLBI3C,B002EB464E,41,0.2894405722618103,B0018MRUVG,0.37707191705703735,0.018894195556640625
toptee,B004F3NKGO,B00EUH9AB4,3,0.26895877718925476,B0092XEYJY,0.28821033239364624,0.006491482257843018
toptee,B009B60324,B007R8V5J8,37,0.264498233795166,B002UFSNTI,0.305508553981781,0.004335939884185791
toptee,B00522PG28,B008WZC5EE,129,0.21672211587429047,B00EWDMMD4,0.352880597114563,1.5556812286376953e-05
toptee,B00CIB6S96,B007Y2Z3FE,5149,-0.043032631278038025,B000F6T2LC,0.31846967339515686,0.016428768634796143
toptee,B007HCADFQ,B00726H3LE,1,0.3183794915676117,B00726H3LE,0.3183794915676117,0.003642946481704712
toptee,B008J7WSS8,B00BQSWLC0,642,0.09842004626989365,B00APO69LU,0.29333019256591797,0.006666332483291626
toptee,B008E093WY,B000E791Y0,40,0.21068595349788666,B000P7TITW,0.31069689989089966,0.01305246353149414
toptee,B0086JXCEI,B009HIQTFQ,7,0.2899657189846039,B00ADG7K6I,0.31242167949676514,0.002346038818359375
toptee,B005Y8GDYK,B003DWBO7U,1467,0.0645003393292427,B005A2GPDO,0.3273111581802368,0.010620266199111938
toptee,B006C2CO40,B0014E41QU,1,0.3399948477745056,B0014E41QU,0.3399948477745056,0.00012984871864318848
toptee,B0083WYHCO,B009R8P3I0,8,0.3194260895252228,B00CBS8OBG,0.34465888142585754,0.0013690292835235596
toptee,B00ATF1P8M,B005X5RMCG,23,0.2692579925060272,B007XCSINY,0.3745787739753723,0.03630554676055908
toptee,B00DEZTDCE,B00BB8VGL2,9,0.2538566589355469,B003XRJGQG,0.2779659330844879,0.003804117441177368
toptee,B0043Y8L5K,B002CJ5LAQ,429,0.12350347638130188,B007A9W52U,0.3253685235977173,0.014804065227508545
toptee,B008LZL9EW,B00BQJVXEQ,8,0.27327781915664673,B005X6RHYI,0.31170594692230225,0.017011523246765137
toptee,B008WYCFGI,B000VCJIM8,47,0.19600683450698853,B00CNCURMO,0.2946351170539856,0.010811209678649902
toptee,B003TY105S,B000PAOV5A,2633,0.04220069199800491,B007VTXTA6,0.3039959967136383,0.004600584506988525
toptee,B004H3XMYM,B00B5SKOMU,15,0.28983867168426514,B00BCE0GHK,0.3725394010543823,0.0008359551429748535
toptee,B00C1180OE,B00BCQIC1A,3,0.25065621733665466,B00CIGSJ8Y,0.2561812400817871,0.004128456115722656
toptee,B0039819TG,B00AIIQJ5E,1,0.2950037717819214,B00AIIQJ5E,0.2950037717819214,0.010534048080444336
toptee,B00C0G8TI2,B006VQMAPU,35,0.2751256227493286,B00B7BKI62,0.3498980700969696,0.0192510187625885
toptee,B005NY5YK4,B006ZIOJP8,17,0.281558096408844,B0096HQC9Q,0.3935462236404419,0.043902814388275146
toptee,B003EACZ9M,B000YVMK30,1,0.3286513090133667,B000YVF80C,0.3286513090133667,0.0
toptee,B004TSAE9Q,B0091DQZRY,1,0.333942174911499,B0091DQZRY,0.333942174911499,0.00540652871131897
toptee,B007HEWEWE,B00DN2F6NI,439,0.11813854426145554,B006ZO6DS8,0.3110394775867462,0.03144031763076782
toptee,B00C67YB50,B0079G1DI6,9,0.31405988335609436,B00BYV5G0I,0.3374326825141907,0.0006774365901947021
toptee,B007GO8A00,B0051SQTVK,155,0.17323037981987,B006DTK3AE,0.33907178044319153,0.019654840230941772
toptee,B00BUD3KMQ,B00A2WJ3EA,62,0.2738092541694641,B00018AA74,0.3618384599685669,0.0015398263931274414
toptee,B006MQ5XBW,B00BNFNJOA,858,0.08927585929632187,B00A8ZDV1M,0.2910953462123871,0.026221096515655518
toptee,B00C64M1BY,B007ZQ59SK,21,0.2595273554325104,B003N9CT18,0.3263985514640808,0.011145532131195068
toptee,B00AEYP3WC,B00AX353WY,116,0.18957149982452393,B007225EKU,0.3648078441619873,0.021025478839874268
toptee,B001BISBCY,B00AZ01658,10,0.3261224031448364,B009IBGPVA,0.38114824891090393,0.00035759806632995605
toptee,B00E9OXH4Y,B00AK1OD66,2,0.2726518511772156,B00CBNKX7Y,0.3204261362552643,0.047774285078048706
toptee,B006M6B9ME,B00CWZT0NY,678,0.09755666553974152,B00BCSYXRU,0.2736435532569885,3.746151924133301e-05
toptee,B009F1HC8I,B00BFA8AK6,63,0.22964204847812653,B00DBDPOLS,0.3510463833808899,0.016317903995513916
toptee,B000W9XX8U,B009B0K0KU,277,0.13869726657867432,B009IO5SSI,0.2845173180103302,0.02181541919708252
toptee,B00AX2S3TU,B00AN545PI,187,0.15514326095581055,B00B9OQ1YA,0.3091346025466919,0.03864699602127075
toptee,B005X6RYYQ,B007TT9MSQ,33,0.2572423219680786,B008OJKM7U,0.32857829332351685,0.00850975513458252
toptee,B007Z4WRC8,B00ER9PWY4,875,0.08929843455553055,B003ZD8SAI,0.2832074761390686,0.005020499229431152
toptee,B00CTA3OT8,B00767NH1Y,13,0.3002537488937378,B0089KF6T8,0.35687685012817383,0.0023114681243896484
toptee,B007W9ZJK8,B00BGHR3XI,3,0.23857781291007996,B00AQU0HJ8,0.24747896194458008,0.0075577497482299805
toptee,B005MGB0S8,B003F67C4I,1,0.3482656180858612,B003F67C4I,0.3482656180858612,0.027341246604919434
toptee,B00FIYMN9Y,B008P3A0I6,237,0.1528576910495758,B00AO4NBFI,0.2875012159347534,0.02148723602294922
toptee,B007E94S12,B007NG4BN6,6,0.3159911632537842,B0085S979Y,0.34027522802352905,0.007239967584609985
toptee,B007UJVK8A,B00D0SZHOI,175,0.16074275970458984,B00D9J7WPA,0.3309367001056671,0.008389949798583984
toptee,B00EC7J7U6,B00EDIGBUS,1,0.32524657249450684,B00EDIGBUS,0.32524657249450684,0.022269129753112793
toptee,B009SSTEPW,B007X43KX0,34,0.21391312777996063,B004GKAEDS,0.2999689280986786,0.001838773488998413
toptee,B005ZSMYVU,B004WSJVRY,3,0.2562018036842346,B007FPR2BS,0.2860315144062042,0.02864190936088562
toptee,B00DEZTDCE,B008B68XO0,65,0.2575432062149048,B0045EP3N6,0.3590012192726135,0.003177464008331299
toptee,B00CIH60TI,B00F3WDAIE,3,0.31888896226882935,B001J8IK8Q,0.3276348412036896,0.0010849535465240479
toptee,B00DHLT0T6,B00B8A4BQA,165,0.18808147311210632,B000KRJK2M,0.31106412410736084,0.00028130412101745605
toptee,B002RL9VFA,B0085K0LQU,13,0.32485857605934143,B00EWDMMD4,0.4039386212825775,0.04434880614280701
toptee,B00BM27KWQ,B00E1JQ56Y,3561,0.006712811067700386,B008WZC38C,0.32469797134399414,0.010266691446304321
toptee,B0058GP0K6,B00A04D1RU,192,0.1435932070016861,B008BIUNOQ,0.3161437511444092,0.0085524320602417
toptee,B009LHR3P8,B0098I66QM,81,0.1950133740901947,B00BXIPAQ2,0.33263081312179565,0.013549506664276123
toptee,B0042VIV8G,B00BL8J34O,201,0.15246997773647308,B00AYDWP4M,0.2738344669342041,0.007682889699935913
toptee,B000GHI53Q,B0040ZKZVA,3,0.3330003619194031,B00839LUD6,0.3488079309463501,0.008369803428649902
toptee,B007M47VUY,B003PGQ4Q0,224,0.1598638892173767,B004BX08L8,0.33797115087509155,0.004421055316925049
toptee,B0093Y4HTE,B005EOA21E,41,0.24609312415122986,B007XCWQM8,0.3173202872276306,0.0012114644050598145
toptee,B007312U2A,B006ZZV0L2,6,0.312441349029541,B00DZTID5C,0.34935861825942993,0.011549979448318481
toptee,B0074HOAEO,B0096Q2R8M,73,0.2037748098373413,B0083ITPWA,0.31843551993370056,0.004452794790267944
toptee,B00C8FZDCK,B00BWUX66M,2,0.25570589303970337,B00BC5ITJG,0.27780377864837646,0.022097885608673096
toptee,B00CMVLDQU,B0094I4IOI,1177,0.07278236746788025,B00BTKWH56,0.32440340518951416,4.798173904418945e-06
toptee,B000ACJV9Y,B00B46I3PI,117,0.16752317547798157,B007XD4OCM,0.29010361433029175,0.0024715065956115723
toptee,B0018DWZJC,B004568EM6,356,0.11824948340654373,B007LDFJFU,0.3521099388599396,0.03554213047027588
toptee,B00AMOM4FI,B00BMVOCM8,2245,0.04301933944225311,B00AYDWQN2,0.374436616897583,0.022794365882873535
toptee,B001BJXXD0,B00D2UHPUI,1,0.30672645568847656,B00D2UHPUI,0.30672645568847656,0.027143895626068115
toptee,B004JWPKPA,B007U7ACCC,147,0.183500736951828,B005TGF51E,0.34108394384384155,0.028712809085845947
toptee,B00BQLAARU,B002GJ9UHM,18,0.2877541780471802,B00APM86BS,0.3120548725128174,0.004419505596160889
toptee,B007WA3ZE4,B007XD5SPE,24,0.23689435422420502,B00DQND01E,0.31504905223846436,0.004191279411315918
toptee,B00BDJ1DQM,B00B2T8KVY,465,0.11691078543663025,B0096HONUG,0.29085594415664673,0.021586239337921143
toptee,B00BADDV6Q,B00EPAB75S,4407,0.000966878142207861,B003AM8C1E,0.33364787697792053,0.015160739421844482
toptee,B00AO4NI3I,B009UIKO5O,568,0.11513292044401169,B008X3B65E,0.32183828949928284,0.013467371463775635
toptee,B007MMYOQU,B00282J5LI,14,0.32950451970100403,B004KOPFFC,0.38594380021095276,0.0022814571857452393
toptee,B0036MPEUU,B00A8YXLPE,28,0.23864735662937164,B008UADIX8,0.33636143803596497,0.00028374791145324707
toptee,B009M8MWK2,B002SKELD2,348,0.11764105409383774,B001NZVD4I,0.27118080854415894,0.0017737746238708496
toptee,B00CY51HPG,B00BAY489E,329,0.1281750351190567,B00DP7FVMW,0.33984386920928955,0.008617907762527466
toptee,B009YK91RA,B009KPMON2,31,0.20989128947257996,B008N6XX8O,0.2908066511154175,0.00017791986465454102
toptee,B00987K8EO,B00CY7NCB6,12,0.3048784136772156,B007JRRY06,0.3450738191604614,0.0041487812995910645
toptee,B00A6OUUQY,B00CHJ1DHQ,17,0.3228832483291626,B00BF7AK9I,0.4081784784793854,0.003841012716293335
toptee,B00AIQRCMU,B00A94M23K,616,0.1135268583893776,B00DMNN158,0.2958233952522278,0.00696563720703125
toptee,B0086URG8A,B00C4YWU8K,112,0.18475529551506042,B0039819XM,0.2903033196926117,0.003325551748275757
toptee,B00BOFWF2G,B0091BALYY,247,0.13861264288425446,B00EP49SP0,0.29232490062713623,0.008363962173461914
toptee,B008B68XO0,B007OUZVD0,35,0.24714891612529755,B002C7T5LO,0.33052343130111694,0.0019197463989257812
toptee,B006TAEHZO,B0088B3TAG,579,0.10982552915811539,B009S7BLBI,0.28139233589172363,0.026363074779510498
toptee,B00APM86BS,B006HT1QFQ,30,0.25372812151908875,B004SWH4I2,0.3966940939426422,0.06820490956306458
toptee,B0096HONUG,B006ZIOC7I,25,0.21057984232902527,B00A09D0VW,0.3054088354110718,0.03436774015426636
toptee,B00522PG28,B006M44H7A,15,0.3013133704662323,B007W6K6CM,0.36722683906555176,0.008536428213119507
toptee,B0045ZH0AO,B008HRFSQE,3,0.3288005590438843,B004RBMYMA,0.3657847046852112,0.02217385172843933
toptee,B00BI1E7AE,B00265T6ES,156,0.17099620401859283,B00AFSPI0O,0.3212527632713318,0.02527487277984619
toptee,B004HO6MI4,B0046H85X2,55,0.22483912110328674,B005S6Y76O,0.30889958143234253,0.010353177785873413
toptee,B00APM86BS,B002KG5WD2,3,0.31726139783859253,B004AYYOOK,0.37715721130371094,0.047976166009902954
toptee,B008L13H1O,B005NIVH0Q,122,0.1789136528968811,B008XJWRCY,0.32247641682624817,0.03203853964805603
toptee,B0018ZUW40,B00BBG0ADE,32,0.1975860297679901,B0086JXCEI,0.2800830900669098,0.0035597383975982666
toptee,B0069HMDM6,B00BWH086G,108,0.17515555024147034,B007POA5NG,0.29008352756500244,0.003718048334121704
toptee,B004G0A72G,B0043U6O9O,23,0.19421274960041046,B007FPR2BS,0.26527124643325806,0.0003177821636199951
toptee,B006Q8AMUI,B00DAFYR88,14,0.2886109948158264,B0073ESLGQ,0.3577222228050232,0.03918588161468506
toptee,B006BOKB30,B00CAC6AOQ,254,0.12779942154884338,B007E6A50S,0.3003677725791931,0.008617103099822998
toptee,B008JYNN30,B008DVXGO0,87,0.19561192393302917,B00CTSGLYU,0.35320931673049927,0.024422943592071533
toptee,B00A0I86S0,B005WYCZ6G,154,0.1655891239643097,B00BOFWF2G,0.28936538100242615,0.0021341145038604736
toptee,B003YJG5S0,B00CLBK7JU,423,0.1375976800918579,B0052XIUXO,0.33692416548728943,0.007712244987487793
toptee,B00F4635ZW,B00CIQ15SK,43,0.19725105166435242,B00B76EAV6,0.31369972229003906,0.03942263126373291
toptee,B00AU4N846,B000ACJV9Y,34,0.18749669194221497,B00BWH0CAS,0.30275264382362366,0.06598550081253052
toptee,B002SW2QGE,B008AJL2NC,68,0.2047903835773468,B005VLT3IS,0.38455718755722046,0.04747861623764038
toptee,B004GHO03G,B001D6Y466,322,0.11750034987926483,B003M8HWVM,0.3341301679611206,0.011831581592559814
toptee,B008X04NMK,B00C9UDEAM,3,0.27881187200546265,B008X0FTFU,0.31448328495025635,0.004796117544174194
toptee,B0051H8U86,B00CF1Q2NQ,1,0.2801540195941925,B00CF1Q2NQ,0.2801540195941925,0.006135880947113037
toptee,B00C9NQNSY,B0051H8U86,76,0.19412073493003845,B00BCT0ZM6,0.3375028371810913,0.04190751910209656
toptee,B00AG35TN4,B0083UVR06,3,0.2748004198074341,B004P4S9MS,0.30130672454833984,0.005505859851837158
toptee,B0036TFZV6,B002UD5UU0,32,0.23275960981845856,B00AG943DK,0.3389299213886261,0.0033270418643951416
toptee,B00BXMUFWC,B000FAE1SW,117,0.18453972041606903,B004PH3Q6E,0.37028318643569946,0.018755018711090088
toptee,B008OSJKFG,B005GYSG4C,2,0.33353090286254883,B0072D9J7S,0.3972676396369934,0.06373673677444458
toptee,B000JWVPYO,B00DOJZJ6Y,407,0.13553497195243835,B004OMEYES,0.3579084277153015,0.00368654727935791
toptee,B00GIOKE8U,B00686OHK4,60,0.21115893125534058,B002W5RZOK,0.3429793119430542,0.02890893816947937
toptee,B000P4ZQYG,B00AQQLQY2,202,0.16467368602752686,B004KPD9JU,0.3311045467853546,0.00035688281059265137
toptee,B007U4PP18,B00D991S6E,45,0.22998997569084167,B00BXECGGI,0.37183570861816406,0.025238096714019775
toptee,B000PJDKPS,B0074HOAEO,318,0.1390954554080963,B00B4ZIMZU,0.3201295733451843,0.027727365493774414
toptee,B00A159E2O,B003MYBP0K,440,0.12111909687519073,B005ELU406,0.29733145236968994,0.02131861448287964
toptee,B00BPPALLM,B00BVX9470,58,0.24710261821746826,B00B1MY92G,0.3499264121055603,0.008952945470809937
toptee,B00E0L2FAI,B00COE18RO,1369,0.07665757089853287,B008DEXUSY,0.2600473463535309,0.011865496635437012
toptee,B0071NJ5IW,B009J61BRW,11,0.25412440299987793,B00G4TQEYW,0.2929154634475708,0.005383521318435669
toptee,B009YJEDT2,B0045EP3N6,18,0.25958114862442017,B006PATFFU,0.3524080812931061,0.0444084107875824
toptee,B007850FV4,B00D426QSQ,41,0.21364937722682953,B009DO128S,0.3246626853942871,0.002742946147918701
toptee,B0079K2OAI,B00FLNLKU0,59,0.18487310409545898,B003W3RBFY,0.2651154398918152,0.008452445268630981
toptee,B005E9GLD2,B00B3XTZQI,2307,0.037716444581747055,B00CD8H0N2,0.3566790819168091,0.035805970430374146
toptee,B00945C5QE,B00BHIFMDO,37,0.2474430501461029,B009USAFEE,0.3566296100616455,0.015191137790679932
toptee,B00CCHVW88,B00BTGQXYQ,243,0.1571061909198761,B009COQWKC,0.34460771083831787,0.00857245922088623
toptee,B00ECRIKTA,B00D7112VA,16,0.26712915301322937,B004U9UO94,0.3336659073829651,0.017183542251586914
toptee,B00980K5X0,B0097YCPSU,53,0.2109660506248474,B00BD5UXFS,0.3155120313167572,0.01648426055908203
toptee,B008AEE5VS,B0080E50NU,1995,0.051521558314561844,B008SDELXI,0.28687915205955505,0.003428339958190918
toptee,B009GL0KKO,B00BA6KWNS,136,0.16705213487148285,B0088MWZ14,0.32967841625213623,0.0020202994346618652
toptee,B00E4W5P2S,B00BMF3D6U,2,0.37068161368370056,B00EW1H8XK,0.38210463523864746,0.0114230215549469
toptee,B005TVOFNS,B008DAQ1F2,324,0.11964015662670135,B004XFWZ4M,0.3224363923072815,0.008159011602401733
toptee,B007PU81HM,B0089OJC08,2972,0.024908196181058884,B003M8HWVM,0.3128783702850342,0.02566426992416382
toptee,B0084ENHNQ,B005H15OVW,28,0.30857062339782715,B00CFSUJY2,0.39493176341056824,0.013295918703079224
toptee,B0087AYOE8,B007GO6Z1G,108,0.21143567562103271,B009IFP2ZQ,0.35386890172958374,0.005540221929550171
toptee,B007YSB65E,B0084SSYYY,4,0.30130529403686523,B00BX9CZE6,0.3246228098869324,0.005198359489440918
toptee,B00794W7JC,B00CZD7IYQ,7,0.30874621868133545,B008OJKM7U,0.34021592140197754,0.01414424180984497
toptee,B00BSUEASE,B00BU9F40G,95,0.15499071776866913,B001AQOT0A,0.23189988732337952,0.007957056164741516
toptee,B00D01FO34,B00D4FN1Y0,31,0.2390509843826294,B00557QE8U,0.31156766414642334,0.015822231769561768
toptee,B001NOFE4Y,B00BXXO4WI,203,0.14570197463035583,B00B67D53K,0.30869001150131226,0.001270890235900879
toptee,B009IQD6E4,B00C30MK80,897,0.09644670784473419,B002DLLZVC,0.2669506072998047,0.004257261753082275
toptee,B005ZSMYVU,B00DEKPMQU,2,0.26828330755233765,B00C2TLA0G,0.2966862618923187,0.02840295433998108
toptee,B00BRCKMGC,B0039819XM,138,0.17545342445373535,B00B44WXOW,0.30546313524246216,0.0010416507720947266
toptee,B008NA8BTG,B008NA89FC,9,0.28646695613861084,B00BQMYFBG,0.3217402696609497,0.011922001838684082
toptee,B00CDVICKY,B00CIVS0KG,282,0.1621948778629303,B008H1D1AK,0.3076457381248474,0.014156639575958252
toptee,B00BKUAH6Q,B007H12LT8,8,0.26588916778564453,B007O3TPJI,0.3181703984737396,0.002390563488006592
toptee,B00BNFFJ4I,B00C6D1QZM,48,0.22163166105747223,B004VS52HS,0.30003082752227783,0.005760371685028076
toptee,B003HB8MIQ,B001CTIWQW,173,0.1838175356388092,B001KWO4YU,0.2838485836982727,2.872943878173828e-05
toptee,B001PIUPZ6,B001PJB6YO,533,0.11535665392875671,B00DV15U8C,0.28316962718963623,0.04196292161941528
toptee,B006DUA614,B003MEC004,1393,0.05897621065378189,B004AY9RG0,0.29802948236465454,0.005266070365905762
toptee,B00DCZSCUA,B008NDWZJ0,2,0.27172696590423584,B002VMHF58,0.2740936875343323,0.0023667216300964355
toptee,B009ZRKSEM,B00938DQNI,5,0.3400859832763672,B008CV7GDI,0.36355090141296387,0.011104881763458252
toptee,B00G2GMBD0,B00GOCLHNM,57,0.22514301538467407,B00AFGUIIS,0.30520516633987427,0.0017241835594177246
toptee,B007ZT9R94,B00AB36UCS,256,0.12763243913650513,B00B4JV7HG,0.26295047998428345,0.012950778007507324
toptee,B006OMWE2U,B00E6MGG9M,3576,0.006098272278904915,B006J4H356,0.389708548784256,0.03144004940986633
toptee,B0035EPRWY,B0035EPUBW,1,0.37419021129608154,B0035EPUBW,0.37419021129608154,0.0008156895637512207
toptee,B004KSP3ZK,B00EJOHA2O,23,0.32005059719085693,B004KUUK3S,0.3703972101211548,0.012762188911437988
toptee,B006E3ZMA0,B006MXLXHI,1,0.36681032180786133,B006MXLXHI,0.36681032180786133,0.00034567713737487793
toptee,B00BB1UE9E,B001F4PUV4,92,0.18394511938095093,B00EP49SP0,0.2992348074913025,0.009181618690490723
toptee,B004070YLE,B005748QPU,38,0.2973777651786804,B0049B3PRG,0.36375123262405396,0.00492095947265625
toptee,B006BZ8690,B00826O9SS,43,0.26880043745040894,B003JZV3RM,0.3576846122741699,0.018951475620269775
toptee,B00F092ZKO,B00CQ0AGJ2,647,0.11136326193809509,B00CFQIFK4,0.2675705850124359,0.02492322027683258
toptee,B00ATTNOVE,B005DHWXF0,618,0.1015269085764885,B0076G0M0Y,0.2631271183490753,0.014514178037643433
toptee,B0026JOJQ4,B009T3Q18E,107,0.1656309962272644,B000RZ4Z2M,0.30082201957702637,0.019464433193206787
toptee,B007QSN628,B008BIUNOQ,96,0.21438321471214294,B00BX9CZE6,0.3674996495246887,0.011659830808639526
toptee,B00ELK79BI,B008OBD1PI,124,0.19164952635765076,B00DGDCTT8,0.3534661531448364,0.008777827024459839
toptee,B003IKOOTW,B005ISP19Y,3805,0.001040150411427021,B00CD8H0N2,0.32394346594810486,0.00934678316116333
toptee,B003U2T0DI,B00AEMHKKC,11,0.29742929339408875,B00DBDPOLS,0.33620786666870117,0.008496105670928955
toptee,B0014JXLMK,B0014JZ5ZQ,492,0.12806713581085205,B003X1655M,0.30225250124931335,0.018254250288009644
toptee,B00C7USRYW,B007HLK1T0,43,0.2289171665906906,B008MC6KIE,0.3380224108695984,0.031039327383041382
toptee,B004ZUFIZS,B0053Y6WG4,18,0.24694614112377167,B008GSB3QS,0.3204858601093292,0.009992271661758423
toptee,B0094I4IOI,B00DI5EP8M,141,0.16782541573047638,B0052FQP6Q,0.3250177502632141,0.026257187128067017
toptee,B00D8AWLL0,B00F092ZKO,699,0.10663828998804092,B0074173V2,0.3465278148651123,0.010338664054870605
toptee,B009T57HNK,B007HZJ516,6,0.2965512275695801,B008YES8KI,0.35457414388656616,0.019151151180267334
toptee,B001NQ01H2,B00EV6AO8M,306,0.15160156786441803,B00E6RAK6C,0.33602607250213623,0.006280243396759033
toptee,B007Z4WSA4,B001HT27C2,1722,0.06178390979766846,B008G1GGCG,0.304654985666275,0.0016759932041168213
toptee,B00951IWFK,B00DYTDAYW,2,0.3264843225479126,B008TV79LK,0.3282533586025238,0.001769036054611206
toptee,B00DY3WYSQ,B00CBAJCQU,82,0.20568765699863434,B00A2WIYUO,0.3118126392364502,0.002616018056869507
toptee,B009LEG3XO,B00872X8QQ,4530,-0.007260044105350971,B00AZXM5QY,0.27155351638793945,0.0007957518100738525
toptee,B008PFGQP0,B00EE0Y0GC,134,0.17353805899620056,B0081NZ7CY,0.28449559211730957,0.0009378194808959961
toptee,B005C5RPYW,B0030IMH9Q,217,0.155076265335083,B005Q0JLFO,0.3418519198894501,0.004144191741943359
toptee,B00CTYA5U0,B00CQ9ICKI,3,0.2866051197052002,B006MAUWEQ,0.29881346225738525,0.01016700267791748
toptee,B00BZF3B3M,B00AEZZR2W,5,0.2849256098270416,B00B0QCZSI,0.3340133726596832,0.03307226300239563
toptee,B006SF8D3M,B007FAENV0,2827,0.026630494743585587,B00BHZVSSA,0.2852586507797241,0.034319162368774414
toptee,B00CF53NUW,B009LLT866,476,0.11885429918766022,B002IN0LK6,0.34110119938850403,0.019948631525039673
toptee,B007WAE516,B008OUM4X4,1,0.3594239354133606,B008OUM4X4,0.3594239354133606,0.020036637783050537
toptee,B008IZLWTM,B008BDB1LK,177,0.15865890681743622,B00CIH60TI,0.33197301626205444,0.02211165428161621
toptee,B007Q2KFQO,B00440GIHG,101,0.1901182234287262,B0089LOWX8,0.292665958404541,0.013401508331298828
toptee,B006YDMYCY,B00B2WMY5E,44,0.22077754139900208,B0099SHX4A,0.3238103985786438,0.025501728057861328
toptee,B008ZBL9YM,B00B3Z8D96,81,0.23199784755706787,B007IGIC3Q,0.31478583812713623,0.001765429973602295
toptee,B00B9OQ1YA,B006VTEEJW,12,0.26893866062164307,B00CFQIFK4,0.3519733250141144,0.04228118062019348
toptee,B0040T2820,B001HSBUGC,7,0.30338650941848755,B0077Z6LQ8,0.34298670291900635,0.0010033249855041504
toptee,B006ZJ1SMY,B007RMN0CE,1,0.3292706608772278,B007RMN0CE,0.3292706608772278,0.004705518484115601
toptee,B009LHR3P8,B007M47VUY,563,0.10896153748035431,B004O0TNMI,0.3290681540966034,0.02583235502243042
toptee,B00DQTE3W8,B002NIL2AE,1,0.24813657999038696,B002NIL2AE,0.24813657999038696,0.008476853370666504
toptee,B005NY5YK4,B004XFX3H0,1,0.36650973558425903,B004XFX3H0,0.36650973558425903,0.0027932822704315186
toptee,B00BIQADUW,B003KQJHR8,8,0.3113044500350952,B00FLX8STQ,0.35919833183288574,0.02146264910697937
toptee,B0030LH1QC,B0027APC5Y,1284,0.07224221527576447,B002K6A0UW,0.26579439640045166,0.0044813454151153564
toptee,B008J7WSS8,B008QW7G9M,945,0.09209147095680237,B006UHA75K,0.2583326995372772,1.5109777450561523e-05
toptee,B007RBI9P8,B009MMJFFS,11,0.34807658195495605,B008VOMK28,0.39447104930877686,0.006730377674102783
toptee,B00AR014KI,B00BSUEASE,82,0.20023873448371887,B00BEZ1ZGI,0.3079289197921753,0.01166313886642456
toptee,B003RW1XTK,B000NMF34I,208,0.14157192409038544,B009BOJQP6,0.2919013500213623,0.006200313568115234
toptee,B0023RJDIS,B00BQMFTD4,10,0.2522328495979309,B003TEH08Y,0.30493810772895813,0.0027901828289031982
toptee,B008CMAZW6,B00BXYXTSM,16,0.22116360068321228,B006PBBTCG,0.27255070209503174,0.023110389709472656
toptee,B00CP7TJ4E,B009DO128S,6,0.2966275215148926,B00D4FQJQW,0.31917881965637207,0.010748207569122314
toptee,B007C4EYY0,B004H0MME6,18,0.25395429134368896,B00BG43EAC,0.2973206639289856,0.009924739599227905
toptee,B004S7QHVW,B005OCKU18,1,0.40544772148132324,B005OCKU18,0.40544772148132324,0.03697323799133301
toptee,B005HPV9VC,B00CS24LOE,519,0.10503152757883072,B009JXOT6A,0.2759997248649597,0.04430021345615387
toptee,B008DEUD7A,B007WAFEWK,15,0.281954288482666,B00BRA1A9C,0.332446813583374,0.008319258689880371
toptee,B005BYTQ3W,B00DNGZ706,114,0.18208611011505127,B004SH9SAE,0.37354737520217896,0.05251026153564453
toptee,B00B1GLPWE,B008QQH4S6,298,0.1337628960609436,B002DGHCHS,0.2811840772628784,0.012730062007904053
toptee,B009GGSKAG,B00843CFNK,33,0.25390663743019104,B004KJEJ18,0.37634462118148804,0.029552221298217773
toptee,B00ES89826,B003EEMH82,8,0.2965624928474426,B005LCSYYQ,0.3266504108905792,0.001737445592880249
toptee,B007WAFEWK,B00E6RAWS8,14,0.23128938674926758,B007XD6ZME,0.29383450746536255,0.00394245982170105
toptee,B00DMP10Y0,B00CF42390,11,0.2763720154762268,B0078LJIU2,0.3352312445640564,0.03126215934753418
toptee,B006OC3YR4,B008IE0VYK,150,0.15884649753570557,B00A3ZCM2G,0.31229597330093384,0.010097742080688477
toptee,B007T8HCPW,B008L13H1O,196,0.14293357729911804,B003E6MZLE,0.3103558421134949,0.031272053718566895
toptee,B00BWYJ9XM,B00AU4N846,5066,-0.04238656535744667,B00C7ZBRZI,0.3527376651763916,0.018644511699676514
toptee,B005GI9BQ0,B00B2TF87S,5,0.31478968262672424,B008KYWDQC,0.3417573869228363,0.017967015504837036
toptee,B008DLCSL2,B0071BOHGO,73,0.2010696828365326,B007MMYOQU,0.3897555470466614,0.03942745923995972
toptee,B00BRCKMGC,B00A159E2O,1,0.37043601274490356,B00A159E2O,0.37043601274490356,0.03665417432785034
toptee,B007SOBBBI,B003BQ07UI,19,0.3307039737701416,B00AWMNV8Y,0.41213446855545044,0.03253185749053955
toptee,B001NZVD4I,B004L83ZEU,62,0.17786484956741333,B0078UMBN4,0.267744243144989,0.0011126995086669922
toptee,B009325DWG,B00D7ZJQM8,1,0.342058002948761,B00D7ZJQM8,0.342058002948761,0.03270450234413147
toptee,B006VJXGAU,B0051C9FHQ,9,0.24834002554416656,B000OSQ6DI,0.3211236298084259,0.023447185754776
toptee,B005FMVQ1U,B00FH695XA,8,0.285773903131485,B0018MRUVG,0.32740527391433716,0.010334640741348267
toptee,B003QOR38E,B003QP16LI,2,0.3531872630119324,B000BU0BF8,0.35473328828811646,0.001546025276184082
toptee,B00AK1OD66,B00BAD1DI4,46,0.1823606789112091,B008OZT2KM,0.2886209487915039,0.029007166624069214
toptee,B008DVXGO0,B008DVXI34,11,0.31771907210350037,B009XG2XXE,0.34110552072525024,0.0006320476531982422
toptee,B00CD8H0N2,B00CS6IV1E,93,0.2139863818883896,B008LP73WE,0.35416948795318604,0.003218233585357666
toptee,B0071XH3WM,B008IHCNVQ,117,0.19150948524475098,B0001TOS2Q,0.3342980444431305,0.016200929880142212
toptee,B00ADX6GYS,B00AKHUAL2,316,0.1605759561061859,B00ARI99HA,0.3475780487060547,0.01036834716796875
toptee,B004CPWN1I,B0010XXAA8,14,0.2753973603248596,B00G6X5VQS,0.33569449186325073,0.0005502700805664062
toptee,B000Q6K9CM,B006MD5LYE,191,0.1334618479013443,B00FE2CEXU,0.2826336920261383,0.0018096566200256348
toptee,B003ICLHAO,B00A13D3WI,14,0.269045352935791,B0039819TG,0.35991382598876953,0.016860932111740112
toptee,B0069J3HWY,B0036MPF0E,39,0.30902963876724243,B0052XIUXO,0.39694809913635254,0.002092033624649048
toptee,B002KG5WD2,B009EWFGV8,16,0.2476748526096344,B000KRJK2M,0.293325811624527,0.0003860294818878174
toptee,B009YK8DFQ,B003M2XW1M,40,0.290685772895813,B005748QPU,0.36583247780799866,0.004506617784500122
toptee,B0036MPEUU,B0036Z9ZJI,23,0.29315388202667236,B00BXECGGI,0.3655048608779907,0.0050016045570373535
toptee,B00858UOEQ,B004HFRFH0,9,0.3058290481567383,B007XCSINY,0.35022416710853577,0.0020458996295928955
toptee,B0064XXI42,B0075CJZ0W,35,0.2218974232673645,B008AW6A5O,0.27863845229148865,0.004352569580078125
toptee,B00BG0FKN0,B00D02G23O,60,0.23914670944213867,B00EIVRN8E,0.34470540285110474,0.00834539532661438
toptee,B00BULGQGK,B007JRRY06,121,0.19005370140075684,B005GVB93K,0.31248876452445984,0.0008813142776489258
toptee,B0091DWZ9G,B00AYCLHYM,49,0.23078377544879913,B0097YF3AC,0.3329184353351593,0.013314604759216309
toptee,B0071G9W8M,B00A7QHUSW,15,0.3086223602294922,B008OVL5WE,0.3507371246814728,0.007462352514266968
toptee,B00E8CMIK6,B00DQND01E,1,0.36852675676345825,B00DQND01E,0.36852675676345825,0.038464248180389404
toptee,B002FU6SQS,B007OTSRDM,119,0.18107977509498596,B007MMYOQU,0.3387550115585327,0.014427870512008667
toptee,B0045ZH0AO,B0043EVLRU,124,0.1905783712863922,B004AHKZG8,0.36833059787750244,0.04080462455749512
toptee,B0016C0VIW,B00265PFKC,3,0.34567081928253174,B003R6P2P2,0.35916727781295776,0.00978061556816101
toptee,B0089JCK3O,B005TUKIGW,59,0.28262120485305786,B000QHCNS4,0.3632664084434509,0.002516418695449829
toptee,B00CNH9ZQS,B00ESFH2D6,250,0.13509729504585266,B008QW7G1U,0.30762696266174316,0.030766427516937256
toptee,B002V0N9M8,B002YF05M2,145,0.16739147901535034,B009UIKO5O,0.30696427822113037,0.020370692014694214
toptee,B003RW1XTK,B0070S5STS,36,0.26864224672317505,B0057G9TKE,0.35029780864715576,0.0020609498023986816
toptee,B00ADSHGFG,B00365F5CY,218,0.15549299120903015,B00A7FCH3Q,0.3774873614311218,0.015533149242401123
toptee,B00644M0ZE,B003C27BE6,9,0.2870584726333618,B006I9P5KC,0.32868334650993347,0.008303314447402954
toptee,B00E8DA258,B009Q2ETA0,255,0.15599514544010162,B003IL7XT4,0.35900211334228516,0.0301552414894104
toptee,B00BG0FKN0,B00ATQ740Y,4,0.2674415111541748,B005VLT3IS,0.2952482998371124,0.02011290192604065
toptee,B00APD8ZDQ,B004WHUH7I,51,0.243445485830307,B008622J80,0.33261406421661377,0.018915683031082153
toptee,B00CP55VFM,B008C24CU2,96,0.22075794637203217,B007XJBPT6,0.34883397817611694,0.005400359630584717
toptee,B004T6ZAO2,B007H5GJTM,71,0.21784605085849762,B0088D1U9G,0.32987189292907715,0.008961796760559082
toptee,B00B02GQ1E,B0073YHI9W,149,0.19275817275047302,B0086URG8K,0.3341398537158966,0.0032294094562530518
toptee,B00APD9FKS,B00APD9CPQ,66,0.23079432547092438,B008HPO8DU,0.32850465178489685,0.006197541952133179
toptee,B0036WSZVA,B005WKSX5M,150,0.1757250279188156,B00EUSTQQW,0.35003894567489624,0.0168725848197937
toptee,B00092SAR4,B005X4DNHA,1,0.30614572763442993,B005X4DNHA,0.30614572763442993,0.0013039112091064453
toptee,B005A1U8OC,B0053AJX9G,17,0.3412288427352905,B003BVK410,0.4112108051776886,0.002557426691055298
toptee,B005TFBF50,B007E3LL4U,31,0.26132988929748535,B000VTDF2U,0.34942376613616943,0.016231238842010498
toptee,B009FF1MDA,B003U2T0DI,158,0.1497698277235031,B00644M0ZE,0.2758227586746216,0.004631251096725464
toptee,B008P57GXG,B00C664F5M,448,0.10802935063838959,B0027IIDA2,0.29685699939727783,0.0014071166515350342
toptee,B00CUU2RUO,B008EMP6UK,11,0.2662303149700165,B000LMU6X8,0.3343263268470764,0.012099266052246094
toptee,B00CDZC2VA,B00F4AMFE0,345,0.12346698343753815,B00B04JO4I,0.31731462478637695,0.022055089473724365
toptee,B008DVXGO0,B006FIZGVE,870,0.08342081308364868,B00DURBK7W,0.26383715867996216,0.00972813367843628
toptee,B00980K5X0,B0097ZNH7M,99,0.18349042534828186,B007M7B28I,0.2923060655593872,0.018653154373168945
toptee,B000J41PCO,B0043OA0YA,14,0.25140461325645447,B00C85JTSY,0.3157404959201813,0.008054137229919434
toptee,B009325DWG,B008A32ZVG,776,0.08832423388957977,B008BOJ2TM,0.32617276906967163,0.004132509231567383
toptee,B001BJXXD0,B005CJYYM4,2,0.3136399984359741,B002ZZAHYM,0.346142053604126,0.032502055168151855
toptee,B003XII7B0,B004HKI7M2,8,0.2903832495212555,B0091IXT5K,0.3108409643173218,0.0010857582092285156
toptee,B00GR9QGL0,B00EV6D0G0,168,0.15905725955963135,B00E65KUB4,0.320357084274292,0.0038914084434509277
toptee,B007IFMWA6,B0083F8T20,2,0.3379281759262085,B00FZ9SD2S,0.350139856338501,0.01221168041229248
toptee,B007GO8A00,B00EB6PRV6,18,0.2547488808631897,B00CWMDY20,0.3128371834754944,0.018809646368026733
toptee,B00BNMTGEA,B00CO951MW,424,0.12154784053564072,B00BGVR06Y,0.3135354518890381,0.01567956805229187
toptee,B006PATFFU,B002SW2QGE,649,0.1021866649389267,B003H3PTL2,0.27340707182884216,0.03191496431827545
toptee,B008L464E8,B005OD69BC,208,0.14524433016777039,B006WWOGFU,0.3317808508872986,0.057346880435943604
toptee,B008UFVTP2,B00DH8ZIOA,123,0.17352700233459473,B00APO69LU,0.26162102818489075,0.00455358624458313
toptee,B00C0QCRHG,B0097ATVDQ,4,0.2667809724807739,B008PQ2WKW,0.2899158000946045,0.007151812314987183
toptee,B00A3HL3Y2,B00DUZL2OU,609,0.0947122648358345,B008FY77GI,0.24848487973213196,0.006765350699424744
toptee,B007OZIXJO,B003R6P2P2,2,0.3433466851711273,B00CC00TOS,0.34437257051467896,0.0010258853435516357
toptee,B0051DQXH0,B003ICJSXC,21,0.28496605157852173,B00E0COGUE,0.38411271572113037,0.011756986379623413
toptee,B00CE5Z5OA,B0086RPNL0,5,0.3187686800956726,B00CIH60TI,0.38051530718803406,0.005386948585510254
toptee,B0083SO3AO,B002EIS4BS,1187,0.0739947184920311,B007MMYOQU,0.3870106339454651,0.041209667921066284
toptee,B003EUVTHG,B001R5QU5Q,28,0.2830091416835785,B003ZD8SAI,0.3947206139564514,0.016787678003311157
toptee,B00D6ANVMU,B00B3599SA,132,0.1752322018146515,B008X034FW,0.3101251721382141,0.036719679832458496
toptee,B00CMD9IKQ,B005QQGOTO,408,0.12398715317249298,B0052FQP6Q,0.26709574460983276,0.006749480962753296
toptee,B0036MPEUU,B00BBQB4E8,59,0.26895394921302795,B0069J3HWY,0.3816930055618286,5.155801773071289e-06
toptee,B0026JKY9A,B0047WSZM2,316,0.11194214224815369,B009LO455C,0.32776352763175964,0.00506436824798584
toptee,B0092S985O,B00E9KDNLK,8,0.3053950071334839,B004ND937G,0.3427191972732544,0.008600771427154541
toptee,B00BQSWLC0,B008646FOC,133,0.16149917244911194,B005JR1L8E,0.3287472128868103,0.04944995045661926
toptee,B00AKHPDDW,B007XD4TEA,5,0.26538461446762085,B00BAY489E,0.27942797541618347,0.007604479789733887
toptee,B00ECRIKTA,B00EKIQ8GS,646,0.11132916063070297,B008IZKAP4,0.26615825295448303,0.006335526704788208
toptee,B0085OCK88,B00CH21TQ8,61,0.2654886245727539,B00GVHV6YA,0.3736809194087982,0.003863006830215454
toptee,B00A3MVCUC,B00A3MV3CO,712,0.09770914912223816,B006TCJE1E,0.28551656007766724,0.006365954875946045
toptee,B005E0TR32,B003HB8MIQ,256,0.14410090446472168,B003XRJGQG,0.3638480007648468,0.0062208473682403564
toptee,B00DEMQAH8,B004YXESRA,2,0.3725244104862213,B0041A87A0,0.3814969062805176,0.008972495794296265
toptee,B00DP8U3GU,B0085CNLL0,134,0.15237493813037872,B0089YZEGO,0.2706063985824585,0.002754122018814087
toptee,B0070TYTWO,B00AFRSNKM,37,0.27117836475372314,B00839LUD6,0.37374624609947205,0.019095927476882935
toptee,B00BUSQ4H4,B00AZ5BIAG,1,0.3406241238117218,B00AZ5BIAG,0.3406241238117218,0.0005106329917907715
toptee,B007ZTA748,B005M2DCNS,46,0.21150924265384674,B00BXIPAQ2,0.3309127688407898,0.03246977925300598
toptee,B00AG42HGU,B00AKN42A6,50,0.25282973051071167,B00CII5TJO,0.39305493235588074,0.0381370484828949
toptee,B00H03TS7Q,B009CEZ6KY,81,0.20659032464027405,B00BT8UASO,0.3502359688282013,0.019657760858535767
toptee,B0089FEXNI,B008DVKTPY,1,0.38077300786972046,B008DVKTPY,0.38077300786972046,0.01210165023803711
toptee,B00CHYIX56,B004JHNKR0,161,0.18313013017177582,B0057G9TKE,0.3412015438079834,0.000562816858291626
toptee,B0059AA3AS,B004S9C0VQ,144,0.17340505123138428,B00B10FW5G,0.30984389781951904,0.009697496891021729
toptee,B002RL9VFA,B003R1E3LQ,79,0.24732157588005066,B00EWDMMD4,0.3938513994216919,0.028306394815444946
toptee,B00CS5PAZU,B004VNVMO0,153,0.16702744364738464,B006BXOR68,0.2997858226299286,0.0031624436378479004
toptee,B000Q6K9CM,B003XZOM9O,7,0.2967618703842163,B008TV79LK,0.33794498443603516,0.02329552173614502
toptee,B007YSB65E,B002OTJUUG,2,0.2769997715950012,B0051PLLLQ,0.2845863699913025,0.0075865983963012695
toptee,B008OGHR94,B00ALWZLS8,3,0.2865145802497864,B009GL0KKO,0.30824199318885803,0.01016893982887268
toptee,B00E0L1X3I,B001UJP6TU,148,0.16443222761154175,B00CTV4ENM,0.31903955340385437,0.0061314404010772705
toptee,B008NA89DE,B008M4UGVO,18,0.2959258556365967,B00926VCPK,0.3612125515937805,0.0034658312797546387
toptee,B00BJYIR9C,B00BWI7CT6,27,0.20829711854457855,B00DP7FVMW,0.32713785767555237,0.02672639489173889
toptee,B002UNLYPK,B006ZQ9284,321,0.12998485565185547,B003XRJGQG,0.3645322322845459,0.011801421642303467
toptee,B003EACZ9M,B000YVF80C,1,0.3286517262458801,B000YVF80C,0.3286517262458801,0.0
toptee,B0057UCUEC,B0006UZHZM,5,0.37803906202316284,B00B72HHWE,0.39897412061691284,0.0124092698097229
toptee,B003RW60ES,B008LP6XWU,206,0.15874053537845612,B00751217C,0.34872621297836304,0.02164342999458313
toptee,B00B2T8KVY,B00816I10Q,385,0.13180920481681824,B007P5IGC2,0.29581671953201294,0.002213895320892334
toptee,B00CWMDY20,B00BNY0BGU,44,0.2091066837310791,B00BE75USU,0.31593453884124756,0.006225377321243286
toptee,B002Q2O178,B00AAXLPNI,156,0.16252681612968445,B005DU04RQ,0.31572026014328003,0.013229548931121826
toptee,B00A0I8G08,B00A0I81TO,200,0.1368929147720337,B00EVQ0AQ8,0.2845684885978699,0.019685745239257812
toptee,B00B8QSVT2,B00B19GWBK,292,0.13596925139427185,B007VDXTM0,0.2548852562904358,0.005596935749053955
toptee,B00CJGBH1Y,B00980LBAQ,20,0.2564598619937897,B006DTK3AE,0.33962517976760864,0.008698582649230957
toptee,B008P36HLK,B007HYFREG,15,0.27199453115463257,B009EN0NFQ,0.32567867636680603,0.00441327691078186
toptee,B00FLX8STQ,B005ONXMI0,4065,0.025470897555351257,B004S9C0VQ,0.2766716778278351,0.000138014554977417
toptee,B00FN8311Y,B00A4N2S3K,232,0.14321526885032654,B002IN0LK6,0.3438956141471863,0.004846334457397461
toptee,B0097YF730,B0018MRUVG,47,0.24513766169548035,B0085FSDMY,0.2882522642612457,0.0004703104496002197
toptee,B009LV2QW4,B002DMJVQM,18,0.278033971786499,B00ALR3QBM,0.3526093363761902,0.03146296739578247
toptee,B009YJEDT2,B009YJB6PG,101,0.17026332020759583,B007XCWQM8,0.292830228805542,0.0201948881149292
toptee,B008QW03K6,B00CN7XUWI,7,0.2440066635608673,B0096HO4NM,0.2668301463127136,0.0046408772468566895
toptee,B004045DEA,B0027IIDA2,10,0.29329317808151245,B00CV2DS40,0.32122260332107544,0.004749715328216553
toptee,B00GGQZOHG,B0051DQXH0,2,0.3128710091114044,B008OJKM7U,0.3281467854976654,0.015275776386260986
toptee,B00AWMNV8Y,B00C2VHLS4,27,0.2762947082519531,B003PGQ4Q0,0.382265567779541,0.03311276435852051
toptee,B007X4CRXE,B000BTBPWW,17,0.2964901924133301,B003QOTMNI,0.36836880445480347,0.008691936731338501
toptee,B00EWDMU7M,B00A3QDXKU,10,0.2943756580352783,B008TV79LK,0.36250704526901245,0.02791231870651245
toptee,B008BT60TM,B006UD94AS,338,0.1142292469739914,B0054QOMY0,0.27597761154174805,0.0006762146949768066
toptee,B0090KE5XE,B0070TYTWO,277,0.14700660109519958,B007KS1DEW,0.3317777216434479,0.0020901262760162354
toptee,B00BNQVHEI,B00AE6IWMS,15,0.2849198877811432,B007HZJ516,0.33509600162506104,0.0012412667274475098
toptee,B009ZYOP1C,B009ZYYBVG,39,0.19247150421142578,B009XEDL64,0.3408034145832062,0.03617289662361145
toptee,B0093PJJLO,B00980LE0S,38,0.2828153669834137,B00839LUD6,0.36243775486946106,0.01004171371459961
toptee,B00C2G46RS,B00BSWFTJG,86,0.1833791732788086,B003RWSXPW,0.2896549701690674,0.0007013678550720215
toptee,B00CY7NCB6,B009YJR60K,18,0.2665235102176666,B00A8ZDV1M,0.34431466460227966,0.01782253384590149
toptee,B0089M6R2G,B005DA4Q2K,1701,0.06707502156496048,B0039819XM,0.25689712166786194,0.01656787097454071
toptee,B008XJWRCY,B0001TOS2Q,1352,0.07513178884983063,B00BI01W8A,0.3014216423034668,0.006984740495681763
toptee,B0072C7GV0,B00B9ZF3H0,152,0.16614261269569397,B003ULNRNI,0.3120071291923523,0.023676276206970215
toptee,B00BN7XJNO,B00B78M2XC,3082,0.026857618242502213,B008TWBPR8,0.33645766973495483,0.014226377010345459
toptee,B00G3J4GB6,B004HE4K7E,1919,0.058263860642910004,B005FG1UNU,0.3097839951515198,0.03068298101425171
toptee,B00408M6QO,B0099UJ9JK,93,0.232156440615654,B006VJXGAU,0.3849356770515442,0.004919767379760742
toptee,B0045DTP72,B008FJZ7LK,33,0.25426846742630005,B004ND937G,0.33118849992752075,0.0071877241134643555
toptee,B0058GP0K6,B00EALYO5M,61,0.20025041699409485,B008VQ6OJQ,0.35220789909362793,0.017718195915222168
toptee,B0067EUKX0,B001HBKGB4,516,0.11522316932678223,B005TF4TS0,0.28335443139076233,0.003391832113265991
toptee,B007UR329M,B00B1Y4WNU,12,0.26665592193603516,B002BJL5XO,0.3015875518321991,0.011004894971847534
toptee,B00FQUAV9E,B002UUXZS2,90,0.22868609428405762,B004AYYOOK,0.35280096530914307,0.0018481910228729248
toptee,B005M02XIA,B0057UCUEC,3,0.34508490562438965,B004AYYOOK,0.3601519465446472,0.005177557468414307
toptee,B0045ZH0AO,B005WUPBZW,2,0.34464728832244873,B004AHKZG8,0.388059139251709,0.043411850929260254
toptee,B008FMRCQK,B000KD64ZC,1319,0.07524948567152023,B009EXKQEY,0.3643423318862915,0.024271398782730103
toptee,B00A061DH8,B000K7GA66,42,0.20272567868232727,B009XEDL64,0.349409282207489,0.03505304455757141
toptee,B00C9WFPGQ,B001AQOT0A,5,0.30993497371673584,B008S0EVKY,0.35805565118789673,0.015101730823516846
toptee,B002BA5ZWK,B007E94EY8,1,0.298532098531723,B007E94EY8,0.298532098531723,0.0033644139766693115
toptee,B002TNOCNW,B00AF2OJHI,24,0.24409738183021545,B00B3Z8D96,0.3043208718299866,0.0014142990112304688
toptee,B0061QIMZM,B0061QILTE,1,0.3470330238342285,B0061QILTE,0.3470330238342285,0.02755635976791382
toptee,B00BNQW9CM,B008KYI2SK,731,0.09859728813171387,B00AZPKQEA,0.2782992720603943,0.019053339958190918
toptee,B008KRDRF0,B006CA80F4,154,0.16433283686637878,B008SRL1GO,0.28518837690353394,0.014938801527023315
toptee,B00C7SRYCA,B008BPVQGS,12,0.2686255872249603,B00FZ9SD2S,0.32958391308784485,0.006866872310638428
toptee,B00C64M1BY,B00C64LT08,12,0.2992936670780182,B009ZUHVEE,0.3402966260910034,0.0013848543167114258
toptee,B000FVAR52,B009BHFGKC,20,0.2841511368751526,B007JI3V8Y,0.36692655086517334,0.009962886571884155
toptee,B0073PZW2Q,B009DIEYZM,608,0.09574355185031891,B007H9KCOG,0.2966756522655487,0.007732689380645752
toptee,B00AL1QEPS,B00C7APZP6,1,0.3726758658885956,B00C7APZP6,0.3726758658885956,0.0
toptee,B005NAEZXU,B005E0TR32,42,0.28789669275283813,B002WXYRVG,0.36704471707344055,0.015128731727600098
toptee,B00B02GQ1E,B00AM3ICQO,276,0.14139606058597565,B00EWDMMD4,0.3630754351615906,0.0012362003326416016
toptee,B004KJE0DU,B0081P9UPC,105,0.16929930448532104,B006MQ5XBW,0.28160446882247925,0.02768281102180481
toptee,B009ZYYBVG,B005VSPMEK,66,0.19807112216949463,B000LMU6X8,0.32330578565597534,0.026197850704193115
toptee,B007PAD4YC,B005QWOSX2,3446,0.031120922416448593,B0089XPCZI,0.278560996055603,0.011660635471343994
toptee,B005J29QHW,B00AHGBX80,3,0.3293522000312805,B008AW6A5O,0.33539846539497375,0.0011477768421173096
toptee,B008HZFIUM,B0097B8O0Q,151,0.14199300110340118,B007XD6ITY,0.24939367175102234,0.0012664645910263062
toptee,B0085K0LQU,B002RL9VFA,1004,0.08614753186702728,B00E31DGEY,0.32614731788635254,0.0038008689880371094
toptee,B0087KODUS,B009Q55MKI,57,0.2389698475599289,B007W30D32,0.35234618186950684,0.01805788278579712
toptee,B003RW1XTK,B001J5SK66,16,0.263960599899292,B00BK4DJSA,0.34320902824401855,0.0054528117179870605
toptee,B00BWUM7YE,B008SAYUQY,114,0.21218536794185638,B004O0TNHS,0.3475953936576843,0.00394400954246521
toptee,B007RMNIE4,B007RMNP8I,112,0.15772703289985657,B00C30LFR2,0.3215183615684509,0.04767844080924988
toptee,B00BEQD79U,B00BQJWS6I,34,0.23359832167625427,B00C65T562,0.308485746383667,0.004140794277191162
toptee,B00C7AFSIA,B00D48X886,1,0.3726807236671448,B00C7APZP6,0.3726807236671448,0.0
toptee,B00CFELT5O,B005G0TR94,974,0.08034725487232208,B00E9OXH4Y,0.24695007503032684,0.005808442831039429
toptee,B00CNCURMO,B00AA1RC0A,442,0.12560102343559265,B008VWCZ5W,0.34374862909317017,0.033257633447647095
toptee,B008VOY01M,B00980K6RA,1,0.3493683636188507,B00980K6RA,0.3493683636188507,0.006514191627502441
toptee,B00BPPALLM,B004GB27NM,563,0.09875181317329407,B005QA9NJS,0.349407434463501,0.022268056869506836
toptee,B006GHSVKC,B001AYHVZ2,335,0.14610888063907623,B00980K6RA,0.28661519289016724,0.0006745457649230957
toptee,B00DS0TDAW,B00BTV1FZI,9,0.25455713272094727,B008597ENE,0.28732210397720337,0.01309192180633545
toptee,B007D1K6U8,B009IV3DQU,23,0.2504357397556305,B00BWCOOHA,0.3341907262802124,0.02450937032699585
toptee,B008DVXGO0,B00COMJHRO,1592,0.06402827799320221,B003ILC93Y,0.2614456117153168,0.006669431924819946
toptee,B000EOZGWE,B00EUSTQQW,2082,0.055257201194763184,B000X1OE0I,0.3066946268081665,0.007743507623672485
toptee,B00D3ZHQ5G,B00AECN92K,578,0.11921510100364685,B007HXWYJI,0.2902758717536926,0.01687905192375183
toptee,B008X04NWA,B00BM27KWQ,26,0.21823744475841522,B008597ENE,0.2948587238788605,0.005700200796127319
toptee,B00ADM33S6,B0083VXWJY,17,0.2775592803955078,B00DBQJAAG,0.32671409845352173,0.007094323635101318
toptee,B008MC6KIE,B008MC6RW8,14,0.2478989213705063,B008LZL9EW,0.3129033148288727,0.020347684621810913
toptee,B007POA5NG,B008CEJM82,486,0.11357536911964417,B00CQNY0EG,0.30657243728637695,0.056046873331069946
toptee,B00ESB1S80,B0087FOSXK,4748,-0.011436829343438148,B00H879A5Y,0.41381528973579407,0.037652820348739624
toptee,B00AO4O7NI,B009E6CMVG,81,0.23369134962558746,B00GVHV6YA,0.3696047365665436,0.007167130708694458
toptee,B00CS24LOE,B0095KBFXM,61,0.17672047019004822,B00AZ9IM4W,0.28527265787124634,0.0332331657409668
toptee,B003N1BT76,B00CA5TTCI,1666,0.055098943412303925,B0089ZN046,0.3429332375526428,0.013624727725982666
toptee,B00EW1H8XK,B00DOJ2BSS,337,0.12352439761161804,B00BMYFLX4,0.32153061032295227,0.02822214365005493
toptee,B00579WNTA,B00AWRUOE8,31,0.23598769307136536,B004M8QXV6,0.31658920645713806,0.026939064264297485
toptee,B004P5P1I2,B0049MOEBQ,1,0.3692837953567505,B0049MOEBQ,0.3692837953567505,0.025296926498413086
toptee,B0067F9A0S,B003KS9NCA,1,0.3673800528049469,B003KS9NCA,0.3673800528049469,0.0277940034866333
toptee,B004U32SXK,B00D9JXPFG,3412,0.016571665182709694,B001NOFE4Y,0.24355289340019226,0.01607125997543335
toptee,B005TGIFKC,B007Y5JWO4,90,0.22315613925457,B008V64YZC,0.37575143575668335,0.011124670505523682
toptee,B006Z8F286,B006Z8GQAE,34,0.2584228515625,B004AYYOOK,0.3623483180999756,0.030760467052459717
toptee,B008K7SPQQ,B007PUOJAU,194,0.17418816685676575,B007A9W52U,0.356121301651001,0.0038785040378570557
toptee,B0043VDDUQ,B0067MGY9G,2540,0.03989115357398987,B005E9GLD2,0.3667833209037781,0.00949937105178833
toptee,B008G3M3IK,B00A7UPC6U,2,0.36107540130615234,B00AMH2L2G,0.3635333776473999,0.0024579763412475586
toptee,B008H48MI8,B005G5XGH8,106,0.19590982794761658,B0015UTLJU,0.33045974373817444,0.012720704078674316
toptee,B001PO54QU,B0099SH8YU,2,0.28035032749176025,B004IWRQRG,0.29188087582588196,0.011530548334121704
toptee,B00BG0FKN0,B00BJ9RAFY,29,0.22007635235786438,B004ZLBA54,0.2879462242126465,0.012216567993164062
toptee,B005LVNTOW,B005IB1TYM,30,0.29436367750167847,B0091IXLT4,0.36059385538101196,0.003176391124725342
toptee,B007RWJ3UC,B009LHQR7I,38,0.22085946798324585,B005NYP1FC,0.3394901752471924,0.01424822211265564
toptee,B00C7CF1R6,B0062SQ1GQ,49,0.20110930502414703,B007LDFJFU,0.2967289388179779,0.008969932794570923
toptee,B00B99TW1E,B006QHC6BM,42,0.21448536217212677,B00BWI7CT6,0.3563559353351593,0.05761715769767761
toptee,B00B99NYWC,B00BKU6QXE,118,0.1954304277896881,B007IGIC3Q,0.34849515557289124,0.00866439938545227
toptee,B004KVE9Y8,B00D8IEETE,24,0.19052332639694214,B00CDAOEAW,0.24794061481952667,0.018505945801734924
toptee,B00FM8D476,B00F4PTN5Y,2739,0.03899902477860451,B00B5MEQMA,0.25374382734298706,0.012814000248908997
toptee,B007MO6BNM,B004HFOQIG,4026,-0.005348611157387495,B009YKO0AI,0.33918243646621704,0.026732265949249268
toptee,B00CNP18BA,B005LJX4L2,17,0.2774832248687744,B002GV29EG,0.3518255949020386,0.009379863739013672
toptee,B007LLWQMQ,B003H3O7MO,3356,0.026774857193231583,B005FG1UNU,0.3247954249382019,0.02188509702682495
toptee,B00G3DOW3O,B00D4K3BFO,108,0.1900637000799179,B003W3RBFY,0.31789630651474,0.0010006427764892578
toptee,B00CD0KQ4A,B009B5PDIO,4,0.3503609895706177,B00E5PNCWY,0.3822876811027527,0.006675064563751221
toptee,B005GA8YB6,B00CF21LHM,3550,0.019773537293076515,B00700SRQ2,0.3161540627479553,0.0031029582023620605
toptee,B000EOXMAM,B009DTUFG8,358,0.1338375359773636,B006H6WNQ0,0.30947303771972656,0.01825055480003357
toptee,B00B99NYWC,B00BB9UBNU,140,0.16225466132164001,B00BMYFLX4,0.2861746549606323,0.002080380916595459
toptee,B00BF3FG0U,B00H03TS7Q,9,0.2811855673789978,B000KE0HF4,0.301106333732605,0.00169333815574646
toptee,B00ADM3HIC,B005WS1TUA,7,0.29172205924987793,B003X1655M,0.3737628757953644,0.01750168204307556
toptee,B00AE6IWMS,B00C85K4V0,5,0.23328661918640137,B005XIDGFK,0.2518455982208252,0.005657553672790527
toptee,B0078PHUX0,B00AFGVMDI,763,0.09855081140995026,B00CU89THK,0.24422574043273926,0.00032830238342285156
toptee,B008PFGQP0,B00926VDVS,1560,0.06456492096185684,B009YKBNJO,0.2915440499782562,0.002132624387741089
toptee,B00AG35TN4,B00861X3PE,83,0.17386120557785034,B00CBNKX7Y,0.3154256343841553,0.043059080839157104
toptee,B0013WQ03U,B007U4B7BA,8,0.3156217932701111,B008WYCFGI,0.3493521213531494,0.012396633625030518
toptee,B008UAL5YM,B009XG2TYW,26,0.25275692343711853,B00DIZVGZW,0.3200492560863495,0.013016283512115479
toptee,B005ZSMYVU,B006FIU3HQ,24,0.23772427439689636,B00BTGQXYQ,0.3116016387939453,0.0038456618785858154
toptee,B008E093WY,B00BEPIF0W,12,0.31224188208580017,B008OVL5WE,0.3511417508125305,0.0011535286903381348
toptee,B00608J3R2,B004T6ZAO2,64,0.20448629558086395,B00BI3DVGS,0.3320595920085907,0.007517307996749878
toptee,B005E1LG9Y,B0079K2OAI,4941,-0.025809014216065407,B007M47VUY,0.3574482202529907,0.01645076274871826
toptee,B00BI3DVGS,B008H1D1AK,2942,0.018434390425682068,B00AYVTJ4I,0.27736595273017883,0.003454059362411499
toptee,B00BB1UC5K,B00FABG19I,4930,-0.040240831673145294,B004RDYOTY,0.23862437903881073,0.0014062374830245972
toptee,B009P2LMWE,B00E0YE9KO,12,0.28876861929893494,B001PENSS6,0.3343368470668793,0.006424516439437866
toptee,B0067F94EK,B003UWZXAC,3,0.2931544780731201,B001THNENS,0.30879828333854675,0.011323899030685425
toptee,B00BF727US,B0014K4O0W,62,0.25127309560775757,B003BVK410,0.37124156951904297,0.0020505785942077637
toptee,B0063GHGVG,B0055B67XI,13,0.2606746554374695,B0039RHML6,0.30967825651168823,0.008375704288482666
toptee,B004VRQFDE,B00BKZ2UUM,33,0.252873033285141,B005QA9NJS,0.3826529085636139,0.018741965293884277
toptee,B002UKPUD0,B00EHZCYE4,1344,0.07136920094490051,B00BR3ED98,0.2851637601852417,0.0005536675453186035
toptee,B008D18TG0,B002LSI9FC,21,0.2769174575805664,B009UIKO5O,0.3215004801750183,0.0018835067749023438
toptee,B0036JQOZM,B000VOM5JY,158,0.1564289629459381,B0066VFV7O,0.2696663737297058,0.002634197473526001
toptee,B00BXI78D0,B0058XRN72,1,0.27295154333114624,B0058XRN72,0.27295154333114624,0.010954558849334717
toptee,B008R786SQ,B00DNJNBHE,104,0.20454132556915283,B0091EITD6,0.3840688169002533,0.010260790586471558
toptee,B00A3NAH6G,B001UB7POC,6,0.2958391308784485,B002Y6MKRO,0.37006616592407227,0.051180630922317505
toptee,B00BXIPAQ2,B004ISLMWK,129,0.19883468747138977,B005HMIW3S,0.3171287178993225,5.549192428588867e-05
toptee,B008VA57I6,B000BU0BF8,6,0.3073197603225708,B001MD8DK8,0.3525824248790741,0.009845435619354248
toptee,B000GNYYDA,B008OGHR94,313,0.13511231541633606,B00DNZNKKQ,0.30836790800094604,0.006677985191345215
toptee,B007QPJ3Q4,B004TUD7D4,5,0.30347368121147156,B00EEFH4GK,0.3289394974708557,0.002200007438659668
toptee,B00GGQZOHG,B0038OVRMK,271,0.1399976909160614,B004AHKZG8,0.3220178186893463,0.008468598127365112
toptee,B005VA01DK,B005V9YGKK,4,0.3320562243461609,B00E0IN6HW,0.3505702316761017,0.00955083966255188
toptee,B0068VGVK8,B005H63RJ8,324,0.14092127978801727,B00BF727US,0.36194780468940735,0.004983872175216675
toptee,B00C5NMEPE,B008X0HEZS,161,0.14799460768699646,B005BNZ79K,0.29773640632629395,0.020002037286758423
toptee,B00BZF3B3M,B008XMLIVC,348,0.12281395494937897,B004I6IVCG,0.2938324809074402,0.01781800389289856
toptee,B001OOLPBY,B004RBMYMA,1,0.32560405135154724,B004RBMYMA,0.32560405135154724,0.007929414510726929
toptee,B004W4CV52,B00AR1TNN2,8,0.26409754157066345,B00A061DH8,0.34127917885780334,0.013590067625045776
toptee,B00C6IRB42,B00E5RNKN8,3,0.31289422512054443,B00BG0GD90,0.34218844771385193,0.025038093328475952
toptee,B005MVACSM,B003BQR0AI,3974,0.00857245922088623,B004KMTWL2,0.3514222502708435,0.01344996690750122
toptee,B00FPT42EG,B00BT95KVK,3567,0.03058069571852684,B00CE8Z8X0,0.27489233016967773,0.003049194812774658
toptee,B00BNQVHEI,B009DZON1A,1,0.28520670533180237,B009DZON1A,0.28520670533180237,0.007102936506271362
toptee,B00E5RNKN8,B00C11V9JM,58,0.19472213089466095,B00EWDMU7M,0.2525099515914917,0.0002948641777038574
toptee,B00AEXWZ7O,B009EXKQEY,414,0.10469993948936462,B009XEDL64,0.36822080612182617,0.008941888809204102
toptee,B007Y9F3MA,B005J29QHW,59,0.2146815061569214,B009MMJFFS,0.336074560880661,0.006421416997909546
toptee,B007G0I5EK,B00AGFB1YI,10,0.28391751646995544,B007IPC5C6,0.33855587244033813,0.005037575960159302
toptee,B008I8YP52,B007WASLUM,462,0.11584485322237015,B00BWH086G,0.26787054538726807,0.0071222782135009766
toptee,B003IEWVRK,B00A4NGTUI,3,0.3134263753890991,B00BGVT030,0.35012978315353394,0.02174481749534607
toptee,B00CD8H0N2,B004W9MRYW,67,0.2292335033416748,B000KRJK2M,0.3418751358985901,0.019492030143737793
toptee,B007ZTGZSA,B0080A333S,165,0.16794613003730774,B00CD23F8W,0.3568952977657318,0.0014662444591522217
toptee,B001R63KMQ,B001OQZC3O,41,0.23556646704673767,B00EWJWQHU,0.3220217823982239,0.02458357810974121
toptee,B0054S3X0C,B00DET0O00,403,0.12983722984790802,B00AZPKQEA,0.3219102621078491,0.021135449409484863
toptee,B0037TJOEO,B00018A7Y0,26,0.30113959312438965,B00E4AEAGM,0.37862539291381836,0.010255008935928345
toptee,B003KW7PXK,B003O1HGTA,235,0.16813340783119202,B005CTBNN2,0.3410017192363739,0.00911608338356018
toptee,B004S7QHVW,B0084APYQ8,4,0.3264586925506592,B007W58G70,0.3481098413467407,0.005357325077056885
toptee,B0095YHVUY,B005N5GWCC,144,0.18407931923866272,B0038OVRMK,0.3086830973625183,0.0035201311111450195
toptee,B004HHNMRK,B008LUUKHO,219,0.16169041395187378,B001MC2HDI,0.3079354166984558,0.003051578998565674
toptee,B000VCWJIS,B003BWL0EE,209,0.16869854927062988,B009BOJQP6,0.33554187417030334,0.008924782276153564
toptee,B005HFYGOO,B0096HQC9Q,1139,0.07435762882232666,B00CIY810C,0.249292254447937,0.011644139885902405
toptee,B00BF71UBU,B00B7YFTOK,10,0.32557034492492676,B004ODM2WI,0.34553730487823486,0.0005845129489898682
toptee,B00A4FC3HE,B00A0I88VU,126,0.1788070797920227,B006559KXW,0.31875941157341003,0.0005200803279876709
toptee,B005ZO99DA,B003H3PTL2,51,0.23615972697734833,B00EMIV9HO,0.33644041419029236,0.014599800109863281
toptee,B003Q4VE8O,B003MSWJ1U,143,0.15743201971054077,B008OVL5WE,0.3164812922477722,0.02725517749786377
toptee,B003DWBO7U,B007C7XJYS,4,0.33819878101348877,B005OCKU18,0.3725993037223816,0.019547760486602783
toptee,B0094U96UW,B00BK2Z1TM,2292,0.05243435874581337,B00CTYA5U0,0.2626771330833435,0.003000497817993164
toptee,B002RL9VFA,B009NGX6U8,78,0.2031700611114502,B0018MRUVG,0.3208751380443573,0.00999024510383606
toptee,B00CAAKD3M,B00AMSFVK4,3,0.3668387532234192,B00CGTV8EU,0.37476107478141785,0.00010088086128234863
toptee,B00DDUSOWU,B00AFSPI0O,319,0.1441359668970108,B009EN0NFQ,0.3465889096260071,0.0004354715347290039
toptee,B0067EHRQI,B00A4TMAPK,71,0.24035608768463135,B005MVACSM,0.34087449312210083,0.001660376787185669
toptee,B0052CHM9S,B0070TPNGA,64,0.20331698656082153,B00BWH0CAS,0.3411000370979309,0.024631798267364502
toptee,B00E0L1X3I,B008SAYDK2,313,0.13110220432281494,B00CBS8OBG,0.25001662969589233,0.005210787057876587
toptee,B00AHGAKZM,B0007MVXES,5,0.3105939030647278,B005D2T18M,0.3540228307247162,0.002531081438064575
toptee,B008OGUW32,B00EUAKBEG,2572,0.0463380441069603,B00B2TF87S,0.2954027056694031,0.00980713963508606
toptee,B00186WJ36,B00BRBHTJ6,4,0.3142274022102356,B00BG0GD90,0.3252776563167572,0.0029159486293792725
toptee,B00APE63FM,B00EK6N7XM,5,0.24482354521751404,B00FKG3UJ2,0.3404929041862488,0.058241426944732666
toptee,B005I4KNX2,B005CP04UE,195,0.1482703983783722,B0091HZ3WS,0.2980768382549286,0.03203621506690979
toptee,B0094I4IOI,B003FOG0EI,92,0.1797894537448883,B008BJSICE,0.3044734299182892,0.005806833505630493
toptee,B001AS562I,B00AO4NAN6,1398,0.06403670459985733,B003RWSXPW,0.3104211091995239,0.015530169010162354
toptee,B001D6Y466,B0085J2S6C,80,0.21625909209251404,B00FZ9SD2S,0.3238959312438965,0.02321210503578186
toptee,B00902GR0Q,B007UM4TDA,359,0.13420110940933228,B00DGXXWAI,0.29220959544181824,0.010462433099746704
toptee,B009FRGUN0,B000GHXMTI,625,0.11740094423294067,B00B7BKI62,0.36462050676345825,0.053038597106933594
toptee,B007DQ8SHG,B00BX4K30Y,197,0.16620004177093506,B0085802Q6,0.36688441038131714,0.008607268333435059
toptee,B00BR5R2JO,B00D8MWDL6,102,0.18088282644748688,B004071VYI,0.3117089867591858,0.002130568027496338
toptee,B0056L9QU8,B0049EP2BA,3783,0.028425762429833412,B00B3WEOQU,0.2572862207889557,0.001186966896057129
toptee,B00DBDSZY6,B008UAECJM,2,0.3398321270942688,B004MKN18C,0.3410033583641052,0.0011712312698364258
toptee,B00066ZPNA,B0058YTCIE,4102,0.017038246616721153,B00BCP6YWK,0.34555891156196594,0.01171383261680603
toptee,B00CP11HK4,B00CKFVNRM,267,0.13695120811462402,B00EWDMMD4,0.352405309677124,0.003985345363616943
toptee,B00DGXJUF4,B00C9AJAL4,190,0.15601949393749237,B00EEVMZS6,0.2764897048473358,0.003988146781921387
toptee,B009NGX6U8,B00BNQWFKI,46,0.21644727885723114,B009YM5U6O,0.3200436234474182,0.042195916175842285
toptee,B009NGX6U8,B0041E10A0,461,0.11885153502225876,B00B065FH6,0.32016974687576294,0.03796947002410889
toptee,B00DSS1KAK,B00CXXIGTY,39,0.22017160058021545,B00789J7ZU,0.3010837435722351,0.01291513442993164
toptee,B007WASYOA,B0085977Y0,29,0.2726532816886902,B004I5BDKY,0.366584837436676,0.04138520359992981
toptee,B00BQMFTD4,B00AKOWGUS,209,0.15224003791809082,B008V64YZC,0.2862529158592224,0.0034225285053253174
toptee,B00A13DXIW,B00BPNZ3ZI,34,0.281840980052948,B009388EFS,0.36749738454818726,0.03091210126876831
toptee,B00751ZL9M,B006ZUDD1C,26,0.20186996459960938,B004KJE0DU,0.2803519070148468,0.0017975866794586182
toptee,B008LCWM82,B0075GVVXC,1578,0.06731709837913513,B00CDAZWV2,0.33525797724723816,0.014451324939727783
toptee,B00F0TPBS2,B008Z9Z3R8,291,0.14015156030654907,B00D0GKFP6,0.34801197052001953,0.0017691552639007568
toptee,B0087CC0GK,B00C7Z6JA6,43,0.2870122194290161,B009OQQT06,0.4009265899658203,7.471442222595215e-05
toptee,B005HTENIO,B00FDKCY56,1933,0.0639403909444809,B008596OGM,0.2671043276786804,0.007530868053436279
toptee,B006MXLXHI,B001GVIOWI,32,0.20563535392284393,B00AXBJAVG,0.26647400856018066,0.000927358865737915
toptee,B00B9Z7DNM,B00GI6IASO,330,0.12163244187831879,B00FN8311Y,0.33609914779663086,0.017572075128555298
toptee,B00B0NQ7CG,B006IV779W,7,0.3754909634590149,B006HT32V2,0.4066198170185089,0.0138913094997406
toptee,B008ADPLAI,B00BF61DR2,19,0.2500148117542267,B0086JXCEI,0.3330169916152954,0.011452138423919678
toptee,B008BPVQGS,B00D0RC8NC,25,0.2698015570640564,B0097C8DP6,0.33535999059677124,0.014558553695678711
toptee,B00BYCEBKS,B00F56HN22,49,0.23698721826076508,B007HY3GWG,0.34959912300109863,0.01478654146194458
toptee,B008TV79LK,B009LHGE5S,44,0.22585348784923553,B00AP563PQ,0.2852616310119629,0.0068833231925964355
toptee,B00C10NLIA,B00B7CODWQ,18,0.27045559883117676,B00CF5FRZ6,0.3470366597175598,0.001003175973892212
toptee,B005L2NJKU,B005BY3KN4,8,0.3281106948852539,B00D7112VA,0.36697739362716675,0.0032712817192077637
toptee,B00819Q63W,B00ANKBR0O,247,0.1418219804763794,B00H7K6YAG,0.33188754320144653,0.006800353527069092
toptee,B0085YC1G4,B0058ZNIU6,4,0.3001747727394104,B005M3UGH2,0.33349233865737915,0.031081199645996094
toptee,B008293HO2,B0082993AO,3,0.3238356113433838,B00AXVWJBY,0.35273003578186035,0.020355582237243652
toptee,B009Q55MKI,B008FPW6IG,5,0.24111436307430267,B00700FVDY,0.27422958612442017,0.013528764247894287
toptee,B0054P9Q1K,B00B1MFXY4,285,0.13843712210655212,B004P4S9MS,0.3360060453414917,0.012642502784729004
toptee,B00F44KDMW,B00BFG9Q8A,26,0.26120904088020325,B00CMUVC1C,0.34670817852020264,0.0285722017288208
toptee,B00E0L2FAI,B008BHS9H0,97,0.17996135354042053,B00E6RAK6C,0.3434794545173645,0.013040632009506226
toptee,B001AQ42SO,B00143TIBY,31,0.22643613815307617,B00AKHUAL2,0.2983992397785187,0.0010907948017120361
toptee,B006DUA614,B004QDXXGU,143,0.19192418456077576,B00BGVQ0U6,0.3157265782356262,0.008065938949584961
toptee,B001P9TNF8,B003TNMKTO,689,0.09120722115039825,B00E5PNCWY,0.3434757590293884,0.0025510191917419434
toptee,B00CHYIX56,B005VGBXPY,6,0.3062734603881836,B00BK4DJSA,0.36027291417121887,0.011684417724609375
toptee,B008CFZW76,B00AZL7U7U,52,0.20934784412384033,B00BP61QJM,0.3127736449241638,0.004698336124420166
toptee,B00891HSNE,B00DC4HCSO,1,0.36011743545532227,B00DC4HCSO,0.36011743545532227,0.007173031568527222
toptee,B008A4OUC2,B0052RN92W,903,0.0639747902750969,B0058YDMQM,0.2679859399795532,0.001786947250366211
toptee,B002KG5WD2,B00CUU2RUO,34,0.26661086082458496,B000QHCO5Q,0.33040913939476013,0.004655927419662476
toptee,B004IOL0UI,B00BGVR06Y,33,0.2551707625389099,B0013WQ03U,0.32306525111198425,0.006219744682312012
toptee,B008BHSRFO,B007XD6D8A,304,0.1345818042755127,B00B67D53K,0.39406275749206543,0.031766682863235474
toptee,B00591CB0W,B0072B2BHU,14,0.29640820622444153,B008I2HMXA,0.3469770550727844,0.014142632484436035
toptee,B00B7CODWQ,B0094VARXQ,13,0.21476563811302185,B001FBFJCC,0.27481526136398315,0.019529104232788086
toptee,B00CF574EI,B008UAD2T8,45,0.2597091794013977,B008BHS3PS,0.3967074453830719,0.02384433150291443
toptee,B00A3QE0QQ,B00BZQZLF2,23,0.27851802110671997,B00BTN2RIU,0.36288711428642273,0.03509816527366638
toptee,B001Q5CH2C,B004KF5DSU,72,0.1832025647163391,B0015O6Q1C,0.2785293161869049,0.0
toptee,B00AN9Y388,B001797RB8,84,0.22150442004203796,B005S6XUUS,0.361972838640213,0.0004323124885559082
toptee,B00C85FTH4,B007S9U9SE,168,0.14906896650791168,B0051KWYVW,0.31903713941574097,0.03488481044769287
toptee,B007P5GAJS,B008AW6A5O,5,0.3192625045776367,B00CWAF7SG,0.3581141233444214,0.018889248371124268
toptee,B005Y8GDYK,B002UNLYPK,229,0.13756971061229706,B00DV6C8LE,0.24561840295791626,0.004979804158210754
toptee,B005GG68BI,B00E5V11AS,102,0.19724003970623016,B00A4TMAPK,0.3533030152320862,0.0025997161865234375
toptee,B00DEZTDCE,B000E78ZHY,376,0.12919428944587708,B00E31DGEY,0.3834288716316223,0.009572386741638184
toptee,B00B7X6HWE,B00BM0V36C,14,0.26551157236099243,B008YES8KI,0.34928062558174133,0.02911248803138733
toptee,B008NDWPP4,B008NDTKR0,2,0.3559809923171997,B008BJUGN8,0.37412792444229126,0.018146932125091553
toptee,B003ECZMGI,B002XA89DA,11,0.29288432002067566,B003IRMQI6,0.3419415354728699,0.0027299821376800537
toptee,B00CMVSRDC,B007N8OAI0,5,0.3042104244232178,B00BK4DJSA,0.3671465516090393,0.039044737815856934
toptee,B004GHO03G,B002ODJ0D4,16,0.2814164161682129,B008VOMK28,0.3607921302318573,0.03094714879989624
toptee,B002EIS4BS,B0047AOUJG,208,0.14210079610347748,B002OTJUUG,0.28485405445098877,0.019477128982543945
toptee,B003BWL0EE,B000V9W4CM,139,0.16781878471374512,B00699EPO8,0.3280438184738159,0.006450176239013672
toptee,B008OGUW32,B006Q8AMUI,60,0.22385787963867188,B003SLEHL6,0.3171952962875366,0.0023343265056610107
toptee,B003CLCIRC,B00AIITLPO,67,0.19366973638534546,B00C5JLNH8,0.29449498653411865,0.0038403868675231934
toptee,B003Q6C28I,B007URUC2M,1117,0.07962536811828613,B001D6Y466,0.30580276250839233,0.004840195178985596
toptee,B00FGDQ2VM,B007X5IFF2,10,0.25571009516716003,B003HIWK7S,0.2827796936035156,0.001881927251815796
toptee,B00018A7Y0,B0001TOLG4,20,0.3042767345905304,B0057G9TKE,0.3853073716163635,0.010997593402862549
toptee,B004I72CMU,B00AZP2T7M,448,0.1163436621427536,B00BI44Q9S,0.35469844937324524,0.04862585663795471
toptee,B00D5703AW,B00EKB856G,862,0.07930058240890503,B0069HMDM6,0.21705664694309235,0.003176093101501465
toptee,B002I48IIC,B000Y4GM1I,23,0.24467706680297852,B0067EHSVC,0.32834234833717346,0.002697497606277466
toptee,B00BL8ISHW,B00AWVA2IW,33,0.22998258471488953,B008TWBPR8,0.33797091245651245,0.02126014232635498
toptee,B005GA8YB6,B0084L7IRU,135,0.15769389271736145,B003YYRNFE,0.2981964945793152,0.0474434494972229
toptee,B004O0TNHS,B0030K9KPS,255,0.14931775629520416,B0077M73N6,0.3893299400806427,0.014629751443862915
toptee,B004ZFGRXA,B004BJM950,27,0.25627052783966064,B00DNGZ706,0.3204459547996521,0.021238744258880615
toptee,B004I6PMUK,B008BMY45Q,70,0.22329607605934143,B006E3ZMA0,0.343478798866272,0.0065100789070129395
toptee,B000V9W4CM,B004R1I7L2,125,0.1764478087425232,B000IBDM2O,0.33811312913894653,0.009688854217529297
toptee,B0060Q7E0W,B007RMNSYE,1752,0.06247365474700928,B00B036R4Y,0.3044430613517761,0.004258394241333008
toptee,B00A13DXIW,B005XKO35U,1270,0.07613828778266907,B008DEY3LC,0.3643176555633545,0.011169791221618652
toptee,B00BHM7F9Y,B004PNFNGE,742,0.09832842648029327,B003R6P2P2,0.2998541593551636,0.0016338825225830078
toptee,B00A8YYL1C,B007HY3GWG,3,0.3554021120071411,B00BM0OYPO,0.3817611336708069,0.004122495651245117
toptee,B00CYP6OX6,B009727I8Y,13,0.24468624591827393,B0085IN6M8,0.3249642252922058,0.013347804546356201
toptee,B003A6NYSG,B0076G0M0Y,4222,0.00944449007511139,B00DGHV1CK,0.31236109137535095,0.041057080030441284
toptee,B001OOLPBY,B00CBS8D4Y,36,0.21083110570907593,B0014E41QU,0.2757757902145386,0.0009857416152954102
toptee,B0093AO0F4,B0091IXT5K,3,0.3541909456253052,B00FE2CEXU,0.384753942489624,0.0214480459690094
toptee,B009ZMX47A,B004UO4R1A,4460,-0.0036996009293943644,B006MXLXHI,0.32878100872039795,0.003044605255126953
toptee,B002076ABE,B00AT92F82,20,0.2679569125175476,B003FLLAPA,0.3098454475402832,0.0019320845603942871
toptee,B0092SC112,B00A7HBMEO,24,0.2364690601825714,B006MXLXHI,0.27501267194747925,0.003960311412811279
toptee,B00AYCOA0K,B004SGM7KS,21,0.26014813780784607,B00870UYYW,0.3304106891155243,0.0016211271286010742
toptee,B006IMURPC,B00A3HL3Y2,31,0.23618008196353912,B007IPC5C6,0.3035323917865753,0.007058531045913696
toptee,B006PAX3HG,B00FQ75N3Q,61,0.18404945731163025,B0085IN6M8,0.27300411462783813,0.00584489107131958
toptee,B00BWCOOHA,B005LJX534,7,0.2823938727378845,B00GNI6REG,0.3117574453353882,0.015652000904083252
toptee,B0077Z6LQ8,B00F62JQEI,12,0.3033444881439209,B004U32JDY,0.3609497547149658,0.015128076076507568
toptee,B00CU89THK,B0091O2IGU,7,0.32746827602386475,B00DZTID5C,0.3487657904624939,0.0026113390922546387
toptee,B00B7EU09O,B00AIXH7BO,112,0.1772415041923523,B00EVQ0AQ8,0.3300292491912842,0.010364443063735962
toptee,B00FA670M0,B001HNM49E,91,0.19303220510482788,B003XRJGQG,0.2974918484687805,0.001419365406036377
toptee,B003KQJHR8,B001E6QWUQ,67,0.21599803864955902,B00EUSTQQW,0.3191816210746765,0.007839083671569824
toptee,B009XAYQM6,B00AYCOA0K,55,0.20096814632415771,B006ZIOP20,0.28983062505722046,0.003289520740509033
toptee,B005GVB93K,B003CF1B6M,222,0.14766672253608704,B006IV779W,0.3493694067001343,0.0007592439651489258
toptee,B00902GR0Q,B00DEPW47K,369,0.12166162580251694,B00DP8U3GU,0.26821282505989075,0.0010170340538024902
toptee,B005GIF2JA,B008ZBLSC0,57,0.2206721305847168,B006BNQZWC,0.337201863527298,0.0016126036643981934
toptee,B00751ZL9M,B005IURP9G,141,0.16250409185886383,B009M8MVM6,0.316677451133728,0.00972449779510498
toptee,B00BGVT030,B00C1RCVP2,1317,0.06734678894281387,B0049B3BTI,0.3391497731208801,0.037026405334472656
toptee,B003XII7B0,B008OJR7Q4,1109,0.07558155059814453,B002LH481M,0.2891809940338135,0.010719060897827148
toptee,B0009GG2RA,B003KYTQUI,23,0.3226071000099182,B002UO09XC,0.3861372470855713,0.003247499465942383
toptee,B00CXXIGTY,B00E83BKNG,82,0.18336650729179382,B004H0MME6,0.29632359743118286,0.017567068338394165
toptee,B00BXF5DKI,B00CLE86I6,2,0.34072744846343994,B00BGJ8DAS,0.3410080075263977,0.00028055906295776367
toptee,B008I8YP52,B008P6Z0XI,28,0.193553164601326,B007IFYJ2K,0.3070838153362274,0.046243518590927124
toptee,B00DEZTDCE,B00C3XXETQ,41,0.2555457353591919,B00CGROKTW,0.3398732841014862,0.011511474847793579
toptee,B006DQSSLI,B008VWCZ5W,39,0.21105919778347015,B00D9JXNM6,0.33065539598464966,0.013886332511901855
toptee,B00D63XY6U,B004P5P1I2,623,0.09008146822452545,B008DBHBWI,0.34374892711639404,0.05679881572723389
toptee,B00DI5EP8M,B004BX08L8,44,0.216849684715271,B00839LUD6,0.34064024686813354,0.005821287631988525
toptee,B004KUYKGG,B00BQZ7OCK,108,0.22112062573432922,B000VTDF2U,0.3547634184360504,0.006663709878921509
toptee,B006YLXHFY,B007BKCNRU,97,0.1996845304965973,B0085IN9GQ,0.34091389179229736,0.0051423609256744385
toptee,B000A35AMK,B00CO4GP72,13,0.2622716426849365,B0054TTYPE,0.3469916880130768,0.02335265278816223
toptee,B00BA6KWNS,B005D1WV8U,550,0.11379033327102661,B005GG68BI,0.36633366346359253,0.0009810924530029297
toptee,B007MB2OAE,B009GPNPP2,19,0.25362738966941833,B008SHUIP4,0.3419746160507202,0.03585740923881531
toptee,B007W9Z8WM,B0094DG0N0,5,0.25011226534843445,B00CBNKX7Y,0.33472058176994324,0.04828265309333801
toptee,B001D6Y466,B0043XYYLQ,1,0.30946817994117737,B0043XYYLQ,0.30946817994117737,0.007236987352371216
toptee,B00AL1QEXU,B00C7AFSIA,1,0.372672975063324,B00C7APZP6,0.372672975063324,0.0
toptee,B00H879A5Y,B004YDELJA,2507,0.035755135118961334,B00GGYKWFW,0.3587650656700134,0.026342332363128662
toptee,B00D8MWDL6,B00CMPGWOY,640,0.10884317755699158,B00BMYFLX4,0.3303528428077698,0.020592540502548218
toptee,B000VCWJIS,B0058K7QCM,36,0.24187760055065155,B0084B5HPA,0.3356782793998718,0.017459869384765625
toptee,B008MN5ONU,B008OY5EM8,936,0.0722157284617424,B00D5XS4AC,0.2648085951805115,0.0008976459503173828
toptee,B003BYA9H6,B0052HY6XI,427,0.1101444810628891,B000GHI53Q,0.3140254020690918,0.0008831620216369629
toptee,B002Q2O178,B006TCJE1E,183,0.15173107385635376,B004GOH4F0,0.3372979164123535,0.04405766725540161
toptee,B007YSB65E,B00DEJR2EQ,384,0.12622621655464172,B009I8DIC2,0.3226766884326935,0.015160679817199707
toptee,B007GRPJ5Q,B004AYYOOK,3,0.2817210555076599,B0047I24X2,0.34350407123565674,0.03195953369140625
toptee,B008NF7N5E,B007ATKF7W,97,0.17015628516674042,B00C9QWUTC,0.30688485503196716,0.010219156742095947
toptee,B00133IN7K,B00DEBOY2M,126,0.1672012209892273,B007E3LL4U,0.3196709454059601,0.01937541365623474
toptee,B00BX4K30Y,B00BBZVWNC,17,0.24927017092704773,B00BIFKQSM,0.34876635670661926,0.018198221921920776
toptee,B008WZC5EE,B007WAD0TE,120,0.1884518414735794,B007CC4H30,0.2990804612636566,0.010007232427597046
toptee,B004SWH4I2,B004GJWB5I,9,0.2547152638435364,B00749QXWO,0.2839791476726532,0.004372656345367432
toptee,B006M6B9ME,B00ASR45EC,1,0.2873501181602478,B00ASR45EC,0.2873501181602478,0.010432660579681396
toptee,B007PUOJAU,B007RUN7LA,1466,0.06695004552602768,B007SH5MBA,0.2834516763687134,0.011647671461105347
toptee,B008H865JM,B001QLCLD6,60,0.24753840267658234,B000FVAR52,0.3382071852684021,0.004078984260559082
toptee,B002YAEG7C,B0057M0EUW,32,0.24229860305786133,B007MP85VM,0.35438263416290283,0.042052626609802246
toptee,B0079EIEQM,B0096I9KZS,64,0.17560142278671265,B008SDELXI,0.31072258949279785,0.038668423891067505
toptee,B005GI9FCK,B0094U96UW,11,0.2724529504776001,B00CQKVSQW,0.32817476987838745,0.020085811614990234
toptee,B007WASLUM,B007RVNR8W,78,0.16914266347885132,B00F32MJ36,0.3743930459022522,0.07589882612228394
toptee,B00BJYIR9C,B0015UTLJU,11,0.2878764569759369,B004045DEA,0.34122344851493835,0.00391802191734314
toptee,B00DLWPKZO,B0062PZM8M,8,0.311750203371048,B0098D9IBC,0.34958454966545105,0.004703551530838013
toptee,B009PIM60A,B009EPLLVY,11,0.21174991130828857,B00A7HVY5Q,0.2658868432044983,0.002197265625
toptee,B00BHRICZU,B009C7QVXC,1436,0.0700589269399643,B00AQU0HJ8,0.3435142934322357,0.05577245354652405
toptee,B00296O9IM,B008A1FJMK,4,0.3475029170513153,B003L77ZZC,0.3610396385192871,0.0006783008575439453
toptee,B008O55QZW,B005KNCFL4,12,0.25173133611679077,B008O566BK,0.3277469873428345,0.006436794996261597
toptee,B00BKTH75G,B00BCFZUAM,35,0.292915403842926,B00B1MY92G,0.3684576749801636,0.02274543046951294
toptee,B00DO49KKK,B005DA4P3A,100,0.19579213857650757,B00DP4XAQE,0.35358691215515137,0.00411611795425415
toptee,B00FH695XA,B002QEAWJW,28,0.2426362931728363,B00BK4DJSA,0.3545112609863281,0.013515830039978027
toptee,B0081ZRYN2,B009F3JJ2S,73,0.19105172157287598,B0080ETRWA,0.31789958477020264,0.022851288318634033
toptee,B00AG4409C,B0053GPWQS,1251,0.07318410277366638,B0091HZ3WS,0.2805670499801636,0.005495190620422363
toptee,B0089KF6T8,B009YIOMJE,167,0.17210987210273743,B00342V0R8,0.3013119697570801,0.0078277587890625
toptee,B008MC1V1U,B0056K4L40,24,0.29197514057159424,B00CD8H0N2,0.3800467550754547,0.024709701538085938
toptee,B00DULOFW0,B00522PGW8,114,0.16020020842552185,B007E6A50S,0.28046149015426636,0.006168276071548462
toptee,B00BXI5XOG,B003IKOO38,12,0.2875489592552185,B008KYWDQC,0.3202700614929199,0.0022927522659301758
toptee,B00754F60S,B0045DYIVK,74,0.26293933391571045,B00B1GLPWE,0.35203638672828674,0.0016093850135803223
toptee,B00CU89THK,B0079AI3I0,393,0.11777728796005249,B003H7IA78,0.32839107513427734,0.00827258825302124
toptee,B001AYHVZ2,B005LCCRJY,78,0.195358544588089,B00BTHS64A,0.277262806892395,0.0023415088653564453
toptee,B00342VD8O,B0011TQJUO,60,0.1839393973350525,B00F1BXMO4,0.2906743586063385,0.012222975492477417
toptee,B00D6QDJS0,B00961EPP0,49,0.20787166059017181,B0057M0EUW,0.3079087734222412,0.0055127739906311035
toptee,B0095Z37OW,B00D2N8CRK,234,0.14709122478961945,B005UVTUDM,0.28841957449913025,0.012515753507614136
toptee,B003PD0G30,B006BZ8690,3,0.3248186707496643,B00FO15W12,0.3288310766220093,0.002764582633972168
toptee,B0019IKZ16,B0085IN6M8,13,0.2913091778755188,B008TV79LK,0.35043251514434814,0.01373600959777832
toptee,B005LIXPPI,B003IE8TXU,4,0.2999995946884155,B001L2Y1UQ,0.33480632305145264,0.027720272541046143
toptee,B0001W1KSI,B009LHGDLS,17,0.21352720260620117,B003WQV80A,0.24499273300170898,0.002479344606399536
toptee,B0090SGW4Q,B00B7O1P3E,18,0.23564870655536652,B00E9YH4VG,0.29893797636032104,0.006348848342895508
toptee,B0081XJQZI,B00AWNHCCO,6,0.25753694772720337,B00BBI3EM6,0.291853666305542,0.01092877984046936
toptee,B003WT218K,B00AA7DJF6,1,0.3581336736679077,B00AA7DJF6,0.3581336736679077,0.007020115852355957
toptee,B00AU8BW5Y,B005EE3676,3697,0.01694350317120552,B00BFRGU4W,0.36388450860977173,0.005109846591949463
toptee,B00CU89THK,B00A8CNPLQ,22,0.2502724528312683,B009ZRKSEM,0.29988718032836914,0.009207099676132202
toptee,B007H9KGT2,B00BQLT6FC,101,0.16857969760894775,B00BDJ1DQM,0.32867002487182617,0.029575109481811523
toptee,B008P3A0I6,B006OO56AK,32,0.2111736536026001,B00AR2NFOE,0.28671833872795105,0.01698482036590576
toptee,B0086JXCEI,B0086JXBYE,8,0.259080171585083,B002Y6MLEQ,0.3604026436805725,0.06431853771209717
toptee,B00G3J4GB6,B00FN8311Y,10,0.29691171646118164,B00EVQ0AQ8,0.3587851822376251,0.022096484899520874
toptee,B006LN0WHG,B007C3HHZ4,102,0.21110224723815918,B0087AYOE8,0.34355324506759644,0.0005165040493011475
toptee,B008RDDD8I,B009OKGWMM,156,0.14670726656913757,B00AQU0HJ8,0.3294920027256012,0.04818949103355408
toptee,B00836H3JE,B0061M50AG,1,0.27707862854003906,B0061M50AG,0.27707862854003906,0.0067133307456970215
toptee,B00ESMW1DA,B00CSANZVQ,26,0.216370090842247,B0086RPNL0,0.2993450164794922,0.009252220392227173
toptee,B00DEJR2EQ,B003NYEWPE,224,0.14604321122169495,B009A4VI12,0.30238181352615356,0.0007488131523132324
toptee,B00BWULMFY,B007T4BN88,4,0.262225866317749,B0055OGES8,0.2868193984031677,0.0168876051902771
toptee,B008QW7RWS,B00E8DA258,353,0.12890160083770752,B00F4AMFE0,0.3010444939136505,0.0023212432861328125
toptee,B008DI1PAU,B00AWMNV8Y,8,0.2978283166885376,B0045EP3N6,0.32319727540016174,0.005965918302536011
toptee,B007PY6GJ8,B005UVOSB6,25,0.2475363314151764,B00751217C,0.30223649740219116,0.007293254137039185
toptee,B005PXI0A4,B00CPA475W,66,0.18142282962799072,B00D8BQR0U,0.3005286455154419,0.03628307580947876
toptee,B00BR8K0TA,B00AVXYJRQ,8,0.31173890829086304,B00AZ9I2PG,0.3498244881629944,0.0006325840950012207
toptee,B0087AYJRA,B00BQOYCF8,1,0.30643200874328613,B00BQOYCF8,0.30643200874328613,0.004003793001174927
toptee,B00E4OQWQY,B00FDY5AKS,281,0.1356426179409027,B00CU89THK,0.3150477409362793,0.011211156845092773
toptee,B009YJB6PG,B007563G3K,583,0.09282629191875458,B00AHFJFSG,0.3139159381389618,0.024884313344955444
toptee,B00BXIPAQ2,B009YJRYDE,567,0.0992351770401001,B006JXJHVA,0.2875211536884308,0.009443014860153198
toptee,B007S3RM9Y,B00E6JTXLS,37,0.2883300185203552,B0069J2WXY,0.3782716393470764,0.016626805067062378
toptee,B00775KKV0,B007QSN628,7,0.3051050305366516,B002IN0LK6,0.34231531620025635,0.010541051626205444
toptee,B003V6J31C,B003K1EIR2,184,0.16984806954860687,B00BKUH1B0,0.266922265291214,0.012896865606307983
toptee,B009R8P3I0,B00EOL6WJ4,1773,0.07068323343992233,B00CHYIX56,0.3047720789909363,0.005726873874664307
toptee,B00AZ0180G,B00655SJ20,18,0.28297510743141174,B00EDKMINA,0.3311396837234497,9.202957153320312e-05
toptee,B009WOYY3E,B001J8IK8Q,4,0.3092930018901825,B007Z0KY04,0.33213821053504944,0.002996474504470825
toptee,B008NDWZJ0,B0053GNYA4,685,0.09233791381120682,B008NDUUO2,0.34803587198257446,0.012085527181625366
toptee,B0052XIUXO,B007SB3R40,68,0.2085532695055008,B00B22F5AU,0.3285725712776184,0.0015189647674560547
toptee,B00BLYSR1I,B008REUJ20,2093,0.05758306384086609,B009YKBNJO,0.3086896240711212,0.003312438726425171
toptee,B00CWAF7SG,B00DP4XAQE,2953,0.03821256384253502,B008DSJUYI,0.2800532579421997,0.006255298852920532
toptee,B00DNZNKKQ,B00B2E0MQU,3,0.3700636625289917,B009JR23TG,0.37783342599868774,0.0012299418449401855
toptee,B007R0TX6S,B006HT244S,74,0.20039498805999756,B00CLQCBEO,0.31468385457992554,0.0033498406410217285
toptee,B00E65KUB4,B008NFKLRQ,878,0.08733757585287094,B000E791Y0,0.27878326177597046,0.006738632917404175
toptee,B008OPRRQI,B006M3I7I6,44,0.26958203315734863,B005IMGPKY,0.3559258282184601,0.008214950561523438
toptee,B00BGEPG76,B005TJUA9I,318,0.13263772428035736,B008FU0GB0,0.36094021797180176,0.015609830617904663
toptee,B0089HEOHG,B00GVHV6YA,10,0.2891508936882019,B0062ES9GA,0.33560797572135925,0.014342457056045532
toptee,B0051SM8SS,B007TV5VOI,179,0.1819489300251007,B00CVE03BE,0.324077308177948,0.008334606885910034
toptee,B0009MGZQ2,B002BJL5XO,9,0.28124403953552246,B004VMHX8A,0.3596569299697876,0.032227784395217896
toptee,B00961EPP0,B0067EFMAQ,8,0.2750711739063263,B00E9KDNLK,0.3271649479866028,0.009444057941436768
toptee,B006MHUHM6,B007QJ3C08,936,0.09105117619037628,B006BOKB30,0.29079127311706543,0.005695849657058716
toptee,B004KUUKCO,B003ECZMGI,49,0.25726431608200073,B00GFR92O2,0.36862021684646606,0.01823902130126953
toptee,B006LD9FJ2,B006LD9DU8,83,0.18610839545726776,B004MDL7Y4,0.3256184458732605,0.005427718162536621
toptee,B004KE48Y6,B00AQLLDZY,4482,-0.007551119662821293,B00B19GTW2,0.3298715353012085,0.006505876779556274
toptee,B005VSPMEK,B009B60324,83,0.2326756715774536,B000QHCNS4,0.35680392384529114,0.00045487284660339355
toptee,B006IV779W,B002DYJGGA,37,0.21052402257919312,B000QV1MBO,0.3167874813079834,0.051238030195236206
toptee,B00522PG28,B004S08TT2,134,0.2020551860332489,B00480IRNU,0.3583083152770996,0.01740729808807373
toptee,B0075623M0,B003AICZLQ,17,0.2827070951461792,B00BX2H3OK,0.35249561071395874,0.01082351803779602
toptee,B00C64M1BY,B009QWJ3WE,191,0.14960877597332,B007M8P54E,0.3679182827472687,0.002128392457962036
toptee,B004F3NKGO,B00CY3714O,12,0.2301923930644989,B0096HQF7A,0.283717542886734,0.007497876882553101
toptee,B005M3UGH2,B0054S3X0C,1890,0.04740452021360397,B00CD8H0N2,0.35392916202545166,0.02652674913406372
toptee,B00FBI8K08,B0051SM8SS,48,0.2177635282278061,B00BMYFLX4,0.30755776166915894,0.0035722851753234863
toptee,B00E6793SS,B0086URG8K,887,0.09592241048812866,B00C92TU1M,0.28480467200279236,0.00841107964515686
toptee,B004X80K3M,B007NE48KE,101,0.16425423324108124,B00422M802,0.3227076828479767,0.005465596914291382
toptee,B00BXYXTSM,B00DOOFU90,27,0.24145542085170746,B000ES2D9E,0.3275289535522461,0.01653897762298584
toptee,B004F3NKGO,B00CV9ZD64,133,0.1514933854341507,B00BE75USU,0.2711905539035797,0.0025923550128936768
toptee,B007SVC5P2,B006J3EPJO,110,0.18482592701911926,B004XFWZ4M,0.3166220486164093,0.006991654634475708
toptee,B003F2H36E,B002C7T5LO,1,0.36840498447418213,B002C7T5LO,0.36840498447418213,0.052584707736968994
toptee,B003Y5LY76,B007JI3V8Y,29,0.30982810258865356,B00A1Y17WA,0.38926970958709717,0.004038870334625244
toptee,B002EIS4BS,B00475Q2HO,1,0.30363309383392334,B00475Q2HO,0.30363309383392334,0.030095666646957397
toptee,B007NG76LK,B00BOFWMAQ,11,0.2685193419456482,B00BC04RLK,0.32547950744628906,0.011675238609313965
toptee,B003ECTX36,B001T7CRDG,2,0.3552156686782837,B00E4AEAGM,0.35729384422302246,0.0020781755447387695
toptee,B009PIM60A,B008WZC38C,252,0.13878002762794495,B003C27BE6,0.2726682424545288,0.0007515549659729004
toptee,B003MU958S,B00A666VHE,2293,0.04918700084090233,B005EW1WC4,0.2806423306465149,0.02056175470352173
toptee,B006HT244S,B00B5TX0VG,73,0.2519836127758026,B00566IQJK,0.3583182096481323,0.006558150053024292
toptee,B008DEXUSY,B008AEE2F2,65,0.22070516645908356,B009PMJH2G,0.36317241191864014,0.017649710178375244
toptee,B005ABVTOU,B00D3ZHQ5G,83,0.19449082016944885,B009YJUNGO,0.37662166357040405,0.04464414715766907
toptee,B004KSP3ZK,B00F46ZN66,60,0.25377002358436584,B00A7FCH3Q,0.37511640787124634,0.0037179887294769287
toptee,B00AG42HGU,B0094KPUK2,3,0.33442479372024536,B005DU04RQ,0.33810052275657654,0.0020496249198913574
toptee,B0077BSFCA,B0041SI2AW,19,0.29116255044937134,B001OOLPBY,0.3513110280036926,0.004326462745666504
toptee,B007Z4WSA4,B009Z3XFQO,52,0.21171095967292786,B007VP69O8,0.31973275542259216,0.007843464612960815
toptee,B00AIAIO46,B00FBBPMOW,27,0.22977963089942932,B00BKBCQ28,0.3010287880897522,0.011884331703186035
toptee,B003ENGNX8,B001LV9ZQM,545,0.11015824973583221,B00AZL7U7U,0.31743860244750977,0.04020678997039795
toptee,B0084S6I4C,B00DDX2LBM,2,0.3632684350013733,B0089ZN046,0.38561874628067017,0.022350311279296875
toptee,B000YVMK30,B006Z8F286,111,0.18582549691200256,B00DYTDAYW,0.3383817970752716,0.008711963891983032
toptee,B008V64YZC,B007Q57FHI,90,0.2228163182735443,B005Q0JLFO,0.3568892478942871,0.008891522884368896
toptee,B000EVG98W,B001GPR9DO,375,0.13447675108909607,B000F6T2LC,0.2525014281272888,0.009908244013786316
toptee,B008ZBL9YM,B004P4S9MS,22,0.25805211067199707,B00AHFJFSG,0.3436046242713928,0.004096299409866333
toptee,B0083E6IS8,B006S3EQ4O,915,0.07469978928565979,B00CIGSJ8Y,0.2393396496772766,0.01430538296699524
toptee,B00D4FQJQW,B00H7K6YAG,3563,0.0207142885774374,B00CBNKX7Y,0.2728000283241272,0.002313077449798584
toptee,B00GGYKWFW,B0088LSAQO,17,0.303210586309433,B00H879A5Y,0.35657039284706116,0.0017446577548980713
toptee,B00C89WXFG,B006MHUH0I,117,0.19721868634223938,B0091VMUZ2,0.3008725047111511,0.007644534111022949
toptee,B00BQOYCF8,B004JO6X2C,223,0.1364607959985733,B00BJLR1YC,0.31531867384910583,0.04265758395195007
toptee,B00CV2DS40,B002RNT270,15,0.28009921312332153,B004JWPKPA,0.33848118782043457,0.017055749893188477
toptee,B006K1ISPM,B0059JIWA2,3,0.3054448664188385,B002YF05M2,0.31627291440963745,0.010623693466186523
toptee,B0092S985O,B0085OCQVO,4,0.28330278396606445,B007LWFW58,0.30866068601608276,0.01892673969268799
toptee,B005C5RPYW,B00GBDV7JI,87,0.2672898769378662,B0013FUI12,0.40119701623916626,0.013045281171798706
toptee,B007WA3P44,B009XNQPXG,10,0.24246846139431,B00BYV5G0I,0.27149391174316406,0.0070684850215911865
toptee,B000AS2OVA,B0038MJ4HM,105,0.18890240788459778,B0007MVXES,0.36610841751098633,0.01177823543548584
toptee,B0053Y6WG4,B0044EHUIS,2127,0.04728623479604721,B00BDJ1DQM,0.32476407289505005,0.03091251850128174
toptee,B00FDZ8PRM,B0014UJR6S,288,0.1449032723903656,B00A6OUUQY,0.3544650077819824,0.039794862270355225
toptee,B008SHUIP4,B00BFW3720,30,0.21147337555885315,B001Q5CH2C,0.2794194221496582,0.008596867322921753
toptee,B008YX6N5Q,B00AG4409C,23,0.23691314458847046,B00AFDLZ2O,0.3075953722000122,0.0068382322788238525
toptee,B00CP7TJ4E,B00BPEWGTS,3,0.26812639832496643,B0083QFABC,0.2802698016166687,0.00377008318901062
toptee,B004XJJRIU,B00DDN6Z6O,148,0.1725175976753235,B0027IIDA2,0.32780033349990845,0.009107977151870728
toptee,B00C5AQHXW,B0096HQW00,4,0.3089706301689148,B005NY5UYO,0.360088586807251,0.03931999206542969
toptee,B009M64VEO,B00B1EDU7O,1,0.30849969387054443,B00B1EDU7O,0.30849969387054443,0.0008009970188140869
toptee,B008293HO2,B008UB4D7M,32,0.2178274393081665,B006UZR1MY,0.32656165957450867,0.041636496782302856
toptee,B0001TOS2Q,B00D70HRIS,145,0.15368784964084625,B006ZO1TVO,0.2916262745857239,0.009461820125579834
toptee,B008JC4MEG,B00DURCPRG,4,0.36720842123031616,B001GCUFEC,0.38201743364334106,0.001916348934173584
toptee,B00FR621O0,B009WK2V0G,43,0.2750468850135803,B00CBS8OBG,0.3785266876220703,0.008047819137573242
toptee,B00AJ3NGWC,B00AMOM4FI,29,0.22164702415466309,B005Y8GDYK,0.27481257915496826,0.005136579275131226
toptee,B00EY69KF2,B00BFWJK0S,184,0.1551508903503418,B006JW32N0,0.3652655780315399,0.0699751079082489
toptee,B008UALEK2,B008HTBNHU,265,0.1299775093793869,B004I5BDKY,0.3363083004951477,0.01473972201347351
toptee,B006LGV2JK,B0035VAACY,587,0.10312648117542267,B008PQ2WKW,0.3287705183029175,0.024974673986434937
toptee,B00E197JJ6,B00F6BYI0Q,272,0.1451505422592163,B00CC2YQUY,0.30999094247817993,0.01697099208831787
toptee,B007H9KGT2,B009NA63V8,354,0.12789449095726013,B005IB30LW,0.3689292073249817,0.028834223747253418
toptee,B00E7NZL9G,B00361FLPO,1007,0.08124279230833054,B000Z902M2,0.29150497913360596,0.005327999591827393
toptee,B003NTI0OS,B0037W5MAQ,4343,-0.00154944509267807,B008VEYTCW,0.28759467601776123,0.0038445889949798584
toptee,B00DEOOUGO,B00DHO1NAC,291,0.1416023075580597,B00DS5NKJW,0.36577272415161133,0.04025048017501831
toptee,B003EACZ9M,B00B036R4Y,9,0.33406955003738403,B004Y1EYH6,0.3546931743621826,0.00588834285736084
toptee,B00E48RKWA,B00BMYFLX4,1,0.26691535115242004,B00BMYFLX4,0.26691535115242004,0.028235405683517456
toptee,B0037TJOEO,B00C5JLNH8,725,0.11360473930835724,B006KU1VP2,0.28561335802078247,0.002317756414413452
toptee,B003QONL9Y,B007OZIXJO,2,0.3696563243865967,B003QP16LI,0.3867509663105011,0.01709464192390442
toptee,B00CQ9IVL8,B005JI9EY6,264,0.14253897964954376,B00BWI7CT6,0.3185414671897888,0.0050945281982421875
toptee,B008FV3CXS,B008EQWXQQ,74,0.21478953957557678,B0014JZ7OA,0.337158739566803,0.01966702938079834
toptee,B000YVF80C,B006Z8F2E0,111,0.18580660223960876,B00DYTDAYW,0.3384203016757965,0.008742660284042358
toptee,B008CISTR8,B008GT8N7E,44,0.26037007570266724,B0097YCPSU,0.4090109169483185,0.007194161415100098
toptee,B007BKC578,B00C7F9DQI,11,0.30026623606681824,B00C1806H6,0.3426327407360077,0.021832972764968872
toptee,B0045EPNF4,B004R8PZNS,21,0.3019683361053467,B006HT23VM,0.34879636764526367,0.00224950909614563
toptee,B005GVJD3I,B002Y3UZJW,3100,0.0366634726524353,B0052FQP6Q,0.27768638730049133,0.00971105694770813
toptee,B009LHGDLS,B009LHGEZI,19,0.27624449133872986,B0081P9RSW,0.35199785232543945,0.02037563920021057
toptee,B008WYCFGI,B008JBOZ62,32,0.2219230979681015,B00EP49XUK,0.3051854968070984,0.019638657569885254
toptee,B0081OYV1Q,B00B5U0810,19,0.257528156042099,B0061LZ22I,0.32759249210357666,0.019613802433013916
toptee,B009727I8Y,B00EE0D5NG,69,0.22352218627929688,B00D40CB8W,0.32224324345588684,0.007620304822921753
toptee,B005C5RPYW,B009IT35FQ,21,0.27641791105270386,B00DZTID5C,0.3333359956741333,8.165836334228516e-05
toptee,B004JPLHGS,B0076PA5TS,57,0.2404414713382721,B00B3O9A9O,0.3557126522064209,0.008646667003631592
toptee,B00A3MV3CO,B00BT9UHDQ,251,0.12970957159996033,B0032Z81QK,0.36447232961654663,0.0016682147979736328
toptee,B008LV15H2,B00ESQWCWG,1653,0.06306493282318115,B00A3A4Q9I,0.3527841866016388,0.027590006589889526
toptee,B004WSJVRY,B004ULP43S,5,0.2763185501098633,B00BWH0CAS,0.29912039637565613,0.008776754140853882
toptee,B008J68VGW,B00CFRD472,49,0.22597984969615936,B005S6Y76O,0.3343349099159241,0.006191551685333252
toptee,B00C67YB50,B008JCFX3A,15,0.2481638789176941,B005X6RHYI,0.30592459440231323,0.025373876094818115
toptee,B004HPH7B4,B0054QOMY0,1,0.2429097592830658,B0054QOMY0,0.2429097592830658,0.01836654543876648
toptee,B007WAE516,B007D5ERVS,654,0.101950503885746,B00E0L2FAI,0.309893399477005,0.015663176774978638
toptee,B001R5QU5Q,B003KSJ2KI,3,0.2985229790210724,B00AL0OOG0,0.3048180639743805,0.0038193166255950928
toptee,B007Z2PRTA,B006N03Q9S,79,0.20849481225013733,B00AFGUIIS,0.3872850835323334,0.021773964166641235
toptee,B008MZJHX6,B006RB0TMA,1268,0.07085306197404861,B005VLT3IS,0.35558563470840454,0.037601977586746216
toptee,B00AW1L97K,B00AIZCMKI,9,0.22355276346206665,B00G2GMBD0,0.25861239433288574,0.00482100248336792
toptee,B000YVF80C,B003EACZ9M,1,0.3628077208995819,B003EACZ9M,0.3628077208995819,0.00935208797454834
toptee,B00A3MVA7M,B008SRKLFG,130,0.16707751154899597,B00EO736H4,0.3159039616584778,0.012936949729919434
toptee,B00980K6RA,B004U8BTTY,105,0.17295628786087036,B008OZT2KM,0.25467121601104736,0.0019858479499816895
toptee,B00CLZWXSE,B0079K0YBO,382,0.13787128031253815,B00DOZ60T8,0.35783833265304565,0.010793745517730713
toptee,B005JWECI0,B00BPPALLM,3,0.25235649943351746,B00CTA13AK,0.2733655869960785,0.0037635862827301025
toptee,B00GIOKE8U,B00DDJGA6S,1441,0.07143881171941757,B001J8IK8Q,0.24844396114349365,0.001080155372619629
toptee,B000RZ45TK,B0077DN4P6,898,0.0950225293636322,B002ZZAHYM,0.33669963479042053,0.07588797807693481
toptee,B003IEWVRK,B003ILC93Y,981,0.09857292473316193,B008HRFSQE,0.32184898853302,0.02800750732421875
toptee,B00265PFKC,B001E0BSXI,3,0.3214646577835083,B003Q4WT6U,0.3637530505657196,0.04021948575973511
toptee,B007R1QAJA,B004BJ1AIW,3,0.2818056344985962,B00AX9XHJO,0.33334678411483765,0.03343081474304199
toptee,B008NDWPP4,B008H46S48,1,0.3564172387123108,B008H46S48,0.3564172387123108,0.013836264610290527
toptee,B00B77AD0W,B007O3FNY4,1725,0.06889794766902924,B001R5QU5Q,0.25219565629959106,0.014340057969093323
toptee,B003ZFHZXM,B000VTB0OK,745,0.09566320478916168,B005TGFPEQ,0.28702110052108765,0.02090078592300415
toptee,B005MVACSM,B00CNWHQPU,1382,0.07507085800170898,B0086DBCC8,0.3112054467201233,0.04769092798233032
toptee,B0018DWZJC,B00D4AM3S0,752,0.10116800665855408,B0095Z37OW,0.23779001832008362,0.00834837555885315
toptee,B0081EN1F8,B00BTSUSZY,5,0.2889789938926697,B007LDFJFU,0.3487094044685364,0.02558845281600952
toptee,B007JS1Y88,B0091EITD6,36,0.24603353440761566,B008VOMK28,0.32597529888153076,0.007691860198974609
toptee,B0070VYHN8,B0070VYI0U,134,0.17361752688884735,B009YM5U6O,0.32490789890289307,0.006277024745941162
toptee,B009NGX6U8,B00DFN08YC,19,0.24826323986053467,B0052YHYTO,0.32125556468963623,0.004873394966125488
toptee,B0058ZGNDK,B00A4M3F2Y,93,0.21183918416500092,B008PQ2WKW,0.3284813165664673,0.0007877945899963379
toptee,B00AFYJTQM,B007ZTGZSA,2,0.34355610609054565,B008VHAZFE,0.34728777408599854,0.003731667995452881
toptee,B008E093WY,B00B9Z7DNM,54,0.23911885917186737,B00BCE0GHK,0.3846181333065033,0.024934381246566772
toptee,B005ETA59I,B0089K33O8,68,0.2594023048877716,B0045EP3N6,0.36507648229599,0.019083857536315918
toptee,B003IEWVRK,B006HE4PW2,14,0.32690632343292236,B003BVK410,0.36682218313217163,0.008679300546646118
toptee,B005J6ACWG,B0079MB7ZE,86,0.1950312703847885,B007XD4OCM,0.3185253143310547,0.02709484100341797
toptee,B005SW1YE6,B00ES89826,787,0.09103575348854065,B002C7T5LO,0.3527090549468994,0.03320205211639404
toptee,B0090A7P18,B003E20OFC,602,0.1090862900018692,B006HSF04U,0.3499819040298462,0.004185199737548828
toptee,B00CF1XBYY,B00EE0DYZ0,182,0.1810825616121292,B00CN3WUP0,0.34354889392852783,0.022891879081726074
toptee,B007GRPJ5Q,B00CWJ9JAY,23,0.24424129724502563,B0089XPCZI,0.3173961341381073,0.017773479223251343
toptee,B00FVZQOKO,B00941PAT2,27,0.27730458974838257,B00GWJ0R88,0.3393976092338562,0.024199724197387695
toptee,B00AZ9I2PG,B00B1XHI1E,33,0.19863736629486084,B006X1SFEI,0.2852433919906616,0.003505319356918335
toptee,B00CMD9IKQ,B004JKT87S,273,0.15212666988372803,B0052FQP6Q,0.3811365067958832,0.03646799921989441
toptee,B00EV6D0G0,B004O4JT9G,18,0.2569442391395569,B000RQO9S6,0.35805076360702515,0.0432208776473999
toptee,B007Z2PRTA,B00A6GX42O,448,0.13396644592285156,B006VTEEJW,0.31318366527557373,0.010139286518096924
toptee,B00C5NMEPE,B008X0WGAG,25,0.2657671570777893,B00CHJE67A,0.3215538263320923,0.004058778285980225
toptee,B008D0E320,B00BM9J4TG,20,0.31690114736557007,B00CSKAABY,0.38375377655029297,0.010403752326965332
toptee,B0052AJVHG,B00785OEH0,1425,0.08177603036165237,B004GOH4F0,0.26669061183929443,0.016983449459075928
toptee,B00767NH1Y,B00ALYLB6M,200,0.1526930034160614,B00BYCEWTS,0.30289992690086365,0.005484968423843384
toptee,B0052RN92W,B00BHZVKR4,1,0.28964316844940186,B00BHZVKR4,0.28964316844940186,0.0050682127475738525
toptee,B0081EN1F8,B007W31QU6,7,0.3059892952442169,B007TM42DS,0.3415946960449219,0.0006818771362304688
toptee,B007WAE516,B0036UN2VA,3833,-0.004299849271774292,B006E3ZMA0,0.3387889266014099,0.017773926258087158
toptee,B007N1GDNC,B0041Q2ZN4,19,0.26579606533050537,B00DQND01E,0.3417142629623413,0.03238287568092346
toptee,B007Y9F3MA,B008N6K1M0,30,0.22268739342689514,B007XD6ITY,0.28547561168670654,0.022039353847503662
toptee,B005LCMEDI,B00342V9SS,422,0.11534945666790009,B009388EFS,0.33519208431243896,0.012915611267089844
toptee,B00CMPGWOY,B00BGBO7ZG,88,0.2237522304058075,B005748QPU,0.34356561303138733,0.02903243899345398
toptee,B0016SJTH0,B000Z902M2,14,0.27497076988220215,B008LLGQTE,0.32500743865966797,0.02208888530731201
toptee,B00AMH2L2G,B004MF6A7Q,6,0.3332674205303192,B0095OH0DW,0.3778420388698578,0.020151913166046143
toptee,B000BU0BF8,B004U5T7IC,8,0.30642589926719666,B001PO54QU,0.3732369542121887,0.015185534954071045
toptee,B00B47WZHE,B00CO944O8,36,0.250200092792511,B008TV79LK,0.3333897292613983,0.00927618145942688
toptee,B006Y5YM0O,B008P57GXG,1591,0.06524058431386948,B0052FQP6Q,0.3400295376777649,0.020597517490386963
toptee,B008BUX1A2,B000FA9MNQ,127,0.17984256148338318,B005N1VXC0,0.3235657513141632,0.009368091821670532
toptee,B00BIPLT6K,B006CWHHNI,101,0.2098805010318756,B000FVAR52,0.3269821107387543,0.025256961584091187
toptee,B00775KKV0,B004ZWEFPU,50,0.24365083873271942,B005TF1XNE,0.30948251485824585,0.007155001163482666
toptee,B0064XXI42,B008UAL5YM,879,0.09437070786952972,B008913QV2,0.2905738949775696,0.004463762044906616
toptee,B00GOCLHNM,B005TF4TS0,4165,-0.000479014590382576,B009YK8DFQ,0.2814614176750183,0.002717137336730957
toptee,B007WA3P44,B00AFVH8P4,75,0.2045471966266632,B00DQND01E,0.35106274485588074,0.036293596029281616
toptee,B00AOA61KE,B0089M6R2G,15,0.29669541120529175,B00BXECGGI,0.3648037910461426,0.018932044506072998
toptee,B00DSEFH7G,B00FFR8QK4,540,0.12288104742765427,B0097YCPSU,0.32564085721969604,0.02020201086997986
toptee,B007ZQ58ZY,B004SGEZWQ,28,0.26303553581237793,B009ZRKSEM,0.34405577182769775,0.016438186168670654
toptee,B00AIZCMKI,B00AZPKQEA,186,0.15005630254745483,B0084ENHNQ,0.289584755897522,0.014425158500671387
toptee,B008MZJHX6,B006K32WWA,1224,0.07979895174503326,B00AYQMTPO,0.24402910470962524,0.00502362847328186
toptee,B008C3HJDS,B0080XODS4,55,0.20836523175239563,B00789J7ZU,0.3543182611465454,0.0023956298828125
toptee,B003CUKHNK,B005UVNZXI,23,0.25691598653793335,B0052FQP6Q,0.318151593208313,0.0021163225173950195
toptee,B008P3A0I6,B008DRX2TS,300,0.1252782940864563,B008SDELXI,0.28405725955963135,0.0026655495166778564
toptee,B004O0TNMI,B004O0TNHS,772,0.11209964752197266,B003HIX6TE,0.3504263162612915,0.042302995920181274
toptee,B00C5SIA98,B003UV9XUY,3,0.23747774958610535,B00CQNY0EG,0.2618427872657776,0.02417871356010437
toptee,B008UFVTP2,B008G0HBGM,1,0.37159496545791626,B008G0HBGM,0.37159496545791626,0.042488038539886475
toptee,B007GO8A00,B00980K37I,33,0.2443293035030365,B00B5SKOMU,0.34334778785705566,0.005799800157546997
toptee,B007BKC578,B008S5DJQQ,470,0.11396263539791107,B0092TLLJ4,0.34314844012260437,0.038812488317489624
toptee,B008QW7G9M,B007N11B6Q,5,0.30334508419036865,B00ASR45EC,0.34007397294044495,0.0005203783512115479
toptee,B007KS1DEW,B005QA9NJS,18,0.27079105377197266,B003XRJGQG,0.3364984393119812,0.022713005542755127
toptee,B007850FV4,B006MJNKAK,16,0.2819852828979492,B009LEG3XO,0.3190166652202606,0.0007166564464569092
toptee,B00BLKRYK2,B00FL48H96,64,0.2374209463596344,B004MU4IG6,0.36308056116104126,0.04506513476371765
toptee,B007ZQHYPG,B00DI7EWY2,1,0.376336008310318,B00DI7EWY2,0.376336008310318,0.02258440852165222
toptee,B00A3QE0QQ,B00BZQZSOQ,68,0.2054137885570526,B00EIWYT08,0.29619747400283813,0.0013593435287475586
toptee,B004SWL0JQ,B004HHNMRK,54,0.23902708292007446,B007Z224PA,0.3604533076286316,0.007992446422576904
toptee,B008VQ6OJQ,B006LAMBCI,3,0.33369970321655273,B00B55MAXY,0.3503108620643616,0.014694273471832275
toptee,B007RBI9P8,B007RBU2DU,10,0.31073829531669617,B008JC4MEG,0.36758220195770264,0.017044544219970703
toptee,B004ID09K6,B007A3DDTA,226,0.16610321402549744,B00CQNY0EG,0.34970736503601074,0.02942800521850586
toptee,B004U8FZE4,B00DV1FBTK,73,0.19115421175956726,B0095RDYAW,0.3310062289237976,0.031745314598083496
toptee,B007ZTA748,B007ZT9R94,14,0.2529059052467346,B002UNLYPK,0.32153186202049255,0.019753336906433105
toptee,B007PU81HM,B007Q3A0J0,123,0.18582794070243835,B00B72EB32,0.3129312992095947,0.023149162530899048
toptee,B007312Q06,B007OOQHFC,2,0.3492833971977234,B007OOUGFE,0.3533385992050171,0.004055202007293701
toptee,B009EYSJF6,B003PD0G30,123,0.20492573082447052,B0047VQX6I,0.3315846920013428,0.007808655500411987
toptee,B007WAFEWU,B000FIB8B2,160,0.19150593876838684,B0043VDDUQ,0.33917441964149475,0.0023011863231658936
toptee,B007HCADFQ,B005D2T18M,3799,0.028398435562849045,B004XBR0XM,0.35400062799453735,0.011595964431762695
toptee,B00BHM7F9Y,B00E3U13N6,10,0.27244648337364197,B003CNWCAI,0.3228324055671692,0.008091747760772705
toptee,B00ATF1P8M,B00AT8E2WK,227,0.13405416905879974,B0084YK36U,0.3186372220516205,0.0035528838634490967
toptee,B005GW1R5E,B009PPCOFU,5,0.25460579991340637,B008VA57I6,0.30105751752853394,0.04333853721618652
toptee,B004WKWMOQ,B0058IED7U,42,0.2772611975669861,B00CIB6S96,0.3668173551559448,0.005708962678909302
toptee,B00DEY4E2E,B006UJI9V2,2,0.28708747029304504,B009ENGIBO,0.2985497713088989,0.011462301015853882
toptee,B0073N9LHK,B009X6TCGU,11,0.24564743041992188,B00FQUAV9E,0.2996011972427368,0.009004384279251099
toptee,B007NE48KE,B0058YDMQM,100,0.1915251612663269,B008TWBPR8,0.31237804889678955,0.017667502164840698
toptee,B00DOZ60T8,B00092SAR4,2,0.3531153202056885,B0051VMCEK,0.3531600832939148,4.476308822631836e-05
toptee,B004S36WB6,B0079EI9GW,210,0.14064794778823853,B004X80K3M,0.2592763304710388,0.003457009792327881
toptee,B008SDELXI,B00CW79MMQ,42,0.27336597442626953,B00CN3WUP0,0.3757830560207367,0.011740952730178833
toptee,B00EP49XUK,B00A41K9GA,524,0.1170138567686081,B0091VMUZ2,0.3198295831680298,0.021015435457229614
toptee,B00C8S6TNE,B00BCX6F1C,4,0.29189085960388184,B006C4Y45A,0.3294771909713745,0.007474422454833984
toptee,B00BB1UE9E,B00BL8ISHW,37,0.17711184918880463,B0089K2YCU,0.27227383852005005,0.011815577745437622
toptee,B004W9MRYW,B0084XZE3I,1636,0.07314025610685349,B0087AYOE8,0.22746890783309937,0.00010244548320770264
toptee,B00C3CVDH2,B0089OG5TO,44,0.25593534111976624,B008AUHTVU,0.3265021741390228,0.009665489196777344
toptee,B00AIXH7BO,B00C5UPBDO,3,0.3485475182533264,B00FZ9SD2S,0.3731595277786255,0.013489514589309692
toptee,B00CP1G416,B001HDTRJ4,2,0.3620002269744873,B007IWEU8Q,0.3774552345275879,0.015455007553100586
toptee,B00B5MEQMA,B004I77TLO,57,0.20676396787166595,B003Q4WT6U,0.3334046006202698,0.0058235228061676025
toptee,B003IRNVLC,B00FN5ASIG,8,0.30027198791503906,B00AM18SPQ,0.34860143065452576,0.018967121839523315
toptee,B00EYYEYAA,B0085U64UM,9,0.33553779125213623,B0017S4BY0,0.35366347432136536,0.00026038289070129395
toptee,B008QW7G9M,B006JXJHVA,91,0.17736630141735077,B00CWMDVE6,0.27721765637397766,0.02238905429840088
toptee,B00591CB0W,B008LYUYT4,115,0.17306572198867798,B007AAENZ6,0.3128286600112915,0.043047308921813965
toptee,B00CQ73OXK,B00B7BKI62,719,0.11030924320220947,B008NBK3PA,0.30347394943237305,0.0031946301460266113
toptee,B005X4EAGS,B008MP3UOI,147,0.1868615746498108,B00A8FD9G4,0.35408252477645874,0.0069068074226379395
toptee,B00BYOUPD8,B0058Z614Q,12,0.2862047255039215,B008OM15Q4,0.3492552638053894,0.032765209674835205
toptee,B009C97W88,B0056YO6R8,214,0.1463676542043686,B00DRI2S8Y,0.29773059487342834,0.011437743902206421
toptee,B00F62JQEI,B00DQTE3W8,19,0.2694556415081024,B005OCKU18,0.3724272549152374,0.016442924737930298
toptee,B00DCZSCUA,B008BJT3A0,63,0.1886971890926361,B008BJUGN8,0.2689610421657562,0.006325483322143555
toptee,B000ES2D9E,B00BR5MQJU,669,0.10267890989780426,B008618304,0.3316524028778076,0.017272382974624634
toptee,B00A26IWFC,B00C62DKIE,194,0.15532374382019043,B00BIMRHLE,0.3606264591217041,0.03537943959236145
toptee,B00AWS1IG0,B003YD528A,8,0.3243870735168457,B007GO8A00,0.35347622632980347,0.010093450546264648
toptee,B008WYDP1C,B008FCAUIW,176,0.15448050200939178,B00A4M3F2Y,0.3519152104854584,0.03594258427619934
toptee,B00AYGYY70,B00B8QSUCA,19,0.22870391607284546,B004S9C0VQ,0.2994544208049774,0.018096715211868286
toptee,B007HLK1T0,B00B7ETMLG,68,0.1849612444639206,B004W4HIN2,0.3386949896812439,0.024342596530914307
toptee,B007XXJOR2,B00A7HBLW2,130,0.1835518777370453,B00CF5FRZ6,0.34964293241500854,0.03152275085449219
toptee,B007WACPOU,B00EP49SP0,12,0.30222827196121216,B008596QQ0,0.38877931237220764,0.029148191213607788
toptee,B007GO8A00,B00CJGBH1Y,33,0.2626921534538269,B00AWMNV8Y,0.36859554052352905,0.008118212223052979
toptee,B001HBKGB4,B0067EYPX6,36,0.2564322054386139,B000F6T2LC,0.3566046953201294,0.016743451356887817
toptee,B005GLHN8K,B003VQS99E,69,0.16919395327568054,B008UXZAOK,0.25350165367126465,0.00965563952922821
toptee,B0081P9UPC,B004IWRQRG,1,0.3168494701385498,B004IWRQRG,0.3168494701385498,0.051894962787628174
toptee,B0055R3Q7C,B00CIHR6BE,110,0.1761402189731598,B00E0YE9KO,0.26835620403289795,0.001991569995880127
toptee,B003V1ZV6S,B003JK09S6,41,0.2528190612792969,B00F44KDMW,0.3394671082496643,0.0007953047752380371
toptee,B00D7ZJQM8,B009NB8BU8,3,0.3365776538848877,B00B900488,0.3492737412452698,0.009217798709869385
toptee,B002DLLZVC,B003VSDEGA,945,0.0877646803855896,B003PC479A,0.32019734382629395,0.014604538679122925
toptee,B007O3TPJI,B003OPXHBC,112,0.17427128553390503,B003YYRNFE,0.3044063448905945,0.012770235538482666
toptee,B008ADPLAI,B00AUXJFSK,9,0.28199470043182373,B00D07KK0K,0.3314553499221802,0.02141469717025757
toptee,B00CP7TJ4E,B00CPR36UW,377,0.11572213470935822,B0052IGRLG,0.27051836252212524,0.012466371059417725
toptee,B005FVREDU,B002ASAI6G,16,0.2460506558418274,B0072D9J7S,0.30266356468200684,0.016393601894378662
toptee,B007A4XOES,B0037TJOEO,5,0.3141717314720154,B0078UMBN4,0.3518833518028259,0.005175590515136719
toptee,B00AYCOA0K,B0042VIGTK,1,0.362026184797287,B0042VIGTK,0.362026184797287,0.0023615658283233643
toptee,B007WTG6CI,B007PUVJXU,39,0.284676730632782,B00FH695XA,0.3739008903503418,0.003286510705947876
toptee,B004I90MCU,B008BUX7XI,560,0.09911589324474335,B004T0BS76,0.3304888904094696,0.03990274667739868
toptee,B007XD6ZME,B008MN5F3E,10,0.2310837358236313,B0097C8DP6,0.30091995000839233,0.008304238319396973
toptee,B0045DTP72,B00AFJ9L24,111,0.1589638590812683,B006ZO1TVO,0.33142170310020447,0.04368332028388977
toptee,B008ZBL9YM,B005GI9BQ0,103,0.19544368982315063,B008PQ2WKW,0.34100937843322754,0.016857028007507324
toptee,B00839LUD6,B007YC03C2,3,0.34012383222579956,B00BRBHTJ6,0.3581817150115967,0.008882671594619751
toptee,B008622MGO,B00F3W04GU,5,0.314852774143219,B0050SF8YK,0.3240540623664856,0.003918558359146118
toptee,B00BIQADUW,B0058P62B8,2,0.28615933656692505,B000WK5WYW,0.3016566038131714,0.015497267246246338
toptee,B00EE0Y0GC,B005ERXFK6,313,0.1453814059495926,B003RW1XTK,0.31861457228660583,0.011311739683151245
toptee,B00AZPKQEA,B00AZ57EYK,766,0.08905094116926193,B005JTVAPQ,0.3453247845172882,0.01004895567893982
toptee,B007WAEQ6U,B009IQD6E4,43,0.23454168438911438,B00CBS8OBG,0.31760793924331665,0.010782867670059204
toptee,B008622MGO,B0050SFJJY,16,0.27745211124420166,B007AFU6WA,0.350948691368103,0.030654489994049072
toptee,B0074YUMHQ,B005IPLQYQ,1760,0.07045160979032516,B005BD9VYC,0.30587512254714966,0.014888167381286621
toptee,B00CFELT5O,B009SSTEPW,38,0.23453257977962494,B007EFMA1Q,0.3094698190689087,0.012349128723144531
toptee,B00699EPO8,B003W3RBFY,57,0.18231123685836792,B00BK4DJSA,0.2453906536102295,0.001527741551399231
toptee,B005ZO99DA,B005KYW62Q,13,0.27338629961013794,B004SH9SAE,0.31413960456848145,0.0036171674728393555
toptee,B00AU4EKCA,B00AZ81CD6,1636,0.06614808738231659,B009PIM60A,0.25338655710220337,0.005574211478233337
toptee,B00BPVO5A4,B00F9NS154,29,0.2570597529411316,B00C6D1QZM,0.35902461409568787,0.006527215242385864
toptee,B00GIOKE8U,B008DUZLX0,17,0.21060749888420105,B0096HQW00,0.270851731300354,0.02444574236869812
toptee,B00BJYIR9C,B00DS0TDAW,366,0.1383752077817917,B006Z8F2E0,0.3506317138671875,0.0
toptee,B004GHO03G,B003VQRFNU,1254,0.06489638984203339,B007XCWQM8,0.328414648771286,0.007284015417098999
toptee,B0060OSQXS,B007M7B28I,93,0.18424701690673828,B00D8TAQS6,0.33726221323013306,0.019127726554870605
toptee,B000EMDA1A,B00BR8ES16,1,0.33059245347976685,B00BR8ES16,0.33059245347976685,0.02004101872444153
toptee,B008ADPLAI,B00AVYW7JM,2,0.3506532907485962,B00BF61DR2,0.35428282618522644,0.003629535436630249
toptee,B00AOOWR80,B00CEVB3JU,28,0.2330784946680069,B0097ATVDQ,0.2746236324310303,0.0004892647266387939
toptee,B00CF53NUW,B0000DZQD6,12,0.3315574526786804,B0087ZFOYM,0.3715352714061737,0.0148448646068573
toptee,B004O9WZ92,B004U32SXK,18,0.2464703917503357,B00AQQLQY2,0.30689388513565063,0.007070273160934448
toptee,B00C93NG0M,B00C93N4CW,5,0.2518908381462097,B0039819XM,0.2644694745540619,0.00044909119606018066
toptee,B00DJ7XEY0,B008IGAAX0,734,0.09153196960687637,B003QP2VI0,0.27309271693229675,0.0037219226360321045
toptee,B004KUUMUY,B006V4ITGQ,259,0.14064478874206543,B00ADSHGFG,0.3201935887336731,0.0007036924362182617
toptee,B00CLD3UH4,B007VXNU0Q,66,0.20543096959590912,B00CIB44RY,0.3226264715194702,0.011867403984069824
toptee,B008IHCNVQ,B0071XG152,3,0.31296777725219727,B0023RJDIS,0.31364303827285767,0.00044587254524230957
toptee,B00A3S02YI,B00700FVDY,332,0.12674352526664734,B00839LUD6,0.31812119483947754,0.010022282600402832
toptee,B00B5TX0VG,B002VMHF58,60,0.18421179056167603,B00B44XGRU,0.2696155905723572,0.013669878244400024
toptee,B00AEXWZ7O,B001UA3038,106,0.2029934525489807,B00A061DH8,0.34114712476730347,0.007190287113189697
toptee,B006XL920E,B007IWEU8Q,37,0.2498607337474823,B009GPNPP2,0.38906329870224,0.018280893564224243
toptee,B00BM9J4TG,B009NEGGSO,2,0.2998119592666626,B007JS1Y88,0.30095237493515015,0.0011404156684875488
toptee,B00C5DXJMQ,B007ZQI72K,4489,-0.005711128935217857,B00COYDU9I,0.3353225886821747,0.017812103033065796
toptee,B007XCWQM8,B00336FRHY,35,0.23573735356330872,B00C5RT868,0.3534115254878998,0.01507684588432312
toptee,B00DQF873S,B009YLK6MI,49,0.18724030256271362,B00FS32AMU,0.2931252419948578,0.010988444089889526
toptee,B005ZSMYVU,B005PXI0A4,8,0.23352622985839844,B00936LJAC,0.29339051246643066,0.012665152549743652
toptee,B0049U3UHW,B004DMX8W8,277,0.13676030933856964,B00751ZL9M,0.3111059069633484,0.004964768886566162
toptee,B00495YV3O,B005M02XIA,29,0.23916977643966675,B004XH4W9Q,0.3563123345375061,0.021992802619934082
toptee,B00DLYL2ZO,B004CMPHN2,235,0.14383536577224731,B009IO5SSI,0.28264468908309937,0.00703662633895874
toptee,B0052HY6XI,B0089QXF5O,44,0.23609817028045654,B008OJKM7U,0.3072305917739868,0.0042813122272491455
toptee,B00CD8H0N2,B001KWHF28,48,0.2869033217430115,B00DMNN158,0.3395356833934784,0.014018326997756958
toptee,B00ADYWYXY,B005JJGDPI,7,0.3013017773628235,B0063AHHHA,0.3135731518268585,0.0018806159496307373
toptee,B00CF574EI,B00EYIFL1W,2,0.3501405417919159,B008DEY8KS,0.35308101773262024,0.0029404759407043457
toptee,B00B78M2XC,B00A435VDY,2096,0.04305852949619293,B00CD23F8W,0.31591540575027466,0.00027120113372802734
toptee,B008PFGQP0,B008PFK90I,1407,0.0779832974076271,B00DPEP4A4,0.32555413246154785,0.0597815215587616
toptee,B007ZQ58ZY,B00FMK87TE,492,0.12226474285125732,B00ALSDLJS,0.38171783089637756,0.06456062197685242
toptee,B0093AO0F4,B00D4DCHXS,275,0.13773199915885925,B003XRJGQG,0.33072566986083984,0.003198981285095215
toptee,B00DEZTDCE,B006BNQZWC,29,0.2726946473121643,B00967E3QA,0.36976194381713867,0.034689247608184814
toptee,B006GHSVKC,B004IOILQY,43,0.26443734765052795,B003XRJGQG,0.36253201961517334,0.005584657192230225
toptee,B00B1H5NSU,B005FAOHIQ,804,0.09508349001407623,B007LWNRRI,0.3358195126056671,0.0516723096370697
toptee,B00AYDWP4M,B00BIFKQSM,43,0.2527545690536499,B00COYDU9I,0.34811437129974365,0.0047539472579956055
toptee,B005IDUZKY,B009QP114O,1270,0.08031859248876572,B00H4GLJAI,0.32919690012931824,0.047519683837890625
toptee,B00D5XII9O,B00BQWOBG0,28,0.27905577421188354,B00BCP6YWK,0.3639555871486664,0.024877309799194336
toptee,B0027IIDA2,B0046IDVOE,43,0.2870263159275055,B004G499XK,0.3892153203487396,0.01764097809791565
toptee,B00AZIH38O,B002ZCXVFW,2908,0.01203823834657669,B009DO128S,0.27597513794898987,0.0052017271518707275
toptee,B0038KABPI,B007J7J65C,32,0.22464962303638458,B0007MVXES,0.3188927471637726,0.020088642835617065
toptee,B0036JQOZM,B006JX99GS,627,0.10046589374542236,B004U6K2QW,0.378948450088501,0.020056426525115967
toptee,B009VI0H7S,B005OCD7O0,53,0.20583747327327728,B003ZD8SAI,0.2731778025627136,0.003372102975845337
toptee,B00CF2YB6A,B006ZCQB28,8,0.26989609003067017,B00BJ83NSI,0.29411983489990234,0.008027344942092896
toptee,B00ATQ740Y,B00BG0FKN0,3,0.25082796812057495,B006OC3YR4,0.3114638328552246,0.05923372507095337
toptee,B009ZGQ0F4,B00774HYH4,25,0.25252893567085266,B00BR8ES16,0.3940592408180237,0.049265652894973755
toptee,B003IEWVRK,B003ILHFUG,198,0.17586112022399902,B000OBSH0A,0.33853644132614136,0.0034317970275878906
toptee,B00AG35TN4,B00AG3ZI4E,83,0.22147390246391296,B00EWDMMD4,0.3467063903808594,0.01887151598930359
toptee,B001HBKGB4,B000O1J04C,248,0.1580958366394043,B00CIB6S96,0.3393822908401489,0.0032054781913757324
toptee,B003RW60ES,B008LP73WE,65,0.2611561715602875,B0037LZ0RW,0.34694400429725647,0.0029494166374206543
toptee,B0094KPUK2,B00EIWYT08,610,0.11453846096992493,B00B30IE4U,0.28287965059280396,0.007607996463775635
toptee,B00836H3JE,B002UKPUD0,86,0.22918111085891724,B00CN3WUP0,0.32314634323120117,0.004514932632446289
toptee,B0081ZRYN2,B008AUHYZ6,21,0.26690977811813354,B006UD8ZK8,0.3272460401058197,0.007825136184692383
toptee,B007C3MI3A,B007HCB0SU,163,0.1512925922870636,B009JXOT6A,0.29333457350730896,0.0046498775482177734
toptee,B00FPT42EG,B00FZ9SD2S,292,0.13955646753311157,B009QWJ3WE,0.34171611070632935,0.004318565130233765
toptee,B009B0K0KU,B00945QZJM,138,0.2073264867067337,B009EWR80K,0.3639540672302246,0.00018578767776489258
toptee,B00EYIOCIA,B007TZ00UE,39,0.2573699951171875,B008OJKM7U,0.3563045263290405,0.044852614402770996
toptee,B004WSJVRY,B00BU5HXG8,374,0.12553930282592773,B005QDCSHE,0.26682808995246887,0.0
toptee,B00AOOWRZI,B00BLA9DH4,16,0.22420689463615417,B00EWDMU7M,0.27636128664016724,0.004847675561904907
toptee,B00BE6KR4S,B000YYBM54,7,0.3052426278591156,B003M2Y676,0.350492000579834,0.006775707006454468
toptee,B007LWRFP8,B00432IFU8,3,0.31742221117019653,B0089ZN046,0.3491477966308594,0.02148890495300293
toptee,B00B5NVG3Q,B00940K34K,13,0.21574357151985168,B00BGVTS32,0.276904821395874,0.030118495225906372
toptee,B008NDUUO2,B008VENGX0,5,0.32383108139038086,B008O55QZW,0.3661445379257202,0.014017760753631592
toptee,B00GIOKE8U,B002AA8JS8,2,0.3004181981086731,B003Q6C28I,0.3396513760089874,0.03923317790031433
toptee,B004L83ZEU,B004ULIAMK,2506,0.054438140243291855,B004WODN2M,0.3373720645904541,0.028611958026885986
toptee,B00DSS1KAK,B00DZ0LL2S,41,0.2717117667198181,B008OJKM7U,0.3680463135242462,0.024556249380111694
toptee,B008VWCZ5W,B009QR9MIO,10,0.32811442017555237,B00A7FCH3Q,0.3755006492137909,0.013623446226119995
toptee,B004ID09K6,B005L2NJKU,14,0.29617977142333984,B00FZ9SD2S,0.35622480511665344,0.022354155778884888
toptee,B008P57GXG,B009C97W88,2698,0.0392584353685379,B00CF5E1G2,0.27369561791419983,0.029741019010543823
toptee,B00C64M1BY,B004S59HMA,4,0.32979676127433777,B007SMNWB2,0.35793983936309814,0.010204821825027466
toptee,B00BNF2PVI,B0080ETRWA,37,0.21745580434799194,B0095OH0DW,0.3110140562057495,0.014973729848861694
toptee,B008CLNW1I,B0097O1ERS,4394,-0.012139759957790375,B006Y5Z0R8,0.2915336489677429,0.01043650507926941
toptee,B00FR621O0,B00A7T0LBC,117,0.20794913172721863,B004KSP3ZK,0.3746868968009949,0.026989221572875977
toptee,B00BQLAARU,B009PIM60A,203,0.14341336488723755,B007AITTBQ,0.3309575319290161,0.0032981038093566895
toptee,B00CMUVC1C,B001LXXQ7O,42,0.249610036611557,B006Z8GQAE,0.33951476216316223,0.0019520223140716553
toptee,B00CX0FNWU,B009G6LU8A,5,0.2872982621192932,B001NZVD4I,0.3307676315307617,0.011867403984069824
toptee,B00C93N0NA,B00C93NG0M,48,0.2732554078102112,B0036Z9ZJI,0.36469030380249023,0.003265947103500366
toptee,B00BXYXTSM,B004LQ17D8,99,0.20079150795936584,B007IRO1NU,0.3524549603462219,0.009905636310577393
toptee,B00E3J81RS,B005QDCSHE,2939,0.03364252299070358,B00DJELR88,0.28504258394241333,0.011622965335845947
toptee,B003M8HWVM,B006MQ5WTK,1,0.37871280312538147,B006MQ5WTK,0.37871280312538147,4.121661186218262e-05
toptee,B003QOR38E,B003QONL9Y,1,0.36822593212127686,B003QONL9Y,0.36822593212127686,0.030877351760864258
toptee,B00EKWB7CY,B00CYP43U2,22,0.26483333110809326,B004GHO03G,0.3174292743206024,0.011811226606369019
toptee,B007K4Y0KU,B00C2VK24Y,73,0.2613603472709656,B0032Z81QK,0.38059908151626587,0.01815694570541382
toptee,B00CY5KNE2,B009F1HC8I,158,0.20758408308029175,B00EXHTN2W,0.35326820611953735,0.0012890398502349854
toptee,B003VWLPLM,B003U0TTIQ,62,0.23314134776592255,B003D13XES,0.3232865035533905,0.005352884531021118
toptee,B00B7ALSVM,B004F8FH92,116,0.2028762847185135,B005MVACSM,0.30232131481170654,0.002227962017059326
toptee,B00DDXIC1U,B007BDJXUM,577,0.10486945509910583,B006ZO1TVO,0.3161400258541107,0.010865837335586548
toptee,B00APD8ZDQ,B008566P82,4,0.31283509731292725,B008OM15Q4,0.3388102054595947,0.012838363647460938
toptee,B007225EKU,B005X6RYYQ,4575,-0.011693386361002922,B00AW1L97K,0.26348045468330383,0.006208240985870361
toptee,B00AHH92Z0,B00591CB0W,156,0.1639409065246582,B008LYT3G4,0.2992531657218933,0.005338072776794434
toptee,B004SH0MI6,B00EPC7JMQ,581,0.11665801703929901,B00589KNVE,0.34349361062049866,0.008430778980255127
toptee,B0098TSBOQ,B008BIMNVC,2,0.3434702157974243,B0018MRUVG,0.3508574366569519,0.007387220859527588
toptee,B005UAHTCC,B00FIYMWYU,465,0.11487419903278351,B007H1ECA4,0.278154194355011,0.009736299514770508
toptee,B000Q8SC9M,B000VTEN12,172,0.15207937359809875,B00H03TS7Q,0.3466622829437256,0.022275984287261963
toptee,B00FL2U8NG,B00FBP4AIM,2,0.24581575393676758,B00CMXZDU0,0.2809717059135437,0.03515595197677612
toptee,B00CIY810C,B0063L45YC,1610,0.06442814320325851,B007A722IY,0.2797532379627228,0.003259032964706421
toptee,B0081NZ7CY,B00EAIXVWC,86,0.15817604959011078,B0078Y06F0,0.2617229223251343,0.0001614093780517578
toptee,B008BHSRFO,B008WYDI7I,172,0.15006117522716522,B008OTKK4A,0.27047765254974365,0.0008239150047302246
toptee,B005GV81EA,B005GPKWLQ,1,0.3656548261642456,B005GPKWLQ,0.3656548261642456,0.018984735012054443
toptee,B008TWBPR8,B006N04X2M,55,0.23591072857379913,B005E9GLD2,0.33186495304107666,0.011598855257034302
toptee,B003R6P3EM,B0092XEYJY,11,0.2679273188114166,B0081FQQ4A,0.3129277527332306,0.019449561834335327
toptee,B00EP49DS2,B0046QRK6G,6,0.31149202585220337,B00BTGQXYQ,0.35991889238357544,0.008199453353881836
toptee,B004NEB94U,B0051VMERA,731,0.08846651762723923,B009JR23TG,0.334011048078537,0.0006076693534851074
toptee,B008X04NWA,B00CQNY2WQ,50,0.20184358954429626,B009FV9I08,0.3126648962497711,0.003044813871383667
toptee,B00F62JQEI,B004I90MCU,4,0.29669880867004395,B00D0GKFP6,0.3309977650642395,0.01066887378692627
toptee,B0094I4IOI,B00CMVLDQU,289,0.1332131177186966,B008BJUGN8,0.3536754250526428,0.009652793407440186
toptee,B0073PZW2Q,B009DIG3D8,162,0.15184271335601807,B002EO85OS,0.3203998804092407,0.013682782649993896
toptee,B00C11UWZE,B0096I96XE,372,0.11461204290390015,B007XVBY8G,0.3474278450012207,0.0297812819480896
toptee,B008QIV35O,B004R96VLW,234,0.13315719366073608,B0096HQC9Q,0.28863614797592163,0.00992196798324585
toptee,B00BXXO4WI,B00BZSE4Y4,488,0.10598929971456528,B007E94EY8,0.30395451188087463,0.025090187788009644
toptee,B00BA3AHKO,B005LCMEDI,288,0.12427198886871338,B00COE18RO,0.3170575499534607,0.005617886781692505
toptee,B0090YFTEE,B00AYDWP4M,2339,0.04417293891310692,B00DS5NKJW,0.362813264131546,0.003907114267349243
toptee,B001QVT1TI,B00BHM7F9Y,123,0.18592356145381927,B001TE26MG,0.3687463402748108,0.06611350178718567
toptee,B007E94S12,B0052HYADO,33,0.24353601038455963,B006TAMS3W,0.32284286618232727,0.006197601556777954
toptee,B00AIIQJ5E,B007XD5BMY,293,0.1368800699710846,B00B67AV6O,0.3202740550041199,0.03593873977661133
toptee,B0018DWZJC,B00CORRYVK,37,0.20064327120780945,B003R46JOW,0.257071316242218,0.0015596747398376465
toptee,B00AYQMTPO,B00COQ5O9K,28,0.20125901699066162,B00C30LFR2,0.2912585139274597,0.006527245044708252
toptee,B008BOJ2TM,B0076FANN6,240,0.1373128592967987,B005POVH1W,0.29544562101364136,0.008978664875030518
toptee,B00BYV5G0I,B007G11JF6,287,0.1243918389081955,B005AFXDP4,0.3201214075088501,0.015930652618408203
toptee,B004WSJVRY,B008UU2HC6,1,0.2561691105365753,B008UU2HC6,0.2561691105365753,0.009897619485855103
toptee,B00AEXWZ7O,B001BISBCY,57,0.26537010073661804,B0013FUI12,0.35909199714660645,0.02262130379676819
toptee,B00CXV9H26,B0067EVHQO,125,0.2018255591392517,B000VX6TAG,0.37695974111557007,0.012414753437042236
toptee,B004IP8G3Q,B008SHUIP4,2248,0.042275797575712204,B000F6T2LC,0.36895376443862915,0.03821521997451782
toptee,B004WSJVRY,B008VT1Q5U,25,0.24752148985862732,B004VW5X3M,0.33185580372810364,0.009012371301651001
toptee,B005P5ARGM,B004K1EDLC,4,0.2776296138763428,B005REZ92S,0.3609265685081482,0.07801553606987
toptee,B0026C4H2C,B0042P87ZY,1,0.2721141576766968,B0042P87ZY,0.2721141576766968,0.0061550140380859375
toptee,B008NF7N5E,B008UA8M3Y,14,0.21755272150039673,B008PJHORK,0.34386688470840454,0.05890756845474243
toptee,B006C4Y45A,B00EOH0D48,8,0.2507610321044922,B000RQO9S6,0.30710700154304504,0.017647475004196167
toptee,B00EDKMINA,B00C5T0MK2,25,0.32335996627807617,B00E4AEAGM,0.3993034064769745,0.001988828182220459
toptee,B0077DN4P6,B00B7SB6RA,72,0.24645817279815674,B005Q0JLFO,0.36420661211013794,0.03243362903594971
toptee,B00BHLIS8C,B001QVT1TI,42,0.28709876537323,B00B7888US,0.35710006952285767,0.007681906223297119
toptee,B00EYYEYAA,B00415UFAA,7,0.31872668862342834,B0071G9W8M,0.34970495104789734,0.0018258988857269287
toptee,B00579WNTA,B00FI9WO9I,9,0.3394404649734497,B00CD0KQ4A,0.37637215852737427,0.006593763828277588
toptee,B0085IN9GQ,B0078LJIU2,1,0.3404040038585663,B0078LJIU2,0.3404040038585663,0.036212027072906494
toptee,B00836H3JE,B0094R0LDG,85,0.1786004602909088,B00BADDV6Q,0.3218488097190857,0.0003234744071960449
toptee,B00E0COGUE,B00DGXJUF4,63,0.21355590224266052,B008QXAVJI,0.3414929509162903,0.010251641273498535
toptee,B002XQ37FE,B00ADSHGFG,67,0.1987924426794052,B003JU99LO,0.3127475380897522,0.020743340253829956
toptee,B001T92JIM,B002RASCE2,125,0.16081653535366058,B00BU9F40G,0.2807618975639343,0.020580321550369263
toptee,B0092TZZ1Y,B00B9BFGQ2,9,0.2900390625,B00A3QM374,0.3508322238922119,0.028078705072402954
toptee,B00A7HBMEO,B0092SC112,145,0.1740788221359253,B006MJNKAK,0.34690922498703003,0.008447855710983276
toptee,B00A13FSRQ,B005GA8YB6,10,0.33652669191360474,B00B3O9A9O,0.35981637239456177,0.003055572509765625
toptee,B0036WSZVA,B007R5VURS,20,0.2710404694080353,B001TB3PFG,0.3415147066116333,0.006081938743591309
toptee,B0078UMBN4,B00A6YTKWE,79,0.2066996991634369,B005Q0JLFO,0.3401804566383362,0.02133357524871826
toptee,B005J29QHW,B005D66TH4,81,0.2063765525817871,B00B19GTW2,0.29373741149902344,0.007921993732452393
toptee,B00870UYYW,B00809LQ60,7,0.29522237181663513,B008596MRS,0.35398709774017334,0.026601672172546387
toptee,B0098D9IBC,B005C5RPYW,34,0.2414686530828476,B00CS4NIKK,0.29135382175445557,0.0015290379524230957
toptee,B00346FBN8,B003QORIMA,18,0.2773834466934204,B00B065FH6,0.3665594756603241,0.015609413385391235
toptee,B0096HR11O,B0096HO4NM,19,0.2535678744316101,B0096HONUG,0.3585560917854309,0.021151363849639893
toptee,B006ZIP0R4,B006ZJ1NA6,51,0.21498346328735352,B0049MOEBQ,0.3035968542098999,0.007322549819946289
toptee,B003SPQCLU,B00BGJ8DAS,404,0.11501950770616531,B003VSDEGA,0.32909339666366577,0.015142232179641724
toptee,B00A13DXIW,B0062X3CDG,2851,0.029790597036480904,B009AMBUF8,0.3566233515739441,0.0277823805809021
toptee,B00AFYJTQM,B00ASI7KXO,56,0.20650437474250793,B005MFF7CE,0.2963516116142273,0.013401150703430176
toptee,B00BGJ4OQA,B00EE0DGTE,6,0.29437580704689026,B00CV2DS40,0.33042478561401367,0.016499310731887817
toptee,B007RTJ3K0,B009OLI0N0,47,0.2657262086868286,B00FH695XA,0.34547683596611023,0.00012552738189697266
toptee,B00BNQVHEI,B00C85JTSY,1246,0.06822268664836884,B00B7ALSVM,0.323166161775589,0.0024115443229675293
toptee,B004J1KGHS,B0086DBCC8,142,0.16370032727718353,B00CX0I8TU,0.3532591760158539,0.0026467740535736084
toptee,B00BKU6QXE,B00B99NYWC,152,0.1747293621301651,B00A3QE0QQ,0.3549236059188843,0.003014475107192993
toptee,B00CF574EI,B004TS1TIG,48,0.21865640580654144,B007ZT9R94,0.3040131628513336,0.014950364828109741
toptee,B000F0C6L6,B001EPIXHW,13,0.2628735303878784,B008BTA8U4,0.3112775385379791,0.004679381847381592
toptee,B00FE2CEXU,B00E3J81RS,856,0.09982608258724213,B00CFQIFK4,0.2800953686237335,0.011431634426116943
toptee,B00ANKBR0O,B00BCE0IA0,71,0.21162904798984528,B008HPO8DU,0.3424956798553467,0.02125340700149536
toptee,B005N3XKZQ,B005ERKX88,208,0.15312373638153076,B008FELU9S,0.3663478493690491,0.051205575466156006
toptee,B00A76XQGC,B00A7NAP8W,117,0.18047596514225006,B007XVBY8G,0.34070438146591187,0.01756298542022705
toptee,B00980K6RA,B006GHSVKC,196,0.17278140783309937,B007UMCEIC,0.3831460773944855,0.04820212721824646
toptee,B007BGV2J4,B0013FUI12,144,0.17726443707942963,B007HP3B66,0.3127325177192688,0.009160488843917847
toptee,B005M02XIA,B0050G1IUU,2,0.36152660846710205,B007GO8A00,0.36230015754699707,0.0007735490798950195
toptee,B004K1EDLC,B008FU0GB0,4,0.3195461332798004,B00APKFFXM,0.34259384870529175,0.016533643007278442
toptee,B005AZ0WR6,B007UI3OGM,3,0.3370787799358368,B0057M0EUW,0.36608582735061646,0.011732250452041626
toptee,B004H7NSPQ,B00E6XQSB2,356,0.13607338070869446,B00CD8H0N2,0.3162648677825928,0.002463102340698242
toptee,B007LWRFP8,B000WK5WYW,52,0.1710437834262848,B008T44C8U,0.2624620199203491,0.007981479167938232
toptee,B00EYYEYAA,B007A9W52U,230,0.17420436441898346,B00ARI99HA,0.3173426389694214,0.003194093704223633
toptee,B0096I96XE,B0079EIDDG,28,0.2357538640499115,B007D1K6U8,0.3114470839500427,0.004150986671447754
toptee,B008MC6RW8,B00B5MEQMA,73,0.18888241052627563,B00ATUGPDM,0.3335239887237549,0.0003407001495361328
toptee,B00GH0TW42,B00FZ9NF08,2,0.35059455037117004,B008D18WMG,0.35060855746269226,1.4007091522216797e-05
toptee,B000G260UQ,B003A71PUO,176,0.16162806749343872,B000GHI53Q,0.3498995304107666,0.00869673490524292
toptee,B008L13H1O,B00CBHQ4NC,21,0.30921560525894165,B004WODN2M,0.4047277867794037,0.001543581485748291
toptee,B0038J5YEC,B00GI1BW34,157,0.16652627289295197,B000831PT4,0.3235759139060974,0.010740011930465698
toptee,B009DZON1A,B00BNQVHEI,1,0.3189493417739868,B00BNQVHEI,0.3189493417739868,0.002796471118927002
toptee,B004XBR0XM,B008PUGRYK,346,0.13793611526489258,B0052XIUXO,0.35510480403900146,0.017862141132354736
toptee,B008CG1JJ0,B00EDMNRUG,22,0.2703630328178406,B008DSL5X2,0.35582709312438965,0.023195922374725342
toptee,B004I6CTXS,B005JWECI0,146,0.16733914613723755,B00CNWHQPU,0.3272117078304291,0.02877768874168396
toptee,B008SHUIP4,B00D9JXNM6,2197,0.05277695506811142,B003ECTX36,0.34986692667007446,0.0023692846298217773
toptee,B006JX99GS,B00GOIAM4Q,14,0.2995917797088623,B00B3M2ZZM,0.3600270748138428,0.02510446310043335
toptee,B009W65CGU,B0012YO0UE,1175,0.07038630545139313,B00C7CF1R6,0.3333304524421692,0.050426483154296875
toptee,B00BHRICZU,B00BUKCLA6,2,0.28669121861457825,B008I2HMXA,0.3282637596130371,0.04157254099845886
toptee,B009JR23TG,B00A5MMIJE,52,0.20900097489356995,B000Q5TYRY,0.2799491584300995,0.003931134939193726
toptee,B00ECWR21C,B008X04NWA,15,0.2664368748664856,B00FN8311Y,0.33521610498428345,0.036755144596099854
toptee,B00AEXWZ7O,B009EWRY6S,49,0.24771523475646973,B005EVCTBS,0.3368038535118103,0.018344342708587646
toptee,B0058UWR08,B0058UWE3I,15,0.27880042791366577,B002Y6MKRO,0.3674618899822235,0.00045797228813171387
toptee,B0095YHVUY,B00AOAPJ7U,211,0.1538989245891571,B0083QFFMG,0.28565627336502075,0.00020378828048706055
toptee,B007ZQ58ZY,B00DIZVGZW,55,0.25603270530700684,B00ALSDLJS,0.3607828617095947,0.004855036735534668
toptee,B00DBDSZY6,B00CF5FRZ6,1012,0.07823146879673004,B004VMHX8A,0.35400626063346863,0.024489909410476685
toptee,B003JK09S6,B009JOHNBW,42,0.27944278717041016,B0052FQP6Q,0.41531485319137573,0.05053868889808655
toptee,B006KNGG90,B0056YO5NS,2,0.3237665295600891,B0055WR5T2,0.33829429745674133,0.014527767896652222
toptee,B00D3ZHQ5G,B0069XQJUW,4,0.30359503626823425,B00DKW79T0,0.3199951946735382,0.0009396374225616455
toptee,B00BPPALLM,B00A7QGZ8I,332,0.13232213258743286,B008YES8KI,0.2707483172416687,0.0006961226463317871
toptee,B0077M73N6,B004F9QC72,326,0.11403137445449829,B008MZJHX6,0.3644639253616333,0.044487595558166504
toptee,B00749QXWO,B0060OSQXS,1005,0.08831880986690521,B00C4XDT36,0.2849469482898712,0.00028198957443237305
toptee,B000XZ6740,B00G70SUTA,202,0.1585327684879303,B006YDMYCY,0.3942263722419739,0.028972357511520386
toptee,B00CD8H0N2,B005A0LPW2,35,0.2556765079498291,B00CBS8OBG,0.36893951892852783,0.02294290065765381
toptee,B007JRRY06,B008M4SKWQ,274,0.13501721620559692,B000G77Z1Y,0.25711292028427124,0.0014462471008300781
toptee,B0069HMDM6,B002TNOCNW,21,0.2732003331184387,B00BOFWMAQ,0.3470485806465149,0.0039969682693481445
toptee,B000YYBM54,B003ZYDAMS,5,0.3188556432723999,B00FN5ASIG,0.37820374965667725,0.0483071506023407
toptee,B0064SLGDW,B004VS50FM,43,0.22399801015853882,B007CLSJ1C,0.29114943742752075,0.010142207145690918
toptee,B00A8ZDV1M,B008UFVTP2,152,0.14989875257015228,B005H3PEFG,0.28153467178344727,0.0287896990776062
toptee,B008MC6KIE,B00B538OCC,46,0.2110883742570877,B005LJX4L2,0.35798507928848267,0.030656278133392334
toptee,B008Z5TCU6,B008NFA97I,56,0.17872849106788635,B00C2TLA0G,0.31622838973999023,0.0012865066528320312
toptee,B00BN1IO30,B0055X72XK,952,0.09731340408325195,B006JW32N0,0.2786303460597992,0.012357562780380249
toptee,B000LMLFO2,B006JXL1YG,1608,0.0626736506819725,B005GPKWLQ,0.26832839846611023,0.011270612478256226
toptee,B007HEWEWE,B00A2ACUSI,4,0.36412686109542847,B0043E1NKU,0.3960663676261902,0.018332362174987793
toptee,B006HT23VM,B0038J5YHE,4,0.3147546052932739,B008DVKTPY,0.3398023545742035,0.01808258891105652
toptee,B006HE4PW2,B001QLCC62,3513,0.007053633686155081,B00B1MY1SI,0.33830785751342773,0.010639071464538574
toptee,B003WLL8TQ,B000PZQ0MW,86,0.20980417728424072,B004AHKZG8,0.4167187809944153,0.06464233994483948
toptee,B000YJ0R6Y,B007CC4H30,469,0.09895104169845581,B006YN4J2C,0.25843971967697144,0.00379064679145813
toptee,B00BRBU4M0,B00EWJWQHU,1399,0.0737752616405487,B009EH6UAY,0.2509964108467102,0.008744508028030396
toptee,B00F62JQEI,B00EQ21PI4,1140,0.07624475657939911,B001BJXXD0,0.3365306258201599,0.06391945481300354
toptee,B008OJR7Q4,B006MQ6JWE,633,0.10841721296310425,B0097PFQR6,0.3479979634284973,0.005773305892944336
toptee,B00588V1UW,B009KS9OJQ,120,0.1712447702884674,B005BD9VYC,0.2857782542705536,0.00568661093711853
toptee,B004MUGNLO,B007CL8QDI,55,0.19363006949424744,B00CBU3EN2,0.30312323570251465,0.018967747688293457
toptee,B004KUUKCO,B00BCOZK3U,6,0.30854880809783936,B005LIXP08,0.337278813123703,0.014235585927963257
toptee,B0084DLUN6,B005UUF5I2,31,0.20018604397773743,B005X6RYYQ,0.28532999753952026,0.025555729866027832
toptee,B00F62JQEI,B0060B9554,2722,0.04216448590159416,B009YKYSEG,0.2853385806083679,0.02896454930305481
toptee,B009VI0H7S,B009IFP2ZQ,3161,0.02036348544061184,B00BWH0CAS,0.2594737112522125,0.017897307872772217
toptee,B0073PZW2Q,B008QXAVJI,120,0.17443397641181946,B008G0HBGM,0.30013740062713623,0.011432528495788574
toptee,B003NYEWPE,B0053GGD1Q,122,0.17170532047748566,B0082BHLLA,0.30433589220046997,0.009492546319961548
toptee,B00DOJ2BSS,B00CTSGLYU,34,0.24487993121147156,B00422M802,0.37155020236968994,0.042166292667388916
toptee,B00ATUGPDM,B00B11YTXG,1455,0.07781633734703064,B004U32JDY,0.3137700855731964,0.019737154245376587
toptee,B006JFW0L2,B00FN67ZHC,772,0.10071084648370743,B005LIXP08,0.33537429571151733,0.009033381938934326
toptee,B006852UH2,B0015VAYHC,71,0.21516314148902893,B00E9KDNLK,0.3409571051597595,0.0001195073127746582
toptee,B00C8FZDCK,B00EOYZJKO,12,0.251638799905777,B008MC6KIE,0.3442302346229553,0.052673667669296265
toptee,B004ZWEFPU,B002VHDH96,3574,0.012541966512799263,B002LSI9FC,0.37287020683288574,0.041825950145721436
toptee,B00CTVFMME,B00CXUSE8U,95,0.17640431225299835,B00AU4FBF0,0.2817802131175995,0.0016286075115203857
toptee,B00BR5R2JO,B00B87DVXC,4184,-0.008190459571778774,B00C4XDEUO,0.30401939153671265,0.023090064525604248
toptee,B006C4Y45A,B00186WJ36,36,0.21949025988578796,B000RQO9S6,0.3518144488334656,0.03844118118286133
toptee,B00A7HBMEO,B008K6BYIS,19,0.23934119939804077,B009IPLZTI,0.32645857334136963,0.002496778964996338
toptee,B0047P5KEA,B004W2HAVO,3,0.32395631074905396,B004KSSQXG,0.3558855652809143,0.011893033981323242
toptee,B00B2WMY5E,B0083ITPWA,48,0.2669927477836609,B00DV0VYK6,0.3621281683444977,0.017764896154403687
toptee,B00F3W04GU,B0043Y8L5K,39,0.2726812958717346,B008SHUIP4,0.38130509853363037,0.004553794860839844
toptee,B008GT8N7E,B00AO4NBFI,290,0.1290518343448639,B008UADIX8,0.2488361895084381,0.005499720573425293
toptee,B007DQ8SHG,B0078AFDSO,1,0.34743255376815796,B0078AFDSO,0.34743255376815796,0.03898784518241882
toptee,B006SF8D3M,B00C75HTBY,2,0.3430580198764801,B00AQU0HJ8,0.3628789484500885,0.0198209285736084
toptee,B001HBKGB4,B00DEKN4VA,14,0.3073940575122833,B004XJ28RW,0.35683631896972656,0.00528407096862793
toptee,B00133IN7K,B004UMQG5M,29,0.2721521556377411,B009EWR80K,0.3419097065925598,0.00296783447265625
toptee,B005VSPMEK,B000GQW06K,11,0.21085768938064575,B000EP329W,0.3014165461063385,0.02205631136894226
toptee,B009C7QVXC,B00307SY3U,28,0.2625613808631897,B0073PZW2Q,0.3495137393474579,0.007894188165664673
toptee,B00AW1EBM0,B003JL55VQ,10,0.26512855291366577,B00EKWB27Y,0.28695783019065857,0.0019437074661254883
toptee,B00CIHR6BE,B0055R3KXM,608,0.10217492282390594,B006WWOGFU,0.3394773304462433,0.018948227167129517
toptee,B002ZNKR3K,B003Q6C28I,4032,0.010457317344844341,B005V9YOS4,0.28226664662361145,0.009149163961410522
toptee,B00BG5LNL8,B00GABCAKG,528,0.11905691027641296,B005113T7Y,0.3454430103302002,0.04936760663986206
toptee,B008DVXI34,B008JYNN30,2,0.27923426032066345,B006ZINN5U,0.28591057658195496,0.006676316261291504
toptee,B007FO5H1Q,B009T6MLL2,122,0.20096930861473083,B00CJGBH1Y,0.3393591046333313,0.000676274299621582
toptee,B007Z224PA,B003IRMQI6,3023,0.021889548748731613,B004VS52HS,0.31655940413475037,0.02651384472846985
toptee,B004VNVMO0,B00CS5PAZU,1,0.3647310137748718,B00CS5PAZU,0.3647310137748718,0.011712878942489624
toptee,B007W9Z994,B00D82U8FO,70,0.20749396085739136,B008SAJ3F2,0.34710079431533813,0.0031431913375854492
toptee,B00ABG1BXS,B008KCNSFO,81,0.18209488689899445,B0091DWZ9G,0.32917308807373047,0.01767730712890625
toptee,B004MKN18C,B007CLSJ1C,388,0.11862115561962128,B005NYP1FC,0.34770843386650085,0.011928290128707886
toptee,B008UABPG0,B008UACJR4,4,0.28201839327812195,B007XD6ITY,0.3071281313896179,0.0014199912548065186
toptee,B008D8ZZDI,B0058UWR08,3,0.36486291885375977,B002YP6ZOY,0.3792746663093567,0.005852401256561279
toptee,B000O1J04C,B007POA5NG,4555,-0.0134756900370121,B0018IKP5S,0.2687866985797882,0.019512087106704712
toptee,B00BJO2R4I,B0080E76I2,24,0.23525506258010864,B00BELSYMU,0.30319300293922424,0.006593257188796997
toptee,B008Y2QBQS,B00A3Q3QAM,3,0.29430943727493286,B00AM18SPQ,0.3311117887496948,0.027906745672225952
toptee,B0085OCK88,B0092S985O,2492,0.03774574398994446,B00F0TPBS2,0.3338547646999359,0.0023538172245025635
toptee,B002076ABE,B00AH4PUL8,8,0.2890931963920593,B003TEH08Y,0.3142264187335968,0.012055277824401855
toptee,B008CLI9C0,B00BLYSDWG,57,0.22118517756462097,B00ATOBSZ8,0.3152690827846527,0.002552896738052368
toptee,B003DTEPVU,B009388EFS,15,0.26994428038597107,B004S2QS9I,0.349938303232193,0.017130047082901
toptee,B00AG35TN4,B0014JXLMK,20,0.24548447132110596,B00EVQ0AQ8,0.31624510884284973,0.001691281795501709
toptee,B00ATF1P8M,B008YDK852,13,0.28721821308135986,B008VQ6OJQ,0.3324241042137146,0.007047176361083984
toptee,B008O7XEGI,B00B13SRVE,10,0.29175785183906555,B0051896LU,0.34392285346984863,0.0015929937362670898
toptee,B004K1EDLC,B00APITT5Y,3,0.32426726818084717,B00AXVWJBY,0.33003097772598267,0.0038157403469085693
toptee,B00415UFAA,B0038LJDWO,1645,0.06248677521944046,B00BZFIH4U,0.25968098640441895,0.00423005223274231
toptee,B008JDV59U,B008JDV50Y,1,0.3464365005493164,B008JDV50Y,0.3464365005493164,0.06569766998291016
toptee,B00DS0TDAW,B00DYO4Y6K,12,0.23282116651535034,B003RWSXPW,0.3304107189178467,0.012804210186004639
toptee,B008NF7N5E,B003XJDT3K,5,0.32254618406295776,B00C7SS2BC,0.35622331500053406,0.013369888067245483
toptee,B00CQ9ICKI,B009FV9I08,417,0.12424095720052719,B007T4AUO6,0.33362096548080444,0.003231137990951538
toptee,B00EFG5N48,B00FWFX9NS,9,0.2649884819984436,B005QJYJU2,0.3172494173049927,0.03206819295883179
toptee,B005XKO35U,B009N07W9U,698,0.09885121881961823,B008HRFSQE,0.2674996554851532,0.01909881830215454
toptee,B004CTFLCM,B004V7F2AG,78,0.2232770025730133,B00DI7EWY2,0.4040587842464447,0.05959373712539673
toptee,B003JO9Z8W,B003ENGNX8,39,0.25207746028900146,B0013EO152,0.32093554735183716,0.01338091492652893
toptee,B005DA3P86,B00A6AUVJ4,1,0.35858601331710815,B00A6AUVJ4,0.35858601331710815,0.0018427073955535889
toptee,B009ZIFU4O,B00AZ02OCM,154,0.1636635959148407,B0068POKEI,0.39547494053840637,0.023036092519760132
toptee,B00AN545PI,B00AX2S3TU,53,0.22954794764518738,B004KJEJ18,0.37024205923080444,0.05668175220489502
toptee,B00B7SB6RA,B004RDYOTY,47,0.21922066807746887,B0063YJ4LS,0.3078305721282959,0.0005756020545959473
toptee,B0036WSZVA,B0099VTSI6,108,0.20797601342201233,B0052FQP6Q,0.37756621837615967,0.010956376791000366
toptee,B004WSJVRY,B005EY7GC2,10,0.24866724014282227,B007X4GE10,0.3158949911594391,0.01288515329360962
toptee,B00EDOVZ30,B00ENGQM2W,40,0.23110896348953247,B00CLE86I6,0.3226698338985443,0.012468904256820679
toptee,B007M850QC,B008DSJUYI,1555,0.06631303578615189,B00F1BXMO4,0.30474305152893066,0.010800212621688843
toptee,B00BHRICZU,B007P0P5ZI,7,0.2758339047431946,B00BWI7CT6,0.3264344334602356,0.03117591142654419
toptee,B00BXRKLBW,B00CC3ZQX4,3,0.2808986008167267,B00CBNKX7Y,0.31971436738967896,0.03464102745056152
toptee,B00ASI7KXO,B00AFY0JE8,712,0.09123518317937851,B00AO4NI3I,0.29544830322265625,0.0023488402366638184
toptee,B008QW7RWS,B00AC5W0II,4,0.340107262134552,B0087ZFOYM,0.3551747798919678,0.007688343524932861
toptee,B00AZ9IM4W,B00AZOSAQM,3337,0.022906627506017685,B00AR2N7MY,0.2861562967300415,0.0008932948112487793
toptee,B004I72CMU,B00ECWR21C,8,0.31405937671661377,B009OQQT06,0.3427714407444,0.01855328679084778
toptee,B0061N1AO0,B008CISTR8,29,0.25222766399383545,B004SNLKKE,0.3044252395629883,0.0021718740463256836
toptee,B005GA8YB6,B009HU9HN0,24,0.31405720114707947,B00DV0VYK6,0.37855100631713867,0.008077502250671387
toptee,B00FFR8QK4,B00D2NFS9U,72,0.1650419533252716,B006ZCQB28,0.2473525106906891,0.005796581506729126
toptee,B005H7CO6Y,B006559GSQ,4073,0.009789190255105495,B005DU04RQ,0.3465249538421631,0.042480647563934326
toptee,B006VTEEJW,B00D93DB2E,1194,0.08216546475887299,B004U8FZE4,0.3001137971878052,0.016566991806030273
toptee,B008STDYFI,B0047LA6HA,25,0.2573089301586151,B00522PGV4,0.3183555006980896,0.010896384716033936
toptee,B00CV2DS40,B00C99Q4FA,712,0.1008768230676651,B00CEVB3JU,0.27092206478118896,0.005756020545959473
toptee,B002GSXMYK,B006E3ZMA0,4,0.2528734505176544,B00BCQIC1A,0.26880162954330444,0.002332538366317749
toptee,B00D0SZHOI,B007UJVK8A,32,0.18388044834136963,B005QA9RYO,0.2613225281238556,0.009469300508499146
toptee,B00EE0DVPI,B00AYQMTPO,32,0.24242448806762695,B00A2VJCXI,0.3324616551399231,0.021162211894989014
toptee,B003VWLPLM,B003O01IF4,2787,0.04085003584623337,B005W4MAX4,0.30813342332839966,0.013586491346359253
toptee,B00D9JWW1O,B009ZYOP1C,123,0.18434441089630127,B00751217C,0.3338472843170166,0.02024555206298828
toptee,B00E65KUB4,B0079K6C1A,363,0.1364872306585312,B006WWOGFU,0.40120673179626465,0.04132738709449768
toptee,B000YVF80C,B006Z8F1ZU,111,0.1858316957950592,B00DYTDAYW,0.33838003873825073,0.008693099021911621
toptee,B003YJG5S0,B008RX9J8Q,2,0.35480350255966187,B008HZFIUM,0.366454154253006,0.011650651693344116
toptee,B008RDDD8I,B007TXYYCG,2012,0.05333421006798744,B00DP7FVMW,0.25947290658950806,0.01776851713657379
toptee,B0085FSDMY,B0021K4BPC,2999,0.03704870492219925,B00B7957E2,0.3164464235305786,0.0017117857933044434
toptee,B006JW32N0,B00H2680W0,369,0.1458730399608612,B0027ILR4Q,0.29651039838790894,0.013404220342636108
toptee,B00C5AQHXW,B0096HR11O,13,0.2663341462612152,B005NY5UYO,0.32334011793136597,0.01942962408065796
toptee,B005TF7H9S,B00DF4AT3G,2712,0.039183203130960464,B005N1VXC0,0.3203306794166565,0.03948181867599487
toptee,B007RBI9P8,B00590KE3O,11,0.2594548463821411,B008CG0NGU,0.3076831102371216,0.02062886953353882
toptee,B00GABCAKG,B004G0A72G,118,0.18100270628929138,B00415UFAA,0.3416486382484436,0.02723383903503418
toptee,B00G31733C,B00FR84H9A,2119,0.03937555477023125,B00D4FQJQW,0.2714957594871521,0.0003527402877807617
toptee,B00C1187T2,B00AOCQ9N6,8,0.2575550973415375,B00CBNKX7Y,0.3439345955848694,0.05667984485626221
toptee,B0045EPNF4,B005SW1YE6,24,0.2322843074798584,B00C85K9I8,0.2889179587364197,0.0018871724605560303
toptee,B00522PG0A,B00DULOFW0,1,0.3507273197174072,B00DULOFW0,0.3507273197174072,0.010581642389297485
toptee,B004HO6MI4,B00CDAZWV2,3,0.32142168283462524,B006W5VV2I,0.33106154203414917,0.005014657974243164
toptee,B004F3NKGO,B00A09D0VW,1,0.31927722692489624,B00A09D0VW,0.31927722692489624,0.007419764995574951
toptee,B007RKNZNA,B00CA7FKM4,46,0.20944932103157043,B00BB0TNPQ,0.3290235996246338,0.00454828143119812
toptee,B00CP11HK4,B00DGYGFBK,13,0.25249212980270386,B00AW1L97K,0.2980486750602722,0.01272273063659668
toptee,B00CIHR6BE,B004GB1ZEY,57,0.19833418726921082,B00CF5E1G2,0.30318689346313477,0.0045948028564453125
toptee,B00CKFVNRM,B00CIQQ922,43,0.19588105380535126,B008ICHIMK,0.28872036933898926,0.01873794198036194
toptee,B007XPH5TO,B001TEKJH0,313,0.1342245489358902,B0036WTAW8,0.2816702723503113,0.00914105772972107
toptee,B00EKD4LLW,B00EKD4LK8,4,0.31127166748046875,B002A3D9T4,0.34949398040771484,0.007474303245544434
toptee,B002TNOCNW,B0069HMDM6,196,0.15629594027996063,B0058K7LBS,0.2901112139225006,0.013585090637207031
toptee,B0046VNAO2,B003V224D0,2,0.27345266938209534,B00DV1ADIO,0.2867628335952759,0.013310164213180542
toptee,B009F3JJ2S,B008AUHTVU,13,0.30270248651504517,B009W27H2Q,0.3382599353790283,0.0005454719066619873
toptee,B00A3QDXKU,B00A3QM374,4,0.3474871516227722,B00BYV5G0I,0.37037187814712524,0.014491766691207886
toptee,B009BOJQP6,B0052UX13G,2,0.34907597303390503,B0055B67XI,0.35744959115982056,0.008373618125915527
toptee,B008P6Z0XI,B008I8YP52,293,0.14028134942054749,B004U9UO94,0.3212551474571228,0.0063124001026153564
toptee,B007EEAA9Q,B00C89WXFG,168,0.14723676443099976,B008DSL5X2,0.3608340919017792,0.03464767336845398
toptee,B00387TSOG,B00B0NQ7CG,2,0.32816699147224426,B002TYKGBS,0.3776717185974121,0.04950472712516785
toptee,B00BT8UASO,B000VX6TAG,2591,0.03499356284737587,B00DDM925Q,0.37436598539352417,0.02035611867904663
toptee,B005VSPMEK,B000EP329W,12,0.2547527551651001,B005DEVVRO,0.29061275720596313,0.009970486164093018
toptee,B007XCWQM8,B008QIV35O,13,0.30566155910491943,B00CD23F8W,0.3690761923789978,0.0025772452354431152
toptee,B00CD8H0N2,B003QJWIRU,274,0.14101557433605194,B00D8YR6JI,0.30617111921310425,0.020766377449035645
toptee,B009HU9HN0,B008T44C8U,6,0.228885680437088,B00CDAYL8W,0.24710077047348022,0.010342791676521301
toptee,B00CRHEXMU,B00CFRU1SM,919,0.09255244582891464,B00BR3ED98,0.3247224688529968,0.03579637408256531
toptee,B00CF3CGRU,B00DGXXWAI,2,0.3102179765701294,B00FBI8K08,0.31222009658813477,0.002002120018005371
toptee,B001D6Y466,B007Y0MC1Y,31,0.2591905891895294,B0014K00SM,0.34988778829574585,0.016498088836669922
toptee,B009YKBNJO,B009880Y1K,44,0.1945784091949463,B00BQLS9CS,0.35417640209198,0.052202582359313965
toptee,B0046QRK6G,B008NBK3PA,2629,0.041887082159519196,B00A061DH8,0.2649551033973694,0.01870626211166382
toptee,B008QQH4S6,B00B1GLPWE,1,0.35505813360214233,B00B1GLPWE,0.35505813360214233,0.0037744641304016113
toptee,B006OMWE2U,B00713UM4S,16,0.24167418479919434,B004MW4YMC,0.3069697916507721,0.00819706916809082
toptee,B008D58I3U,B00764CZ92,122,0.17387038469314575,B007W31QU6,0.34552931785583496,0.01652616262435913
toptee,B004GECGL2,B00A7GQLMI,20,0.22107376158237457,B00CF1Q2NQ,0.26799115538597107,0.0010693371295928955
toptee,B00DHJP5HY,B005523LHM,433,0.10959113389253616,B00EV6D0G0,0.2988215684890747,0.007836908102035522
toptee,B00EJYNIDY,B00778BRN2,2,0.3261879086494446,B004YXESRA,0.33882755041122437,0.012639641761779785
toptee,B00CEITXVI,B00CXV3Z38,2,0.33334314823150635,B00AZ9I2PG,0.3428249955177307,0.009481847286224365
toptee,B005FZVEBE,B009UYFST0,42,0.191093310713768,B009ZIFU4O,0.25539952516555786,0.014989644289016724
toptee,B007LWRFP8,B004J1KGHS,40,0.2535600960254669,B00BLRAT8Y,0.3420788049697876,0.015364885330200195
toptee,B008COX0M6,B006ZQV5AC,30,0.2760099768638611,B004PNFNGE,0.3683333992958069,0.00342404842376709
toptee,B005LCNXNS,B0058Z62OA,9,0.27531880140304565,B008TQN9P0,0.30182385444641113,0.003703296184539795
toptee,B00FBQRX8U,B00FKG3UJ2,556,0.10618661344051361,B0077BSOF8,0.29184019565582275,0.0063623785972595215
toptee,B00CJI37MO,B00C4XDT36,5,0.27837586402893066,B00BXJMLC2,0.3531820774078369,0.043795883655548096
toptee,B00BB1ZCAA,B002V0N9M8,2180,0.04202107712626457,B00AK0QVGW,0.30290311574935913,0.01136702299118042
toptee,B007H9KGT2,B007225EKU,69,0.17507025599479675,B007FPR2BS,0.28911006450653076,0.016173332929611206
toptee,B007MB2OAE,B000OSQ6DI,4,0.33261430263519287,B007SH5MBA,0.33492451906204224,0.00024837255477905273
toptee,B00987K8EO,B005WYDAYC,271,0.13849937915802002,B00C85JTSY,0.2661121189594269,0.0034277737140655518
toptee,B00836H3JE,B008HZ8II6,3,0.2565692365169525,B0083814OW,0.26470595598220825,0.005918920040130615
toptee,B00DSS1KAK,B00AYTKSG8,210,0.16211837530136108,B00BUKCFEI,0.322390615940094,0.003045409917831421
toptee,B0056L9QU8,B00CD6N4PW,3400,0.03395149111747742,B00874C64Y,0.2899376153945923,0.0020811259746551514
toptee,B00H03TS7Q,B00G3DOW3O,549,0.09200462698936462,B004T0BS76,0.3329049348831177,0.023387014865875244
toptee,B008O5619C,B0089EELWM,15,0.27697500586509705,B008BJSICE,0.37009114027023315,0.027525126934051514
toptee,B0079K0YBO,B00E3WVAD2,50,0.24095574021339417,B0057G9TKE,0.35273730754852295,0.012810617685317993
toptee,B00FIYMN9Y,B003IRNVLC,1115,0.07325191050767899,B00B72EB32,0.34463226795196533,0.005179226398468018
toptee,B008CISTR8,B0097YF3AC,69,0.19542795419692993,B00AR9F9I2,0.28845804929733276,0.008138895034790039
toptee,B00B7ALSVM,B008COX0M6,43,0.22803789377212524,B005GTEX3A,0.3147934079170227,0.003484010696411133
toptee,B000VTB0OK,B0084S6I4C,12,0.32538264989852905,B0068POKEI,0.3681994378566742,0.004540055990219116
toptee,B004KPD9JU,B003KJ86YK,123,0.18344375491142273,B0052FQP6Q,0.3041924238204956,0.005303442478179932
toptee,B00C8FZDCK,B004VS52HS,45,0.18854014575481415,B00F4OK23M,0.2867620587348938,0.015123128890991211
toptee,B0018DWZJC,B00E67JALI,12,0.3008228540420532,B00C99Q4FA,0.3472091555595398,0.011680185794830322
toptee,B0085U64UM,B00C1806H6,545,0.10447962582111359,B00CFSRN78,0.32354849576950073,0.014327824115753174
toptee,B0001TOLG4,B000W15XMM,2467,0.05914218723773956,B00A7H65I2,0.27509015798568726,0.017788231372833252
toptee,B005GI9BQ0,B00B72HEX6,595,0.10168902575969696,B0090YFTEE,0.2594437003135681,0.010891065001487732
toptee,B0038P24VC,B007JOFXCK,81,0.22364547848701477,B0073ESLGQ,0.3535754680633545,0.026516854763031006
toptee,B005ZO99DA,B00CBCWJXG,1,0.30789607763290405,B00CBCWJXG,0.30789607763290405,0.012708067893981934
toptee,B009PLIRGO,B00CEHCUFK,40,0.22716499865055084,B00B8XYZV8,0.2956594228744507,0.007895469665527344
toptee,B0029PIERK,B006FTCDO6,336,0.1376563459634781,B004EK4PYE,0.2868153154850006,0.005302876234054565
toptee,B00AZ9G7X0,B0093B1WCM,186,0.14629799127578735,B00BCSYXRU,0.2937145233154297,0.014172792434692383
toptee,B0096HPTPE,B0096HOBZ8,10,0.24372762441635132,B00EO736H4,0.3064281940460205,0.013071775436401367
toptee,B00AYVKA0K,B008QW7RWS,8,0.33378803730010986,B006G1ONSC,0.35416334867477417,0.001294851303100586
toptee,B008O566BK,B00DGZCDV0,21,0.2412663698196411,B008O55QZW,0.38941073417663574,0.031242012977600098
toptee,B008DVXI34,B00A7NKKGO,34,0.2892441749572754,B003SLEHL6,0.3706737160682678,0.020247220993041992
toptee,B004ZT0ZCA,B00967OFL8,9,0.2904645502567291,B005QA9MY4,0.3351592421531677,0.021230608224868774
toptee,B00ABG1BXS,B00BLYSR1I,2,0.3309401869773865,B007XCWQM8,0.34076982736587524,0.00982964038848877
toptee,B00E80IR5I,B0051896LU,60,0.22875386476516724,B004P4S9MS,0.3282963037490845,0.010575532913208008
toptee,B00A7Y35WY,B008WYCFGI,2,0.33066490292549133,B005VBR3QC,0.3325246572494507,0.0018597543239593506
toptee,B004MNM91E,B004TMGDME,390,0.11421705037355423,B0047WDMKM,0.34096160531044006,0.04101461172103882
toptee,B007RWJSUC,B004NSUGCC,54,0.20960141718387604,B00BQJQ7Q0,0.31547537446022034,0.018243521451950073
toptee,B006BOKB30,B008597ENE,25,0.24729563295841217,B0058K6ZBA,0.3462807536125183,0.022304415702819824
toptee,B0052RN92W,B00BHZVSSA,2400,0.05369610711932182,B00686OHK4,0.3200547695159912,0.004577696323394775
toptee,B0041E10A0,B00ALR3QBM,38,0.22091612219810486,B00CO944O8,0.2863999605178833,0.004950284957885742
toptee,B008CLI9C0,B008396CNO,158,0.15679332613945007,B00BWUM7YE,0.25639545917510986,0.0012724101543426514
toptee,B007E67LT6,B005W4MAX4,48,0.2729053497314453,B00AYVKA0K,0.3801485002040863,0.00894474983215332
toptee,B008OGUW32,B00342VD8O,16,0.2630701959133148,B009FF1MDA,0.3309277296066284,0.002753019332885742
toptee,B007Z3OINA,B000KRJK2M,83,0.2037137746810913,B009UYFST0,0.3302726745605469,0.025311201810836792
toptee,B00C93N0NA,B0091NSIXI,2,0.3009353578090668,B006O5RSR8,0.3103485703468323,0.009413212537765503
toptee,B00BXXO4WI,B008TQN9P0,23,0.26676392555236816,B00CQKVSQW,0.32043999433517456,0.011227190494537354
toptee,B00BUKJ2JY,B00CN3WUP0,22,0.26251739263534546,B0040X3XU2,0.3280073404312134,0.020572632551193237
toptee,B008OGUW32,B007RWJ3UC,39,0.23233148455619812,B00918TS96,0.34347015619277954,0.013216197490692139
toptee,B00BSKNZSA,B00C65T8B4,227,0.14464327692985535,B00EWDMMD4,0.33176082372665405,0.007357001304626465
toptee,B00B30HF3Q,B007WA3ZE4,24,0.26185208559036255,B0062X3CDG,0.31423360109329224,0.0048416852951049805
toptee,B0058K6VF0,B00557QE8U,14,0.28480368852615356,B00AXBJAVG,0.35263416171073914,0.02087351679801941
toptee,B003YPXJMY,B005OT2USW,464,0.12299264967441559,B00BXEHQWW,0.2999230623245239,0.00531005859375
toptee,B00GIOKE8U,B00C0QCRHG,6,0.2573281526565552,B005EE3GN0,0.2727176249027252,0.00699731707572937
toptee,B008N03XMQ,B003BZFKQ0,11,0.28986144065856934,B004U9UO94,0.3342173099517822,0.01074892282485962
toptee,B0058K771C,B0058K7LBS,7,0.32737818360328674,B003IM4JU4,0.3844263255596161,0.00460854172706604
toptee,B00B96CBQA,B007ISRV9U,133,0.17938847839832306,B00926VDVS,0.2867996096611023,0.0013019144535064697
toptee,B00DF4AT3G,B004CTFLCM,19,0.28669846057891846,B00FBI8K08,0.37350377440452576,0.014892011880874634
toptee,B007LWNRRI,B003Y7PFM4,3443,0.00738245714455843,B004KVE9Y8,0.24089890718460083,0.0032230764627456665
toptee,B009HI8RII,B00BPWBYNE,175,0.19191280007362366,B00B1GLPWE,0.37114399671554565,0.013173699378967285
toptee,B00F56HN22,B00B61WSC0,120,0.1959800124168396,B003XRJGQG,0.352924644947052,0.0199490487575531
toptee,B007N11B6Q,B002GKC97Y,29,0.25246942043304443,B00C85K9I8,0.32786720991134644,0.005449384450912476
toptee,B00522PGV4,B0082BHLLA,2,0.2863149046897888,B00B40S8OU,0.29026174545288086,0.003946840763092041
toptee,B009YJUNGO,B007P0QK02,3935,0.004841562360525131,B008DIW3K6,0.31130552291870117,0.009464412927627563
toptee,B00FBPRWPA,B002N6NGK0,27,0.2675895094871521,B005MVACSM,0.3445899486541748,0.023125112056732178
toptee,B00C4YP0YQ,B00AG35TN4,919,0.08252114802598953,B00GNI6REG,0.3112785518169403,0.012958437204360962
toptee,B0095YHVUY,B00DHX4L2K,133,0.18939825892448425,B003QBARXU,0.2909536063671112,0.007980495691299438
toptee,B0046IDVOE,B00CC21O5E,1012,0.09483066201210022,B00CHQ3LE2,0.3457241654396057,0.009714186191558838
toptee,B00D7FABAO,B000X756HC,327,0.1286804974079132,B005CUI8HU,0.2602768838405609,0.01076054573059082
toptee,B0054QOMY0,B00B4WMM22,42,0.2316628396511078,B00B78W4NK,0.3244139552116394,0.018848419189453125
toptee,B00DCZSCUA,B00DY636DA,124,0.1509493887424469,B00GGQZOHG,0.2560214698314667,0.010647416114807129
toptee,B006IJ9MXI,B008OVL5WE,126,0.19537556171417236,B003FLLAPA,0.31012818217277527,0.009950727224349976
toptee,B0061M50AG,B003I7POCG,3402,-0.002367677167057991,B005R51FH0,0.3282673954963684,0.020607173442840576
toptee,B00AKN42A6,B00BMEKW74,1,0.30210986733436584,B00BMEKW74,0.30210986733436584,0.009380310773849487
toptee,B00BFL3XS4,B00D40AXDW,4,0.2972463369369507,B007XVBY8G,0.3499097526073456,0.036633312702178955
toptee,B00B1EDU7O,B00CEZJLUE,1,0.34207969903945923,B00CEZJLUE,0.34207969903945923,0.0108395516872406
toptee,B000VTMHFG,B009FRGUN0,61,0.17246440052986145,B008M9Z0HY,0.23857077956199646,0.003727361559867859
toptee,B00BZSE6HY,B00CQKVVXC,8,0.3151124119758606,B004G0A7VW,0.3422714173793793,0.0013952553272247314
toptee,B0043Y8L5K,B002TYKGBS,74,0.2006186842918396,B009MB6C5U,0.36581385135650635,0.0010209083557128906
toptee,B00AOOWRZI,B00CWMDY20,119,0.17282715439796448,B00AO4NI3I,0.26653480529785156,0.011741578578948975
toptee,B0093PJJLO,B0097YD8F4,152,0.17730267345905304,B00GNI6REG,0.35229212045669556,0.018611252307891846
toptee,B00ADYWYXY,B006PBBTCG,205,0.1475503146648407,B00BDGQK90,0.2749003767967224,0.009916871786117554
toptee,B004I90MCU,B008BUX1A2,3,0.31700846552848816,B0079K2OAI,0.37014657258987427,0.015372633934020996
toptee,B0030IMH9Q,B002F7B7Y4,2,0.2893785834312439,B006ZQGOS0,0.28977715969085693,0.0003985762596130371
toptee,B008VDQHZU,B007Y5U5A4,144,0.1458866000175476,B005PXI0A4,0.2763405740261078,0.007601618766784668
toptee,B007OZIXJO,B007X4DCLU,15,0.28682661056518555,B003QOR38E,0.34746503829956055,0.008400142192840576
toptee,B00BLYSDWG,B00A7V294W,2331,0.04710105061531067,B004KUUMUY,0.35429647564888,0.011750847101211548
toptee,B007738INY,B003PNTWGW,70,0.17732912302017212,B00EVVJCS0,0.2724230885505676,0.005965709686279297
toptee,B008Y7BHM6,B00B065FH6,8,0.27504226565361023,B009I003FU,0.31876611709594727,0.008104801177978516
toptee,B00A3Q3QAM,B006C4Y45A,134,0.169876828789711,B00CBHQW9I,0.2910810112953186,0.02496740221977234
toptee,B008H3W8S4,B008H3VS12,8,0.22907429933547974,B00CBO5CFG,0.32578524947166443,0.08311483263969421
toptee,B003EACZ9M,B003LIERE8,9,0.2587055563926697,B00846UD0Y,0.2923988699913025,0.01319044828414917
toptee,B009IOEIXY,B002827628,458,0.11594043672084808,B00CXV9H26,0.32652679085731506,0.00624421238899231
toptee,B00ADYWYXY,B0063P09AM,14,0.268288791179657,B006FTCBJ8,0.34952569007873535,0.00875350832939148
toptee,B007O3US12,B00BRA0QI8,34,0.21339617669582367,B007Z23QHA,0.3228800892829895,0.007928133010864258
toptee,B00BG0FKN0,B00C7US69I,6,0.29796963930130005,B008OJKM7U,0.32817280292510986,0.0128706693649292
toptee,B003QOTHLA,B003QORJKQ,9,0.3406562805175781,B000OBSH0A,0.39219731092453003,0.0012807250022888184
toptee,B002518SN8,B00251GQ78,281,0.15472643077373505,B00F5BK7AM,0.344221293926239,0.026930153369903564
toptee,B0067EYPX6,B000OT9CEM,17,0.24959643185138702,B006C4Y45A,0.31842780113220215,0.010924756526947021
toptee,B00B8C4KK0,B005OCIITO,4678,-0.009053077548742294,B00AK0QVGW,0.27378368377685547,0.038646578788757324
toptee,B007J7J3P0,B00AKIB7ZE,215,0.15106716752052307,B0094VARXQ,0.30594199895858765,0.00428926944732666
toptee,B009VMVAU2,B008BTA8U4,53,0.22514548897743225,B001TB6OOU,0.31875914335250854,0.00033098459243774414
toptee,B005LIXP08,B001QLATCQ,1609,0.057630956172943115,B008QAE8E0,0.3609740138053894,0.0
toptee,B00CTA4DSO,B004XV2IIE,11,0.29833418130874634,B00AK3IH48,0.32788151502609253,0.0070458948612213135
toptee,B00EV6BXVO,B00BI44Q9S,984,0.07221920788288116,B008DEXOV2,0.3109043538570404,0.009196221828460693
toptee,B007M7B28I,B0080DIYY8,35,0.2612560987472534,B008CV7GDI,0.3557267189025879,0.01662236452102661
toptee,B007PUOJAU,B009ZICD80,1778,0.05344311147928238,B00B1GLPWE,0.3522956967353821,0.022158443927764893
toptee,B004SWI1G6,B0062CJEAW,497,0.129214346408844,B0016G1DNU,0.32642069458961487,0.011633068323135376
toptee,B005P0P4VU,B009LO455C,1,0.341192364692688,B009LO455C,0.341192364692688,0.006912171840667725
toptee,B008H3W8S4,B008H3VXTO,113,0.17020834982395172,B00DCZSCUA,0.2942206561565399,0.009150594472885132
toptee,B008BT599E,B008DO6OFK,3019,0.020269230008125305,B00751217C,0.3358764052391052,0.003419816493988037
toptee,B002DMJRO8,B006VHY2NW,2,0.30690640211105347,B007MMYOQU,0.31691974401474,0.010013341903686523
toptee,B003V224D0,B007W4SK04,77,0.2047613114118576,B004O54OXQ,0.3229143023490906,0.0043125152587890625
toptee,B00AZ01658,B00D30CNK4,310,0.14269207417964935,B007OV6KD4,0.3705819845199585,0.04192084074020386
toptee,B0084S6I4C,B00DRYHJSC,11,0.31586623191833496,B000RJ3Q78,0.35118189454078674,0.005879610776901245
toptee,B00B0YM9V8,B00B9OQ1YA,27,0.23922835290431976,B00BQJWS6I,0.3440505862236023,0.005005002021789551
toptee,B00480IRIU,B00A13GW4Y,248,0.1479843109846115,B00FWFX9NS,0.26243868470191956,0.00942385196685791
toptee,B0046VWUJS,B009W7DKKE,1,0.3196674585342407,B009W7DKKE,0.3196674585342407,0.013676881790161133
toptee,B006ZUDD1C,B007EQ03VY,68,0.19920200109481812,B003TJA2TS,0.3373987674713135,0.03455096483230591
toptee,B003HIX6TE,B00318CS0S,51,0.19993317127227783,B00BWI7CT6,0.30372196435928345,0.007737874984741211
toptee,B0074QH1GO,B00AEUKZ60,73,0.1779865026473999,B008ILTGT4,0.2878473997116089,0.011986583471298218
toptee,B005EY7GC2,B00686E880,130,0.18061134219169617,B0081TCSLQ,0.32927802205085754,0.014658957719802856
toptee,B0085M32JQ,B0089XPCZI,19,0.2677493691444397,B008UAECJM,0.3234074115753174,0.0009975433349609375
toptee,B005ORSDV2,B005LM5D0E,578,0.10765189677476883,B00143TIBY,0.29929038882255554,0.009421825408935547
toptee,B00CQKVVXC,B00CII5TJO,243,0.14145751297473907,B008JC4MEG,0.3263300359249115,0.0025170743465423584
toptee,B006VJXGAU,B0097DMFKO,69,0.21887008845806122,B000LRU7NM,0.36506661772727966,0.014640331268310547
toptee,B005GC3RXY,B00BULLBJC,6,0.30220091342926025,B008YES8KI,0.3341943025588989,0.007039368152618408
toptee,B006J4H356,B005QA9WNK,115,0.15140369534492493,B0061M50AG,0.30052638053894043,0.011277467012405396
toptee,B00DCZSCUA,B008NDVF2S,12,0.2209533452987671,B0046VWUJS,0.275079607963562,0.0015590190887451172
toptee,B002EO85OS,B002LOASP0,5,0.3297276496887207,B0087VSWSG,0.3582196831703186,0.014221787452697754
toptee,B007WAD2QU,B00CWAF7SG,10,0.26718342304229736,B0085IN6M8,0.32692116498947144,0.0032216906547546387
toptee,B001RV8APS,B00B71A1S2,116,0.16602373123168945,B0081OYQ5W,0.32338541746139526,0.0011713504791259766
toptee,B004WSJVRY,B0091HZ3WS,43,0.25930270552635193,B00DAFYR88,0.3348015546798706,0.006455540657043457
toptee,B007XD4IXM,B004S36WB6,361,0.14104154706001282,B007XD4TEA,0.30643126368522644,0.03014090657234192
toptee,B001ZR75XW,B00BSLBVHG,16,0.2561127841472626,B00D07KK0K,0.3452843129634857,0.009442269802093506
toptee,B001R63KMQ,B006G132LQ,4786,-0.025681473314762115,B00D9JXNM6,0.3430183231830597,0.024982422590255737
toptee,B0086JXCEI,B001O0OPI8,2,0.3130027651786804,B002Y6MLEQ,0.3712141513824463,0.05821138620376587
toptee,B005I4KNX2,B005X6RHYI,304,0.14383994042873383,B008L13H1O,0.3145045042037964,0.0009576380252838135
toptee,B001PJEI8U,B001PIY68I,3,0.34088265895843506,B0046PA9R4,0.3529732823371887,0.0008448660373687744
toptee,B00ATUGPDM,B00749QXWO,31,0.2442644238471985,B00FM8D6T2,0.3469133973121643,0.005578517913818359
toptee,B004I8WBQG,B004VMHX8A,152,0.16084681451320648,B00387TSOG,0.3671475052833557,0.01424795389175415
toptee,B002DGRTNU,B006O5RSR8,23,0.25374194979667664,B00BP61QJM,0.3188457787036896,0.004681974649429321
toptee,B00AU3Q8DK,B006VTHA98,84,0.18761833012104034,B00BIMRHLE,0.3133810758590698,0.017539411783218384
toptee,B00980K5X0,B009YJBFGQ,2,0.33788520097732544,B00AIIQJ5E,0.3567779064178467,0.01889270544052124
toptee,B002IN0LK6,B00AZ0180G,26,0.2822035849094391,B008OJKM7U,0.35743916034698486,0.0286715030670166
toptee,B007T8HCPW,B005CIRXXW,874,0.07805648446083069,B00F44KDMW,0.32262611389160156,0.002603471279144287
toptee,B00AEXWZ7O,B002HTOIC8,58,0.24881085753440857,B003EUVTHG,0.34020859003067017,0.010114163160324097
toptee,B00BB9UBNU,B00C3CVDH2,203,0.17716601490974426,B0050G1IUU,0.3275388777256012,0.004206866025924683
toptee,B00CD5NHMI,B004CPWN1I,4054,0.019987087696790695,B00CQNY2WQ,0.3150136470794678,0.0330464243888855
toptee,B00BL8ISHW,B007VG0E4I,24,0.28770220279693604,B00E6JTXLS,0.3482694625854492,0.002601802349090576
toptee,B007E6A50S,B008WZC5KS,1,0.2810332775115967,B008WZC5KS,0.2810332775115967,0.004568755626678467
toptee,B00DDXIC1U,B00BUE7DHS,106,0.20652031898498535,B008SHUIP4,0.3451617956161499,0.0006539523601531982
toptee,B00ATQ740Y,B00CJHMG0E,1,0.32863569259643555,B00CJHMG0E,0.32863569259643555,0.014607787132263184
toptee,B00DP5ZIX6,B00FR621O0,1379,0.07358233630657196,B003AVLZA0,0.29564374685287476,0.016215234994888306
toptee,B004WSJVRY,B0090NGZ0W,37,0.23361395299434662,B009IPLZTI,0.35470491647720337,0.013295650482177734
toptee,B00AZPKQEA,B00DQBXWNM,12,0.31360775232315063,B008Z5TCU6,0.3436446785926819,0.00010442733764648438
toptee,B0030K9KPS,B00065XUBU,582,0.12810690701007843,B007T4AUO6,0.31716206669807434,0.007324665784835815
toptee,B00BGT0PEA,B00AZWRBJG,64,0.179275244474411,B008PQ2WKW,0.28006643056869507,0.002960801124572754
toptee,B00CEZJLUE,B00A3QKAEW,4929,-0.023963220417499542,B0081FQQ4A,0.306326687335968,0.002077639102935791
toptee,B0081ZRYN2,B004JPLHGS,133,0.18628104031085968,B0087KODUS,0.32344305515289307,0.006192326545715332
toptee,B007T4AUO6,B008FXRDW2,558,0.09861267358064651,B00CIH60TI,0.26731619238853455,0.01682192087173462
toptee,B0064SLGDW,B00BCMGKSQ,1328,0.07626694440841675,B009388EFS,0.3601783514022827,0.03613913059234619
toptee,B008QW7RWS,B008TBS8UG,40,0.21271958947181702,B009Q2ETA0,0.340709924697876,0.00489574670791626
toptee,B009MMJFFS,B007FO5H1Q,86,0.1934252828359604,B0090YFTEE,0.36862245202064514,0.021045595407485962
toptee,B0040JHGO0,B008D58I3U,4451,-0.009259448386728764,B009Q2ETA0,0.23296305537223816,0.017302989959716797
toptee,B00B7ETMLG,B009XTUSXI,192,0.16170862317085266,B00BL8ISHW,0.3077743947505951,0.0007356107234954834
toptee,B00361FLMC,B000BI4DIG,44,0.24982643127441406,B0083QFABC,0.3581499755382538,0.006495565176010132
toptee,B00AYO9A3A,B004L6631O,3,0.3078332245349884,B00CXV9H26,0.3163909912109375,0.007164984941482544
toptee,B00COQ5O9K,B00EPQ7X00,1,0.3354979157447815,B00EPQ7X00,0.3354979157447815,0.018410980701446533
toptee,B003BVK410,B0058W3G4W,6,0.27940306067466736,B00938DQNI,0.31176215410232544,0.00890466570854187
toptee,B00BUL8VJA,B00B55ME9E,35,0.2083355188369751,B007B86CP6,0.28766241669654846,0.010998636484146118
toptee,B004SWI1G6,B0009GAOYC,559,0.10071992874145508,B0085J2S6C,0.28136563301086426,0.00012874603271484375
toptee,B008OPRRQI,B005113T7Y,50,0.24000640213489532,B0040NP6CU,0.38472869992256165,0.019327163696289062
toptee,B008YDERGI,B008VQ6OJQ,143,0.15087607502937317,B007G0I5EK,0.28010454773902893,0.0023948848247528076
toptee,B00BM0OYPO,B007WAFEWU,261,0.14271163940429688,B00EV6D0G0,0.3166283965110779,0.003331124782562256
toptee,B003HIWK7S,B005J29SL6,580,0.11924014240503311,B00GOCLHNM,0.30392026901245117,0.004802227020263672
toptee,B009ZGQ0F4,B00CV2DS40,21,0.24018095433712006,B000EP329W,0.3455682396888733,0.028777211904525757
toptee,B004WG7UZQ,B003R46JOW,17,0.3215859532356262,B00A1Y17WA,0.3803194761276245,0.0069432854652404785
toptee,B00DDXH9E6,B00DDXI6N4,7,0.25278639793395996,B003E20OFC,0.32763952016830444,0.00392383337020874
toptee,B00AG2Z2ZU,B00CF5E1G2,44,0.20602107048034668,B0040ZKZVA,0.2977662980556488,0.01808813214302063
toptee,B00E955EOO,B00EKD4LHG,6,0.28411591053009033,B00F092ZKO,0.3507140874862671,0.0463598370552063
toptee,B004TMGDME,B004D8QCN4,96,0.20167109370231628,B0053GNYA4,0.338921457529068,0.02295544743537903
toptee,B009BHFGKC,B00884SGEM,28,0.24728818237781525,B005DHWXF0,0.33089399337768555,0.006477832794189453
toptee,B009ZYYBVG,B004X7HL9O,11,0.28068649768829346,B0079K3RI6,0.3198798596858978,0.0009492337703704834
toptee,B0051SM8SS,B00FBI8K08,5,0.3313263952732086,B00818Z9LS,0.365733802318573,0.021156996488571167
toptee,B00CAAKD3M,B009IOEIXY,5,0.35009485483169556,B004KUUK3S,0.3636541962623596,0.0036287903785705566
toptee,B005TGOCYK,B0053AM230,1691,0.06357631832361221,B002HWRLTW,0.2213916778564453,0.0001224130392074585
toptee,B00FR621O0,B00DZTID5C,2,0.3637867271900177,B006ZZV0L2,0.3714103102684021,0.007623583078384399
toptee,B0058K7LBS,B007W6K6CM,70,0.21881994605064392,B004AYYOOK,0.4160998463630676,0.06847941875457764
toptee,B0063AHHHA,B006GZEC1Q,26,0.26685941219329834,B003YD528A,0.3442266285419464,0.006765305995941162
toptee,B006E3ZMA0,B005MGB0S8,42,0.20187628269195557,B00AB36UCS,0.3444916605949402,0.07171833515167236
toptee,B005VSPMEK,B000HRTB60,4,0.27633053064346313,B009LIMVHC,0.3323575258255005,0.04880523681640625
toptee,B00C7AFSIA,B00AAMOH3Y,1,0.3726807236671448,B00C7APZP6,0.3726807236671448,0.0
toptee,B004I75LNM,B008K2OPMO,16,0.24487486481666565,B0039819XM,0.32959672808647156,0.00012090802192687988
toptee,B009ZYY1OS,B00FC7KLZU,2,0.24147498607635498,B00GGQZOHG,0.2850446403026581,0.0435696542263031
toptee,B00BLKRYK2,B00BFH34UU,32,0.19712069630622864,B008L134UI,0.294231653213501,0.007015526294708252
toptee,B007NE48KE,B006UZR1MY,28,0.26994597911834717,B003HNJZ94,0.32448962330818176,0.0021195709705352783
toptee,B00945QZJM,B00BXL4BRI,116,0.21396403014659882,B005EVCTBS,0.36457833647727966,0.02890986204147339
toptee,B006WAP98U,B0024XNP2Q,5048,-0.04459202289581299,B00CF5E1G2,0.2132253646850586,0.0002952665090560913
toptee,B002CJ5LAQ,B0059631QK,453,0.12138418853282928,B007R0TX6S,0.2906598746776581,0.002842515707015991
toptee,B0074QH1GO,B008BT5CPU,153,0.16748857498168945,B0038CW2JY,0.2830852270126343,0.000909268856048584
toptee,B006GHSP6C,B009L66M1A,598,0.11320909112691879,B005VLT3IS,0.3376588523387909,0.033340007066726685
toptee,B002DGHCHS,B005H7CO6Y,12,0.30161774158477783,B00BYHVU98,0.35888808965682983,0.009519219398498535
toptee,B00C99PYQK,B001KWO4YU,45,0.2130119949579239,B008X3B65E,0.3283374607563019,0.04471948742866516
toptee,B00E8DA258,B00B1N6PYK,3525,0.01860716938972473,B00ESMW1DA,0.26069819927215576,0.009914010763168335
toptee,B00DQX1YLM,B007AIK2DU,239,0.13589493930339813,B004JO6X2C,0.27528390288352966,0.016527146100997925
toptee,B00B55ME9E,B00A8FCYEW,70,0.22483985126018524,B005JJGDPI,0.30934661626815796,0.005341619253158569
toptee,B005MVACSM,B004AHKZG8,139,0.1854863166809082,B0007MVXES,0.39209312200546265,0.015192419290542603
toptee,B0018ZUW40,B008ICHIMK,15,0.2690184712409973,B0086JXCEI,0.38576459884643555,0.007529616355895996
toptee,B007TV73QC,B008BT60TM,10,0.2342279851436615,B00935OQBW,0.33709800243377686,0.03926116228103638
toptee,B004XFX3H0,B004XFWZ4M,1,0.3386843204498291,B004XFWZ4M,0.3386843204498291,0.016337186098098755
toptee,B002UNLYPK,B002UNLRA2,2029,0.06124691665172577,B004SWH4I2,0.3387182652950287,0.013521283864974976
toptee,B007WAU92U,B008VDBWVE,1,0.330424964427948,B008VDBWVE,0.330424964427948,0.013358652591705322
toptee,B00EYIOCIA,B00D1G46F0,82,0.18091750144958496,B006ZJ1NA6,0.2803472876548767,0.015196084976196289
toptee,B00BFL3XS4,B00ARBVWE0,54,0.23596687614917755,B00BUL8VJA,0.36391139030456543,0.00041738152503967285
toptee,B003QOTMNI,B003Q4VE8O,1,0.394811749458313,B003Q4VE8O,0.394811749458313,0.01766914129257202
toptee,B007M7B28I,B008G0ECRI,187,0.17351609468460083,B005VKMY4E,0.32905465364456177,0.013447076082229614
toptee,B008NF7N5E,B00DJ85VU4,277,0.12780825793743134,B004ULP43S,0.28599870204925537,0.006715238094329834
toptee,B005LM5D0E,B00BTN2RIU,38,0.23313716053962708,B005J4XA6I,0.2867026925086975,0.008220970630645752
toptee,B00CBSGXTQ,B007VP69O8,11,0.2519463896751404,B004U6K2QW,0.2991543412208557,0.009342849254608154
toptee,B00BWUX66M,B00ET8J06E,62,0.23734501004219055,B0091IXLT4,0.3901287913322449,0.03966677188873291
toptee,B00836H3JE,B004I6IQO4,2414,0.02672998048365116,B004KPL7ZI,0.3177699148654938,0.026941627264022827
toptee,B0001TP406,B003RW1XTK,4184,-0.0024593870621174574,B00A5MMIJE,0.38374069333076477,0.007407873868942261
toptee,B00DLYL2ZO,B00DNIF8ZS,2091,0.04879980534315109,B002SG9HV2,0.291098952293396,0.008936405181884766
toptee,B0015UTLJU,B007LWNRRI,27,0.22149117290973663,B00EE0D5NG,0.2958575487136841,0.02002793550491333
toptee,B00B5MEQMA,B00EIVRN8E,1,0.36842358112335205,B00EIVRN8E,0.36842358112335205,0.024227172136306763
toptee,B008I7A07U,B005M3UGH2,40,0.2439887821674347,B0052FQP6Q,0.309151291847229,0.0029522180557250977
toptee,B00CBSGXTQ,B002214OT8,3992,0.007699745707213879,B009FRGUN0,0.3089463412761688,0.008706808090209961
toptee,B001HBKGB4,B00ATTNOVE,2138,0.055546872317790985,B009VSPPZ2,0.28245365619659424,0.010415613651275635
toptee,B004G0A72G,B00A00H7N8,3516,0.015045801177620888,B007R0TX6S,0.290982186794281,0.006882667541503906
toptee,B00CYP43U2,B00CA7FEUW,1176,0.07608821988105774,B00BWI7CT6,0.346879780292511,0.04721421003341675
toptee,B009YKBNJO,B009YK8DFQ,79,0.20088185369968414,B009YJUNGO,0.3693673014640808,0.05090638995170593
toptee,B00AFEKXXA,B004RS75HC,349,0.11835087835788727,B007Z23QHA,0.3122614622116089,0.001228034496307373
toptee,B0085J2S6C,B005Y8GDYK,1,0.33395814895629883,B005Y8GDYK,0.33395814895629883,0.03680172562599182
toptee,B008TWBPR8,B0092TLPGS,2937,0.043315339833498,B0043VDDUQ,0.279179185628891,0.00040861964225769043
toptee,B00BQWOBG0,B00D5XII9O,80,0.2009832262992859,B0046I947W,0.33511438965797424,0.013760179281234741
toptee,B008CG10YO,B007EX22S4,102,0.20438607037067413,B0080E50NU,0.34631896018981934,0.006303608417510986
toptee,B003WE9T80,B006N4RO8S,1,0.32854875922203064,B006N4RO8S,0.32854875922203064,0.015880197286605835
toptee,B002WQE9N4,B005GLHN8K,107,0.20985344052314758,B0080XODS4,0.42852783203125,0.04950898885726929
toptee,B00C3CU92C,B009XAYQM6,10,0.263788640499115,B006TAMS3W,0.3299519717693329,0.031078070402145386
toptee,B00BTHS64A,B00BP83ZIU,14,0.26012885570526123,B007XCSINY,0.29846319556236267,0.012269198894500732
toptee,B008D0E320,B0097C8DP6,41,0.30347248911857605,B005SW1YE6,0.3834078907966614,0.0036229193210601807
toptee,B008UALEK2,B008RXAE5S,23,0.32039985060691833,B0098D9IBC,0.37301188707351685,0.011456966400146484
toptee,B0089HEOHG,B0081ZRZ0O,121,0.1738937497138977,B008CPZH3U,0.29339683055877686,0.017469167709350586
toptee,B005E0TR32,B005NAEZXU,100,0.19806599617004395,B000O8PLI4,0.32056862115859985,0.02118554711341858
toptee,B0064XXI42,B00CTA3OT8,225,0.12959781289100647,B004U9UO94,0.2554895877838135,0.004619598388671875
toptee,B009ZYQ61Y,B004ODK7H0,66,0.20318764448165894,B00FN8311Y,0.3009840250015259,0.019072353839874268
toptee,B0052CHM9S,B00D2O8EAE,188,0.17102494835853577,B00B7BKI62,0.3934612274169922,0.012905120849609375
toptee,B005EOA21E,B00746ECKM,38,0.22908908128738403,B00C9WDY3M,0.29369765520095825,0.000995546579360962
toptee,B00AZXM5QY,B0046IDPWC,235,0.16772118210792542,B006JW32N0,0.34347623586654663,0.017878860235214233
toptee,B00F56HN22,B005V9YOS4,25,0.24835577607154846,B0040ZKZVA,0.35883796215057373,0.00556570291519165
toptee,B004WKWMOQ,B0052FQP6Q,14,0.3037576675415039,B005TGF51E,0.3556450307369232,0.005200207233428955
toptee,B008622J80,B004EEVRT6,630,0.1075344979763031,B009MMJFFS,0.30020347237586975,0.009099185466766357
toptee,B009Z1YTV6,B006H6WNQ0,12,0.25107818841934204,B0013EO152,0.29666638374328613,7.712841033935547e-05
toptee,B0096HHMC2,B00CLZ14S4,512,0.11023836582899094,B008UAECJM,0.2983695864677429,0.012750208377838135
toptee,B00AU8BR5O,B00AG2Z2ZU,460,0.12614162266254425,B008IE0VYK,0.3127289414405823,0.007007807493209839
toptee,B003RKKF2I,B00BT0SHEQ,284,0.1384550929069519,B0052GCCLC,0.3408851623535156,0.030972391366958618
toptee,B0073WBH6O,B00EU7OYYW,15,0.28410035371780396,B003YJG7EW,0.3492977023124695,0.0012360811233520508
toptee,B001HBKGB4,B000LRU7NM,675,0.10573635995388031,B007R5VURS,0.2766013741493225,0.016507267951965332
toptee,B00BBI9NIU,B00B02GQ1E,792,0.09458320587873459,B00AU4EYZ8,0.29389914870262146,0.0009866952896118164
toptee,B0030K9KPS,B006EJEMPU,457,0.11240518093109131,B00AX9XHJO,0.29466596245765686,0.009513646364212036
toptee,B001COZV98,B00GPA3MHC,41,0.24292632937431335,B009VSPPZ2,0.32126277685165405,0.007067948579788208
toptee,B0001TOK8S,B002BZWYNS,2,0.3101019859313965,B008A1FJMK,0.34243738651275635,0.03233540058135986
toptee,B0077Z6LQ8,B00CP1G416,5,0.3102726340293884,B002LOGCB4,0.33934932947158813,0.0069471001625061035
toptee,B008J9Z6YY,B008622N1S,3,0.3137545585632324,B006TAMS3W,0.395092248916626,0.07928970456123352
toptee,B00BQOYCF8,B009XG4102,1236,0.07814858853816986,B008GSB3QS,0.2616721987724304,0.003420233726501465
toptee,B00G4Y6EWO,B00C69C5HO,1693,0.05807935446500778,B008LUUKHO,0.2944681644439697,0.003293544054031372
toptee,B008NF7N5E,B00DYVVKHO,23,0.23061279952526093,B00CIY810C,0.30420759320259094,0.004579216241836548
toptee,B0075622PS,B00AYDN2A8,89,0.2143762707710266,B00589KNVE,0.36991870403289795,0.008405327796936035
toptee,B004I5BDKY,B002KHNEXG,103,0.19809401035308838,B003G44S1E,0.3319680690765381,0.0008513927459716797
toptee,B009W4OV0U,B005U345LC,46,0.24657276272773743,B009AO0804,0.3476436734199524,0.003430664539337158
toptee,B0053GG7JY,B00DHJP5HY,21,0.23051540553569794,B00BN7XJNO,0.3106376826763153,0.03416070342063904
toptee,B006SF8D3M,B005EE3SRE,3,0.28299301862716675,B0090SGW4Q,0.29205983877182007,0.007200777530670166
toptee,B00AA1RC0A,B00CNCURMO,5,0.28334659337997437,B009BOJQP6,0.3376595377922058,0.033787816762924194
toptee,B0096I9KZS,B007FNY26S,227,0.1436363011598587,B00BYCEWTS,0.29684340953826904,0.03147059679031372
toptee,B006ZIPC86,B006ZIP0R4,29,0.2380012422800064,B006ZJ1SMY,0.3702909052371979,0.006401389837265015
toptee,B008PUGRYK,B008MC2KTC,338,0.13112898170948029,B009HU9HN0,0.3247149884700775,0.002010822296142578
toptee,B006ZU804C,B00DPUP016,20,0.287125825881958,B008VOMK28,0.35022127628326416,0.008626818656921387
toptee,B008IGIO7Y,B002HR9OT2,69,0.2561555802822113,B00CHQ3LE2,0.35204213857650757,0.021763145923614502
toptee,B007SMNWB2,B00C4YP0YQ,7,0.35181882977485657,B003XRJGQG,0.3800167143344879,0.004361897706985474
toptee,B00EB5QEIC,B00EPFO3Y0,253,0.14045467972755432,B004SH9SAE,0.30372774600982666,0.0024863481521606445
toptee,B00EB5QEIC,B00EPFH8WY,378,0.1332644671201706,B003YM223O,0.32401418685913086,0.011296093463897705
toptee,B00B9OQ1YA,B004IOL30U,7,0.3308137059211731,B00B1MY92G,0.34470316767692566,0.001900702714920044
toptee,B007OZIXJO,B003VO1L1O,1,0.3480542302131653,B003VO1L1O,0.3480542302131653,0.0037198662757873535
toptee,B00EUI7VZ0,B002W5RZOK,461,0.1412433534860611,B00CV2DS40,0.34998756647109985,0.03438162803649902
toptee,B003YLKY12,B0097AH5DY,22,0.2510165870189667,B00ET8J06E,0.3137134313583374,0.02251937985420227
toptee,B0014UJR6S,B009ZIFWNS,79,0.22237169742584229,B0098D9IBC,0.3738490045070648,0.021766453981399536
toptee,B007Z224PA,B001TETMC8,78,0.21107244491577148,B001TB4NEI,0.28733575344085693,0.005760252475738525
toptee,B008KRDRF0,B0089KF6T8,49,0.2855690121650696,B00AWMNV8Y,0.3725011646747589,0.007289379835128784
toptee,B000QX3LDE,B0067F9A0S,11,0.33605605363845825,B00H879A5Y,0.43609490990638733,0.0038914382457733154
toptee,B00C5NMEPE,B003MWXXCK,54,0.197560116648674,B006C4Y45A,0.2905445992946625,0.006661444902420044
toptee,B003IKOOTW,B008D0E320,140,0.18136295676231384,B00F6Y9P2Y,0.3047579228878021,0.004079967737197876
toptee,B009X6TCGU,B00GQSG9QE,5,0.28864866495132446,B00EU7OYYW,0.35205647349357605,0.01999029517173767
toptee,B00DS0TDAW,B0018ZUW40,87,0.19111622869968414,B0057RF448,0.3138061463832855,0.004157990217208862
toptee,B007N92BIU,B00APFUVJA,80,0.2367067039012909,B002WY6ZKQ,0.3416082262992859,0.01731163263320923
toptee,B00G3DOW3O,B000LMU6X8,2,0.3527151942253113,B000Q5TYRY,0.3572375178337097,0.0045223236083984375
toptee,B00BJYIR9C,B00E9P1FOC,16,0.25938552618026733,B00F4AMFE0,0.3190327286720276,0.003376781940460205
toptee,B006G3BRRK,B001L2Y1UQ,44,0.22739747166633606,B000LRU7NM,0.356036901473999,0.024152040481567383
toptee,B00DPUP016,B007PU5ZNK,41,0.2308051735162735,B008DSL5X2,0.3411647081375122,0.030470848083496094
toptee,B000FTH9QO,B001KHF48U,910,0.0905928686261177,B00B44ZI8U,0.3209231495857239,0.030037403106689453
toptee,B00D8AWLL0,B00EUXHMVI,8,0.3030652701854706,B00A13GB7M,0.3665430545806885,0.03504914045333862
toptee,B00AYVTROA,B0084B5HPA,6,0.3187411427497864,B000G77Z1Y,0.32629090547561646,0.0021559596061706543
toptee,B00BX4K30Y,B00AEVGSUQ,22,0.25406765937805176,B0083QFFMG,0.33083298802375793,0.007942348718643188
toptee,B006BQT0NA,B00CIH60TI,1,0.3806891441345215,B00CIH60TI,0.3806891441345215,0.03176462650299072
toptee,B006TCJTUK,B008SCH5KK,343,0.13005879521369934,B004RDYOTY,0.29381412267684937,0.002560049295425415
toptee,B007MB2OAE,B0073X88RO,11,0.3117772936820984,B0067N9P32,0.3934282064437866,0.029181301593780518
toptee,B008NDWPP4,B008BJSICE,1,0.3362392783164978,B008BJSICE,0.3362392783164978,0.006620168685913086
toptee,B001LV9ZQM,B001W82GU6,216,0.17033818364143372,B002XA89DA,0.3672489523887634,0.04279530048370361
toptee,B005GG68BI,B00AP57II2,77,0.2247128188610077,B00C7AP0T2,0.3197951316833496,0.005539804697036743
toptee,B0063GHGVG,B008ILTGT4,30,0.28085702657699585,B00DBXKGN4,0.3740825355052948,0.009953677654266357
toptee,B0076ANQXA,B0019ZIDF4,9,0.2767444849014282,B00BMWFRCG,0.3749437928199768,0.020503103733062744
toptee,B001FBFJCC,B007WOQVLY,3,0.29825860261917114,B001DYZ4WQ,0.3296513855457306,0.029233098030090332
toptee,B000OBSH0A,B007C38PY6,5,0.29887062311172485,B007Q2KFQO,0.31224334239959717,0.0003542602062225342
toptee,B00BB1UAMU,B00AU4EYZ8,2,0.290153443813324,B00A3HL3Y2,0.29397594928741455,0.003822505474090576
toptee,B00A13FSRQ,B006YBVSKU,8,0.25470903515815735,B00EDSSLDI,0.31099486351013184,0.006160527467727661
toptee,B008I2HMXA,B005JR1KA8,799,0.10535158962011337,B00CF1XBYY,0.3243536949157715,0.01879894733428955
toptee,B0081P9UPC,B008PSUVGC,128,0.16449059545993805,B00A159E2O,0.24579274654388428,0.002485811710357666
toptee,B00E6793SS,B0076B650A,180,0.1715165674686432,B00A13GB7M,0.2883036732673645,0.001773059368133545
toptee,B008X0EEUQ,B000F6T2LC,3,0.30455493927001953,B008DY1Z4U,0.30760905146598816,0.0019166767597198486
toptee,B0093B1WCM,B00AKMYS56,42,0.20940735936164856,B00C11UWZE,0.28287917375564575,0.0012905597686767578
toptee,B005TGFPEQ,B007SH5MBA,16,0.28380268812179565,B00BT8UASO,0.37487322092056274,0.017811894416809082
toptee,B008UALEK2,B003OBZE9O,241,0.15841326117515564,B00BQKJY9Q,0.3137688934803009,0.0013209283351898193
toptee,B002TYKGBS,B004ODM2WI,3,0.3082434833049774,B00BNQVHEI,0.316769540309906,0.005226761102676392
toptee,B003W3RBFY,B00699EPO8,27,0.28194746375083923,B00DV0VYK6,0.3343609571456909,0.004820406436920166
toptee,B00BKZ2UUM,B0091Q0N8I,102,0.1951068639755249,B0087ZFOYM,0.2952460050582886,0.013102680444717407
toptee,B007PAD4YC,B0057RFSTY,13,0.27642858028411865,B00E65KUB4,0.35639214515686035,0.008922666311264038
toptee,B00BSKNZSA,B008S01Q98,79,0.1868058443069458,B005AVYU7S,0.31524792313575745,0.017643749713897705
toptee,B00CORRYVK,B003ICLHAO,70,0.21618664264678955,B00A7FCH3Q,0.303882360458374,0.001504659652709961
toptee,B001AYHVZ2,B004SFOBMQ,4774,-0.016852958127856255,B005QQGOTO,0.3012176752090454,0.022646725177764893
toptee,B005I4KNX2,B00BRBEO9O,14,0.2471320927143097,B008VT1Q5U,0.3301282525062561,0.03853350877761841
toptee,B00AKJTF3Y,B00AB3DIU0,45,0.23945550620555878,B0074Z9JME,0.3204835057258606,0.012890398502349854
toptee,B00GISBRL4,B00H4GLJAI,2,0.3749701976776123,B006ZZV0L2,0.3753598928451538,0.0003896951675415039
toptee,B002Y6MLEQ,B001ZR75XW,18,0.23390087485313416,B0086JXCEI,0.3361911177635193,0.010289669036865234
toptee,B005PK0O42,B00BZFIH4U,11,0.2862235903739929,B008A32ZVG,0.3250492811203003,0.005041956901550293
toptee,B007GRPJ5Q,B005POVH1W,32,0.24093756079673767,B000E78ZHY,0.38178157806396484,0.07635265588760376
toptee,B00DNR2OCO,B0043VDDUQ,26,0.27435728907585144,B003R1E3LQ,0.3589687943458557,0.004999637603759766
toptee,B003BVK410,B003DYZM2Q,2990,0.020716989412903786,B00BF725Z0,0.28977686166763306,0.009544610977172852
toptee,B00AO4N8OM,B00AO4NI3I,68,0.2217332124710083,B00AYCLHYM,0.3444499969482422,0.0003006458282470703
toptee,B00CTVFMME,B0074S3J86,12,0.263663649559021,B00DEBOY2M,0.32572734355926514,0.007340133190155029
toptee,B00D02G23O,B005REZ92S,185,0.14644047617912292,B005NY611K,0.2961101830005646,0.009760826826095581
toptee,B003EACZ9M,B00BE6KR4S,18,0.29636281728744507,B002C7T5LO,0.3860843777656555,0.04320064187049866
toptee,B000VX6TAG,B003GQY1FK,3,0.3604859709739685,B00700SRQ2,0.36631420254707336,0.002125173807144165
toptee,B00296O9IM,B003HNJZ94,5,0.3430941104888916,B001D6CTKE,0.3592696189880371,0.00701335072517395
toptee,B00CS4NIKK,B00E7Z8HQI,88,0.20608305931091309,B000LRU7NM,0.3328282833099365,0.003485262393951416
toptee,B00BPEWGTS,B00AU4EKCA,1653,0.06686033308506012,B00BTN2RIU,0.2851203680038452,0.004259020090103149
toptee,B0081ZS0DU,B009ENGIBO,14,0.270250141620636,B0083UVR06,0.3389076292514801,0.007573634386062622
toptee,B005NY5YMC,B005NY611K,1,0.374393105506897,B005NY611K,0.374393105506897,0.018645405769348145
toptee,B00BSKZEWK,B009MB6C5U,109,0.20697805285453796,B001T7CRDG,0.3606519103050232,0.0016622543334960938
toptee,B00BIPLT6K,B00BJO2R4I,876,0.11371096223592758,B008OUM4X4,0.3014560341835022,0.0036885738372802734
toptee,B00B67AV6O,B007XD5700,2,0.26201480627059937,B00CWAF7SG,0.2801569402217865,0.018142133951187134
toptee,B00B8QSUCA,B00BBI3EM6,200,0.16368693113327026,B009ZUHVEE,0.3221709132194519,0.012018978595733643
toptee,B00BBW68OS,B003I4DR00,23,0.2532612979412079,B0071G9UNO,0.3358692228794098,0.00528302788734436
toptee,B003RW60ES,B00GGR9BSS,43,0.27003422379493713,B004OMEYES,0.3696478009223938,0.006623625755310059
toptee,B00BNMTGEA,B008FET3LU,320,0.14438816905021667,B00GAMZZUM,0.3267829418182373,0.0017164945602416992
toptee,B006J4H356,B006QHSSF0,49,0.22829027473926544,B0073ESLGQ,0.35465195775032043,0.045114368200302124
toptee,B00CDAZWV2,B000J41PCO,389,0.1292036771774292,B003BECVKY,0.33852046728134155,0.0014114677906036377
toptee,B000VCWJIS,B0058K6ZBA,6,0.31458011269569397,B00E7NZL9G,0.33907997608184814,0.0002862215042114258
toptee,B002IN0LK6,B0055PJ4IO,433,0.11768098175525665,B000W34L2I,0.2982792258262634,0.01175883412361145
toptee,B0058Z62OA,B00BYOUPD8,1140,0.08446163684129715,B002ASAI6G,0.26290053129196167,0.003159463405609131
toptee,B004SH9SAE,B005AFXDP4,1234,0.07812970131635666,B00DH4BBFY,0.29025283455848694,0.0058450400829315186
toptee,B000GHI4V4,B008CRQQ9M,8,0.31216418743133545,B003XZOM9O,0.3704034090042114,0.01802915334701538
toptee,B0083QFABC,B00AO3SMGM,382,0.12205738574266434,B005JTVAPQ,0.3305252492427826,0.004092663526535034
toptee,B008AYFNQE,B005B6ULPW,23,0.21579396724700928,B003R6P2P2,0.2568841874599457,0.0016144812107086182
toptee,B0045ZH0AO,B001FZZ3EC,13,0.30139145255088806,B001OOLPBY,0.3864911198616028,0.035036325454711914
toptee,B005DA4P3A,B005DI3GMI,207,0.1642223447561264,B00CTV4ENM,0.33404141664505005,0.025111019611358643
toptee,B006Z8GQAE,B00ADM3HIC,1,0.34894904494285583,B00ADM3HIC,0.34894904494285583,0.016049623489379883
toptee,B004S36V0I,B00D70X6WE,107,0.22280892729759216,B007EEAA9Q,0.3650367558002472,0.0
toptee,B00AO7MNK4,B001F6383O,292,0.13624858856201172,B00GGR9BSS,0.27302515506744385,0.014930784702301025
toptee,B00FQUAV9E,B00D8AWLL0,3426,0.013094065710902214,B008FXRDW2,0.28599992394447327,0.00819551944732666
toptee,B007WAEFNO,B00A85A5WA,41,0.19052082300186157,B00B0QLURA,0.26781201362609863,0.006023585796356201
toptee,B00D4K3BFO,B00B10FW5G,115,0.17258605360984802,B00GOCLHNM,0.32474350929260254,0.017398536205291748
toptee,B003TA8T9W,B00CHJE67A,785,0.08178196847438812,B004SAYJNW,0.2585923373699188,0.004320293664932251
toptee,B00AQ46LIU,B005LUPIJW,6,0.2998887300491333,B00FBQRX8U,0.3532275855541229,0.023394495248794556
toptee,B007252XWY,B00AZ7LRGO,7,0.2658882141113281,B003X1655M,0.3038708567619324,0.005741089582443237
toptee,B00B9OQ1YA,B008H7IA0K,48,0.2434089183807373,B0051KWYVW,0.35528165102005005,0.013911008834838867
toptee,B00GOIAM4Q,B0013WQ03U,40,0.25985318422317505,B009JR23TG,0.3324681520462036,0.001590132713317871
toptee,B00CPA475W,B00BG0GD90,1,0.3501501679420471,B00BG0GD90,0.3501501679420471,0.013812720775604248
toptee,B0050SRP2S,B009XMGJ4M,5,0.27643758058547974,B00AEUKZ60,0.3158133625984192,0.007993817329406738
toptee,B00DZP4XO6,B00DOZ60T8,3,0.3016743063926697,B00BPAN29A,0.3380078971385956,0.011166125535964966
toptee,B008BHS9H0,B008DEXOV2,24,0.26134955883026123,B008596QQ0,0.39342328906059265,0.049739569425582886
toptee,B006SF8D3M,B003MEJ1R4,65,0.21484844386577606,B002W5RZLI,0.3203212022781372,0.0001722574234008789
toptee,B00AQO0N0M,B00BZDUN5S,91,0.2026054561138153,B00836H3JE,0.320232093334198,0.0026240944862365723
toptee,B00ECDLSJ8,B00D25C8CI,9,0.27686160802841187,B0096Q9QZO,0.3442972004413605,0.014450252056121826
toptee,B00BBI9NIU,B00B11ZVQK,79,0.21677465736865997,B002IN0LK6,0.3391377329826355,0.015512943267822266
toptee,B0014EW1ZS,B005CKEC1G,21,0.32006508111953735,B004DB5BAQ,0.34451359510421753,0.002283722162246704
toptee,B0052CHM9S,B004M8T84U,61,0.20464670658111572,B00BGVT030,0.2950235903263092,0.0024115443229675293
toptee,B00265PFKC,B006HT23VM,19,0.28010496497154236,B0026JOJQ4,0.3614715337753296,0.002170562744140625
toptee,B006MJNKAK,B007850FV4,64,0.22065980732440948,B00CII5TJO,0.3161289095878601,0.014958500862121582
toptee,B004P5P1I2,B00588V1UW,169,0.16281428933143616,B006G1ONSC,0.327123761177063,0.003381073474884033
toptee,B003A6NYSG,B004WHEZDA,43,0.20515701174736023,B00B065FH6,0.2706921100616455,0.0062215328216552734
toptee,B00F62JQEI,B00CQI02MK,138,0.17796699702739716,B0054TTYPE,0.3211948275566101,0.024773061275482178
toptee,B00C4YP0YQ,B008WTCIGA,61,0.24236080050468445,B003BVK410,0.4011843204498291,0.026239097118377686
toptee,B002YF05M2,B005S5H7P8,24,0.2742646336555481,B004I5BDKY,0.3489604592323303,0.02184504270553589
toptee,B008A23NKO,B00B307BK8,828,0.09671112149953842,B007X4GE10,0.2878323197364807,0.017772138118743896
toptee,B00F4OK23M,B0067K5MNC,27,0.227414071559906,B00CVE03BE,0.32968640327453613,0.017810314893722534
toptee,B006L2ZRHC,B006Z2HG0Y,1,0.3525112271308899,B006Z2HG0Y,0.3525112271308899,0.002702474594116211
toptee,B008H3W3GQ,B008H3W8S4,27,0.2290751039981842,B001E85FX4,0.33164340257644653,0.018263816833496094
toptee,B00CQKVSQW,B00EJOZGSY,13,0.23416298627853394,B007G0I5EK,0.3023762106895447,0.007831692695617676
toptee,B005GIF2JA,B008ZBL9YM,89,0.18671362102031708,B005H7CO6Y,0.32027941942214966,0.007089376449584961
toptee,B008J9Z6YY,B008622J80,92,0.21151888370513916,B007XCSINY,0.38252848386764526,0.022247999906539917
toptee,B008X2PJRG,B00D0RC93Q,154,0.15663567185401917,B00B1AIIXO,0.289562463760376,0.0022827982902526855
toptee,B005UG7PJ8,B00B7X6HWE,3,0.31429043412208557,B00DQF873S,0.3222510814666748,0.005632191896438599
toptee,B005KNCFL4,B005KNCK1Y,3,0.28076818585395813,B001DYZ4WQ,0.2954446077346802,0.012845098972320557
toptee,B008QW03K6,B00D40CB8W,13,0.3223576247692108,B008VOMK28,0.3778730630874634,0.0035328269004821777
toptee,B008SCHF7I,B00BF6VD2M,1,0.36028945446014404,B00BF6VD2M,0.36028945446014404,0.0097275972366333
toptee,B00F6Y9P2Y,B0080QK0HE,835,0.09912888705730438,B00E1F5IH0,0.3109232187271118,0.013735860586166382
toptee,B0089HEOHG,B005ABVTOU,1446,0.06700956076383591,B006ZO1TVO,0.2987590432167053,0.007205575704574585
toptee,B00A3QM374,B006IMURPC,84,0.20727552473545074,B0055R3KXM,0.3505660891532898,0.012012183666229248
toptee,B009ZKLETC,B0047VQX6I,14,0.3176855444908142,B00E4AEAGM,0.3492393493652344,0.006454795598983765
toptee,B0055B67XI,B0063GHGVG,84,0.24312004446983337,B009OLI0N0,0.3611968755722046,0.005904018878936768
toptee,B003HIWK7S,B0040JHGO0,15,0.28503912687301636,B00DQ0AGWS,0.3373904824256897,0.006586253643035889
toptee,B00BM0V36C,B008618304,2,0.2887481451034546,B00CXN5TH6,0.30836719274520874,0.01961904764175415
toptee,B0026QR15I,B00AR7VRX0,776,0.09048572927713394,B00BXJMLC2,0.3235541582107544,0.020300626754760742
toptee,B008UALEK2,B004KJEIXC,32,0.23036101460456848,B00BYOUPD8,0.2860928773880005,0.0037969648838043213
toptee,B00CSBEWBW,B00CA6881K,20,0.2458164393901825,B007LDFJFU,0.3218080401420593,0.007597923278808594
toptee,B003BECVKY,B00B3XT0KE,604,0.10272282361984253,B005TGOCYK,0.2531210780143738,0.008752167224884033
toptee,B00E0XEESM,B0096HHMC2,123,0.1654765009880066,B00BR5RG3G,0.3003815710544586,0.0033558905124664307
toptee,B0054LI386,B0009GG2RA,2,0.3261849582195282,B00DZQ2U22,0.3342974781990051,0.008112519979476929
toptee,B000RZ4Z2M,B008LLGQTE,21,0.24075935781002045,B00BXECGGI,0.3172108232975006,0.01594102382659912
toptee,B008OGUW32,B008OGUTG2,35,0.2617427706718445,B00BHKVJYS,0.35224637389183044,0.008895963430404663
toptee,B003FK79ZQ,B005TJS946,6,0.2992151379585266,B00D76K0ZY,0.3285544514656067,0.009293526411056519
toptee,B00B8WZEXC,B00AWD5FQ4,15,0.33855757117271423,B00FH695XA,0.3708956241607666,0.008683264255523682
toptee,B009GGSKAG,B00FS32AMU,105,0.20323406159877777,B0085S979Y,0.3175370395183563,0.004268437623977661
toptee,B004S2QS9I,B004FGDPBG,4025,0.009878409095108509,B00DI7EWY2,0.3968687653541565,0.05438262224197388
toptee,B00730YVFA,B007VG6Y3S,16,0.27874916791915894,B00ALYLB6M,0.3920893967151642,0.04271700978279114
toptee,B007TXUHAY,B00BXI5XOG,176,0.18614540994167328,B005WS1TUA,0.3915969729423523,0.013065904378890991
toptee,B007TLO9D2,B008QYK7UK,14,0.318986177444458,B0018MRUVG,0.36060798168182373,0.006621003150939941
toptee,B007312Q06,B007OOUGFE,1,0.3311035633087158,B007OOUGFE,0.3311035633087158,0.007256746292114258
toptee,B009ZGQ0F4,B00C99QBZS,29,0.22863946855068207,B00A061DH8,0.4029167592525482,0.07200232148170471
toptee,B0059LBD1A,B008YF4SLK,112,0.21868568658828735,B00EYYEYAA,0.3730321526527405,0.0018100738525390625
toptee,B007M7B28I,B00AWLZ6WE,117,0.20521676540374756,B00EWDMMD4,0.36054039001464844,0.015587866306304932
toptee,B008EMP6UK,B00AWCJFSE,492,0.1085670068860054,B0051VMERA,0.2955443859100342,0.012949883937835693
toptee,B00B1VGOG6,B00B40S8OU,8,0.21669305860996246,B008IGIO7Y,0.2718316614627838,0.03269246220588684
toptee,B0055POIVC,B00CSSA1MO,651,0.1042051762342453,B008BTA8U4,0.36868447065353394,0.023675918579101562
toptee,B008MJAZF6,B005EE3GN0,1170,0.0746784508228302,B00F1BXMO4,0.3203465938568115,0.01235949993133545
toptee,B00FN83JA2,B00AR2N7MY,11,0.3072361350059509,B00B67D53K,0.3775844871997833,0.0011275410652160645
toptee,B0038G0YXQ,B004YRTWI6,204,0.18133091926574707,B007OV6KD4,0.32997554540634155,0.007666945457458496
toptee,B00BTK5KBE,B00AQO0N0M,51,0.26757192611694336,B00DS5NKJW,0.35271891951560974,0.012096196413040161
toptee,B00A8FDF0Y,B00AZE6ZGO,29,0.25466206669807434,B0073ESLGQ,0.309006929397583,0.00018912553787231445
toptee,B009ZYYBVG,B000O8PLI4,4,0.31625741720199585,B008NDVTRO,0.33784329891204834,0.012374043464660645
toptee,B009YK7C80,B00AJ1FK0K,20,0.269070565700531,B008I8WA54,0.3355851173400879,0.006908118724822998
toptee,B00598M024,B0085S979Y,23,0.2680478096008301,B003ZD8SAI,0.3528885841369629,0.01787358522415161
toptee,B000PZQ0MW,B004Y1EYH6,16,0.2718854248523712,B00198I84W,0.3438950181007385,0.008952558040618896
toptee,B005GESO26,B00A9A5GAK,65,0.23355165123939514,B001COZWNI,0.36677324771881104,0.02060335874557495
toptee,B000GHI53Q,B00ESBIJ9G,171,0.19042658805847168,B002XQ37FE,0.3388069272041321,0.008773833513259888
toptee,B007T8HCPW,B00DEKKTOA,79,0.19480767846107483,B0084L7IRU,0.30222830176353455,0.030871719121932983
toptee,B00B3M2ZZM,B004I8WBQG,48,0.25557422637939453,B0051DQXH0,0.36159026622772217,0.024419069290161133
toptee,B006OC3YR4,B00A13FSRQ,7,0.29658377170562744,B008PUGRYK,0.31259652972221375,0.002439945936203003
toptee,B0058UWR08,B003GYPTCG,7,0.3374226987361908,B007DO0P0Q,0.38882267475128174,0.020106911659240723
toptee,B003ZZQ1VY,B002B2RV1G,95,0.16548842191696167,B007BGV2J4,0.3284774422645569,0.021182864904403687
toptee,B00BBFWI9Y,B00C7AP0T2,17,0.2748554050922394,B002DLLZVC,0.32606807351112366,0.004118829965591431
toptee,B008LLGQTE,B005LVABXY,63,0.20480787754058838,B004VMHX8A,0.31535661220550537,0.0025249719619750977
toptee,B00C1RCVP2,B00CXWMW5O,11,0.30030208826065063,B007XCSINY,0.3628467619419098,0.011046946048736572
toptee,B0018LHYAY,B007R1QAJA,777,0.0770423412322998,B00AYJ9HZ6,0.28811806440353394,0.001553565263748169
toptee,B0094R0LDG,B007WSD3BQ,706,0.09445282816886902,B008CIT6ZC,0.33100301027297974,0.03165656328201294
toptee,B00BG0FKN0,B00C1LVI2U,25,0.23075272142887115,B007Z23QHA,0.30466896295547485,0.021625131368637085
toptee,B004071VYI,B008M9W8Y2,80,0.22523653507232666,B00ATMSLXC,0.3508373498916626,0.007996857166290283
toptee,B00DI7EWY2,B00A5IRBGI,2774,0.04911108314990997,B0086JXCEI,0.37540024518966675,0.02445763349533081
toptee,B008AUHYZ6,B00BYHVZTS,6,0.28192219138145447,B00BDD5PXA,0.3288884162902832,0.009759783744812012
toptee,B000Y4GM1I,B005S1F5HY,31,0.21965503692626953,B00BHLIS8C,0.2806681990623474,0.000736236572265625
toptee,B002SLH50W,B004GECGL2,433,0.10816078633069992,B00BP83ZIU,0.28500574827194214,0.009348392486572266
toptee,B0019IKZ16,B007AAENZ6,81,0.2023889720439911,B008CG1WK6,0.34437859058380127,0.04008057713508606
toptee,B00CH21TQ8,B00E9YRMOU,21,0.2790156304836273,B00BCKI7UC,0.3483407497406006,0.01143348217010498
toptee,B0093PJJLO,B009XGRRDK,43,0.2197248935699463,B00GNI6REG,0.35505878925323486,0.00011444091796875
toptee,B00CS5PAZU,B00CLD3UH4,28,0.24853086471557617,B00CD8H0N2,0.32574695348739624,0.011932939291000366
toptee,B00D8WK8T0,B00BZSE1UG,42,0.2518913447856903,B0049MOEBQ,0.35430777072906494,0.003780931234359741
toptee,B008MP41R8,B0094FP994,267,0.13865506649017334,B00E6RAK6C,0.34753644466400146,0.06234312057495117
toptee,B003RW60ES,B00AW0LSHM,72,0.22575654089450836,B008A9GAFC,0.3617802560329437,0.002265721559524536
toptee,B008SLY5DG,B009XIQY14,3,0.33841410279273987,B00BXECGGI,0.3513258099555969,0.012016534805297852
toptee,B005IMGPKY,B003IS1E7Y,382,0.1246933862566948,B007LVXRTM,0.29991352558135986,0.0045861005783081055
toptee,B00E0IN6HW,B005XYKQD4,1699,0.0661068856716156,B0085OHDAS,0.3120218515396118,0.0014098286628723145
toptee,B00AOCQ9N6,B000YQ3SLI,164,0.1684838831424713,B0085M2NAK,0.29748988151550293,0.005735605955123901
toptee,B00980K5X0,B00BQJQ7Q0,46,0.20988863706588745,B008HBERBM,0.2942531406879425,0.0005610883235931396
toptee,B000VTB0OK,B00C7ATPA2,8,0.3007756471633911,B009SST1Q4,0.3615221679210663,0.02958500385284424
toptee,B00EP49DS2,B0083SO3AO,416,0.1345127820968628,B0045ZH0AO,0.2786479592323303,0.0058574676513671875
toptee,B00CUU2RUO,B005TGIFKC,7,0.3171030282974243,B00EUSTQQW,0.381902813911438,0.009775906801223755
toptee,B00E6MGG9M,B00BB8WEE0,97,0.20961183309555054,B00BU9F40G,0.3058840036392212,0.00787779688835144
toptee,B000RZ4Z2M,B000RZ45TK,1,0.28684648871421814,B000RZ45TK,0.28684648871421814,0.020931512117385864
toptee,B006PATFFU,B007FDOJRA,44,0.2307860255241394,B006GHSP6C,0.3383510708808899,0.013855159282684326
toptee,B0009GG2RA,B009IQIZA4,333,0.12294352799654007,B00CD0KQ4A,0.3616752326488495,0.016997426748275757
toptee,B008G1GGCG,B00DB7A11W,39,0.28593993186950684,B005S6Y76O,0.3812437653541565,0.009750902652740479
toptee,B000W9XX8U,B001L17S0C,197,0.1831011027097702,B003KJ86YK,0.3548992872238159,0.010625720024108887
toptee,B00EYYEYAA,B0091R7MQS,18,0.283883273601532,B00C85JTSY,0.3511877655982971,0.006144702434539795
toptee,B00DC4HCSO,B007WN8M12,133,0.15742364525794983,B007PUVJXU,0.27828091382980347,0.008584558963775635
toptee,B00DEOOUGO,B004R9P8ZW,9,0.2879992425441742,B008AM89NK,0.3780428171157837,0.06634277105331421
toptee,B00FE2CEXU,B00355624K,335,0.13905936479568481,B007XJBPT6,0.3537712097167969,0.0006471872329711914
toptee,B00ADX6GYS,B008XLNM9O,433,0.13927561044692993,B00ARI99HA,0.3534020185470581,0.012371659278869629
toptee,B007O3TPJI,B00AAQ3ZP6,89,0.1664363145828247,B002RL9VFA,0.2732267677783966,0.01840764284133911
toptee,B0094R0LDG,B00CE4HIKU,891,0.08401384949684143,B00BCSYXRU,0.30318447947502136,0.010198444128036499
toptee,B007G0I5EK,B005HTQ4E0,77,0.24014197289943695,B00FE2CEXU,0.3509989380836487,0.015895038843154907
toptee,B004Q851M4,B00CD0KQ4A,2,0.3693767488002777,B009JR23TG,0.3775949478149414,0.008218199014663696
toptee,B0092F6KUS,B00EE9CPRE,9,0.2969360947608948,B00BI1E7AE,0.33356842398643494,0.015740185976028442
toptee,B00A13GCSK,B00DVLXE3A,12,0.2855271100997925,B0081FQX7A,0.3325890898704529,0.0005071759223937988
toptee,B008MZJHX6,B008TWBPR8,38,0.2309514284133911,B00BB1MUW8,0.3252723813056946,0.0123215913772583
toptee,B004P5P1I2,B0039YP766,14,0.3064102530479431,B007XCSINY,0.3773154020309448,0.004912376403808594
toptee,B007PUOJAU,B00CZFD20S,194,0.15106719732284546,B004PVLZAO,0.2800862193107605,0.028290390968322754
toptee,B002HWRSZO,B003LJYKP8,4,0.28873211145401,B00BQLS9CS,0.32138919830322266,0.020820409059524536
toptee,B00AZ9I2PG,B0070FC04W,5,0.2897648513317108,B0092SKJL6,0.3145613968372345,3.170967102050781e-05
toptee,B00591CB0W,B00ARTG0U8,2,0.2603183388710022,B00ASTTUEK,0.276835173368454,0.016516834497451782
toptee,B002CJ5LAQ,B000N63OB8,63,0.21302008628845215,B00AK1OD66,0.3323533833026886,0.04157063364982605
toptee,B007NG76LK,B00B5HGJDY,53,0.22616474330425262,B00AZ9I2PG,0.3110055923461914,0.0001048743724822998
toptee,B003BZFKQ0,B0089QMX3E,52,0.2390551120042801,B008MQ3XN0,0.34510791301727295,0.00495263934135437
toptee,B00B04JO4I,B00CHIZ832,1026,0.08475011587142944,B00EV6D0G0,0.31716400384902954,0.030083686113357544
toptee,B00CIY810C,B009EWR80K,5,0.2475198209285736,B004CC2S52,0.2792677581310272,0.00493505597114563
toptee,B007IWEU8Q,B009RJZK9Q,4,0.33068668842315674,B007KBMC58,0.3485422730445862,0.0004476606845855713
toptee,B00E65KUB4,B00D938AWA,19,0.24142712354660034,B00CV2DS40,0.29371827840805054,0.0012114644050598145
toptee,B006VJXGAU,B000E27YSK,10,0.29861706495285034,B000LRU7NM,0.385576993227005,0.030867546796798706
toptee,B00C1GTZUM,B007KPH08S,13,0.2888578772544861,B002TYKGBS,0.3047391176223755,0.0013009607791900635
toptee,B0094FP994,B008MP41R8,292,0.1367798149585724,B00BUTTS3U,0.3072950541973114,0.032983869314193726
toptee,B002IN0LK6,B002X8EMGA,59,0.22579750418663025,B00CD8H0N2,0.3065076470375061,0.009899914264678955
toptee,B007GO8A00,B007H9KCOG,38,0.2531120181083679,B0055B67XI,0.3627343773841858,0.040141403675079346
toptee,B005J6ACWG,B0079EIEQM,69,0.21438953280448914,B00DGXXWAI,0.3191860318183899,0.00448232889175415
toptee,B0068VGVK8,B0063LVQMQ,316,0.13619187474250793,B0067EHSVC,0.30114737153053284,0.009423613548278809
toptee,B0060HUDNG,B003XII7B0,345,0.13881094753742218,B00EYYEYAA,0.36067166924476624,0.004628419876098633
toptee,B004W9MRYW,B00AF7UXKA,404,0.14316926896572113,B005M3UGH2,0.2912631630897522,0.0011625885963439941
toptee,B0059LBD1A,B00AL2AL7E,400,0.11309902369976044,B00BZFIH4U,0.2317979633808136,0.0029435306787490845
toptee,B00C1180OE,B009VRTPWM,683,0.11167211830615997,B0089XPCZI,0.34386855363845825,0.01908320188522339
toptee,B00CFQIFK4,B00DQF873S,26,0.20869401097297668,B00EUAKBEG,0.2847023606300354,0.023155033588409424
toptee,B00B19GTW2,B00B8QSVT2,392,0.12156613916158676,B0013EO152,0.34584784507751465,0.0241546630859375
toptee,B00BNQW9CM,B00BG43EAC,2,0.3118229806423187,B00CV2DS40,0.3166895806789398,0.004866600036621094
toptee,B0037Q23I6,B00C99PYQK,2366,0.044633083045482635,B003QORIMA,0.3455357551574707,0.007007241249084473
toptee,B007ZQI72K,B00BB7EGJM,120,0.18537107110023499,B00BB8WEE0,0.35973846912384033,0.042512357234954834
toptee,B008396CNO,B00AZW5NI2,91,0.19061705470085144,B00CMPGWOY,0.31077373027801514,0.018261343240737915
toptee,B0079EM83M,B00DEOOUGO,86,0.16705322265625,B00BDJ1DQM,0.2727184295654297,0.030105650424957275
toptee,B00CWMDY20,B00CWMDVE6,36,0.25952932238578796,B00BHKVJYS,0.3619920313358307,0.02391737699508667
toptee,B00C9NQNSY,B005TGF29Y,38,0.2777562439441681,B009JR23TG,0.3312140703201294,0.006869375705718994
toptee,B007U4PP18,B00AKMY63K,28,0.28815728425979614,B009XIQY14,0.3448858857154846,0.007958292961120605
toptee,B00D48X886,B005JF3X5U,14,0.2810211181640625,B00DYTDAYW,0.3393600583076477,0.0008508563041687012
toptee,B001SHNCL8,B0020KV02U,1,0.29613950848579407,B0020KV02U,0.29613950848579407,0.017836719751358032
toptee,B007FO5H1Q,B003AM8C1E,26,0.2977776527404785,B004AYYOOK,0.3643708825111389,0.008067041635513306
toptee,B003ILSB7C,B001R9LU2U,4,0.2788794934749603,B003QORIMA,0.30709025263786316,0.001875758171081543
toptee,B0032C1MPK,B00CBU3EN2,3,0.25373247265815735,B00FFL8TV6,0.28677505254745483,0.0053472816944122314
toptee,B004RF69OA,B004O54OXQ,7,0.31036171317100525,B00AZ9I2PG,0.3446897268295288,0.017183780670166016
toptee,B008RLTLF4,B008SBXUNW,3,0.2974858283996582,B00BMF3D6U,0.32126519083976746,0.00246623158454895
toptee,B00B8QSPDO,B004KUYKGG,144,0.1737639456987381,B0067A5R0U,0.32127493619918823,0.014802336692810059
toptee,B0014ULOPU,B00BIQADUW,15,0.29778242111206055,B009JR23TG,0.34922370314598083,0.007722347974777222
toptee,B0093UC3C6,B006LWH1DU,52,0.2100677788257599,B004S3CU9E,0.30203521251678467,0.0006208419799804688
toptee,B002IN0LK6,B006W7SUXO,12,0.2639862298965454,B002ZZAHYM,0.31359735131263733,0.0222378671169281
toptee,B00AMYTG5E,B00ESMW1DA,23,0.20728591084480286,B002Y6MKRO,0.29529476165771484,0.04105916619300842
toptee,B00E3IT8AI,B00BJ88CTI,552,0.11245068907737732,B00BMYFLX4,0.33309298753738403,0.003825366497039795
toptee,B00BRA1A9C,B00CVE03BE,2,0.3368704319000244,B009FV9I08,0.3608283996582031,0.02395796775817871
toptee,B008LYT3G4,B008LZLH3K,1,0.3257945775985718,B008LZLH3K,0.3257945775985718,0.024444639682769775
toptee,B005IMGPKY,B005IMGTFU,185,0.1632363647222519,B005OCKU18,0.36331799626350403,0.018096208572387695
toptee,B00AZPKQEA,B00AKHJYBY,77,0.18472030758857727,B004KJEIGO,0.32056400179862976,0.01496317982673645
toptee,B00BB9UBNU,B005SSMI04,1,0.3689152002334595,B005SSMI04,0.3689152002334595,0.027740299701690674
toptee,B0084S6I4C,B00AF2O4VO,3710,0.026801466941833496,B006852UH2,0.30983468890190125,0.014603525400161743
toptee,B0059LBD1A,B004070YLE,3,0.38787662982940674,B006FTCDO6,0.39961519837379456,0.009923368692398071
