prompt_id,probe_id,scenario,category,query_index,query_id,target_id,original_caption,prompt,expected_behavior,rank,image_id,score,image_path,is_original_target,top1_score,top1_top2_margin,contact_sheet
toptee_q01_s01,toptee_q01,in_domain,toptee,1524,B008BT599E,B008DO6OFK,The shirt is black with the word DADD. [SEP] Is a regular t-shirt with different graphic.,The shirt is black with the word DADD. [SEP] Is a regular t-shirt with different graphic.,Retrieve garments that satisfy the original FashionIQ modification.,1,B00751217C,0.3358194828033447,data/fashioniq/images/B00751217C.jpg,0,0.3358194828033447,0.003357410430908203,outputs/hallucination/toptee/contact_sheets/toptee_q01.jpg
toptee_q01_s01,toptee_q01,in_domain,toptee,1524,B008BT599E,B008DO6OFK,The shirt is black with the word DADD. [SEP] Is a regular t-shirt with different graphic.,The shirt is black with the word DADD. [SEP] Is a regular t-shirt with different graphic.,Retrieve garments that satisfy the original FashionIQ modification.,2,B008NBK3PA,0.3324620723724365,data/fashioniq/images/B008NBK3PA.jpg,0,0.3358194828033447,0.003357410430908203,outputs/hallucination/toptee/contact_sheets/toptee_q01.jpg
toptee_q01_s01,toptee_q01,in_domain,toptee,1524,B008BT599E,B008DO6OFK,The shirt is black with the word DADD. [SEP] Is a regular t-shirt with different graphic.,The shirt is black with the word DADD. [SEP] Is a regular t-shirt with different graphic.,Retrieve garments that satisfy the original FashionIQ modification.,3,B00CA5TTCI,0.3295994997024536,data/fashioniq/images/B00CA5TTCI.jpg,0,0.3358194828033447,0.003357410430908203,outputs/hallucination/toptee/contact_sheets/toptee_q01.jpg
toptee_q01_s01,toptee_q01,in_domain,toptee,1524,B008BT599E,B008DO6OFK,The shirt is black with the word DADD. [SEP] Is a regular t-shirt with different graphic.,The shirt is black with the word DADD. [SEP] Is a regular t-shirt with different graphic.,Retrieve garments that satisfy the original FashionIQ modification.,4,B001KWHF28,0.32833531498908997,data/fashioniq/images/B001KWHF28.jpg,0,0.3358194828033447,0.003357410430908203,outputs/hallucination/toptee/contact_sheets/toptee_q01.jpg
toptee_q01_s01,toptee_q01,in_domain,toptee,1524,B008BT599E,B008DO6OFK,The shirt is black with the word DADD. [SEP] Is a regular t-shirt with different graphic.,The shirt is black with the word DADD. [SEP] Is a regular t-shirt with different graphic.,Retrieve garments that satisfy the original FashionIQ modification.,5,B0061QIMZM,0.32410985231399536,data/fashioniq/images/B0061QIMZM.jpg,0,0.3358194828033447,0.003357410430908203,outputs/hallucination/toptee/contact_sheets/toptee_q01.jpg
toptee_q01_s02,toptee_q01,paraphrase,toptee,1524,B008BT599E,B008DO6OFK,The shirt is black with the word DADD. [SEP] Is a regular t-shirt with different graphic.,"Apply these requested changes: The shirt is black with the word DADD; also, Is a regular t-shirt with different graphic.",Remain close to the in-domain result under a meaning-preserving template change.,1,B001KWHF28,0.34979379177093506,data/fashioniq/images/B001KWHF28.jpg,0,0.34979379177093506,0.010033488273620605,outputs/hallucination/toptee/contact_sheets/toptee_q01.jpg
toptee_q01_s02,toptee_q01,paraphrase,toptee,1524,B008BT599E,B008DO6OFK,The shirt is black with the word DADD. [SEP] Is a regular t-shirt with different graphic.,"Apply these requested changes: The shirt is black with the word DADD; also, Is a regular t-shirt with different graphic.",Remain close to the in-domain result under a meaning-preserving template change.,2,B00CA5TTCI,0.33976030349731445,data/fashioniq/images/B00CA5TTCI.jpg,0,0.34979379177093506,0.010033488273620605,outputs/hallucination/toptee/contact_sheets/toptee_q01.jpg
toptee_q01_s02,toptee_q01,paraphrase,toptee,1524,B008BT599E,B008DO6OFK,The shirt is black with the word DADD. [SEP] Is a regular t-shirt with different graphic.,"Apply these requested changes: The shirt is black with the word DADD; also, Is a regular t-shirt with different graphic.",Remain close to the in-domain result under a meaning-preserving template change.,3,B008NBK3PA,0.3358827829360962,data/fashioniq/images/B008NBK3PA.jpg,0,0.34979379177093506,0.010033488273620605,outputs/hallucination/toptee/contact_sheets/toptee_q01.jpg
toptee_q01_s02,toptee_q01,paraphrase,toptee,1524,B008BT599E,B008DO6OFK,The shirt is black with the word DADD. [SEP] Is a regular t-shirt with different graphic.,"Apply these requested changes: The shirt is black with the word DADD; also, Is a regular t-shirt with different graphic.",Remain close to the in-domain result under a meaning-preserving template change.,4,B00DMNN158,0.3346549868583679,data/fashioniq/images/B00DMNN158.jpg,0,0.34979379177093506,0.010033488273620605,outputs/hallucination/toptee/contact_sheets/toptee_q01.jpg
toptee_q01_s02,toptee_q01,paraphrase,toptee,1524,B008BT599E,B008DO6OFK,The shirt is black with the word DADD. [SEP] Is a regular t-shirt with different graphic.,"Apply these requested changes: The shirt is black with the word DADD; also, Is a regular t-shirt with different graphic.",Remain close to the in-domain result under a meaning-preserving template change.,5,B001KWO4YU,0.31698712706565857,data/fashioniq/images/B001KWO4YU.jpg,0,0.34979379177093506,0.010033488273620605,outputs/hallucination/toptee/contact_sheets/toptee_q01.jpg
toptee_q01_s03,toptee_q01,identity,toptee,1524,B008BT599E,B008DO6OFK,The shirt is black with the word DADD. [SEP] Is a regular t-shirt with different graphic.,"Keep the garment exactly as it is; do not change its color, shape, material, or details.",Preserve the source garment; returning a visually close neighbour is preferable.,1,B000RQO9S6,0.2681422233581543,data/fashioniq/images/B000RQO9S6.jpg,0,0.2681422233581543,0.011493951082229614,outputs/hallucination/toptee/contact_sheets/toptee_q01.jpg
toptee_q01_s03,toptee_q01,identity,toptee,1524,B008BT599E,B008DO6OFK,The shirt is black with the word DADD. [SEP] Is a regular t-shirt with different graphic.,"Keep the garment exactly as it is; do not change its color, shape, material, or details.",Preserve the source garment; returning a visually close neighbour is preferable.,2,B0089XPCZI,0.2566482722759247,data/fashioniq/images/B0089XPCZI.jpg,0,0.2681422233581543,0.011493951082229614,outputs/hallucination/toptee/contact_sheets/toptee_q01.jpg
toptee_q01_s03,toptee_q01,identity,toptee,1524,B008BT599E,B008DO6OFK,The shirt is black with the word DADD. [SEP] Is a regular t-shirt with different graphic.,"Keep the garment exactly as it is; do not change its color, shape, material, or details.",Preserve the source garment; returning a visually close neighbour is preferable.,3,B00BC02S6Q,0.2520321309566498,data/fashioniq/images/B00BC02S6Q.jpg,0,0.2681422233581543,0.011493951082229614,outputs/hallucination/toptee/contact_sheets/toptee_q01.jpg
toptee_q01_s03,toptee_q01,identity,toptee,1524,B008BT599E,B008DO6OFK,The shirt is black with the word DADD. [SEP] Is a regular t-shirt with different graphic.,"Keep the garment exactly as it is; do not change its color, shape, material, or details.",Preserve the source garment; returning a visually close neighbour is preferable.,4,B004071VYI,0.24696855247020721,data/fashioniq/images/B004071VYI.jpg,0,0.2681422233581543,0.011493951082229614,outputs/hallucination/toptee/contact_sheets/toptee_q01.jpg
toptee_q01_s03,toptee_q01,identity,toptee,1524,B008BT599E,B008DO6OFK,The shirt is black with the word DADD. [SEP] Is a regular t-shirt with different graphic.,"Keep the garment exactly as it is; do not change its color, shape, material, or details.",Preserve the source garment; returning a visually close neighbour is preferable.,5,B005TL9I6C,0.2353457808494568,data/fashioniq/images/B005TL9I6C.jpg,0,0.2681422233581543,0.011493951082229614,outputs/hallucination/toptee/contact_sheets/toptee_q01.jpg
toptee_q01_s04,toptee_q01,contradiction,toptee,1524,B008BT599E,B008DO6OFK,The shirt is black with the word DADD. [SEP] Is a regular t-shirt with different graphic.,"Make it both sleeveless and long-sleeved, and make it both shorter and longer.",No gallery item can satisfy every mutually contradictory requirement.,1,B0081FQDV6,0.29621535539627075,data/fashioniq/images/B0081FQDV6.jpg,0,0.29621535539627075,0.03203195333480835,outputs/hallucination/toptee/contact_sheets/toptee_q01.jpg
toptee_q01_s04,toptee_q01,contradiction,toptee,1524,B008BT599E,B008DO6OFK,The shirt is black with the word DADD. [SEP] Is a regular t-shirt with different graphic.,"Make it both sleeveless and long-sleeved, and make it both shorter and longer.",No gallery item can satisfy every mutually contradictory requirement.,2,B00B538OCC,0.2641834020614624,data/fashioniq/images/B00B538OCC.jpg,0,0.29621535539627075,0.03203195333480835,outputs/hallucination/toptee/contact_sheets/toptee_q01.jpg
toptee_q01_s04,toptee_q01,contradiction,toptee,1524,B008BT599E,B008DO6OFK,The shirt is black with the word DADD. [SEP] Is a regular t-shirt with different graphic.,"Make it both sleeveless and long-sleeved, and make it both shorter and longer.",No gallery item can satisfy every mutually contradictory requirement.,3,B00AFSPI0O,0.2640552222728729,data/fashioniq/images/B00AFSPI0O.jpg,0,0.29621535539627075,0.03203195333480835,outputs/hallucination/toptee/contact_sheets/toptee_q01.jpg
toptee_q01_s04,toptee_q01,contradiction,toptee,1524,B008BT599E,B008DO6OFK,The shirt is black with the word DADD. [SEP] Is a regular t-shirt with different graphic.,"Make it both sleeveless and long-sleeved, and make it both shorter and longer.",No gallery item can satisfy every mutually contradictory requirement.,4,B00BSWFHZW,0.2555294632911682,data/fashioniq/images/B00BSWFHZW.jpg,0,0.29621535539627075,0.03203195333480835,outputs/hallucination/toptee/contact_sheets/toptee_q01.jpg
toptee_q01_s04,toptee_q01,contradiction,toptee,1524,B008BT599E,B008DO6OFK,The shirt is black with the word DADD. [SEP] Is a regular t-shirt with different graphic.,"Make it both sleeveless and long-sleeved, and make it both shorter and longer.",No gallery item can satisfy every mutually contradictory requirement.,5,B007N11EXQ,0.2546970546245575,data/fashioniq/images/B007N11EXQ.jpg,0,0.29621535539627075,0.03203195333480835,outputs/hallucination/toptee/contact_sheets/toptee_q01.jpg
toptee_q01_s05,toptee_q01,ood,toptee,1524,B008BT599E,B008DO6OFK,The shirt is black with the word DADD. [SEP] Is a regular t-shirt with different graphic.,"Make it play jazz music, increase its battery life, and make it smell like rain.",The request is outside the fashion-image domain; high-confidence visual compliance is unsupported.,1,B000RQO9S6,0.2632891535758972,data/fashioniq/images/B000RQO9S6.jpg,0,0.2632891535758972,0.015591412782669067,outputs/hallucination/toptee/contact_sheets/toptee_q01.jpg
toptee_q01_s05,toptee_q01,ood,toptee,1524,B008BT599E,B008DO6OFK,The shirt is black with the word DADD. [SEP] Is a regular t-shirt with different graphic.,"Make it play jazz music, increase its battery life, and make it smell like rain.",The request is outside the fashion-image domain; high-confidence visual compliance is unsupported.,2,B008WMHDXK,0.24769774079322815,data/fashioniq/images/B008WMHDXK.jpg,0,0.2632891535758972,0.015591412782669067,outputs/hallucination/toptee/contact_sheets/toptee_q01.jpg
toptee_q01_s05,toptee_q01,ood,toptee,1524,B008BT599E,B008DO6OFK,The shirt is black with the word DADD. [SEP] Is a regular t-shirt with different graphic.,"Make it play jazz music, increase its battery life, and make it smell like rain.",The request is outside the fashion-image domain; high-confidence visual compliance is unsupported.,3,B001KWHF28,0.23103304207324982,data/fashioniq/images/B001KWHF28.jpg,0,0.2632891535758972,0.015591412782669067,outputs/hallucination/toptee/contact_sheets/toptee_q01.jpg
toptee_q01_s05,toptee_q01,ood,toptee,1524,B008BT599E,B008DO6OFK,The shirt is black with the word DADD. [SEP] Is a regular t-shirt with different graphic.,"Make it play jazz music, increase its battery life, and make it smell like rain.",The request is outside the fashion-image domain; high-confidence visual compliance is unsupported.,4,B005TL9I6C,0.22962690889835358,data/fashioniq/images/B005TL9I6C.jpg,0,0.2632891535758972,0.015591412782669067,outputs/hallucination/toptee/contact_sheets/toptee_q01.jpg
toptee_q01_s05,toptee_q01,ood,toptee,1524,B008BT599E,B008DO6OFK,The shirt is black with the word DADD. [SEP] Is a regular t-shirt with different graphic.,"Make it play jazz music, increase its battery life, and make it smell like rain.",The request is outside the fashion-image domain; high-confidence visual compliance is unsupported.,5,B009M8MWK2,0.22278745472431183,data/fashioniq/images/B009M8MWK2.jpg,0,0.2632891535758972,0.015591412782669067,outputs/hallucination/toptee/contact_sheets/toptee_q01.jpg
toptee_q01_s06,toptee_q01,unsatisfiable,toptee,1524,B008BT599E,B008DO6OFK,The shirt is black with the word DADD. [SEP] Is a regular t-shirt with different graphic.,Turn it into a transparent glass garment with animated flames and invisible fabric.,The fixed FashionIQ gallery is not expected to contain a full match.,1,B0080QK0HE,0.25470179319381714,data/fashioniq/images/B0080QK0HE.jpg,0,0.25470179319381714,0.0031519830226898193,outputs/hallucination/toptee/contact_sheets/toptee_q01.jpg
toptee_q01_s06,toptee_q01,unsatisfiable,toptee,1524,B008BT599E,B008DO6OFK,The shirt is black with the word DADD. [SEP] Is a regular t-shirt with different graphic.,Turn it into a transparent glass garment with animated flames and invisible fabric.,The fixed FashionIQ gallery is not expected to contain a full match.,2,B00B0UFE1E,0.2515498101711273,data/fashioniq/images/B00B0UFE1E.jpg,0,0.25470179319381714,0.0031519830226898193,outputs/hallucination/toptee/contact_sheets/toptee_q01.jpg
toptee_q01_s06,toptee_q01,unsatisfiable,toptee,1524,B008BT599E,B008DO6OFK,The shirt is black with the word DADD. [SEP] Is a regular t-shirt with different graphic.,Turn it into a transparent glass garment with animated flames and invisible fabric.,The fixed FashionIQ gallery is not expected to contain a full match.,3,B009M8MWK2,0.25091835856437683,data/fashioniq/images/B009M8MWK2.jpg,0,0.25470179319381714,0.0031519830226898193,outputs/hallucination/toptee/contact_sheets/toptee_q01.jpg
toptee_q01_s06,toptee_q01,unsatisfiable,toptee,1524,B008BT599E,B008DO6OFK,The shirt is black with the word DADD. [SEP] Is a regular t-shirt with different graphic.,Turn it into a transparent glass garment with animated flames and invisible fabric.,The fixed FashionIQ gallery is not expected to contain a full match.,4,B007ATKF7W,0.24960371851921082,data/fashioniq/images/B007ATKF7W.jpg,0,0.25470179319381714,0.0031519830226898193,outputs/hallucination/toptee/contact_sheets/toptee_q01.jpg
toptee_q01_s06,toptee_q01,unsatisfiable,toptee,1524,B008BT599E,B008DO6OFK,The shirt is black with the word DADD. [SEP] Is a regular t-shirt with different graphic.,Turn it into a transparent glass garment with animated flames and invisible fabric.,The fixed FashionIQ gallery is not expected to contain a full match.,5,B005ZH31YA,0.24435341358184814,data/fashioniq/images/B005ZH31YA.jpg,0,0.25470179319381714,0.0031519830226898193,outputs/hallucination/toptee/contact_sheets/toptee_q01.jpg
toptee_q02_s01,toptee_q02,in_domain,toptee,32,B00BB9UBNU,B005LCCOI8,is black and has longer sleeves [SEP] Has longer sleeves and a tighter neckline,is black and has longer sleeves [SEP] Has longer sleeves and a tighter neckline,Retrieve garments that satisfy the original FashionIQ modification.,1,B00EYYEYAA,0.41002994775772095,data/fashioniq/images/B00EYYEYAA.jpg,0,0.41002994775772095,0.014180898666381836,outputs/hallucination/toptee/contact_sheets/toptee_q02.jpg
toptee_q02_s01,toptee_q02,in_domain,toptee,32,B00BB9UBNU,B005LCCOI8,is black and has longer sleeves [SEP] Has longer sleeves and a tighter neckline,is black and has longer sleeves [SEP] Has longer sleeves and a tighter neckline,Retrieve garments that satisfy the original FashionIQ modification.,2,B00858O7E4,0.3958490490913391,data/fashioniq/images/B00858O7E4.jpg,0,0.41002994775772095,0.014180898666381836,outputs/hallucination/toptee/contact_sheets/toptee_q02.jpg
toptee_q02_s01,toptee_q02,in_domain,toptee,32,B00BB9UBNU,B005LCCOI8,is black and has longer sleeves [SEP] Has longer sleeves and a tighter neckline,is black and has longer sleeves [SEP] Has longer sleeves and a tighter neckline,Retrieve garments that satisfy the original FashionIQ modification.,3,B003ZUYGB6,0.39537790417671204,data/fashioniq/images/B003ZUYGB6.jpg,0,0.41002994775772095,0.014180898666381836,outputs/hallucination/toptee/contact_sheets/toptee_q02.jpg
toptee_q02_s01,toptee_q02,in_domain,toptee,32,B00BB9UBNU,B005LCCOI8,is black and has longer sleeves [SEP] Has longer sleeves and a tighter neckline,is black and has longer sleeves [SEP] Has longer sleeves and a tighter neckline,Retrieve garments that satisfy the original FashionIQ modification.,4,B006MPC7SA,0.39277833700180054,data/fashioniq/images/B006MPC7SA.jpg,0,0.41002994775772095,0.014180898666381836,outputs/hallucination/toptee/contact_sheets/toptee_q02.jpg
toptee_q02_s01,toptee_q02,in_domain,toptee,32,B00BB9UBNU,B005LCCOI8,is black and has longer sleeves [SEP] Has longer sleeves and a tighter neckline,is black and has longer sleeves [SEP] Has longer sleeves and a tighter neckline,Retrieve garments that satisfy the original FashionIQ modification.,5,B0052XIUXO,0.3867111802101135,data/fashioniq/images/B0052XIUXO.jpg,0,0.41002994775772095,0.014180898666381836,outputs/hallucination/toptee/contact_sheets/toptee_q02.jpg
toptee_q02_s02,toptee_q02,paraphrase,toptee,32,B00BB9UBNU,B005LCCOI8,is black and has longer sleeves [SEP] Has longer sleeves and a tighter neckline,"Apply these requested changes: is black and has longer sleeves; also, Has longer sleeves and a tighter neckline.",Remain close to the in-domain result under a meaning-preserving template change.,1,B00EYYEYAA,0.4076082706451416,data/fashioniq/images/B00EYYEYAA.jpg,0,0.4076082706451416,0.002731531858444214,outputs/hallucination/toptee/contact_sheets/toptee_q02.jpg
toptee_q02_s02,toptee_q02,paraphrase,toptee,32,B00BB9UBNU,B005LCCOI8,is black and has longer sleeves [SEP] Has longer sleeves and a tighter neckline,"Apply these requested changes: is black and has longer sleeves; also, Has longer sleeves and a tighter neckline.",Remain close to the in-domain result under a meaning-preserving template change.,2,B003ZUYGB6,0.4048767387866974,data/fashioniq/images/B003ZUYGB6.jpg,0,0.4076082706451416,0.002731531858444214,outputs/hallucination/toptee/contact_sheets/toptee_q02.jpg
toptee_q02_s02,toptee_q02,paraphrase,toptee,32,B00BB9UBNU,B005LCCOI8,is black and has longer sleeves [SEP] Has longer sleeves and a tighter neckline,"Apply these requested changes: is black and has longer sleeves; also, Has longer sleeves and a tighter neckline.",Remain close to the in-domain result under a meaning-preserving template change.,3,B00858O7E4,0.3992733359336853,data/fashioniq/images/B00858O7E4.jpg,0,0.4076082706451416,0.002731531858444214,outputs/hallucination/toptee/contact_sheets/toptee_q02.jpg
toptee_q02_s02,toptee_q02,paraphrase,toptee,32,B00BB9UBNU,B005LCCOI8,is black and has longer sleeves [SEP] Has longer sleeves and a tighter neckline,"Apply these requested changes: is black and has longer sleeves; also, Has longer sleeves and a tighter neckline.",Remain close to the in-domain result under a meaning-preserving template change.,4,B003ZSIYAW,0.3958461880683899,data/fashioniq/images/B003ZSIYAW.jpg,0,0.4076082706451416,0.002731531858444214,outputs/hallucination/toptee/contact_sheets/toptee_q02.jpg
toptee_q02_s02,toptee_q02,paraphrase,toptee,32,B00BB9UBNU,B005LCCOI8,is black and has longer sleeves [SEP] Has longer sleeves and a tighter neckline,"Apply these requested changes: is black and has longer sleeves; also, Has longer sleeves and a tighter neckline.",Remain close to the in-domain result under a meaning-preserving template change.,5,B0052XIUXO,0.39552032947540283,data/fashioniq/images/B0052XIUXO.jpg,0,0.4076082706451416,0.002731531858444214,outputs/hallucination/toptee/contact_sheets/toptee_q02.jpg
toptee_q02_s03,toptee_q02,identity,toptee,32,B00BB9UBNU,B005LCCOI8,is black and has longer sleeves [SEP] Has longer sleeves and a tighter neckline,"Keep the garment exactly as it is; do not change its color, shape, material, or details.",Preserve the source garment; returning a visually close neighbour is preferable.,1,B00AO4NAN6,0.2434156835079193,data/fashioniq/images/B00AO4NAN6.jpg,0,0.2434156835079193,0.01510670781135559,outputs/hallucination/toptee/contact_sheets/toptee_q02.jpg
toptee_q02_s03,toptee_q02,identity,toptee,32,B00BB9UBNU,B005LCCOI8,is black and has longer sleeves [SEP] Has longer sleeves and a tighter neckline,"Keep the garment exactly as it is; do not change its color, shape, material, or details.",Preserve the source garment; returning a visually close neighbour is preferable.,2,B004F3NKGO,0.22830897569656372,data/fashioniq/images/B004F3NKGO.jpg,0,0.2434156835079193,0.01510670781135559,outputs/hallucination/toptee/contact_sheets/toptee_q02.jpg
toptee_q02_s03,toptee_q02,identity,toptee,32,B00BB9UBNU,B005LCCOI8,is black and has longer sleeves [SEP] Has longer sleeves and a tighter neckline,"Keep the garment exactly as it is; do not change its color, shape, material, or details.",Preserve the source garment; returning a visually close neighbour is preferable.,3,B007UJVK8A,0.22684279084205627,data/fashioniq/images/B007UJVK8A.jpg,0,0.2434156835079193,0.01510670781135559,outputs/hallucination/toptee/contact_sheets/toptee_q02.jpg
toptee_q02_s03,toptee_q02,identity,toptee,32,B00BB9UBNU,B005LCCOI8,is black and has longer sleeves [SEP] Has longer sleeves and a tighter neckline,"Keep the garment exactly as it is; do not change its color, shape, material, or details.",Preserve the source garment; returning a visually close neighbour is preferable.,4,B009PL5BEA,0.22393405437469482,data/fashioniq/images/B009PL5BEA.jpg,0,0.2434156835079193,0.01510670781135559,outputs/hallucination/toptee/contact_sheets/toptee_q02.jpg
toptee_q02_s03,toptee_q02,identity,toptee,32,B00BB9UBNU,B005LCCOI8,is black and has longer sleeves [SEP] Has longer sleeves and a tighter neckline,"Keep the garment exactly as it is; do not change its color, shape, material, or details.",Preserve the source garment; returning a visually close neighbour is preferable.,5,B004071VYI,0.2220003455877304,data/fashioniq/images/B004071VYI.jpg,0,0.2434156835079193,0.01510670781135559,outputs/hallucination/toptee/contact_sheets/toptee_q02.jpg
toptee_q02_s04,toptee_q02,contradiction,toptee,32,B00BB9UBNU,B005LCCOI8,is black and has longer sleeves [SEP] Has longer sleeves and a tighter neckline,"Make it both sleeveless and long-sleeved, and make it both shorter and longer.",No gallery item can satisfy every mutually contradictory requirement.,1,B004I5A7RY,0.36438846588134766,data/fashioniq/images/B004I5A7RY.jpg,0,0.36438846588134766,0.010602176189422607,outputs/hallucination/toptee/contact_sheets/toptee_q02.jpg
toptee_q02_s04,toptee_q02,contradiction,toptee,32,B00BB9UBNU,B005LCCOI8,is black and has longer sleeves [SEP] Has longer sleeves and a tighter neckline,"Make it both sleeveless and long-sleeved, and make it both shorter and longer.",No gallery item can satisfy every mutually contradictory requirement.,2,B004O0TNHS,0.35378628969192505,data/fashioniq/images/B004O0TNHS.jpg,0,0.36438846588134766,0.010602176189422607,outputs/hallucination/toptee/contact_sheets/toptee_q02.jpg
toptee_q02_s04,toptee_q02,contradiction,toptee,32,B00BB9UBNU,B005LCCOI8,is black and has longer sleeves [SEP] Has longer sleeves and a tighter neckline,"Make it both sleeveless and long-sleeved, and make it both shorter and longer.",No gallery item can satisfy every mutually contradictory requirement.,3,B007M850QC,0.35111677646636963,data/fashioniq/images/B007M850QC.jpg,0,0.36438846588134766,0.010602176189422607,outputs/hallucination/toptee/contact_sheets/toptee_q02.jpg
toptee_q02_s04,toptee_q02,contradiction,toptee,32,B00BB9UBNU,B005LCCOI8,is black and has longer sleeves [SEP] Has longer sleeves and a tighter neckline,"Make it both sleeveless and long-sleeved, and make it both shorter and longer.",No gallery item can satisfy every mutually contradictory requirement.,4,B00940K34K,0.33267682790756226,data/fashioniq/images/B00940K34K.jpg,0,0.36438846588134766,0.010602176189422607,outputs/hallucination/toptee/contact_sheets/toptee_q02.jpg
toptee_q02_s04,toptee_q02,contradiction,toptee,32,B00BB9UBNU,B005LCCOI8,is black and has longer sleeves [SEP] Has longer sleeves and a tighter neckline,"Make it both sleeveless and long-sleeved, and make it both shorter and longer.",No gallery item can satisfy every mutually contradictory requirement.,5,B00BNQW9CM,0.33228740096092224,data/fashioniq/images/B00BNQW9CM.jpg,0,0.36438846588134766,0.010602176189422607,outputs/hallucination/toptee/contact_sheets/toptee_q02.jpg
toptee_q02_s05,toptee_q02,ood,toptee,32,B00BB9UBNU,B005LCCOI8,is black and has longer sleeves [SEP] Has longer sleeves and a tighter neckline,"Make it play jazz music, increase its battery life, and make it smell like rain.",The request is outside the fashion-image domain; high-confidence visual compliance is unsupported.,1,B0052XIUXO,0.30187496542930603,data/fashioniq/images/B0052XIUXO.jpg,0,0.30187496542930603,0.0153522789478302,outputs/hallucination/toptee/contact_sheets/toptee_q02.jpg
toptee_q02_s05,toptee_q02,ood,toptee,32,B00BB9UBNU,B005LCCOI8,is black and has longer sleeves [SEP] Has longer sleeves and a tighter neckline,"Make it play jazz music, increase its battery life, and make it smell like rain.",The request is outside the fashion-image domain; high-confidence visual compliance is unsupported.,2,B0059OESZK,0.28652268648147583,data/fashioniq/images/B0059OESZK.jpg,0,0.30187496542930603,0.0153522789478302,outputs/hallucination/toptee/contact_sheets/toptee_q02.jpg
toptee_q02_s05,toptee_q02,ood,toptee,32,B00BB9UBNU,B005LCCOI8,is black and has longer sleeves [SEP] Has longer sleeves and a tighter neckline,"Make it play jazz music, increase its battery life, and make it smell like rain.",The request is outside the fashion-image domain; high-confidence visual compliance is unsupported.,3,B00858O7E4,0.28622138500213623,data/fashioniq/images/B00858O7E4.jpg,0,0.30187496542930603,0.0153522789478302,outputs/hallucination/toptee/contact_sheets/toptee_q02.jpg
toptee_q02_s05,toptee_q02,ood,toptee,32,B00BB9UBNU,B005LCCOI8,is black and has longer sleeves [SEP] Has longer sleeves and a tighter neckline,"Make it play jazz music, increase its battery life, and make it smell like rain.",The request is outside the fashion-image domain; high-confidence visual compliance is unsupported.,4,B00FEC9N48,0.2781853973865509,data/fashioniq/images/B00FEC9N48.jpg,0,0.30187496542930603,0.0153522789478302,outputs/hallucination/toptee/contact_sheets/toptee_q02.jpg
toptee_q02_s05,toptee_q02,ood,toptee,32,B00BB9UBNU,B005LCCOI8,is black and has longer sleeves [SEP] Has longer sleeves and a tighter neckline,"Make it play jazz music, increase its battery life, and make it smell like rain.",The request is outside the fashion-image domain; high-confidence visual compliance is unsupported.,5,B006MPC7SA,0.27614477276802063,data/fashioniq/images/B006MPC7SA.jpg,0,0.30187496542930603,0.0153522789478302,outputs/hallucination/toptee/contact_sheets/toptee_q02.jpg
toptee_q02_s06,toptee_q02,unsatisfiable,toptee,32,B00BB9UBNU,B005LCCOI8,is black and has longer sleeves [SEP] Has longer sleeves and a tighter neckline,Turn it into a transparent glass garment with animated flames and invisible fabric.,The fixed FashionIQ gallery is not expected to contain a full match.,1,B004LWZMHO,0.27244728803634644,data/fashioniq/images/B004LWZMHO.jpg,0,0.27244728803634644,0.013934016227722168,outputs/hallucination/toptee/contact_sheets/toptee_q02.jpg
toptee_q02_s06,toptee_q02,unsatisfiable,toptee,32,B00BB9UBNU,B005LCCOI8,is black and has longer sleeves [SEP] Has longer sleeves and a tighter neckline,Turn it into a transparent glass garment with animated flames and invisible fabric.,The fixed FashionIQ gallery is not expected to contain a full match.,2,B004IWRQRG,0.25851327180862427,data/fashioniq/images/B004IWRQRG.jpg,0,0.27244728803634644,0.013934016227722168,outputs/hallucination/toptee/contact_sheets/toptee_q02.jpg
toptee_q02_s06,toptee_q02,unsatisfiable,toptee,32,B00BB9UBNU,B005LCCOI8,is black and has longer sleeves [SEP] Has longer sleeves and a tighter neckline,Turn it into a transparent glass garment with animated flames and invisible fabric.,The fixed FashionIQ gallery is not expected to contain a full match.,3,B009YJRYDE,0.24965089559555054,data/fashioniq/images/B009YJRYDE.jpg,0,0.27244728803634644,0.013934016227722168,outputs/hallucination/toptee/contact_sheets/toptee_q02.jpg
toptee_q02_s06,toptee_q02,unsatisfiable,toptee,32,B00BB9UBNU,B005LCCOI8,is black and has longer sleeves [SEP] Has longer sleeves and a tighter neckline,Turn it into a transparent glass garment with animated flames and invisible fabric.,The fixed FashionIQ gallery is not expected to contain a full match.,4,B008TBS8UG,0.2468309998512268,data/fashioniq/images/B008TBS8UG.jpg,0,0.27244728803634644,0.013934016227722168,outputs/hallucination/toptee/contact_sheets/toptee_q02.jpg
toptee_q02_s06,toptee_q02,unsatisfiable,toptee,32,B00BB9UBNU,B005LCCOI8,is black and has longer sleeves [SEP] Has longer sleeves and a tighter neckline,Turn it into a transparent glass garment with animated flames and invisible fabric.,The fixed FashionIQ gallery is not expected to contain a full match.,5,B007O3US12,0.24561870098114014,data/fashioniq/images/B007O3US12.jpg,0,0.27244728803634644,0.013934016227722168,outputs/hallucination/toptee/contact_sheets/toptee_q02.jpg
toptee_q03_s01,toptee_q03,in_domain,toptee,44,B00BF6VD2M,B00COYDU9I,is white with longer sleeves [SEP]  with v neckline,is white with longer sleeves [SEP]  with v neckline,Retrieve garments that satisfy the original FashionIQ modification.,1,B004XFWZ4M,0.3372226059436798,data/fashioniq/images/B004XFWZ4M.jpg,0,0.3372226059436798,0.001545041799545288,outputs/hallucination/toptee/contact_sheets/toptee_q03.jpg
toptee_q03_s01,toptee_q03,in_domain,toptee,44,B00BF6VD2M,B00COYDU9I,is white with longer sleeves [SEP]  with v neckline,is white with longer sleeves [SEP]  with v neckline,Retrieve garments that satisfy the original FashionIQ modification.,2,B00CMTP5K2,0.3356775641441345,data/fashioniq/images/B00CMTP5K2.jpg,0,0.3372226059436798,0.001545041799545288,outputs/hallucination/toptee/contact_sheets/toptee_q03.jpg
toptee_q03_s01,toptee_q03,in_domain,toptee,44,B00BF6VD2M,B00COYDU9I,is white with longer sleeves [SEP]  with v neckline,is white with longer sleeves [SEP]  with v neckline,Retrieve garments that satisfy the original FashionIQ modification.,3,B00807SPDE,0.3306480944156647,data/fashioniq/images/B00807SPDE.jpg,0,0.3372226059436798,0.001545041799545288,outputs/hallucination/toptee/contact_sheets/toptee_q03.jpg
toptee_q03_s01,toptee_q03,in_domain,toptee,44,B00BF6VD2M,B00COYDU9I,is white with longer sleeves [SEP]  with v neckline,is white with longer sleeves [SEP]  with v neckline,Retrieve garments that satisfy the original FashionIQ modification.,4,B0088D1U9G,0.3268124759197235,data/fashioniq/images/B0088D1U9G.jpg,0,0.3372226059436798,0.001545041799545288,outputs/hallucination/toptee/contact_sheets/toptee_q03.jpg
toptee_q03_s01,toptee_q03,in_domain,toptee,44,B00BF6VD2M,B00COYDU9I,is white with longer sleeves [SEP]  with v neckline,is white with longer sleeves [SEP]  with v neckline,Retrieve garments that satisfy the original FashionIQ modification.,5,B0043EVLRU,0.3203786611557007,data/fashioniq/images/B0043EVLRU.jpg,0,0.3372226059436798,0.001545041799545288,outputs/hallucination/toptee/contact_sheets/toptee_q03.jpg
toptee_q03_s02,toptee_q03,paraphrase,toptee,44,B00BF6VD2M,B00COYDU9I,is white with longer sleeves [SEP]  with v neckline,"Apply these requested changes: is white with longer sleeves; also, with v neckline.",Remain close to the in-domain result under a meaning-preserving template change.,1,B00807SPDE,0.3437518775463104,data/fashioniq/images/B00807SPDE.jpg,0,0.3437518775463104,0.018162041902542114,outputs/hallucination/toptee/contact_sheets/toptee_q03.jpg
toptee_q03_s02,toptee_q03,paraphrase,toptee,44,B00BF6VD2M,B00COYDU9I,is white with longer sleeves [SEP]  with v neckline,"Apply these requested changes: is white with longer sleeves; also, with v neckline.",Remain close to the in-domain result under a meaning-preserving template change.,2,B00CMTP5K2,0.3255898356437683,data/fashioniq/images/B00CMTP5K2.jpg,0,0.3437518775463104,0.018162041902542114,outputs/hallucination/toptee/contact_sheets/toptee_q03.jpg
toptee_q03_s02,toptee_q03,paraphrase,toptee,44,B00BF6VD2M,B00COYDU9I,is white with longer sleeves [SEP]  with v neckline,"Apply these requested changes: is white with longer sleeves; also, with v neckline.",Remain close to the in-domain result under a meaning-preserving template change.,3,B0043EVLRU,0.3244115114212036,data/fashioniq/images/B0043EVLRU.jpg,0,0.3437518775463104,0.018162041902542114,outputs/hallucination/toptee/contact_sheets/toptee_q03.jpg
toptee_q03_s02,toptee_q03,paraphrase,toptee,44,B00BF6VD2M,B00COYDU9I,is white with longer sleeves [SEP]  with v neckline,"Apply these requested changes: is white with longer sleeves; also, with v neckline.",Remain close to the in-domain result under a meaning-preserving template change.,4,B004XFWZ4M,0.3148394227027893,data/fashioniq/images/B004XFWZ4M.jpg,0,0.3437518775463104,0.018162041902542114,outputs/hallucination/toptee/contact_sheets/toptee_q03.jpg
toptee_q03_s02,toptee_q03,paraphrase,toptee,44,B00BF6VD2M,B00COYDU9I,is white with longer sleeves [SEP]  with v neckline,"Apply these requested changes: is white with longer sleeves; also, with v neckline.",Remain close to the in-domain result under a meaning-preserving template change.,5,B003HIWILQ,0.2966020107269287,data/fashioniq/images/B003HIWILQ.jpg,0,0.3437518775463104,0.018162041902542114,outputs/hallucination/toptee/contact_sheets/toptee_q03.jpg
toptee_q03_s03,toptee_q03,identity,toptee,44,B00BF6VD2M,B00COYDU9I,is white with longer sleeves [SEP]  with v neckline,"Keep the garment exactly as it is; do not change its color, shape, material, or details.",Preserve the source garment; returning a visually close neighbour is preferable.,1,B008LZL9EW,0.2624961733818054,data/fashioniq/images/B008LZL9EW.jpg,0,0.2624961733818054,0.008117377758026123,outputs/hallucination/toptee/contact_sheets/toptee_q03.jpg
toptee_q03_s03,toptee_q03,identity,toptee,44,B00BF6VD2M,B00COYDU9I,is white with longer sleeves [SEP]  with v neckline,"Keep the garment exactly as it is; do not change its color, shape, material, or details.",Preserve the source garment; returning a visually close neighbour is preferable.,2,B00CYP43U2,0.2543787956237793,data/fashioniq/images/B00CYP43U2.jpg,0,0.2624961733818054,0.008117377758026123,outputs/hallucination/toptee/contact_sheets/toptee_q03.jpg
toptee_q03_s03,toptee_q03,identity,toptee,44,B00BF6VD2M,B00COYDU9I,is white with longer sleeves [SEP]  with v neckline,"Keep the garment exactly as it is; do not change its color, shape, material, or details.",Preserve the source garment; returning a visually close neighbour is preferable.,3,B00AO4NAN6,0.24651870131492615,data/fashioniq/images/B00AO4NAN6.jpg,0,0.2624961733818054,0.008117377758026123,outputs/hallucination/toptee/contact_sheets/toptee_q03.jpg
toptee_q03_s03,toptee_q03,identity,toptee,44,B00BF6VD2M,B00COYDU9I,is white with longer sleeves [SEP]  with v neckline,"Keep the garment exactly as it is; do not change its color, shape, material, or details.",Preserve the source garment; returning a visually close neighbour is preferable.,4,B00DPJHHYK,0.2413613498210907,data/fashioniq/images/B00DPJHHYK.jpg,0,0.2624961733818054,0.008117377758026123,outputs/hallucination/toptee/contact_sheets/toptee_q03.jpg
toptee_q03_s03,toptee_q03,identity,toptee,44,B00BF6VD2M,B00COYDU9I,is white with longer sleeves [SEP]  with v neckline,"Keep the garment exactly as it is; do not change its color, shape, material, or details.",Preserve the source garment; returning a visually close neighbour is preferable.,5,B00D2UHPUI,0.23749849200248718,data/fashioniq/images/B00D2UHPUI.jpg,0,0.2624961733818054,0.008117377758026123,outputs/hallucination/toptee/contact_sheets/toptee_q03.jpg
toptee_q03_s04,toptee_q03,contradiction,toptee,44,B00BF6VD2M,B00COYDU9I,is white with longer sleeves [SEP]  with v neckline,"Make it both sleeveless and long-sleeved, and make it both shorter and longer.",No gallery item can satisfy every mutually contradictory requirement.,1,B00A8I08CO,0.2895928919315338,data/fashioniq/images/B00A8I08CO.jpg,0,0.2895928919315338,0.00343438982963562,outputs/hallucination/toptee/contact_sheets/toptee_q03.jpg
toptee_q03_s04,toptee_q03,contradiction,toptee,44,B00BF6VD2M,B00COYDU9I,is white with longer sleeves [SEP]  with v neckline,"Make it both sleeveless and long-sleeved, and make it both shorter and longer.",No gallery item can satisfy every mutually contradictory requirement.,2,B005EE3GN0,0.2861585021018982,data/fashioniq/images/B005EE3GN0.jpg,0,0.2895928919315338,0.00343438982963562,outputs/hallucination/toptee/contact_sheets/toptee_q03.jpg
toptee_q03_s04,toptee_q03,contradiction,toptee,44,B00BF6VD2M,B00COYDU9I,is white with longer sleeves [SEP]  with v neckline,"Make it both sleeveless and long-sleeved, and make it both shorter and longer.",No gallery item can satisfy every mutually contradictory requirement.,3,B00AFSPI0O,0.2693886458873749,data/fashioniq/images/B00AFSPI0O.jpg,0,0.2895928919315338,0.00343438982963562,outputs/hallucination/toptee/contact_sheets/toptee_q03.jpg
toptee_q03_s04,toptee_q03,contradiction,toptee,44,B00BF6VD2M,B00COYDU9I,is white with longer sleeves [SEP]  with v neckline,"Make it both sleeveless and long-sleeved, and make it both shorter and longer.",No gallery item can satisfy every mutually contradictory requirement.,4,B00FJJ2K0K,0.2665746808052063,data/fashioniq/images/B00FJJ2K0K.jpg,0,0.2895928919315338,0.00343438982963562,outputs/hallucination/toptee/contact_sheets/toptee_q03.jpg
toptee_q03_s04,toptee_q03,contradiction,toptee,44,B00BF6VD2M,B00COYDU9I,is white with longer sleeves [SEP]  with v neckline,"Make it both sleeveless and long-sleeved, and make it both shorter and longer.",No gallery item can satisfy every mutually contradictory requirement.,5,B005QWOSX2,0.2605072557926178,data/fashioniq/images/B005QWOSX2.jpg,0,0.2895928919315338,0.00343438982963562,outputs/hallucination/toptee/contact_sheets/toptee_q03.jpg
toptee_q03_s05,toptee_q03,ood,toptee,44,B00BF6VD2M,B00COYDU9I,is white with longer sleeves [SEP]  with v neckline,"Make it play jazz music, increase its battery life, and make it smell like rain.",The request is outside the fashion-image domain; high-confidence visual compliance is unsupported.,1,B0072D9J7S,0.25806158781051636,data/fashioniq/images/B0072D9J7S.jpg,0,0.25806158781051636,0.019795551896095276,outputs/hallucination/toptee/contact_sheets/toptee_q03.jpg
toptee_q03_s05,toptee_q03,ood,toptee,44,B00BF6VD2M,B00COYDU9I,is white with longer sleeves [SEP]  with v neckline,"Make it play jazz music, increase its battery life, and make it smell like rain.",The request is outside the fashion-image domain; high-confidence visual compliance is unsupported.,2,B00B1EDU7O,0.23826603591442108,data/fashioniq/images/B00B1EDU7O.jpg,0,0.25806158781051636,0.019795551896095276,outputs/hallucination/toptee/contact_sheets/toptee_q03.jpg
toptee_q03_s05,toptee_q03,ood,toptee,44,B00BF6VD2M,B00COYDU9I,is white with longer sleeves [SEP]  with v neckline,"Make it play jazz music, increase its battery life, and make it smell like rain.",The request is outside the fashion-image domain; high-confidence visual compliance is unsupported.,3,B001F4A45G,0.2363848090171814,data/fashioniq/images/B001F4A45G.jpg,0,0.25806158781051636,0.019795551896095276,outputs/hallucination/toptee/contact_sheets/toptee_q03.jpg
toptee_q03_s05,toptee_q03,ood,toptee,44,B00BF6VD2M,B00COYDU9I,is white with longer sleeves [SEP]  with v neckline,"Make it play jazz music, increase its battery life, and make it smell like rain.",The request is outside the fashion-image domain; high-confidence visual compliance is unsupported.,4,B00AYDWQN2,0.2361462563276291,data/fashioniq/images/B00AYDWQN2.jpg,0,0.25806158781051636,0.019795551896095276,outputs/hallucination/toptee/contact_sheets/toptee_q03.jpg
toptee_q03_s05,toptee_q03,ood,toptee,44,B00BF6VD2M,B00COYDU9I,is white with longer sleeves [SEP]  with v neckline,"Make it play jazz music, increase its battery life, and make it smell like rain.",The request is outside the fashion-image domain; high-confidence visual compliance is unsupported.,5,B00B8QSPDO,0.23116129636764526,data/fashioniq/images/B00B8QSPDO.jpg,0,0.25806158781051636,0.019795551896095276,outputs/hallucination/toptee/contact_sheets/toptee_q03.jpg
toptee_q03_s06,toptee_q03,unsatisfiable,toptee,44,B00BF6VD2M,B00COYDU9I,is white with longer sleeves [SEP]  with v neckline,Turn it into a transparent glass garment with animated flames and invisible fabric.,The fixed FashionIQ gallery is not expected to contain a full match.,1,B00BWI7CT6,0.3043198585510254,data/fashioniq/images/B00BWI7CT6.jpg,0,0.3043198585510254,0.0077780187129974365,outputs/hallucination/toptee/contact_sheets/toptee_q03.jpg
toptee_q03_s06,toptee_q03,unsatisfiable,toptee,44,B00BF6VD2M,B00COYDU9I,is white with longer sleeves [SEP]  with v neckline,Turn it into a transparent glass garment with animated flames and invisible fabric.,The fixed FashionIQ gallery is not expected to contain a full match.,2,B00AZW5NI2,0.29654183983802795,data/fashioniq/images/B00AZW5NI2.jpg,0,0.3043198585510254,0.0077780187129974365,outputs/hallucination/toptee/contact_sheets/toptee_q03.jpg
toptee_q03_s06,toptee_q03,unsatisfiable,toptee,44,B00BF6VD2M,B00COYDU9I,is white with longer sleeves [SEP]  with v neckline,Turn it into a transparent glass garment with animated flames and invisible fabric.,The fixed FashionIQ gallery is not expected to contain a full match.,3,B004LWZMHO,0.270081102848053,data/fashioniq/images/B004LWZMHO.jpg,0,0.3043198585510254,0.0077780187129974365,outputs/hallucination/toptee/contact_sheets/toptee_q03.jpg
toptee_q03_s06,toptee_q03,unsatisfiable,toptee,44,B00BF6VD2M,B00COYDU9I,is white with longer sleeves [SEP]  with v neckline,Turn it into a transparent glass garment with animated flames and invisible fabric.,The fixed FashionIQ gallery is not expected to contain a full match.,4,B0080QK0HE,0.26848429441452026,data/fashioniq/images/B0080QK0HE.jpg,0,0.3043198585510254,0.0077780187129974365,outputs/hallucination/toptee/contact_sheets/toptee_q03.jpg
toptee_q03_s06,toptee_q03,unsatisfiable,toptee,44,B00BF6VD2M,B00COYDU9I,is white with longer sleeves [SEP]  with v neckline,Turn it into a transparent glass garment with animated flames and invisible fabric.,The fixed FashionIQ gallery is not expected to contain a full match.,5,B00BXYW4GK,0.2668769955635071,data/fashioniq/images/B00BXYW4GK.jpg,0,0.3043198585510254,0.0077780187129974365,outputs/hallucination/toptee/contact_sheets/toptee_q03.jpg
toptee_q04_s01,toptee_q04,in_domain,toptee,646,B00A3QE0QQ,B00BZQZLF2,is lighter [SEP] has shorter sleeves and more blue,is lighter [SEP] has shorter sleeves and more blue,Retrieve garments that satisfy the original FashionIQ modification.,1,B00BTN2RIU,0.36290115118026733,data/fashioniq/images/B00BTN2RIU.jpg,0,0.36290115118026733,0.03509104251861572,outputs/hallucination/toptee/contact_sheets/toptee_q04.jpg
toptee_q04_s01,toptee_q04,in_domain,toptee,646,B00A3QE0QQ,B00BZQZLF2,is lighter [SEP] has shorter sleeves and more blue,is lighter [SEP] has shorter sleeves and more blue,Retrieve garments that satisfy the original FashionIQ modification.,2,B0054SG7G4,0.3278101086616516,data/fashioniq/images/B0054SG7G4.jpg,0,0.36290115118026733,0.03509104251861572,outputs/hallucination/toptee/contact_sheets/toptee_q04.jpg
toptee_q04_s01,toptee_q04,in_domain,toptee,646,B00A3QE0QQ,B00BZQZLF2,is lighter [SEP] has shorter sleeves and more blue,is lighter [SEP] has shorter sleeves and more blue,Retrieve garments that satisfy the original FashionIQ modification.,3,B00DH8YH42,0.32730352878570557,data/fashioniq/images/B00DH8YH42.jpg,0,0.36290115118026733,0.03509104251861572,outputs/hallucination/toptee/contact_sheets/toptee_q04.jpg
toptee_q04_s01,toptee_q04,in_domain,toptee,646,B00A3QE0QQ,B00BZQZLF2,is lighter [SEP] has shorter sleeves and more blue,is lighter [SEP] has shorter sleeves and more blue,Retrieve garments that satisfy the original FashionIQ modification.,4,B00BX4K30Y,0.3267126679420471,data/fashioniq/images/B00BX4K30Y.jpg,0,0.36290115118026733,0.03509104251861572,outputs/hallucination/toptee/contact_sheets/toptee_q04.jpg
toptee_q04_s01,toptee_q04,in_domain,toptee,646,B00A3QE0QQ,B00BZQZLF2,is lighter [SEP] has shorter sleeves and more blue,is lighter [SEP] has shorter sleeves and more blue,Retrieve garments that satisfy the original FashionIQ modification.,5,B00AE42YCE,0.3232690095901489,data/fashioniq/images/B00AE42YCE.jpg,0,0.36290115118026733,0.03509104251861572,outputs/hallucination/toptee/contact_sheets/toptee_q04.jpg
toptee_q04_s02,toptee_q04,paraphrase,toptee,646,B00A3QE0QQ,B00BZQZLF2,is lighter [SEP] has shorter sleeves and more blue,"Apply these requested changes: is lighter; also, has shorter sleeves and more blue.",Remain close to the in-domain result under a meaning-preserving template change.,1,B00BFRGU4W,0.33218973875045776,data/fashioniq/images/B00BFRGU4W.jpg,0,0.33218973875045776,0.003811776638031006,outputs/hallucination/toptee/contact_sheets/toptee_q04.jpg
toptee_q04_s02,toptee_q04,paraphrase,toptee,646,B00A3QE0QQ,B00BZQZLF2,is lighter [SEP] has shorter sleeves and more blue,"Apply these requested changes: is lighter; also, has shorter sleeves and more blue.",Remain close to the in-domain result under a meaning-preserving template change.,2,B00BTN2RIU,0.32837796211242676,data/fashioniq/images/B00BTN2RIU.jpg,0,0.33218973875045776,0.003811776638031006,outputs/hallucination/toptee/contact_sheets/toptee_q04.jpg
toptee_q04_s02,toptee_q04,paraphrase,toptee,646,B00A3QE0QQ,B00BZQZLF2,is lighter [SEP] has shorter sleeves and more blue,"Apply these requested changes: is lighter; also, has shorter sleeves and more blue.",Remain close to the in-domain result under a meaning-preserving template change.,3,B00BZS83YG,0.32827121019363403,data/fashioniq/images/B00BZS83YG.jpg,0,0.33218973875045776,0.003811776638031006,outputs/hallucination/toptee/contact_sheets/toptee_q04.jpg
toptee_q04_s02,toptee_q04,paraphrase,toptee,646,B00A3QE0QQ,B00BZQZLF2,is lighter [SEP] has shorter sleeves and more blue,"Apply these requested changes: is lighter; also, has shorter sleeves and more blue.",Remain close to the in-domain result under a meaning-preserving template change.,4,B00AE42YCE,0.32589828968048096,data/fashioniq/images/B00AE42YCE.jpg,0,0.33218973875045776,0.003811776638031006,outputs/hallucination/toptee/contact_sheets/toptee_q04.jpg
toptee_q04_s02,toptee_q04,paraphrase,toptee,646,B00A3QE0QQ,B00BZQZLF2,is lighter [SEP] has shorter sleeves and more blue,"Apply these requested changes: is lighter; also, has shorter sleeves and more blue.",Remain close to the in-domain result under a meaning-preserving template change.,5,B00CDJRMES,0.3254603147506714,data/fashioniq/images/B00CDJRMES.jpg,0,0.33218973875045776,0.003811776638031006,outputs/hallucination/toptee/contact_sheets/toptee_q04.jpg
toptee_q04_s03,toptee_q04,identity,toptee,646,B00A3QE0QQ,B00BZQZLF2,is lighter [SEP] has shorter sleeves and more blue,"Keep the garment exactly as it is; do not change its color, shape, material, or details.",Preserve the source garment; returning a visually close neighbour is preferable.,1,B00E9OXH4Y,0.2515627443790436,data/fashioniq/images/B00E9OXH4Y.jpg,0,0.2515627443790436,0.00036397576332092285,outputs/hallucination/toptee/contact_sheets/toptee_q04.jpg
toptee_q04_s03,toptee_q04,identity,toptee,646,B00A3QE0QQ,B00BZQZLF2,is lighter [SEP] has shorter sleeves and more blue,"Keep the garment exactly as it is; do not change its color, shape, material, or details.",Preserve the source garment; returning a visually close neighbour is preferable.,2,B004071VYI,0.25119876861572266,data/fashioniq/images/B004071VYI.jpg,0,0.2515627443790436,0.00036397576332092285,outputs/hallucination/toptee/contact_sheets/toptee_q04.jpg
toptee_q04_s03,toptee_q04,identity,toptee,646,B00A3QE0QQ,B00BZQZLF2,is lighter [SEP] has shorter sleeves and more blue,"Keep the garment exactly as it is; do not change its color, shape, material, or details.",Preserve the source garment; returning a visually close neighbour is preferable.,3,B00BHKVJYS,0.24563610553741455,data/fashioniq/images/B00BHKVJYS.jpg,0,0.2515627443790436,0.00036397576332092285,outputs/hallucination/toptee/contact_sheets/toptee_q04.jpg
toptee_q04_s03,toptee_q04,identity,toptee,646,B00A3QE0QQ,B00BZQZLF2,is lighter [SEP] has shorter sleeves and more blue,"Keep the garment exactly as it is; do not change its color, shape, material, or details.",Preserve the source garment; returning a visually close neighbour is preferable.,4,B008N6K1M0,0.2439626008272171,data/fashioniq/images/B008N6K1M0.jpg,0,0.2515627443790436,0.00036397576332092285,outputs/hallucination/toptee/contact_sheets/toptee_q04.jpg
toptee_q04_s03,toptee_q04,identity,toptee,646,B00A3QE0QQ,B00BZQZLF2,is lighter [SEP] has shorter sleeves and more blue,"Keep the garment exactly as it is; do not change its color, shape, material, or details.",Preserve the source garment; returning a visually close neighbour is preferable.,5,B003SLEHL6,0.2417081594467163,data/fashioniq/images/B003SLEHL6.jpg,0,0.2515627443790436,0.00036397576332092285,outputs/hallucination/toptee/contact_sheets/toptee_q04.jpg
toptee_q04_s04,toptee_q04,contradiction,toptee,646,B00A3QE0QQ,B00BZQZLF2,is lighter [SEP] has shorter sleeves and more blue,"Make it both sleeveless and long-sleeved, and make it both shorter and longer.",No gallery item can satisfy every mutually contradictory requirement.,1,B005EE3GN0,0.23948729038238525,data/fashioniq/images/B005EE3GN0.jpg,0,0.23948729038238525,0.020495623350143433,outputs/hallucination/toptee/contact_sheets/toptee_q04.jpg
toptee_q04_s04,toptee_q04,contradiction,toptee,646,B00A3QE0QQ,B00BZQZLF2,is lighter [SEP] has shorter sleeves and more blue,"Make it both sleeveless and long-sleeved, and make it both shorter and longer.",No gallery item can satisfy every mutually contradictory requirement.,2,B00BMVOCM8,0.21899166703224182,data/fashioniq/images/B00BMVOCM8.jpg,0,0.23948729038238525,0.020495623350143433,outputs/hallucination/toptee/contact_sheets/toptee_q04.jpg
toptee_q04_s04,toptee_q04,contradiction,toptee,646,B00A3QE0QQ,B00BZQZLF2,is lighter [SEP] has shorter sleeves and more blue,"Make it both sleeveless and long-sleeved, and make it both shorter and longer.",No gallery item can satisfy every mutually contradictory requirement.,3,B00C1RCVP2,0.21240872144699097,data/fashioniq/images/B00C1RCVP2.jpg,0,0.23948729038238525,0.020495623350143433,outputs/hallucination/toptee/contact_sheets/toptee_q04.jpg
toptee_q04_s04,toptee_q04,contradiction,toptee,646,B00A3QE0QQ,B00BZQZLF2,is lighter [SEP] has shorter sleeves and more blue,"Make it both sleeveless and long-sleeved, and make it both shorter and longer.",No gallery item can satisfy every mutually contradictory requirement.,4,B0074DUW9K,0.21149832010269165,data/fashioniq/images/B0074DUW9K.jpg,0,0.23948729038238525,0.020495623350143433,outputs/hallucination/toptee/contact_sheets/toptee_q04.jpg
toptee_q04_s04,toptee_q04,contradiction,toptee,646,B00A3QE0QQ,B00BZQZLF2,is lighter [SEP] has shorter sleeves and more blue,"Make it both sleeveless and long-sleeved, and make it both shorter and longer.",No gallery item can satisfy every mutually contradictory requirement.,5,B009MMJFFS,0.20726662874221802,data/fashioniq/images/B009MMJFFS.jpg,0,0.23948729038238525,0.020495623350143433,outputs/hallucination/toptee/contact_sheets/toptee_q04.jpg
toptee_q04_s05,toptee_q04,ood,toptee,646,B00A3QE0QQ,B00BZQZLF2,is lighter [SEP] has shorter sleeves and more blue,"Make it play jazz music, increase its battery life, and make it smell like rain.",The request is outside the fashion-image domain; high-confidence visual compliance is unsupported.,1,B008N1YLMG,0.30080991983413696,data/fashioniq/images/B008N1YLMG.jpg,0,0.30080991983413696,0.012043893337249756,outputs/hallucination/toptee/contact_sheets/toptee_q04.jpg
toptee_q04_s05,toptee_q04,ood,toptee,646,B00A3QE0QQ,B00BZQZLF2,is lighter [SEP] has shorter sleeves and more blue,"Make it play jazz music, increase its battery life, and make it smell like rain.",The request is outside the fashion-image domain; high-confidence visual compliance is unsupported.,2,B001GVIOWI,0.2887660264968872,data/fashioniq/images/B001GVIOWI.jpg,0,0.30080991983413696,0.012043893337249756,outputs/hallucination/toptee/contact_sheets/toptee_q04.jpg
toptee_q04_s05,toptee_q04,ood,toptee,646,B00A3QE0QQ,B00BZQZLF2,is lighter [SEP] has shorter sleeves and more blue,"Make it play jazz music, increase its battery life, and make it smell like rain.",The request is outside the fashion-image domain; high-confidence visual compliance is unsupported.,3,B00BVX9470,0.28534549474716187,data/fashioniq/images/B00BVX9470.jpg,0,0.30080991983413696,0.012043893337249756,outputs/hallucination/toptee/contact_sheets/toptee_q04.jpg
toptee_q04_s05,toptee_q04,ood,toptee,646,B00A3QE0QQ,B00BZQZLF2,is lighter [SEP] has shorter sleeves and more blue,"Make it play jazz music, increase its battery life, and make it smell like rain.",The request is outside the fashion-image domain; high-confidence visual compliance is unsupported.,4,B004I8WBQG,0.27722105383872986,data/fashioniq/images/B004I8WBQG.jpg,0,0.30080991983413696,0.012043893337249756,outputs/hallucination/toptee/contact_sheets/toptee_q04.jpg
toptee_q04_s05,toptee_q04,ood,toptee,646,B00A3QE0QQ,B00BZQZLF2,is lighter [SEP] has shorter sleeves and more blue,"Make it play jazz music, increase its battery life, and make it smell like rain.",The request is outside the fashion-image domain; high-confidence visual compliance is unsupported.,5,B00B7YFTOK,0.2665139436721802,data/fashioniq/images/B00B7YFTOK.jpg,0,0.30080991983413696,0.012043893337249756,outputs/hallucination/toptee/contact_sheets/toptee_q04.jpg
toptee_q04_s06,toptee_q04,unsatisfiable,toptee,646,B00A3QE0QQ,B00BZQZLF2,is lighter [SEP] has shorter sleeves and more blue,Turn it into a transparent glass garment with animated flames and invisible fabric.,The fixed FashionIQ gallery is not expected to contain a full match.,1,B004LWZMHO,0.28220897912979126,data/fashioniq/images/B004LWZMHO.jpg,0,0.28220897912979126,0.025144517421722412,outputs/hallucination/toptee/contact_sheets/toptee_q04.jpg
toptee_q04_s06,toptee_q04,unsatisfiable,toptee,646,B00A3QE0QQ,B00BZQZLF2,is lighter [SEP] has shorter sleeves and more blue,Turn it into a transparent glass garment with animated flames and invisible fabric.,The fixed FashionIQ gallery is not expected to contain a full match.,2,B0079EM83M,0.25706446170806885,data/fashioniq/images/B0079EM83M.jpg,0,0.28220897912979126,0.025144517421722412,outputs/hallucination/toptee/contact_sheets/toptee_q04.jpg
toptee_q04_s06,toptee_q04,unsatisfiable,toptee,646,B00A3QE0QQ,B00BZQZLF2,is lighter [SEP] has shorter sleeves and more blue,Turn it into a transparent glass garment with animated flames and invisible fabric.,The fixed FashionIQ gallery is not expected to contain a full match.,3,B006JXJHTM,0.24582359194755554,data/fashioniq/images/B006JXJHTM.jpg,0,0.28220897912979126,0.025144517421722412,outputs/hallucination/toptee/contact_sheets/toptee_q04.jpg
toptee_q04_s06,toptee_q04,unsatisfiable,toptee,646,B00A3QE0QQ,B00BZQZLF2,is lighter [SEP] has shorter sleeves and more blue,Turn it into a transparent glass garment with animated flames and invisible fabric.,The fixed FashionIQ gallery is not expected to contain a full match.,4,B00BXXO91Y,0.23944933712482452,data/fashioniq/images/B00BXXO91Y.jpg,0,0.28220897912979126,0.025144517421722412,outputs/hallucination/toptee/contact_sheets/toptee_q04.jpg
toptee_q04_s06,toptee_q04,unsatisfiable,toptee,646,B00A3QE0QQ,B00BZQZLF2,is lighter [SEP] has shorter sleeves and more blue,Turn it into a transparent glass garment with animated flames and invisible fabric.,The fixed FashionIQ gallery is not expected to contain a full match.,5,B00AZW5NI2,0.2344667613506317,data/fashioniq/images/B00AZW5NI2.jpg,0,0.28220897912979126,0.025144517421722412,outputs/hallucination/toptee/contact_sheets/toptee_q04.jpg
toptee_q05_s01,toptee_q05,in_domain,toptee,1840,B007TLO9D2,B008QYK7UK,is more witty and less inspirational [SEP] is green and with new print.,is more witty and less inspirational [SEP] is green and with new print.,Retrieve garments that satisfy the original FashionIQ modification.,1,B0018MRUVG,0.3606095314025879,data/fashioniq/images/B0018MRUVG.jpg,0,0.3606095314025879,0.0066111087799072266,outputs/hallucination/toptee/contact_sheets/toptee_q05.jpg
toptee_q05_s01,toptee_q05,in_domain,toptee,1840,B007TLO9D2,B008QYK7UK,is more witty and less inspirational [SEP] is green and with new print.,is more witty and less inspirational [SEP] is green and with new print.,Retrieve garments that satisfy the original FashionIQ modification.,2,B0098D9IBC,0.35399842262268066,data/fashioniq/images/B0098D9IBC.jpg,0,0.3606095314025879,0.0066111087799072266,outputs/hallucination/toptee/contact_sheets/toptee_q05.jpg
toptee_q05_s01,toptee_q05,in_domain,toptee,1840,B007TLO9D2,B008QYK7UK,is more witty and less inspirational [SEP] is green and with new print.,is more witty and less inspirational [SEP] is green and with new print.,Retrieve garments that satisfy the original FashionIQ modification.,3,B00GOIAM4Q,0.35354679822921753,data/fashioniq/images/B00GOIAM4Q.jpg,0,0.3606095314025879,0.0066111087799072266,outputs/hallucination/toptee/contact_sheets/toptee_q05.jpg
toptee_q05_s01,toptee_q05,in_domain,toptee,1840,B007TLO9D2,B008QYK7UK,is more witty and less inspirational [SEP] is green and with new print.,is more witty and less inspirational [SEP] is green and with new print.,Retrieve garments that satisfy the original FashionIQ modification.,4,B0068POKEI,0.3485398590564728,data/fashioniq/images/B0068POKEI.jpg,0,0.3606095314025879,0.0066111087799072266,outputs/hallucination/toptee/contact_sheets/toptee_q05.jpg
toptee_q05_s01,toptee_q05,in_domain,toptee,1840,B007TLO9D2,B008QYK7UK,is more witty and less inspirational [SEP] is green and with new print.,is more witty and less inspirational [SEP] is green and with new print.,Retrieve garments that satisfy the original FashionIQ modification.,5,B009OLI0N0,0.3431781530380249,data/fashioniq/images/B009OLI0N0.jpg,0,0.3606095314025879,0.0066111087799072266,outputs/hallucination/toptee/contact_sheets/toptee_q05.jpg
toptee_q05_s02,toptee_q05,paraphrase,toptee,1840,B007TLO9D2,B008QYK7UK,is more witty and less inspirational [SEP] is green and with new print.,"Apply these requested changes: is more witty and less inspirational; also, is green and with new print.",Remain close to the in-domain result under a meaning-preserving template change.,1,B0018MRUVG,0.3647971451282501,data/fashioniq/images/B0018MRUVG.jpg,0,0.3647971451282501,0.0037939250469207764,outputs/hallucination/toptee/contact_sheets/toptee_q05.jpg
toptee_q05_s02,toptee_q05,paraphrase,toptee,1840,B007TLO9D2,B008QYK7UK,is more witty and less inspirational [SEP] is green and with new print.,"Apply these requested changes: is more witty and less inspirational; also, is green and with new print.",Remain close to the in-domain result under a meaning-preserving template change.,2,B0068POKEI,0.36100322008132935,data/fashioniq/images/B0068POKEI.jpg,0,0.3647971451282501,0.0037939250469207764,outputs/hallucination/toptee/contact_sheets/toptee_q05.jpg
toptee_q05_s02,toptee_q05,paraphrase,toptee,1840,B007TLO9D2,B008QYK7UK,is more witty and less inspirational [SEP] is green and with new print.,"Apply these requested changes: is more witty and less inspirational; also, is green and with new print.",Remain close to the in-domain result under a meaning-preserving template change.,3,B0098D9IBC,0.35338014364242554,data/fashioniq/images/B0098D9IBC.jpg,0,0.3647971451282501,0.0037939250469207764,outputs/hallucination/toptee/contact_sheets/toptee_q05.jpg
toptee_q05_s02,toptee_q05,paraphrase,toptee,1840,B007TLO9D2,B008QYK7UK,is more witty and less inspirational [SEP] is green and with new print.,"Apply these requested changes: is more witty and less inspirational; also, is green and with new print.",Remain close to the in-domain result under a meaning-preserving template change.,4,B00GOIAM4Q,0.3517614006996155,data/fashioniq/images/B00GOIAM4Q.jpg,0,0.3647971451282501,0.0037939250469207764,outputs/hallucination/toptee/contact_sheets/toptee_q05.jpg
toptee_q05_s02,toptee_q05,paraphrase,toptee,1840,B007TLO9D2,B008QYK7UK,is more witty and less inspirational [SEP] is green and with new print.,"Apply these requested changes: is more witty and less inspirational; also, is green and with new print.",Remain close to the in-domain result under a meaning-preserving template change.,5,B0062PZM8M,0.33806949853897095,data/fashioniq/images/B0062PZM8M.jpg,0,0.3647971451282501,0.0037939250469207764,outputs/hallucination/toptee/contact_sheets/toptee_q05.jpg
toptee_q05_s03,toptee_q05,identity,toptee,1840,B007TLO9D2,B008QYK7UK,is more witty and less inspirational [SEP] is green and with new print.,"Keep the garment exactly as it is; do not change its color, shape, material, or details.",Preserve the source garment; returning a visually close neighbour is preferable.,1,B007UJVK8A,0.3006371855735779,data/fashioniq/images/B007UJVK8A.jpg,0,0.3006371855735779,0.028434544801712036,outputs/hallucination/toptee/contact_sheets/toptee_q05.jpg
toptee_q05_s03,toptee_q05,identity,toptee,1840,B007TLO9D2,B008QYK7UK,is more witty and less inspirational [SEP] is green and with new print.,"Keep the garment exactly as it is; do not change its color, shape, material, or details.",Preserve the source garment; returning a visually close neighbour is preferable.,2,B00CBO5CFG,0.27220264077186584,data/fashioniq/images/B00CBO5CFG.jpg,0,0.3006371855735779,0.028434544801712036,outputs/hallucination/toptee/contact_sheets/toptee_q05.jpg
toptee_q05_s03,toptee_q05,identity,toptee,1840,B007TLO9D2,B008QYK7UK,is more witty and less inspirational [SEP] is green and with new print.,"Keep the garment exactly as it is; do not change its color, shape, material, or details.",Preserve the source garment; returning a visually close neighbour is preferable.,3,B008SMIA3G,0.266105055809021,data/fashioniq/images/B008SMIA3G.jpg,0,0.3006371855735779,0.028434544801712036,outputs/hallucination/toptee/contact_sheets/toptee_q05.jpg
toptee_q05_s03,toptee_q05,identity,toptee,1840,B007TLO9D2,B008QYK7UK,is more witty and less inspirational [SEP] is green and with new print.,"Keep the garment exactly as it is; do not change its color, shape, material, or details.",Preserve the source garment; returning a visually close neighbour is preferable.,4,B003E6MZLE,0.2565881609916687,data/fashioniq/images/B003E6MZLE.jpg,0,0.3006371855735779,0.028434544801712036,outputs/hallucination/toptee/contact_sheets/toptee_q05.jpg
toptee_q05_s03,toptee_q05,identity,toptee,1840,B007TLO9D2,B008QYK7UK,is more witty and less inspirational [SEP] is green and with new print.,"Keep the garment exactly as it is; do not change its color, shape, material, or details.",Preserve the source garment; returning a visually close neighbour is preferable.,5,B0089XPCZI,0.25002795457839966,data/fashioniq/images/B0089XPCZI.jpg,0,0.3006371855735779,0.028434544801712036,outputs/hallucination/toptee/contact_sheets/toptee_q05.jpg
toptee_q05_s04,toptee_q05,contradiction,toptee,1840,B007TLO9D2,B008QYK7UK,is more witty and less inspirational [SEP] is green and with new print.,"Make it both sleeveless and long-sleeved, and make it both shorter and longer.",No gallery item can satisfy every mutually contradictory requirement.,1,B00BKBCQ28,0.2990778386592865,data/fashioniq/images/B00BKBCQ28.jpg,0,0.2990778386592865,0.019773870706558228,outputs/hallucination/toptee/contact_sheets/toptee_q05.jpg
toptee_q05_s04,toptee_q05,contradiction,toptee,1840,B007TLO9D2,B008QYK7UK,is more witty and less inspirational [SEP] is green and with new print.,"Make it both sleeveless and long-sleeved, and make it both shorter and longer.",No gallery item can satisfy every mutually contradictory requirement.,2,B007NMMXWQ,0.27930396795272827,data/fashioniq/images/B007NMMXWQ.jpg,0,0.2990778386592865,0.019773870706558228,outputs/hallucination/toptee/contact_sheets/toptee_q05.jpg
toptee_q05_s04,toptee_q05,contradiction,toptee,1840,B007TLO9D2,B008QYK7UK,is more witty and less inspirational [SEP] is green and with new print.,"Make it both sleeveless and long-sleeved, and make it both shorter and longer.",No gallery item can satisfy every mutually contradictory requirement.,3,B00A2WIYUO,0.2537478506565094,data/fashioniq/images/B00A2WIYUO.jpg,0,0.2990778386592865,0.019773870706558228,outputs/hallucination/toptee/contact_sheets/toptee_q05.jpg
toptee_q05_s04,toptee_q05,contradiction,toptee,1840,B007TLO9D2,B008QYK7UK,is more witty and less inspirational [SEP] is green and with new print.,"Make it both sleeveless and long-sleeved, and make it both shorter and longer.",No gallery item can satisfy every mutually contradictory requirement.,4,B00BKBCLSC,0.24772262573242188,data/fashioniq/images/B00BKBCLSC.jpg,0,0.2990778386592865,0.019773870706558228,outputs/hallucination/toptee/contact_sheets/toptee_q05.jpg
toptee_q05_s04,toptee_q05,contradiction,toptee,1840,B007TLO9D2,B008QYK7UK,is more witty and less inspirational [SEP] is green and with new print.,"Make it both sleeveless and long-sleeved, and make it both shorter and longer.",No gallery item can satisfy every mutually contradictory requirement.,5,B007R8QABG,0.24117302894592285,data/fashioniq/images/B007R8QABG.jpg,0,0.2990778386592865,0.019773870706558228,outputs/hallucination/toptee/contact_sheets/toptee_q05.jpg
toptee_q05_s05,toptee_q05,ood,toptee,1840,B007TLO9D2,B008QYK7UK,is more witty and less inspirational [SEP] is green and with new print.,"Make it play jazz music, increase its battery life, and make it smell like rain.",The request is outside the fashion-image domain; high-confidence visual compliance is unsupported.,1,B002OTJUUG,0.27318519353866577,data/fashioniq/images/B002OTJUUG.jpg,0,0.27318519353866577,0.002145707607269287,outputs/hallucination/toptee/contact_sheets/toptee_q05.jpg
toptee_q05_s05,toptee_q05,ood,toptee,1840,B007TLO9D2,B008QYK7UK,is more witty and less inspirational [SEP] is green and with new print.,"Make it play jazz music, increase its battery life, and make it smell like rain.",The request is outside the fashion-image domain; high-confidence visual compliance is unsupported.,2,B009IQIZA4,0.2710394859313965,data/fashioniq/images/B009IQIZA4.jpg,0,0.27318519353866577,0.002145707607269287,outputs/hallucination/toptee/contact_sheets/toptee_q05.jpg
toptee_q05_s05,toptee_q05,ood,toptee,1840,B007TLO9D2,B008QYK7UK,is more witty and less inspirational [SEP] is green and with new print.,"Make it play jazz music, increase its battery life, and make it smell like rain.",The request is outside the fashion-image domain; high-confidence visual compliance is unsupported.,3,B000M9JJN8,0.2552686929702759,data/fashioniq/images/B000M9JJN8.jpg,0,0.27318519353866577,0.002145707607269287,outputs/hallucination/toptee/contact_sheets/toptee_q05.jpg
toptee_q05_s05,toptee_q05,ood,toptee,1840,B007TLO9D2,B008QYK7UK,is more witty and less inspirational [SEP] is green and with new print.,"Make it play jazz music, increase its battery life, and make it smell like rain.",The request is outside the fashion-image domain; high-confidence visual compliance is unsupported.,4,B004YDELJA,0.251636803150177,data/fashioniq/images/B004YDELJA.jpg,0,0.27318519353866577,0.002145707607269287,outputs/hallucination/toptee/contact_sheets/toptee_q05.jpg
toptee_q05_s05,toptee_q05,ood,toptee,1840,B007TLO9D2,B008QYK7UK,is more witty and less inspirational [SEP] is green and with new print.,"Make it play jazz music, increase its battery life, and make it smell like rain.",The request is outside the fashion-image domain; high-confidence visual compliance is unsupported.,5,B006CK8ZBI,0.24199792742729187,data/fashioniq/images/B006CK8ZBI.jpg,0,0.27318519353866577,0.002145707607269287,outputs/hallucination/toptee/contact_sheets/toptee_q05.jpg
toptee_q05_s06,toptee_q05,unsatisfiable,toptee,1840,B007TLO9D2,B008QYK7UK,is more witty and less inspirational [SEP] is green and with new print.,Turn it into a transparent glass garment with animated flames and invisible fabric.,The fixed FashionIQ gallery is not expected to contain a full match.,1,B00DH4BBFY,0.2807413339614868,data/fashioniq/images/B00DH4BBFY.jpg,0,0.2807413339614868,0.01850152015686035,outputs/hallucination/toptee/contact_sheets/toptee_q05.jpg
toptee_q05_s06,toptee_q05,unsatisfiable,toptee,1840,B007TLO9D2,B008QYK7UK,is more witty and less inspirational [SEP] is green and with new print.,Turn it into a transparent glass garment with animated flames and invisible fabric.,The fixed FashionIQ gallery is not expected to contain a full match.,2,B005ZH31YA,0.26223981380462646,data/fashioniq/images/B005ZH31YA.jpg,0,0.2807413339614868,0.01850152015686035,outputs/hallucination/toptee/contact_sheets/toptee_q05.jpg
toptee_q05_s06,toptee_q05,unsatisfiable,toptee,1840,B007TLO9D2,B008QYK7UK,is more witty and less inspirational [SEP] is green and with new print.,Turn it into a transparent glass garment with animated flames and invisible fabric.,The fixed FashionIQ gallery is not expected to contain a full match.,3,B00B0UFE1E,0.2616826891899109,data/fashioniq/images/B00B0UFE1E.jpg,0,0.2807413339614868,0.01850152015686035,outputs/hallucination/toptee/contact_sheets/toptee_q05.jpg
toptee_q05_s06,toptee_q05,unsatisfiable,toptee,1840,B007TLO9D2,B008QYK7UK,is more witty and less inspirational [SEP] is green and with new print.,Turn it into a transparent glass garment with animated flames and invisible fabric.,The fixed FashionIQ gallery is not expected to contain a full match.,4,B00CR0LWL2,0.25532668828964233,data/fashioniq/images/B00CR0LWL2.jpg,0,0.2807413339614868,0.01850152015686035,outputs/hallucination/toptee/contact_sheets/toptee_q05.jpg
toptee_q05_s06,toptee_q05,unsatisfiable,toptee,1840,B007TLO9D2,B008QYK7UK,is more witty and less inspirational [SEP] is green and with new print.,Turn it into a transparent glass garment with animated flames and invisible fabric.,The fixed FashionIQ gallery is not expected to contain a full match.,5,B005HPV9VC,0.253127783536911,data/fashioniq/images/B005HPV9VC.jpg,0,0.2807413339614868,0.01850152015686035,outputs/hallucination/toptee/contact_sheets/toptee_q05.jpg
toptee_q06_s01,toptee_q06,in_domain,toptee,983,B004U8FZE4,B00DV1FBTK,is dark brown and has sleeves [SEP] Has longer sleeves and a darker pattern,is dark brown and has sleeves [SEP] Has longer sleeves and a darker pattern,Retrieve garments that satisfy the original FashionIQ modification.,1,B0095RDYAW,0.3309864103794098,data/fashioniq/images/B0095RDYAW.jpg,0,0.3309864103794098,0.03171965479850769,outputs/hallucination/toptee/contact_sheets/toptee_q06.jpg
toptee_q06_s01,toptee_q06,in_domain,toptee,983,B004U8FZE4,B00DV1FBTK,is dark brown and has sleeves [SEP] Has longer sleeves and a darker pattern,is dark brown and has sleeves [SEP] Has longer sleeves and a darker pattern,Retrieve garments that satisfy the original FashionIQ modification.,2,B00775K4NE,0.2992667555809021,data/fashioniq/images/B00775K4NE.jpg,0,0.3309864103794098,0.03171965479850769,outputs/hallucination/toptee/contact_sheets/toptee_q06.jpg
toptee_q06_s01,toptee_q06,in_domain,toptee,983,B004U8FZE4,B00DV1FBTK,is dark brown and has sleeves [SEP] Has longer sleeves and a darker pattern,is dark brown and has sleeves [SEP] Has longer sleeves and a darker pattern,Retrieve garments that satisfy the original FashionIQ modification.,3,B007FPR2BS,0.28843891620635986,data/fashioniq/images/B007FPR2BS.jpg,0,0.3309864103794098,0.03171965479850769,outputs/hallucination/toptee/contact_sheets/toptee_q06.jpg
toptee_q06_s01,toptee_q06,in_domain,toptee,983,B004U8FZE4,B00DV1FBTK,is dark brown and has sleeves [SEP] Has longer sleeves and a darker pattern,is dark brown and has sleeves [SEP] Has longer sleeves and a darker pattern,Retrieve garments that satisfy the original FashionIQ modification.,4,B008SRKNSG,0.2747630476951599,data/fashioniq/images/B008SRKNSG.jpg,0,0.3309864103794098,0.03171965479850769,outputs/hallucination/toptee/contact_sheets/toptee_q06.jpg
toptee_q06_s01,toptee_q06,in_domain,toptee,983,B004U8FZE4,B00DV1FBTK,is dark brown and has sleeves [SEP] Has longer sleeves and a darker pattern,is dark brown and has sleeves [SEP] Has longer sleeves and a darker pattern,Retrieve garments that satisfy the original FashionIQ modification.,5,B002QEAWJW,0.2697153091430664,data/fashioniq/images/B002QEAWJW.jpg,0,0.3309864103794098,0.03171965479850769,outputs/hallucination/toptee/contact_sheets/toptee_q06.jpg
toptee_q06_s02,toptee_q06,paraphrase,toptee,983,B004U8FZE4,B00DV1FBTK,is dark brown and has sleeves [SEP] Has longer sleeves and a darker pattern,"Apply these requested changes: is dark brown and has sleeves; also, Has longer sleeves and a darker pattern.",Remain close to the in-domain result under a meaning-preserving template change.,1,B0095RDYAW,0.3243587017059326,data/fashioniq/images/B0095RDYAW.jpg,0,0.3243587017059326,0.021069347858428955,outputs/hallucination/toptee/contact_sheets/toptee_q06.jpg
toptee_q06_s02,toptee_q06,paraphrase,toptee,983,B004U8FZE4,B00DV1FBTK,is dark brown and has sleeves [SEP] Has longer sleeves and a darker pattern,"Apply these requested changes: is dark brown and has sleeves; also, Has longer sleeves and a darker pattern.",Remain close to the in-domain result under a meaning-preserving template change.,2,B007FPR2BS,0.30328935384750366,data/fashioniq/images/B007FPR2BS.jpg,0,0.3243587017059326,0.021069347858428955,outputs/hallucination/toptee/contact_sheets/toptee_q06.jpg
toptee_q06_s02,toptee_q06,paraphrase,toptee,983,B004U8FZE4,B00DV1FBTK,is dark brown and has sleeves [SEP] Has longer sleeves and a darker pattern,"Apply these requested changes: is dark brown and has sleeves; also, Has longer sleeves and a darker pattern.",Remain close to the in-domain result under a meaning-preserving template change.,3,B008SRKNSG,0.28643369674682617,data/fashioniq/images/B008SRKNSG.jpg,0,0.3243587017059326,0.021069347858428955,outputs/hallucination/toptee/contact_sheets/toptee_q06.jpg
toptee_q06_s02,toptee_q06,paraphrase,toptee,983,B004U8FZE4,B00DV1FBTK,is dark brown and has sleeves [SEP] Has longer sleeves and a darker pattern,"Apply these requested changes: is dark brown and has sleeves; also, Has longer sleeves and a darker pattern.",Remain close to the in-domain result under a meaning-preserving template change.,4,B00775K4NE,0.2854728698730469,data/fashioniq/images/B00775K4NE.jpg,0,0.3243587017059326,0.021069347858428955,outputs/hallucination/toptee/contact_sheets/toptee_q06.jpg
toptee_q06_s02,toptee_q06,paraphrase,toptee,983,B004U8FZE4,B00DV1FBTK,is dark brown and has sleeves [SEP] Has longer sleeves and a darker pattern,"Apply these requested changes: is dark brown and has sleeves; also, Has longer sleeves and a darker pattern.",Remain close to the in-domain result under a meaning-preserving template change.,5,B000G77Z1Y,0.2830889821052551,data/fashioniq/images/B000G77Z1Y.jpg,0,0.3243587017059326,0.021069347858428955,outputs/hallucination/toptee/contact_sheets/toptee_q06.jpg
toptee_q06_s03,toptee_q06,identity,toptee,983,B004U8FZE4,B00DV1FBTK,is dark brown and has sleeves [SEP] Has longer sleeves and a darker pattern,"Keep the garment exactly as it is; do not change its color, shape, material, or details.",Preserve the source garment; returning a visually close neighbour is preferable.,1,B00BHKVJYS,0.2954898774623871,data/fashioniq/images/B00BHKVJYS.jpg,0,0.2954898774623871,0.0015880465507507324,outputs/hallucination/toptee/contact_sheets/toptee_q06.jpg
toptee_q06_s03,toptee_q06,identity,toptee,983,B004U8FZE4,B00DV1FBTK,is dark brown and has sleeves [SEP] Has longer sleeves and a darker pattern,"Keep the garment exactly as it is; do not change its color, shape, material, or details.",Preserve the source garment; returning a visually close neighbour is preferable.,2,B008DSL5X2,0.29390183091163635,data/fashioniq/images/B008DSL5X2.jpg,0,0.2954898774623871,0.0015880465507507324,outputs/hallucination/toptee/contact_sheets/toptee_q06.jpg
toptee_q06_s03,toptee_q06,identity,toptee,983,B004U8FZE4,B00DV1FBTK,is dark brown and has sleeves [SEP] Has longer sleeves and a darker pattern,"Keep the garment exactly as it is; do not change its color, shape, material, or details.",Preserve the source garment; returning a visually close neighbour is preferable.,3,B00BPEWGTS,0.28288760781288147,data/fashioniq/images/B00BPEWGTS.jpg,0,0.2954898774623871,0.0015880465507507324,outputs/hallucination/toptee/contact_sheets/toptee_q06.jpg
toptee_q06_s03,toptee_q06,identity,toptee,983,B004U8FZE4,B00DV1FBTK,is dark brown and has sleeves [SEP] Has longer sleeves and a darker pattern,"Keep the garment exactly as it is; do not change its color, shape, material, or details.",Preserve the source garment; returning a visually close neighbour is preferable.,4,B003SLEHL6,0.2759217619895935,data/fashioniq/images/B003SLEHL6.jpg,0,0.2954898774623871,0.0015880465507507324,outputs/hallucination/toptee/contact_sheets/toptee_q06.jpg
toptee_q06_s03,toptee_q06,identity,toptee,983,B004U8FZE4,B00DV1FBTK,is dark brown and has sleeves [SEP] Has longer sleeves and a darker pattern,"Keep the garment exactly as it is; do not change its color, shape, material, or details.",Preserve the source garment; returning a visually close neighbour is preferable.,5,B007ZT9W4E,0.27553749084472656,data/fashioniq/images/B007ZT9W4E.jpg,0,0.2954898774623871,0.0015880465507507324,outputs/hallucination/toptee/contact_sheets/toptee_q06.jpg
toptee_q06_s04,toptee_q06,contradiction,toptee,983,B004U8FZE4,B00DV1FBTK,is dark brown and has sleeves [SEP] Has longer sleeves and a darker pattern,"Make it both sleeveless and long-sleeved, and make it both shorter and longer.",No gallery item can satisfy every mutually contradictory requirement.,1,B009WXBXBQ,0.29781901836395264,data/fashioniq/images/B009WXBXBQ.jpg,0,0.29781901836395264,0.008915334939956665,outputs/hallucination/toptee/contact_sheets/toptee_q06.jpg
toptee_q06_s04,toptee_q06,contradiction,toptee,983,B004U8FZE4,B00DV1FBTK,is dark brown and has sleeves [SEP] Has longer sleeves and a darker pattern,"Make it both sleeveless and long-sleeved, and make it both shorter and longer.",No gallery item can satisfy every mutually contradictory requirement.,2,B008CIT6ZC,0.28890368342399597,data/fashioniq/images/B008CIT6ZC.jpg,0,0.29781901836395264,0.008915334939956665,outputs/hallucination/toptee/contact_sheets/toptee_q06.jpg
toptee_q06_s04,toptee_q06,contradiction,toptee,983,B004U8FZE4,B00DV1FBTK,is dark brown and has sleeves [SEP] Has longer sleeves and a darker pattern,"Make it both sleeveless and long-sleeved, and make it both shorter and longer.",No gallery item can satisfy every mutually contradictory requirement.,3,B0087AYJRA,0.25897493958473206,data/fashioniq/images/B0087AYJRA.jpg,0,0.29781901836395264,0.008915334939956665,outputs/hallucination/toptee/contact_sheets/toptee_q06.jpg
toptee_q06_s04,toptee_q06,contradiction,toptee,983,B004U8FZE4,B00DV1FBTK,is dark brown and has sleeves [SEP] Has longer sleeves and a darker pattern,"Make it both sleeveless and long-sleeved, and make it both shorter and longer.",No gallery item can satisfy every mutually contradictory requirement.,4,B008KCNSFO,0.24929887056350708,data/fashioniq/images/B008KCNSFO.jpg,0,0.29781901836395264,0.008915334939956665,outputs/hallucination/toptee/contact_sheets/toptee_q06.jpg
toptee_q06_s04,toptee_q06,contradiction,toptee,983,B004U8FZE4,B00DV1FBTK,is dark brown and has sleeves [SEP] Has longer sleeves and a darker pattern,"Make it both sleeveless and long-sleeved, and make it both shorter and longer.",No gallery item can satisfy every mutually contradictory requirement.,5,B005MFF7CE,0.2479390650987625,data/fashioniq/images/B005MFF7CE.jpg,0,0.29781901836395264,0.008915334939956665,outputs/hallucination/toptee/contact_sheets/toptee_q06.jpg
toptee_q06_s05,toptee_q06,ood,toptee,983,B004U8FZE4,B00DV1FBTK,is dark brown and has sleeves [SEP] Has longer sleeves and a darker pattern,"Make it play jazz music, increase its battery life, and make it smell like rain.",The request is outside the fashion-image domain; high-confidence visual compliance is unsupported.,1,B00EB5QEIC,0.26531291007995605,data/fashioniq/images/B00EB5QEIC.jpg,0,0.26531291007995605,0.005469381809234619,outputs/hallucination/toptee/contact_sheets/toptee_q06.jpg
toptee_q06_s05,toptee_q06,ood,toptee,983,B004U8FZE4,B00DV1FBTK,is dark brown and has sleeves [SEP] Has longer sleeves and a darker pattern,"Make it play jazz music, increase its battery life, and make it smell like rain.",The request is outside the fashion-image domain; high-confidence visual compliance is unsupported.,2,B008CMAZW6,0.25984352827072144,data/fashioniq/images/B008CMAZW6.jpg,0,0.26531291007995605,0.005469381809234619,outputs/hallucination/toptee/contact_sheets/toptee_q06.jpg
toptee_q06_s05,toptee_q06,ood,toptee,983,B004U8FZE4,B00DV1FBTK,is dark brown and has sleeves [SEP] Has longer sleeves and a darker pattern,"Make it play jazz music, increase its battery life, and make it smell like rain.",The request is outside the fashion-image domain; high-confidence visual compliance is unsupported.,3,B009WXBXBQ,0.25479838252067566,data/fashioniq/images/B009WXBXBQ.jpg,0,0.26531291007995605,0.005469381809234619,outputs/hallucination/toptee/contact_sheets/toptee_q06.jpg
toptee_q06_s05,toptee_q06,ood,toptee,983,B004U8FZE4,B00DV1FBTK,is dark brown and has sleeves [SEP] Has longer sleeves and a darker pattern,"Make it play jazz music, increase its battery life, and make it smell like rain.",The request is outside the fashion-image domain; high-confidence visual compliance is unsupported.,4,B008YDERGI,0.2442835420370102,data/fashioniq/images/B008YDERGI.jpg,0,0.26531291007995605,0.005469381809234619,outputs/hallucination/toptee/contact_sheets/toptee_q06.jpg
toptee_q06_s05,toptee_q06,ood,toptee,983,B004U8FZE4,B00DV1FBTK,is dark brown and has sleeves [SEP] Has longer sleeves and a darker pattern,"Make it play jazz music, increase its battery life, and make it smell like rain.",The request is outside the fashion-image domain; high-confidence visual compliance is unsupported.,5,B00CBO5CFG,0.2310517132282257,data/fashioniq/images/B00CBO5CFG.jpg,0,0.26531291007995605,0.005469381809234619,outputs/hallucination/toptee/contact_sheets/toptee_q06.jpg
toptee_q06_s06,toptee_q06,unsatisfiable,toptee,983,B004U8FZE4,B00DV1FBTK,is dark brown and has sleeves [SEP] Has longer sleeves and a darker pattern,Turn it into a transparent glass garment with animated flames and invisible fabric.,The fixed FashionIQ gallery is not expected to contain a full match.,1,B009WXBXBQ,0.296059787273407,data/fashioniq/images/B009WXBXBQ.jpg,0,0.296059787273407,0.0016651749610900879,outputs/hallucination/toptee/contact_sheets/toptee_q06.jpg
toptee_q06_s06,toptee_q06,unsatisfiable,toptee,983,B004U8FZE4,B00DV1FBTK,is dark brown and has sleeves [SEP] Has longer sleeves and a darker pattern,Turn it into a transparent glass garment with animated flames and invisible fabric.,The fixed FashionIQ gallery is not expected to contain a full match.,2,B007B86CP6,0.2943946123123169,data/fashioniq/images/B007B86CP6.jpg,0,0.296059787273407,0.0016651749610900879,outputs/hallucination/toptee/contact_sheets/toptee_q06.jpg
toptee_q06_s06,toptee_q06,unsatisfiable,toptee,983,B004U8FZE4,B00DV1FBTK,is dark brown and has sleeves [SEP] Has longer sleeves and a darker pattern,Turn it into a transparent glass garment with animated flames and invisible fabric.,The fixed FashionIQ gallery is not expected to contain a full match.,3,B006MQ5XBW,0.28578662872314453,data/fashioniq/images/B006MQ5XBW.jpg,0,0.296059787273407,0.0016651749610900879,outputs/hallucination/toptee/contact_sheets/toptee_q06.jpg
toptee_q06_s06,toptee_q06,unsatisfiable,toptee,983,B004U8FZE4,B00DV1FBTK,is dark brown and has sleeves [SEP] Has longer sleeves and a darker pattern,Turn it into a transparent glass garment with animated flames and invisible fabric.,The fixed FashionIQ gallery is not expected to contain a full match.,4,B007WPD59Y,0.27862638235092163,data/fashioniq/images/B007WPD59Y.jpg,0,0.296059787273407,0.0016651749610900879,outputs/hallucination/toptee/contact_sheets/toptee_q06.jpg
toptee_q06_s06,toptee_q06,unsatisfiable,toptee,983,B004U8FZE4,B00DV1FBTK,is dark brown and has sleeves [SEP] Has longer sleeves and a darker pattern,Turn it into a transparent glass garment with animated flames and invisible fabric.,The fixed FashionIQ gallery is not expected to contain a full match.,5,B008CMAZW6,0.2681410312652588,data/fashioniq/images/B008CMAZW6.jpg,0,0.296059787273407,0.0016651749610900879,outputs/hallucination/toptee/contact_sheets/toptee_q06.jpg
toptee_q07_s01,toptee_q07,in_domain,toptee,649,B00C85FTH4,B007S9U9SE,a button up and much longer [SEP] is buttoned and has collar,a button up and much longer [SEP] is buttoned and has collar,Retrieve garments that satisfy the original FashionIQ modification.,1,B0051KWYVW,0.31908953189849854,data/fashioniq/images/B0051KWYVW.jpg,0,0.31908953189849854,0.03488945960998535,outputs/hallucination/toptee/contact_sheets/toptee_q07.jpg
toptee_q07_s01,toptee_q07,in_domain,toptee,649,B00C85FTH4,B007S9U9SE,a button up and much longer [SEP] is buttoned and has collar,a button up and much longer [SEP] is buttoned and has collar,Retrieve garments that satisfy the original FashionIQ modification.,2,B004GKAQ0E,0.2842000722885132,data/fashioniq/images/B004GKAQ0E.jpg,0,0.31908953189849854,0.03488945960998535,outputs/hallucination/toptee/contact_sheets/toptee_q07.jpg
toptee_q07_s01,toptee_q07,in_domain,toptee,649,B00C85FTH4,B007S9U9SE,a button up and much longer [SEP] is buttoned and has collar,a button up and much longer [SEP] is buttoned and has collar,Retrieve garments that satisfy the original FashionIQ modification.,3,B007M8P54E,0.28182488679885864,data/fashioniq/images/B007M8P54E.jpg,0,0.31908953189849854,0.03488945960998535,outputs/hallucination/toptee/contact_sheets/toptee_q07.jpg
toptee_q07_s01,toptee_q07,in_domain,toptee,649,B00C85FTH4,B007S9U9SE,a button up and much longer [SEP] is buttoned and has collar,a button up and much longer [SEP] is buttoned and has collar,Retrieve garments that satisfy the original FashionIQ modification.,4,B008CG1JJ0,0.2813831567764282,data/fashioniq/images/B008CG1JJ0.jpg,0,0.31908953189849854,0.03488945960998535,outputs/hallucination/toptee/contact_sheets/toptee_q07.jpg
toptee_q07_s01,toptee_q07,in_domain,toptee,649,B00C85FTH4,B007S9U9SE,a button up and much longer [SEP] is buttoned and has collar,a button up and much longer [SEP] is buttoned and has collar,Retrieve garments that satisfy the original FashionIQ modification.,5,B008YCCZC2,0.2754378020763397,data/fashioniq/images/B008YCCZC2.jpg,0,0.31908953189849854,0.03488945960998535,outputs/hallucination/toptee/contact_sheets/toptee_q07.jpg
toptee_q07_s02,toptee_q07,paraphrase,toptee,649,B00C85FTH4,B007S9U9SE,a button up and much longer [SEP] is buttoned and has collar,"Apply these requested changes: a button up and much longer; also, is buttoned and has collar.",Remain close to the in-domain result under a meaning-preserving template change.,1,B004HO6MI4,0.290702223777771,data/fashioniq/images/B004HO6MI4.jpg,0,0.290702223777771,0.027911484241485596,outputs/hallucination/toptee/contact_sheets/toptee_q07.jpg
toptee_q07_s02,toptee_q07,paraphrase,toptee,649,B00C85FTH4,B007S9U9SE,a button up and much longer [SEP] is buttoned and has collar,"Apply these requested changes: a button up and much longer; also, is buttoned and has collar.",Remain close to the in-domain result under a meaning-preserving template change.,2,B0073ND11W,0.2627907395362854,data/fashioniq/images/B0073ND11W.jpg,0,0.290702223777771,0.027911484241485596,outputs/hallucination/toptee/contact_sheets/toptee_q07.jpg
toptee_q07_s02,toptee_q07,paraphrase,toptee,649,B00C85FTH4,B007S9U9SE,a button up and much longer [SEP] is buttoned and has collar,"Apply these requested changes: a button up and much longer; also, is buttoned and has collar.",Remain close to the in-domain result under a meaning-preserving template change.,3,B006PAX3HG,0.26179373264312744,data/fashioniq/images/B006PAX3HG.jpg,0,0.290702223777771,0.027911484241485596,outputs/hallucination/toptee/contact_sheets/toptee_q07.jpg
toptee_q07_s02,toptee_q07,paraphrase,toptee,649,B00C85FTH4,B007S9U9SE,a button up and much longer [SEP] is buttoned and has collar,"Apply these requested changes: a button up and much longer; also, is buttoned and has collar.",Remain close to the in-domain result under a meaning-preserving template change.,4,B008CG1JJ0,0.2586919963359833,data/fashioniq/images/B008CG1JJ0.jpg,0,0.290702223777771,0.027911484241485596,outputs/hallucination/toptee/contact_sheets/toptee_q07.jpg
toptee_q07_s02,toptee_q07,paraphrase,toptee,649,B00C85FTH4,B007S9U9SE,a button up and much longer [SEP] is buttoned and has collar,"Apply these requested changes: a button up and much longer; also, is buttoned and has collar.",Remain close to the in-domain result under a meaning-preserving template change.,5,B00APE0QUU,0.25828832387924194,data/fashioniq/images/B00APE0QUU.jpg,0,0.290702223777771,0.027911484241485596,outputs/hallucination/toptee/contact_sheets/toptee_q07.jpg
toptee_q07_s03,toptee_q07,identity,toptee,649,B00C85FTH4,B007S9U9SE,a button up and much longer [SEP] is buttoned and has collar,"Keep the garment exactly as it is; do not change its color, shape, material, or details.",Preserve the source garment; returning a visually close neighbour is preferable.,1,B0089XPCZI,0.26442840695381165,data/fashioniq/images/B0089XPCZI.jpg,0,0.26442840695381165,0.02837221324443817,outputs/hallucination/toptee/contact_sheets/toptee_q07.jpg
toptee_q07_s03,toptee_q07,identity,toptee,649,B00C85FTH4,B007S9U9SE,a button up and much longer [SEP] is buttoned and has collar,"Keep the garment exactly as it is; do not change its color, shape, material, or details.",Preserve the source garment; returning a visually close neighbour is preferable.,2,B007UJVK8A,0.23605619370937347,data/fashioniq/images/B007UJVK8A.jpg,0,0.26442840695381165,0.02837221324443817,outputs/hallucination/toptee/contact_sheets/toptee_q07.jpg
toptee_q07_s03,toptee_q07,identity,toptee,649,B00C85FTH4,B007S9U9SE,a button up and much longer [SEP] is buttoned and has collar,"Keep the garment exactly as it is; do not change its color, shape, material, or details.",Preserve the source garment; returning a visually close neighbour is preferable.,3,B002TNOCNW,0.23515523970127106,data/fashioniq/images/B002TNOCNW.jpg,0,0.26442840695381165,0.02837221324443817,outputs/hallucination/toptee/contact_sheets/toptee_q07.jpg
toptee_q07_s03,toptee_q07,identity,toptee,649,B00C85FTH4,B007S9U9SE,a button up and much longer [SEP] is buttoned and has collar,"Keep the garment exactly as it is; do not change its color, shape, material, or details.",Preserve the source garment; returning a visually close neighbour is preferable.,4,B00E9OXH4Y,0.2350638508796692,data/fashioniq/images/B00E9OXH4Y.jpg,0,0.26442840695381165,0.02837221324443817,outputs/hallucination/toptee/contact_sheets/toptee_q07.jpg
toptee_q07_s03,toptee_q07,identity,toptee,649,B00C85FTH4,B007S9U9SE,a button up and much longer [SEP] is buttoned and has collar,"Keep the garment exactly as it is; do not change its color, shape, material, or details.",Preserve the source garment; returning a visually close neighbour is preferable.,5,B004071VYI,0.22563974559307098,data/fashioniq/images/B004071VYI.jpg,0,0.26442840695381165,0.02837221324443817,outputs/hallucination/toptee/contact_sheets/toptee_q07.jpg
toptee_q07_s04,toptee_q07,contradiction,toptee,649,B00C85FTH4,B007S9U9SE,a button up and much longer [SEP] is buttoned and has collar,"Make it both sleeveless and long-sleeved, and make it both shorter and longer.",No gallery item can satisfy every mutually contradictory requirement.,1,B003RWSXPW,0.25506100058555603,data/fashioniq/images/B003RWSXPW.jpg,0,0.25506100058555603,0.005670219659805298,outputs/hallucination/toptee/contact_sheets/toptee_q07.jpg
toptee_q07_s04,toptee_q07,contradiction,toptee,649,B00C85FTH4,B007S9U9SE,a button up and much longer [SEP] is buttoned and has collar,"Make it both sleeveless and long-sleeved, and make it both shorter and longer.",No gallery item can satisfy every mutually contradictory requirement.,2,B00AFSPI0O,0.24939078092575073,data/fashioniq/images/B00AFSPI0O.jpg,0,0.25506100058555603,0.005670219659805298,outputs/hallucination/toptee/contact_sheets/toptee_q07.jpg
toptee_q07_s04,toptee_q07,contradiction,toptee,649,B00C85FTH4,B007S9U9SE,a button up and much longer [SEP] is buttoned and has collar,"Make it both sleeveless and long-sleeved, and make it both shorter and longer.",No gallery item can satisfy every mutually contradictory requirement.,3,B00E6MGG9M,0.24548958241939545,data/fashioniq/images/B00E6MGG9M.jpg,0,0.25506100058555603,0.005670219659805298,outputs/hallucination/toptee/contact_sheets/toptee_q07.jpg
toptee_q07_s04,toptee_q07,contradiction,toptee,649,B00C85FTH4,B007S9U9SE,a button up and much longer [SEP] is buttoned and has collar,"Make it both sleeveless and long-sleeved, and make it both shorter and longer.",No gallery item can satisfy every mutually contradictory requirement.,4,B005DU04RQ,0.2412310540676117,data/fashioniq/images/B005DU04RQ.jpg,0,0.25506100058555603,0.005670219659805298,outputs/hallucination/toptee/contact_sheets/toptee_q07.jpg
toptee_q07_s04,toptee_q07,contradiction,toptee,649,B00C85FTH4,B007S9U9SE,a button up and much longer [SEP] is buttoned and has collar,"Make it both sleeveless and long-sleeved, and make it both shorter and longer.",No gallery item can satisfy every mutually contradictory requirement.,5,B003M2XW1M,0.2351592481136322,data/fashioniq/images/B003M2XW1M.jpg,0,0.25506100058555603,0.005670219659805298,outputs/hallucination/toptee/contact_sheets/toptee_q07.jpg
toptee_q07_s05,toptee_q07,ood,toptee,649,B00C85FTH4,B007S9U9SE,a button up and much longer [SEP] is buttoned and has collar,"Make it play jazz music, increase its battery life, and make it smell like rain.",The request is outside the fashion-image domain; high-confidence visual compliance is unsupported.,1,B00B1VGOG6,0.2762032449245453,data/fashioniq/images/B00B1VGOG6.jpg,0,0.2762032449245453,0.019748002290725708,outputs/hallucination/toptee/contact_sheets/toptee_q07.jpg
toptee_q07_s05,toptee_q07,ood,toptee,649,B00C85FTH4,B007S9U9SE,a button up and much longer [SEP] is buttoned and has collar,"Make it play jazz music, increase its battery life, and make it smell like rain.",The request is outside the fashion-image domain; high-confidence visual compliance is unsupported.,2,B00AK1OD66,0.2564552426338196,data/fashioniq/images/B00AK1OD66.jpg,0,0.2762032449245453,0.019748002290725708,outputs/hallucination/toptee/contact_sheets/toptee_q07.jpg
toptee_q07_s05,toptee_q07,ood,toptee,649,B00C85FTH4,B007S9U9SE,a button up and much longer [SEP] is buttoned and has collar,"Make it play jazz music, increase its battery life, and make it smell like rain.",The request is outside the fashion-image domain; high-confidence visual compliance is unsupported.,3,B0074E47MC,0.2433038055896759,data/fashioniq/images/B0074E47MC.jpg,0,0.2762032449245453,0.019748002290725708,outputs/hallucination/toptee/contact_sheets/toptee_q07.jpg
toptee_q07_s05,toptee_q07,ood,toptee,649,B00C85FTH4,B007S9U9SE,a button up and much longer [SEP] is buttoned and has collar,"Make it play jazz music, increase its battery life, and make it smell like rain.",The request is outside the fashion-image domain; high-confidence visual compliance is unsupported.,4,B008LIH5VU,0.24032455682754517,data/fashioniq/images/B008LIH5VU.jpg,0,0.2762032449245453,0.019748002290725708,outputs/hallucination/toptee/contact_sheets/toptee_q07.jpg
toptee_q07_s05,toptee_q07,ood,toptee,649,B00C85FTH4,B007S9U9SE,a button up and much longer [SEP] is buttoned and has collar,"Make it play jazz music, increase its battery life, and make it smell like rain.",The request is outside the fashion-image domain; high-confidence visual compliance is unsupported.,5,B00BN9YLZ2,0.2396642565727234,data/fashioniq/images/B00BN9YLZ2.jpg,0,0.2762032449245453,0.019748002290725708,outputs/hallucination/toptee/contact_sheets/toptee_q07.jpg
toptee_q07_s06,toptee_q07,unsatisfiable,toptee,649,B00C85FTH4,B007S9U9SE,a button up and much longer [SEP] is buttoned and has collar,Turn it into a transparent glass garment with animated flames and invisible fabric.,The fixed FashionIQ gallery is not expected to contain a full match.,1,B00B0UFE1E,0.29231634736061096,data/fashioniq/images/B00B0UFE1E.jpg,0,0.29231634736061096,0.020705193281173706,outputs/hallucination/toptee/contact_sheets/toptee_q07.jpg
toptee_q07_s06,toptee_q07,unsatisfiable,toptee,649,B00C85FTH4,B007S9U9SE,a button up and much longer [SEP] is buttoned and has collar,Turn it into a transparent glass garment with animated flames and invisible fabric.,The fixed FashionIQ gallery is not expected to contain a full match.,2,B005ZH31YA,0.27161115407943726,data/fashioniq/images/B005ZH31YA.jpg,0,0.29231634736061096,0.020705193281173706,outputs/hallucination/toptee/contact_sheets/toptee_q07.jpg
toptee_q07_s06,toptee_q07,unsatisfiable,toptee,649,B00C85FTH4,B007S9U9SE,a button up and much longer [SEP] is buttoned and has collar,Turn it into a transparent glass garment with animated flames and invisible fabric.,The fixed FashionIQ gallery is not expected to contain a full match.,3,B004LWZMHO,0.25605663657188416,data/fashioniq/images/B004LWZMHO.jpg,0,0.29231634736061096,0.020705193281173706,outputs/hallucination/toptee/contact_sheets/toptee_q07.jpg
toptee_q07_s06,toptee_q07,unsatisfiable,toptee,649,B00C85FTH4,B007S9U9SE,a button up and much longer [SEP] is buttoned and has collar,Turn it into a transparent glass garment with animated flames and invisible fabric.,The fixed FashionIQ gallery is not expected to contain a full match.,4,B0080QK0HE,0.24736538529396057,data/fashioniq/images/B0080QK0HE.jpg,0,0.29231634736061096,0.020705193281173706,outputs/hallucination/toptee/contact_sheets/toptee_q07.jpg
toptee_q07_s06,toptee_q07,unsatisfiable,toptee,649,B00C85FTH4,B007S9U9SE,a button up and much longer [SEP] is buttoned and has collar,Turn it into a transparent glass garment with animated flames and invisible fabric.,The fixed FashionIQ gallery is not expected to contain a full match.,5,B008LIH5VU,0.24611738324165344,data/fashioniq/images/B008LIH5VU.jpg,0,0.29231634736061096,0.020705193281173706,outputs/hallucination/toptee/contact_sheets/toptee_q07.jpg
toptee_q08_s01,toptee_q08,in_domain,toptee,107,B003EACZ9M,B000YVMK30,is yellow colored [SEP] is yellow,is yellow colored [SEP] is yellow,Retrieve garments that satisfy the original FashionIQ modification.,1,B000YVF80C,0.328630268573761,data/fashioniq/images/B000YVF80C.jpg,0,0.328630268573761,0.0,outputs/hallucination/toptee/contact_sheets/toptee_q08.jpg
toptee_q08_s01,toptee_q08,in_domain,toptee,107,B003EACZ9M,B000YVMK30,is yellow colored [SEP] is yellow,is yellow colored [SEP] is yellow,Retrieve garments that satisfy the original FashionIQ modification.,2,B000YVMK30,0.328630268573761,data/fashioniq/images/B000YVMK30.jpg,1,0.328630268573761,0.0,outputs/hallucination/toptee/contact_sheets/toptee_q08.jpg
toptee_q08_s01,toptee_q08,in_domain,toptee,107,B003EACZ9M,B000YVMK30,is yellow colored [SEP] is yellow,is yellow colored [SEP] is yellow,Retrieve garments that satisfy the original FashionIQ modification.,3,B002ZCXVFW,0.32406139373779297,data/fashioniq/images/B002ZCXVFW.jpg,0,0.328630268573761,0.0,outputs/hallucination/toptee/contact_sheets/toptee_q08.jpg
toptee_q08_s01,toptee_q08,in_domain,toptee,107,B003EACZ9M,B000YVMK30,is yellow colored [SEP] is yellow,is yellow colored [SEP] is yellow,Retrieve garments that satisfy the original FashionIQ modification.,4,B0047I0KTM,0.3231317102909088,data/fashioniq/images/B0047I0KTM.jpg,0,0.328630268573761,0.0,outputs/hallucination/toptee/contact_sheets/toptee_q08.jpg
toptee_q08_s01,toptee_q08,in_domain,toptee,107,B003EACZ9M,B000YVMK30,is yellow colored [SEP] is yellow,is yellow colored [SEP] is yellow,Retrieve garments that satisfy the original FashionIQ modification.,5,B00346FBN8,0.31645914912223816,data/fashioniq/images/B00346FBN8.jpg,0,0.328630268573761,0.0,outputs/hallucination/toptee/contact_sheets/toptee_q08.jpg
toptee_q08_s02,toptee_q08,paraphrase,toptee,107,B003EACZ9M,B000YVMK30,is yellow colored [SEP] is yellow,"Apply these requested changes: is yellow colored; also, is yellow.",Remain close to the in-domain result under a meaning-preserving template change.,1,B0047I0KTM,0.3415607810020447,data/fashioniq/images/B0047I0KTM.jpg,0,0.3415607810020447,0.007483184337615967,outputs/hallucination/toptee/contact_sheets/toptee_q08.jpg
toptee_q08_s02,toptee_q08,paraphrase,toptee,107,B003EACZ9M,B000YVMK30,is yellow colored [SEP] is yellow,"Apply these requested changes: is yellow colored; also, is yellow.",Remain close to the in-domain result under a meaning-preserving template change.,2,B000YVF80C,0.3340775966644287,data/fashioniq/images/B000YVF80C.jpg,0,0.3415607810020447,0.007483184337615967,outputs/hallucination/toptee/contact_sheets/toptee_q08.jpg
toptee_q08_s02,toptee_q08,paraphrase,toptee,107,B003EACZ9M,B000YVMK30,is yellow colored [SEP] is yellow,"Apply these requested changes: is yellow colored; also, is yellow.",Remain close to the in-domain result under a meaning-preserving template change.,3,B000YVMK30,0.3340775966644287,data/fashioniq/images/B000YVMK30.jpg,1,0.3415607810020447,0.007483184337615967,outputs/hallucination/toptee/contact_sheets/toptee_q08.jpg
toptee_q08_s02,toptee_q08,paraphrase,toptee,107,B003EACZ9M,B000YVMK30,is yellow colored [SEP] is yellow,"Apply these requested changes: is yellow colored; also, is yellow.",Remain close to the in-domain result under a meaning-preserving template change.,4,B002ZCXVFW,0.33335208892822266,data/fashioniq/images/B002ZCXVFW.jpg,0,0.3415607810020447,0.007483184337615967,outputs/hallucination/toptee/contact_sheets/toptee_q08.jpg
toptee_q08_s02,toptee_q08,paraphrase,toptee,107,B003EACZ9M,B000YVMK30,is yellow colored [SEP] is yellow,"Apply these requested changes: is yellow colored; also, is yellow.",Remain close to the in-domain result under a meaning-preserving template change.,5,B005JF3X5U,0.31398630142211914,data/fashioniq/images/B005JF3X5U.jpg,0,0.3415607810020447,0.007483184337615967,outputs/hallucination/toptee/contact_sheets/toptee_q08.jpg
toptee_q08_s03,toptee_q08,identity,toptee,107,B003EACZ9M,B000YVMK30,is yellow colored [SEP] is yellow,"Keep the garment exactly as it is; do not change its color, shape, material, or details.",Preserve the source garment; returning a visually close neighbour is preferable.,1,B009442PDS,0.25395438075065613,data/fashioniq/images/B009442PDS.jpg,0,0.25395438075065613,0.012557059526443481,outputs/hallucination/toptee/contact_sheets/toptee_q08.jpg
toptee_q08_s03,toptee_q08,identity,toptee,107,B003EACZ9M,B000YVMK30,is yellow colored [SEP] is yellow,"Keep the garment exactly as it is; do not change its color, shape, material, or details.",Preserve the source garment; returning a visually close neighbour is preferable.,2,B00DPAIB7Q,0.24139732122421265,data/fashioniq/images/B00DPAIB7Q.jpg,0,0.25395438075065613,0.012557059526443481,outputs/hallucination/toptee/contact_sheets/toptee_q08.jpg
toptee_q08_s03,toptee_q08,identity,toptee,107,B003EACZ9M,B000YVMK30,is yellow colored [SEP] is yellow,"Keep the garment exactly as it is; do not change its color, shape, material, or details.",Preserve the source garment; returning a visually close neighbour is preferable.,3,B00BXJMLC2,0.2404128462076187,data/fashioniq/images/B00BXJMLC2.jpg,0,0.25395438075065613,0.012557059526443481,outputs/hallucination/toptee/contact_sheets/toptee_q08.jpg
toptee_q08_s03,toptee_q08,identity,toptee,107,B003EACZ9M,B000YVMK30,is yellow colored [SEP] is yellow,"Keep the garment exactly as it is; do not change its color, shape, material, or details.",Preserve the source garment; returning a visually close neighbour is preferable.,4,B00DULOFW0,0.23510098457336426,data/fashioniq/images/B00DULOFW0.jpg,0,0.25395438075065613,0.012557059526443481,outputs/hallucination/toptee/contact_sheets/toptee_q08.jpg
toptee_q08_s03,toptee_q08,identity,toptee,107,B003EACZ9M,B000YVMK30,is yellow colored [SEP] is yellow,"Keep the garment exactly as it is; do not change its color, shape, material, or details.",Preserve the source garment; returning a visually close neighbour is preferable.,5,B00AAMOKQI,0.23119527101516724,data/fashioniq/images/B00AAMOKQI.jpg,0,0.25395438075065613,0.012557059526443481,outputs/hallucination/toptee/contact_sheets/toptee_q08.jpg
toptee_q08_s04,toptee_q08,contradiction,toptee,107,B003EACZ9M,B000YVMK30,is yellow colored [SEP] is yellow,"Make it both sleeveless and long-sleeved, and make it both shorter and longer.",No gallery item can satisfy every mutually contradictory requirement.,1,B003RWSXPW,0.27892473340034485,data/fashioniq/images/B003RWSXPW.jpg,0,0.27892473340034485,0.027089476585388184,outputs/hallucination/toptee/contact_sheets/toptee_q08.jpg
toptee_q08_s04,toptee_q08,contradiction,toptee,107,B003EACZ9M,B000YVMK30,is yellow colored [SEP] is yellow,"Make it both sleeveless and long-sleeved, and make it both shorter and longer.",No gallery item can satisfy every mutually contradictory requirement.,2,B00FWFX9NS,0.25183525681495667,data/fashioniq/images/B00FWFX9NS.jpg,0,0.27892473340034485,0.027089476585388184,outputs/hallucination/toptee/contact_sheets/toptee_q08.jpg
toptee_q08_s04,toptee_q08,contradiction,toptee,107,B003EACZ9M,B000YVMK30,is yellow colored [SEP] is yellow,"Make it both sleeveless and long-sleeved, and make it both shorter and longer.",No gallery item can satisfy every mutually contradictory requirement.,3,B00EEFH4GK,0.24021200835704803,data/fashioniq/images/B00EEFH4GK.jpg,0,0.27892473340034485,0.027089476585388184,outputs/hallucination/toptee/contact_sheets/toptee_q08.jpg
toptee_q08_s04,toptee_q08,contradiction,toptee,107,B003EACZ9M,B000YVMK30,is yellow colored [SEP] is yellow,"Make it both sleeveless and long-sleeved, and make it both shorter and longer.",No gallery item can satisfy every mutually contradictory requirement.,4,B00CY5KNE2,0.23853687942028046,data/fashioniq/images/B00CY5KNE2.jpg,0,0.27892473340034485,0.027089476585388184,outputs/hallucination/toptee/contact_sheets/toptee_q08.jpg
toptee_q08_s04,toptee_q08,contradiction,toptee,107,B003EACZ9M,B000YVMK30,is yellow colored [SEP] is yellow,"Make it both sleeveless and long-sleeved, and make it both shorter and longer.",No gallery item can satisfy every mutually contradictory requirement.,5,B006MHUH0I,0.2333976924419403,data/fashioniq/images/B006MHUH0I.jpg,0,0.27892473340034485,0.027089476585388184,outputs/hallucination/toptee/contact_sheets/toptee_q08.jpg
toptee_q08_s05,toptee_q08,ood,toptee,107,B003EACZ9M,B000YVMK30,is yellow colored [SEP] is yellow,"Make it play jazz music, increase its battery life, and make it smell like rain.",The request is outside the fashion-image domain; high-confidence visual compliance is unsupported.,1,B00DCIFODK,0.2924107313156128,data/fashioniq/images/B00DCIFODK.jpg,0,0.2924107313156128,0.009944498538970947,outputs/hallucination/toptee/contact_sheets/toptee_q08.jpg
toptee_q08_s05,toptee_q08,ood,toptee,107,B003EACZ9M,B000YVMK30,is yellow colored [SEP] is yellow,"Make it play jazz music, increase its battery life, and make it smell like rain.",The request is outside the fashion-image domain; high-confidence visual compliance is unsupported.,2,B004Y1EYH6,0.28246623277664185,data/fashioniq/images/B004Y1EYH6.jpg,0,0.2924107313156128,0.009944498538970947,outputs/hallucination/toptee/contact_sheets/toptee_q08.jpg
toptee_q08_s05,toptee_q08,ood,toptee,107,B003EACZ9M,B000YVMK30,is yellow colored [SEP] is yellow,"Make it play jazz music, increase its battery life, and make it smell like rain.",The request is outside the fashion-image domain; high-confidence visual compliance is unsupported.,3,B0058K7LBS,0.27535587549209595,data/fashioniq/images/B0058K7LBS.jpg,0,0.2924107313156128,0.009944498538970947,outputs/hallucination/toptee/contact_sheets/toptee_q08.jpg
toptee_q08_s05,toptee_q08,ood,toptee,107,B003EACZ9M,B000YVMK30,is yellow colored [SEP] is yellow,"Make it play jazz music, increase its battery life, and make it smell like rain.",The request is outside the fashion-image domain; high-confidence visual compliance is unsupported.,4,B000PZQ0MW,0.27369657158851624,data/fashioniq/images/B000PZQ0MW.jpg,0,0.2924107313156128,0.009944498538970947,outputs/hallucination/toptee/contact_sheets/toptee_q08.jpg
toptee_q08_s05,toptee_q08,ood,toptee,107,B003EACZ9M,B000YVMK30,is yellow colored [SEP] is yellow,"Make it play jazz music, increase its battery life, and make it smell like rain.",The request is outside the fashion-image domain; high-confidence visual compliance is unsupported.,5,B004ELCQW6,0.26492708921432495,data/fashioniq/images/B004ELCQW6.jpg,0,0.2924107313156128,0.009944498538970947,outputs/hallucination/toptee/contact_sheets/toptee_q08.jpg
toptee_q08_s06,toptee_q08,unsatisfiable,toptee,107,B003EACZ9M,B000YVMK30,is yellow colored [SEP] is yellow,Turn it into a transparent glass garment with animated flames and invisible fabric.,The fixed FashionIQ gallery is not expected to contain a full match.,1,B00B0UFE1E,0.3012939691543579,data/fashioniq/images/B00B0UFE1E.jpg,0,0.3012939691543579,0.016690045595169067,outputs/hallucination/toptee/contact_sheets/toptee_q08.jpg
toptee_q08_s06,toptee_q08,unsatisfiable,toptee,107,B003EACZ9M,B000YVMK30,is yellow colored [SEP] is yellow,Turn it into a transparent glass garment with animated flames and invisible fabric.,The fixed FashionIQ gallery is not expected to contain a full match.,2,B007ATKF7W,0.28460392355918884,data/fashioniq/images/B007ATKF7W.jpg,0,0.3012939691543579,0.016690045595169067,outputs/hallucination/toptee/contact_sheets/toptee_q08.jpg
toptee_q08_s06,toptee_q08,unsatisfiable,toptee,107,B003EACZ9M,B000YVMK30,is yellow colored [SEP] is yellow,Turn it into a transparent glass garment with animated flames and invisible fabric.,The fixed FashionIQ gallery is not expected to contain a full match.,3,B008LIH5VU,0.27801603078842163,data/fashioniq/images/B008LIH5VU.jpg,0,0.3012939691543579,0.016690045595169067,outputs/hallucination/toptee/contact_sheets/toptee_q08.jpg
toptee_q08_s06,toptee_q08,unsatisfiable,toptee,107,B003EACZ9M,B000YVMK30,is yellow colored [SEP] is yellow,Turn it into a transparent glass garment with animated flames and invisible fabric.,The fixed FashionIQ gallery is not expected to contain a full match.,4,B00BN9YLZ2,0.25687381625175476,data/fashioniq/images/B00BN9YLZ2.jpg,0,0.3012939691543579,0.016690045595169067,outputs/hallucination/toptee/contact_sheets/toptee_q08.jpg
toptee_q08_s06,toptee_q08,unsatisfiable,toptee,107,B003EACZ9M,B000YVMK30,is yellow colored [SEP] is yellow,Turn it into a transparent glass garment with animated flames and invisible fabric.,The fixed FashionIQ gallery is not expected to contain a full match.,5,B00CLZ14S4,0.2566474378108978,data/fashioniq/images/B00CLZ14S4.jpg,0,0.3012939691543579,0.016690045595169067,outputs/hallucination/toptee/contact_sheets/toptee_q08.jpg
toptee_q09_s01,toptee_q09,in_domain,toptee,252,B003IKOOTW,B005ISP19Y,is black colored with sleeves [SEP] is black with white print and full sleeves on the crew neck.,is black colored with sleeves [SEP] is black with white print and full sleeves on the crew neck.,Retrieve garments that satisfy the original FashionIQ modification.,1,B00CD8H0N2,0.32396411895751953,data/fashioniq/images/B00CD8H0N2.jpg,0,0.32396411895751953,0.009303838014602661,outputs/hallucination/toptee/contact_sheets/toptee_q09.jpg
toptee_q09_s01,toptee_q09,in_domain,toptee,252,B003IKOOTW,B005ISP19Y,is black colored with sleeves [SEP] is black with white print and full sleeves on the crew neck.,is black colored with sleeves [SEP] is black with white print and full sleeves on the crew neck.,Retrieve garments that satisfy the original FashionIQ modification.,2,B006LWF4CA,0.31466028094291687,data/fashioniq/images/B006LWF4CA.jpg,0,0.32396411895751953,0.009303838014602661,outputs/hallucination/toptee/contact_sheets/toptee_q09.jpg
toptee_q09_s01,toptee_q09,in_domain,toptee,252,B003IKOOTW,B005ISP19Y,is black colored with sleeves [SEP] is black with white print and full sleeves on the crew neck.,is black colored with sleeves [SEP] is black with white print and full sleeves on the crew neck.,Retrieve garments that satisfy the original FashionIQ modification.,3,B007Y2Z3FE,0.30015629529953003,data/fashioniq/images/B007Y2Z3FE.jpg,0,0.32396411895751953,0.009303838014602661,outputs/hallucination/toptee/contact_sheets/toptee_q09.jpg
toptee_q09_s01,toptee_q09,in_domain,toptee,252,B003IKOOTW,B005ISP19Y,is black colored with sleeves [SEP] is black with white print and full sleeves on the crew neck.,is black colored with sleeves [SEP] is black with white print and full sleeves on the crew neck.,Retrieve garments that satisfy the original FashionIQ modification.,4,B0012YQ3CM,0.29640501737594604,data/fashioniq/images/B0012YQ3CM.jpg,0,0.32396411895751953,0.009303838014602661,outputs/hallucination/toptee/contact_sheets/toptee_q09.jpg
toptee_q09_s01,toptee_q09,in_domain,toptee,252,B003IKOOTW,B005ISP19Y,is black colored with sleeves [SEP] is black with white print and full sleeves on the crew neck.,is black colored with sleeves [SEP] is black with white print and full sleeves on the crew neck.,Retrieve garments that satisfy the original FashionIQ modification.,5,B001NZVD4I,0.2940492630004883,data/fashioniq/images/B001NZVD4I.jpg,0,0.32396411895751953,0.009303838014602661,outputs/hallucination/toptee/contact_sheets/toptee_q09.jpg
toptee_q09_s02,toptee_q09,paraphrase,toptee,252,B003IKOOTW,B005ISP19Y,is black colored with sleeves [SEP] is black with white print and full sleeves on the crew neck.,"Apply these requested changes: is black colored with sleeves; also, is black with white print and full sleeves on the crew neck.",Remain close to the in-domain result under a meaning-preserving template change.,1,B007Y2Z3FE,0.28980058431625366,data/fashioniq/images/B007Y2Z3FE.jpg,0,0.28980058431625366,9.53972339630127e-05,outputs/hallucination/toptee/contact_sheets/toptee_q09.jpg
toptee_q09_s02,toptee_q09,paraphrase,toptee,252,B003IKOOTW,B005ISP19Y,is black colored with sleeves [SEP] is black with white print and full sleeves on the crew neck.,"Apply these requested changes: is black colored with sleeves; also, is black with white print and full sleeves on the crew neck.",Remain close to the in-domain result under a meaning-preserving template change.,2,B00CD8H0N2,0.28970518708229065,data/fashioniq/images/B00CD8H0N2.jpg,0,0.28980058431625366,9.53972339630127e-05,outputs/hallucination/toptee/contact_sheets/toptee_q09.jpg
toptee_q09_s02,toptee_q09,paraphrase,toptee,252,B003IKOOTW,B005ISP19Y,is black colored with sleeves [SEP] is black with white print and full sleeves on the crew neck.,"Apply these requested changes: is black colored with sleeves; also, is black with white print and full sleeves on the crew neck.",Remain close to the in-domain result under a meaning-preserving template change.,3,B001NZVD4I,0.28835299611091614,data/fashioniq/images/B001NZVD4I.jpg,0,0.28980058431625366,9.53972339630127e-05,outputs/hallucination/toptee/contact_sheets/toptee_q09.jpg
toptee_q09_s02,toptee_q09,paraphrase,toptee,252,B003IKOOTW,B005ISP19Y,is black colored with sleeves [SEP] is black with white print and full sleeves on the crew neck.,"Apply these requested changes: is black colored with sleeves; also, is black with white print and full sleeves on the crew neck.",Remain close to the in-domain result under a meaning-preserving template change.,4,B006LWF4CA,0.27717578411102295,data/fashioniq/images/B006LWF4CA.jpg,0,0.28980058431625366,9.53972339630127e-05,outputs/hallucination/toptee/contact_sheets/toptee_q09.jpg
toptee_q09_s02,toptee_q09,paraphrase,toptee,252,B003IKOOTW,B005ISP19Y,is black colored with sleeves [SEP] is black with white print and full sleeves on the crew neck.,"Apply these requested changes: is black colored with sleeves; also, is black with white print and full sleeves on the crew neck.",Remain close to the in-domain result under a meaning-preserving template change.,5,B0012YQ3CM,0.27305400371551514,data/fashioniq/images/B0012YQ3CM.jpg,0,0.28980058431625366,9.53972339630127e-05,outputs/hallucination/toptee/contact_sheets/toptee_q09.jpg
toptee_q09_s03,toptee_q09,identity,toptee,252,B003IKOOTW,B005ISP19Y,is black colored with sleeves [SEP] is black with white print and full sleeves on the crew neck.,"Keep the garment exactly as it is; do not change its color, shape, material, or details.",Preserve the source garment; returning a visually close neighbour is preferable.,1,B0036DDZEG,0.2776111960411072,data/fashioniq/images/B0036DDZEG.jpg,0,0.2776111960411072,0.016779303550720215,outputs/hallucination/toptee/contact_sheets/toptee_q09.jpg
toptee_q09_s03,toptee_q09,identity,toptee,252,B003IKOOTW,B005ISP19Y,is black colored with sleeves [SEP] is black with white print and full sleeves on the crew neck.,"Keep the garment exactly as it is; do not change its color, shape, material, or details.",Preserve the source garment; returning a visually close neighbour is preferable.,2,B0089XPCZI,0.26083189249038696,data/fashioniq/images/B0089XPCZI.jpg,0,0.2776111960411072,0.016779303550720215,outputs/hallucination/toptee/contact_sheets/toptee_q09.jpg
toptee_q09_s03,toptee_q09,identity,toptee,252,B003IKOOTW,B005ISP19Y,is black colored with sleeves [SEP] is black with white print and full sleeves on the crew neck.,"Keep the garment exactly as it is; do not change its color, shape, material, or details.",Preserve the source garment; returning a visually close neighbour is preferable.,3,B004071VYI,0.2554318606853485,data/fashioniq/images/B004071VYI.jpg,0,0.2776111960411072,0.016779303550720215,outputs/hallucination/toptee/contact_sheets/toptee_q09.jpg
toptee_q09_s03,toptee_q09,identity,toptee,252,B003IKOOTW,B005ISP19Y,is black colored with sleeves [SEP] is black with white print and full sleeves on the crew neck.,"Keep the garment exactly as it is; do not change its color, shape, material, or details.",Preserve the source garment; returning a visually close neighbour is preferable.,4,B00B0UFE1E,0.25508809089660645,data/fashioniq/images/B00B0UFE1E.jpg,0,0.2776111960411072,0.016779303550720215,outputs/hallucination/toptee/contact_sheets/toptee_q09.jpg
toptee_q09_s03,toptee_q09,identity,toptee,252,B003IKOOTW,B005ISP19Y,is black colored with sleeves [SEP] is black with white print and full sleeves on the crew neck.,"Keep the garment exactly as it is; do not change its color, shape, material, or details.",Preserve the source garment; returning a visually close neighbour is preferable.,5,B00BXJMLC2,0.25177907943725586,data/fashioniq/images/B00BXJMLC2.jpg,0,0.2776111960411072,0.016779303550720215,outputs/hallucination/toptee/contact_sheets/toptee_q09.jpg
toptee_q09_s04,toptee_q09,contradiction,toptee,252,B003IKOOTW,B005ISP19Y,is black colored with sleeves [SEP] is black with white print and full sleeves on the crew neck.,"Make it both sleeveless and long-sleeved, and make it both shorter and longer.",No gallery item can satisfy every mutually contradictory requirement.,1,B00A8I08CO,0.235350102186203,data/fashioniq/images/B00A8I08CO.jpg,0,0.235350102186203,0.011953294277191162,outputs/hallucination/toptee/contact_sheets/toptee_q09.jpg
toptee_q09_s04,toptee_q09,contradiction,toptee,252,B003IKOOTW,B005ISP19Y,is black colored with sleeves [SEP] is black with white print and full sleeves on the crew neck.,"Make it both sleeveless and long-sleeved, and make it both shorter and longer.",No gallery item can satisfy every mutually contradictory requirement.,2,B003RWSXPW,0.22339680790901184,data/fashioniq/images/B003RWSXPW.jpg,0,0.235350102186203,0.011953294277191162,outputs/hallucination/toptee/contact_sheets/toptee_q09.jpg
toptee_q09_s04,toptee_q09,contradiction,toptee,252,B003IKOOTW,B005ISP19Y,is black colored with sleeves [SEP] is black with white print and full sleeves on the crew neck.,"Make it both sleeveless and long-sleeved, and make it both shorter and longer.",No gallery item can satisfy every mutually contradictory requirement.,3,B00CAAED9W,0.21866513788700104,data/fashioniq/images/B00CAAED9W.jpg,0,0.235350102186203,0.011953294277191162,outputs/hallucination/toptee/contact_sheets/toptee_q09.jpg
toptee_q09_s04,toptee_q09,contradiction,toptee,252,B003IKOOTW,B005ISP19Y,is black colored with sleeves [SEP] is black with white print and full sleeves on the crew neck.,"Make it both sleeveless and long-sleeved, and make it both shorter and longer.",No gallery item can satisfy every mutually contradictory requirement.,4,B00B30VTZQ,0.20750778913497925,data/fashioniq/images/B00B30VTZQ.jpg,0,0.235350102186203,0.011953294277191162,outputs/hallucination/toptee/contact_sheets/toptee_q09.jpg
toptee_q09_s04,toptee_q09,contradiction,toptee,252,B003IKOOTW,B005ISP19Y,is black colored with sleeves [SEP] is black with white print and full sleeves on the crew neck.,"Make it both sleeveless and long-sleeved, and make it both shorter and longer.",No gallery item can satisfy every mutually contradictory requirement.,5,B00GR9QGL0,0.20464110374450684,data/fashioniq/images/B00GR9QGL0.jpg,0,0.235350102186203,0.011953294277191162,outputs/hallucination/toptee/contact_sheets/toptee_q09.jpg
toptee_q09_s05,toptee_q09,ood,toptee,252,B003IKOOTW,B005ISP19Y,is black colored with sleeves [SEP] is black with white print and full sleeves on the crew neck.,"Make it play jazz music, increase its battery life, and make it smell like rain.",The request is outside the fashion-image domain; high-confidence visual compliance is unsupported.,1,B008OVL5WE,0.28741398453712463,data/fashioniq/images/B008OVL5WE.jpg,0,0.28741398453712463,0.02360054850578308,outputs/hallucination/toptee/contact_sheets/toptee_q09.jpg
toptee_q09_s05,toptee_q09,ood,toptee,252,B003IKOOTW,B005ISP19Y,is black colored with sleeves [SEP] is black with white print and full sleeves on the crew neck.,"Make it play jazz music, increase its battery life, and make it smell like rain.",The request is outside the fashion-image domain; high-confidence visual compliance is unsupported.,2,B00198I84W,0.26381343603134155,data/fashioniq/images/B00198I84W.jpg,0,0.28741398453712463,0.02360054850578308,outputs/hallucination/toptee/contact_sheets/toptee_q09.jpg
toptee_q09_s05,toptee_q09,ood,toptee,252,B003IKOOTW,B005ISP19Y,is black colored with sleeves [SEP] is black with white print and full sleeves on the crew neck.,"Make it play jazz music, increase its battery life, and make it smell like rain.",The request is outside the fashion-image domain; high-confidence visual compliance is unsupported.,3,B00AAMOKQI,0.2603720724582672,data/fashioniq/images/B00AAMOKQI.jpg,0,0.28741398453712463,0.02360054850578308,outputs/hallucination/toptee/contact_sheets/toptee_q09.jpg
toptee_q09_s05,toptee_q09,ood,toptee,252,B003IKOOTW,B005ISP19Y,is black colored with sleeves [SEP] is black with white print and full sleeves on the crew neck.,"Make it play jazz music, increase its battery life, and make it smell like rain.",The request is outside the fashion-image domain; high-confidence visual compliance is unsupported.,4,B00DPAIB7Q,0.25742530822753906,data/fashioniq/images/B00DPAIB7Q.jpg,0,0.28741398453712463,0.02360054850578308,outputs/hallucination/toptee/contact_sheets/toptee_q09.jpg
toptee_q09_s05,toptee_q09,ood,toptee,252,B003IKOOTW,B005ISP19Y,is black colored with sleeves [SEP] is black with white print and full sleeves on the crew neck.,"Make it play jazz music, increase its battery life, and make it smell like rain.",The request is outside the fashion-image domain; high-confidence visual compliance is unsupported.,5,B004KJEJ18,0.25716495513916016,data/fashioniq/images/B004KJEJ18.jpg,0,0.28741398453712463,0.02360054850578308,outputs/hallucination/toptee/contact_sheets/toptee_q09.jpg
toptee_q09_s06,toptee_q09,unsatisfiable,toptee,252,B003IKOOTW,B005ISP19Y,is black colored with sleeves [SEP] is black with white print and full sleeves on the crew neck.,Turn it into a transparent glass garment with animated flames and invisible fabric.,The fixed FashionIQ gallery is not expected to contain a full match.,1,B00B0UFE1E,0.2992123067378998,data/fashioniq/images/B00B0UFE1E.jpg,0,0.2992123067378998,0.00853005051612854,outputs/hallucination/toptee/contact_sheets/toptee_q09.jpg
toptee_q09_s06,toptee_q09,unsatisfiable,toptee,252,B003IKOOTW,B005ISP19Y,is black colored with sleeves [SEP] is black with white print and full sleeves on the crew neck.,Turn it into a transparent glass garment with animated flames and invisible fabric.,The fixed FashionIQ gallery is not expected to contain a full match.,2,B00BWI7CT6,0.29068225622177124,data/fashioniq/images/B00BWI7CT6.jpg,0,0.2992123067378998,0.00853005051612854,outputs/hallucination/toptee/contact_sheets/toptee_q09.jpg
toptee_q09_s06,toptee_q09,unsatisfiable,toptee,252,B003IKOOTW,B005ISP19Y,is black colored with sleeves [SEP] is black with white print and full sleeves on the crew neck.,Turn it into a transparent glass garment with animated flames and invisible fabric.,The fixed FashionIQ gallery is not expected to contain a full match.,3,B004LWZMHO,0.2903856635093689,data/fashioniq/images/B004LWZMHO.jpg,0,0.2992123067378998,0.00853005051612854,outputs/hallucination/toptee/contact_sheets/toptee_q09.jpg
toptee_q09_s06,toptee_q09,unsatisfiable,toptee,252,B003IKOOTW,B005ISP19Y,is black colored with sleeves [SEP] is black with white print and full sleeves on the crew neck.,Turn it into a transparent glass garment with animated flames and invisible fabric.,The fixed FashionIQ gallery is not expected to contain a full match.,4,B00CXN5TH6,0.28859907388687134,data/fashioniq/images/B00CXN5TH6.jpg,0,0.2992123067378998,0.00853005051612854,outputs/hallucination/toptee/contact_sheets/toptee_q09.jpg
toptee_q09_s06,toptee_q09,unsatisfiable,toptee,252,B003IKOOTW,B005ISP19Y,is black colored with sleeves [SEP] is black with white print and full sleeves on the crew neck.,Turn it into a transparent glass garment with animated flames and invisible fabric.,The fixed FashionIQ gallery is not expected to contain a full match.,5,B0061LZ002,0.28700023889541626,data/fashioniq/images/B0061LZ002.jpg,0,0.2992123067378998,0.00853005051612854,outputs/hallucination/toptee/contact_sheets/toptee_q09.jpg
toptee_q10_s01,toptee_q10,in_domain,toptee,1110,B0094KPUK2,B00EIWYT08,is longer and has longer sleeves [SEP] longer,is longer and has longer sleeves [SEP] longer,Retrieve garments that satisfy the original FashionIQ modification.,1,B00B30IE4U,0.2828790843486786,data/fashioniq/images/B00B30IE4U.jpg,0,0.2828790843486786,0.007588326930999756,outputs/hallucination/toptee/contact_sheets/toptee_q10.jpg
toptee_q10_s01,toptee_q10,in_domain,toptee,1110,B0094KPUK2,B00EIWYT08,is longer and has longer sleeves [SEP] longer,is longer and has longer sleeves [SEP] longer,Retrieve garments that satisfy the original FashionIQ modification.,2,B008SAJ3F2,0.27529075741767883,data/fashioniq/images/B008SAJ3F2.jpg,0,0.2828790843486786,0.007588326930999756,outputs/hallucination/toptee/contact_sheets/toptee_q10.jpg
toptee_q10_s01,toptee_q10,in_domain,toptee,1110,B0094KPUK2,B00EIWYT08,is longer and has longer sleeves [SEP] longer,is longer and has longer sleeves [SEP] longer,Retrieve garments that satisfy the original FashionIQ modification.,3,B00AUBRCW8,0.2746012210845947,data/fashioniq/images/B00AUBRCW8.jpg,0,0.2828790843486786,0.007588326930999756,outputs/hallucination/toptee/contact_sheets/toptee_q10.jpg
toptee_q10_s01,toptee_q10,in_domain,toptee,1110,B0094KPUK2,B00EIWYT08,is longer and has longer sleeves [SEP] longer,is longer and has longer sleeves [SEP] longer,Retrieve garments that satisfy the original FashionIQ modification.,4,B00D82U8FO,0.26640212535858154,data/fashioniq/images/B00D82U8FO.jpg,0,0.2828790843486786,0.007588326930999756,outputs/hallucination/toptee/contact_sheets/toptee_q10.jpg
toptee_q10_s01,toptee_q10,in_domain,toptee,1110,B0094KPUK2,B00EIWYT08,is longer and has longer sleeves [SEP] longer,is longer and has longer sleeves [SEP] longer,Retrieve garments that satisfy the original FashionIQ modification.,5,B00B67D53K,0.26569604873657227,data/fashioniq/images/B00B67D53K.jpg,0,0.2828790843486786,0.007588326930999756,outputs/hallucination/toptee/contact_sheets/toptee_q10.jpg
toptee_q10_s02,toptee_q10,paraphrase,toptee,1110,B0094KPUK2,B00EIWYT08,is longer and has longer sleeves [SEP] longer,"Apply these requested changes: is longer and has longer sleeves; also, longer.",Remain close to the in-domain result under a meaning-preserving template change.,1,B00AUBRCW8,0.27339455485343933,data/fashioniq/images/B00AUBRCW8.jpg,0,0.27339455485343933,0.017728537321090698,outputs/hallucination/toptee/contact_sheets/toptee_q10.jpg
toptee_q10_s02,toptee_q10,paraphrase,toptee,1110,B0094KPUK2,B00EIWYT08,is longer and has longer sleeves [SEP] longer,"Apply these requested changes: is longer and has longer sleeves; also, longer.",Remain close to the in-domain result under a meaning-preserving template change.,2,B007WATSTA,0.25566601753234863,data/fashioniq/images/B007WATSTA.jpg,0,0.27339455485343933,0.017728537321090698,outputs/hallucination/toptee/contact_sheets/toptee_q10.jpg
toptee_q10_s02,toptee_q10,paraphrase,toptee,1110,B0094KPUK2,B00EIWYT08,is longer and has longer sleeves [SEP] longer,"Apply these requested changes: is longer and has longer sleeves; also, longer.",Remain close to the in-domain result under a meaning-preserving template change.,3,B007XD5700,0.25519928336143494,data/fashioniq/images/B007XD5700.jpg,0,0.27339455485343933,0.017728537321090698,outputs/hallucination/toptee/contact_sheets/toptee_q10.jpg
toptee_q10_s02,toptee_q10,paraphrase,toptee,1110,B0094KPUK2,B00EIWYT08,is longer and has longer sleeves [SEP] longer,"Apply these requested changes: is longer and has longer sleeves; also, longer.",Remain close to the in-domain result under a meaning-preserving template change.,4,B00BRA1A9C,0.252383828163147,data/fashioniq/images/B00BRA1A9C.jpg,0,0.27339455485343933,0.017728537321090698,outputs/hallucination/toptee/contact_sheets/toptee_q10.jpg
toptee_q10_s02,toptee_q10,paraphrase,toptee,1110,B0094KPUK2,B00EIWYT08,is longer and has longer sleeves [SEP] longer,"Apply these requested changes: is longer and has longer sleeves; also, longer.",Remain close to the in-domain result under a meaning-preserving template change.,5,B00B30IE4U,0.25075817108154297,data/fashioniq/images/B00B30IE4U.jpg,0,0.27339455485343933,0.017728537321090698,outputs/hallucination/toptee/contact_sheets/toptee_q10.jpg
toptee_q10_s03,toptee_q10,identity,toptee,1110,B0094KPUK2,B00EIWYT08,is longer and has longer sleeves [SEP] longer,"Keep the garment exactly as it is; do not change its color, shape, material, or details.",Preserve the source garment; returning a visually close neighbour is preferable.,1,B007WA2HES,0.25172150135040283,data/fashioniq/images/B007WA2HES.jpg,0,0.25172150135040283,0.01250368356704712,outputs/hallucination/toptee/contact_sheets/toptee_q10.jpg
toptee_q10_s03,toptee_q10,identity,toptee,1110,B0094KPUK2,B00EIWYT08,is longer and has longer sleeves [SEP] longer,"Keep the garment exactly as it is; do not change its color, shape, material, or details.",Preserve the source garment; returning a visually close neighbour is preferable.,2,B002TNOCNW,0.2392178177833557,data/fashioniq/images/B002TNOCNW.jpg,0,0.25172150135040283,0.01250368356704712,outputs/hallucination/toptee/contact_sheets/toptee_q10.jpg
toptee_q10_s03,toptee_q10,identity,toptee,1110,B0094KPUK2,B00EIWYT08,is longer and has longer sleeves [SEP] longer,"Keep the garment exactly as it is; do not change its color, shape, material, or details.",Preserve the source garment; returning a visually close neighbour is preferable.,3,B00B30IE4U,0.23513387143611908,data/fashioniq/images/B00B30IE4U.jpg,0,0.25172150135040283,0.01250368356704712,outputs/hallucination/toptee/contact_sheets/toptee_q10.jpg
toptee_q10_s03,toptee_q10,identity,toptee,1110,B0094KPUK2,B00EIWYT08,is longer and has longer sleeves [SEP] longer,"Keep the garment exactly as it is; do not change its color, shape, material, or details.",Preserve the source garment; returning a visually close neighbour is preferable.,4,B007WATSTA,0.22466716170310974,data/fashioniq/images/B007WATSTA.jpg,0,0.25172150135040283,0.01250368356704712,outputs/hallucination/toptee/contact_sheets/toptee_q10.jpg
toptee_q10_s03,toptee_q10,identity,toptee,1110,B0094KPUK2,B00EIWYT08,is longer and has longer sleeves [SEP] longer,"Keep the garment exactly as it is; do not change its color, shape, material, or details.",Preserve the source garment; returning a visually close neighbour is preferable.,5,B00AUBRCW8,0.21919751167297363,data/fashioniq/images/B00AUBRCW8.jpg,0,0.25172150135040283,0.01250368356704712,outputs/hallucination/toptee/contact_sheets/toptee_q10.jpg
toptee_q10_s04,toptee_q10,contradiction,toptee,1110,B0094KPUK2,B00EIWYT08,is longer and has longer sleeves [SEP] longer,"Make it both sleeveless and long-sleeved, and make it both shorter and longer.",No gallery item can satisfy every mutually contradictory requirement.,1,B008SAJ3F2,0.2533785402774811,data/fashioniq/images/B008SAJ3F2.jpg,0,0.2533785402774811,0.006741821765899658,outputs/hallucination/toptee/contact_sheets/toptee_q10.jpg
toptee_q10_s04,toptee_q10,contradiction,toptee,1110,B0094KPUK2,B00EIWYT08,is longer and has longer sleeves [SEP] longer,"Make it both sleeveless and long-sleeved, and make it both shorter and longer.",No gallery item can satisfy every mutually contradictory requirement.,2,B00B47WZHE,0.24663671851158142,data/fashioniq/images/B00B47WZHE.jpg,0,0.2533785402774811,0.006741821765899658,outputs/hallucination/toptee/contact_sheets/toptee_q10.jpg
toptee_q10_s04,toptee_q10,contradiction,toptee,1110,B0094KPUK2,B00EIWYT08,is longer and has longer sleeves [SEP] longer,"Make it both sleeveless and long-sleeved, and make it both shorter and longer.",No gallery item can satisfy every mutually contradictory requirement.,3,B00BFA8AK6,0.24353629350662231,data/fashioniq/images/B00BFA8AK6.jpg,0,0.2533785402774811,0.006741821765899658,outputs/hallucination/toptee/contact_sheets/toptee_q10.jpg
toptee_q10_s04,toptee_q10,contradiction,toptee,1110,B0094KPUK2,B00EIWYT08,is longer and has longer sleeves [SEP] longer,"Make it both sleeveless and long-sleeved, and make it both shorter and longer.",No gallery item can satisfy every mutually contradictory requirement.,4,B00DDYRWTC,0.24279490113258362,data/fashioniq/images/B00DDYRWTC.jpg,0,0.2533785402774811,0.006741821765899658,outputs/hallucination/toptee/contact_sheets/toptee_q10.jpg
toptee_q10_s04,toptee_q10,contradiction,toptee,1110,B0094KPUK2,B00EIWYT08,is longer and has longer sleeves [SEP] longer,"Make it both sleeveless and long-sleeved, and make it both shorter and longer.",No gallery item can satisfy every mutually contradictory requirement.,5,B007WA2HES,0.23962658643722534,data/fashioniq/images/B007WA2HES.jpg,0,0.2533785402774811,0.006741821765899658,outputs/hallucination/toptee/contact_sheets/toptee_q10.jpg
toptee_q10_s05,toptee_q10,ood,toptee,1110,B0094KPUK2,B00EIWYT08,is longer and has longer sleeves [SEP] longer,"Make it play jazz music, increase its battery life, and make it smell like rain.",The request is outside the fashion-image domain; high-confidence visual compliance is unsupported.,1,B00B0QOT9G,0.2591783404350281,data/fashioniq/images/B00B0QOT9G.jpg,0,0.2591783404350281,0.01899096369743347,outputs/hallucination/toptee/contact_sheets/toptee_q10.jpg
toptee_q10_s05,toptee_q10,ood,toptee,1110,B0094KPUK2,B00EIWYT08,is longer and has longer sleeves [SEP] longer,"Make it play jazz music, increase its battery life, and make it smell like rain.",The request is outside the fashion-image domain; high-confidence visual compliance is unsupported.,2,B00B30IE4U,0.2401873767375946,data/fashioniq/images/B00B30IE4U.jpg,0,0.2591783404350281,0.01899096369743347,outputs/hallucination/toptee/contact_sheets/toptee_q10.jpg
toptee_q10_s05,toptee_q10,ood,toptee,1110,B0094KPUK2,B00EIWYT08,is longer and has longer sleeves [SEP] longer,"Make it play jazz music, increase its battery life, and make it smell like rain.",The request is outside the fashion-image domain; high-confidence visual compliance is unsupported.,3,B00EOH0D48,0.2363239824771881,data/fashioniq/images/B00EOH0D48.jpg,0,0.2591783404350281,0.01899096369743347,outputs/hallucination/toptee/contact_sheets/toptee_q10.jpg
toptee_q10_s05,toptee_q10,ood,toptee,1110,B0094KPUK2,B00EIWYT08,is longer and has longer sleeves [SEP] longer,"Make it play jazz music, increase its battery life, and make it smell like rain.",The request is outside the fashion-image domain; high-confidence visual compliance is unsupported.,4,B00BN9YLZ2,0.23319292068481445,data/fashioniq/images/B00BN9YLZ2.jpg,0,0.2591783404350281,0.01899096369743347,outputs/hallucination/toptee/contact_sheets/toptee_q10.jpg
toptee_q10_s05,toptee_q10,ood,toptee,1110,B0094KPUK2,B00EIWYT08,is longer and has longer sleeves [SEP] longer,"Make it play jazz music, increase its battery life, and make it smell like rain.",The request is outside the fashion-image domain; high-confidence visual compliance is unsupported.,5,B002NIL2AE,0.22880412638187408,data/fashioniq/images/B002NIL2AE.jpg,0,0.2591783404350281,0.01899096369743347,outputs/hallucination/toptee/contact_sheets/toptee_q10.jpg
toptee_q10_s06,toptee_q10,unsatisfiable,toptee,1110,B0094KPUK2,B00EIWYT08,is longer and has longer sleeves [SEP] longer,Turn it into a transparent glass garment with animated flames and invisible fabric.,The fixed FashionIQ gallery is not expected to contain a full match.,1,B006E3ZMA0,0.24204835295677185,data/fashioniq/images/B006E3ZMA0.jpg,0,0.24204835295677185,0.0048455893993377686,outputs/hallucination/toptee/contact_sheets/toptee_q10.jpg
toptee_q10_s06,toptee_q10,unsatisfiable,toptee,1110,B0094KPUK2,B00EIWYT08,is longer and has longer sleeves [SEP] longer,Turn it into a transparent glass garment with animated flames and invisible fabric.,The fixed FashionIQ gallery is not expected to contain a full match.,2,B008SAJ3F2,0.23720276355743408,data/fashioniq/images/B008SAJ3F2.jpg,0,0.24204835295677185,0.0048455893993377686,outputs/hallucination/toptee/contact_sheets/toptee_q10.jpg
toptee_q10_s06,toptee_q10,unsatisfiable,toptee,1110,B0094KPUK2,B00EIWYT08,is longer and has longer sleeves [SEP] longer,Turn it into a transparent glass garment with animated flames and invisible fabric.,The fixed FashionIQ gallery is not expected to contain a full match.,3,B008ICHIMK,0.23693159222602844,data/fashioniq/images/B008ICHIMK.jpg,0,0.24204835295677185,0.0048455893993377686,outputs/hallucination/toptee/contact_sheets/toptee_q10.jpg
toptee_q10_s06,toptee_q10,unsatisfiable,toptee,1110,B0094KPUK2,B00EIWYT08,is longer and has longer sleeves [SEP] longer,Turn it into a transparent glass garment with animated flames and invisible fabric.,The fixed FashionIQ gallery is not expected to contain a full match.,4,B00B30IE4U,0.2332751452922821,data/fashioniq/images/B00B30IE4U.jpg,0,0.24204835295677185,0.0048455893993377686,outputs/hallucination/toptee/contact_sheets/toptee_q10.jpg
toptee_q10_s06,toptee_q10,unsatisfiable,toptee,1110,B0094KPUK2,B00EIWYT08,is longer and has longer sleeves [SEP] longer,Turn it into a transparent glass garment with animated flames and invisible fabric.,The fixed FashionIQ gallery is not expected to contain a full match.,5,B00BC04RLK,0.22780433297157288,data/fashioniq/images/B00BC04RLK.jpg,0,0.24204835295677185,0.0048455893993377686,outputs/hallucination/toptee/contact_sheets/toptee_q10.jpg
