category,query_id,target_id,target_rank,target_score,top1_id,top1_score,top1_top2_margin
dress,B005X4PL1G,B0084Y8XIU,35,0.20699326694011688,B0055TBPNC,0.34359636902809143,0.02559521794319153
dress,B008XODTD0,B00AKLK08G,7,0.2662990987300873,B00E4SYADC,0.29575222730636597,0.013066411018371582
dress,B00BPYP69K,B00CMPE0C0,2732,-0.004892965313047171,B00F14WRSS,0.29256945848464966,0.0073226094245910645
dress,B000QSGNOI,B004UO3XYC,4,0.25308316946029663,B005VAE7RG,0.2639736533164978,0.0016106367111206055
dress,B00FQANLX2,B007U6KROG,42,0.1944701224565506,B00824GAP0,0.2788672149181366,0.012404650449752808
dress,B00CL14N3Q,B004KHOPDW,1622,0.048565659672021866,B007WATKGG,0.2844392955303192,0.010047703981399536
dress,B009CMY4BS,B0091PLEKA,88,0.1894744485616684,B007N0B248,0.3100438714027405,0.0047127604484558105
dress,B00896JPTE,B004P7TNIY,27,0.243872731924057,B00C3I0548,0.3222489356994629,0.025687217712402344
dress,B00F4WI9H0,B0077SM1Z0,1735,0.0302034392952919,B006J42TFU,0.2917097210884094,0.022952556610107422
dress,B000WIRE54,B007UYY43I,1656,0.04719269648194313,B0007WIZYE,0.26948603987693787,0.028317928314208984
dress,B009KQVCAM,B00A0I6GSC,1,0.38874512910842896,B00A0I6GSC,0.38874512910842896,0.018209636211395264
dress,B00FHFMMMW,B00F5DPMIM,3,0.23803061246871948,B008G0E9UI,0.24601511657238007,0.004999071359634399
dress,B00DH06JSW,B00C0X5FG4,4,0.29003018140792847,B00CII41EI,0.30149218440055847,0.00491449236869812
dress,B008YIZM80,B005OOUCLE,75,0.1956266164779663,B007SVFCAW,0.3446706533432007,0.018399715423583984
dress,B009DI5YSS,B008MNM7Y4,1935,0.026307418942451477,B00AWMQ8X4,0.28785449266433716,0.010859787464141846
dress,B007GB2BZI,B009S5XX0M,18,0.23480191826820374,B006LWGYK6,0.3514033555984497,0.035882651805877686
dress,B005GYSR64,B004JU0AF2,33,0.21991494297981262,B004T90LFM,0.35121750831604004,0.014345943927764893
dress,B00CW6HT7W,B00DVH1QS4,20,0.2011910378932953,B005N4KUIA,0.2510322630405426,0.00733909010887146
dress,B004VJ217Q,B00DC6UJ0K,426,0.10412198305130005,B00CH50182,0.28263115882873535,0.006245672702789307
dress,B007B6WEA0,B007H3JJHI,61,0.16591915488243103,B00833D3MI,0.2369142770767212,0.005413949489593506
dress,B0061IXDTU,B008P3DTZC,73,0.16560953855514526,B00AEEFOYO,0.2750835418701172,0.01625645160675049
dress,B00B67ELUG,B009OJFHGA,52,0.20711877942085266,B00A4MVJMW,0.29872632026672363,0.014424622058868408
dress,B00BFGBJ3K,B006ZKN7UY,37,0.25267326831817627,B003ILW9PM,0.37530985474586487,0.05877998471260071
dress,B008UEW5RO,B00AIBYV1K,63,0.20064489543437958,B003XFLQVG,0.2803402543067932,0.005655229091644287
dress,B006CR1XG0,B0089CNC92,1,0.33853137493133545,B0089CNC92,0.33853137493133545,0.0018590092658996582
dress,B00499DHK8,B003ZUWZ3M,22,0.27180519700050354,B005JD4SRO,0.3791574239730835,0.03271353244781494
dress,B005AQCKBQ,B008CPJIWG,1402,0.05927417427301407,B005UX57P0,0.33083412051200867,0.011196732521057129
dress,B008BHSG82,B007WA2VB2,3,0.3393968939781189,B007WAFYU2,0.3647133708000183,0.005101710557937622
dress,B007G6BODI,B008PZ0Y62,3287,-0.021365659311413765,B007PVJ918,0.2712453305721283,0.0011435449123382568
dress,B00BQVAVRY,B005SMZW7Q,153,0.17232204973697662,B006BQAHTG,0.3823004364967346,0.030714750289916992
dress,B00AHHR22A,B00A846WGO,92,0.15933454036712646,B003ZZBYQ6,0.2778377830982208,0.004626482725143433
dress,B00466ICP4,B00A0TSV2U,8,0.28053027391433716,B003WT11KY,0.3499867916107178,0.02569437026977539
dress,B00EXMSRW4,B001VZ6H5U,1064,0.06223966181278229,B00CEHP214,0.29069313406944275,0.009277641773223877
dress,B0080N9HNU,B006ZO5GC2,2,0.35864830017089844,B008P3DTZC,0.3690605163574219,0.010412216186523438
dress,B00B7WGMXE,B0097JDP3Y,14,0.25529828667640686,B00B89O2C4,0.301551878452301,0.01207435131072998
dress,B005QYY5W4,B005KMQQFQ,13,0.2752353847026825,B008UH8MY6,0.368996262550354,0.030614584684371948
dress,B00G6TRZE8,B003ZJ6GCO,1,0.3453576862812042,B003ZJ6GCO,0.3453576862812042,0.01565834879875183
dress,B0054DKVWK,B0076ZYQ6G,1463,0.0588228777050972,B006JSVC3G,0.27880191802978516,0.0050501227378845215
dress,B008RJZTD4,B00CRWGE5E,9,0.2890673279762268,B008EMCIWY,0.34224840998649597,0.017448514699935913
dress,B00B53A556,B008N2O3NW,13,0.28162798285484314,B00DMZAHL2,0.33033427596092224,0.007864385843276978
dress,B005DWYMPO,B005H6XSQA,50,0.21646666526794434,B005VNRG8K,0.37141719460487366,0.01353791356086731
dress,B00FXZX2I4,B00997L4QE,54,0.2301763892173767,B00A784UKG,0.3479790687561035,0.004871368408203125
dress,B00DOS53RA,B00B59UOBU,3641,-0.05828700587153435,B006W573YI,0.2704932987689972,5.868077278137207e-05
dress,B00B3PUKMY,B00C67CQDO,1001,0.05761618912220001,B0087YZQUU,0.29786670207977295,0.04931306838989258
dress,B00B923WCQ,B005GQPE4K,640,0.0617697648704052,B009SI9OTS,0.25223222374916077,0.00810849666595459
dress,B00DU6GJJC,B00CFYDMM2,113,0.17316216230392456,B00BEM2JB6,0.316243052482605,0.006728410720825195
dress,B009PXRLIW,B00C93VT5G,11,0.2800838053226471,B008XOXVBU,0.3847854733467102,0.01876169443130493
dress,B000S5FE7G,B00AXDA432,5,0.30966585874557495,B00C5168K8,0.33039677143096924,0.004302978515625
dress,B0082BBVI4,B008A1X87S,2,0.33801645040512085,B00CJ1LFAW,0.350220263004303,0.012203812599182129
dress,B007ZDYK2E,B00BFPGAGM,131,0.18463784456253052,B007XCS81G,0.381446897983551,0.08197718858718872
dress,B00BOPQZ86,B006XZAOR0,23,0.21614626049995422,B008OY9QUE,0.3144036829471588,0.06460791826248169
dress,B00967AMPG,B00AWM67OE,12,0.3265926241874695,B0097J2E2M,0.35793524980545044,0.004700303077697754
dress,B002XUY8SA,B006330SY6,5,0.30732858180999756,B00GS6TTU2,0.3458200693130493,0.0042667388916015625
dress,B002OEYH3Q,B008YIGWOS,49,0.17003808915615082,B0058BPLPK,0.2922666668891907,0.020937085151672363
dress,B0043D2HME,B00CFEVLBQ,98,0.1755957156419754,B005KOYZWU,0.39886361360549927,0.03843531012535095
dress,B00AOJVGYQ,B00AAOD3LO,1,0.36035120487213135,B00AAOD3LO,0.36035120487213135,0.042812734842300415
dress,B00AWKKHOC,B0087YZPJ2,36,0.2585037648677826,B0089DLVNA,0.3528320789337158,0.0025922656059265137
dress,B00BAHX7Z2,B008E7IA0I,94,0.17198023200035095,B00CA8PP7S,0.3639799654483795,0.054414063692092896
dress,B00CL0VWTA,B00CF2X97M,2,0.2658699154853821,B00C2G1HCA,0.2680683732032776,0.002198457717895508
dress,B00A7N4DC6,B00B5VXRTO,46,0.19521182775497437,B004L2KKBW,0.3207997679710388,0.04533451795578003
dress,B0092QK9AY,B007ORZ1PG,442,0.10212154686450958,B00EJVX38C,0.2843934893608093,0.002569526433944702
dress,B00CH8U9BI,B009NXZXDO,582,0.10312563180923462,B008596SUO,0.3016261160373688,0.0017826855182647705
dress,B0081JJ9FO,B0097C8UAO,250,0.13787710666656494,B005I63HRY,0.28261566162109375,0.00452810525894165
dress,B00BG3NQE2,B004RFFHJI,5,0.3062106966972351,B0041553AW,0.3120938539505005,0.0002097487449645996
dress,B00FZ00I7U,B0091WZCE2,19,0.25833988189697266,B009EMNLKG,0.35378289222717285,0.002708911895751953
dress,B008VIR88U,B0052B66GY,42,0.2556362748146057,B00DR8ZWAU,0.36524373292922974,0.0055151283740997314
dress,B0094QX5SK,B00B1AVTWG,38,0.20938846468925476,B00428MW7A,0.31187325716018677,0.038527607917785645
dress,B001HK23KM,B002TKJL40,21,0.2424607276916504,B003XFLQVG,0.3143675923347473,0.00983583927154541
dress,B0066NI17E,B00DC0XN0O,33,0.2262631058692932,B00DN7KGRO,0.3029671609401703,0.03071427345275879
dress,B005DRAVT0,B007RB7J4K,99,0.18297356367111206,B00D75WT4U,0.271420419216156,0.007537961006164551
dress,B007B98014,B004SIUT1A,131,0.15982776880264282,B00CII3SYW,0.29210469126701355,0.01893356442451477
dress,B007MLVQ1C,B005J92XW0,445,0.09768623113632202,B0010VH27C,0.29475200176239014,0.0089913010597229
dress,B00B2JJ15S,B00ASIH0ZC,1078,0.04917153716087341,B0087COXNS,0.4121054410934448,0.07946935296058655
dress,B004OLGO24,B002FOR462,1,0.3696942925453186,B002FOR462,0.3696942925453186,0.00512850284576416
dress,B004VLI08S,B007PAD51E,1565,0.042215682566165924,B00DUL8IWS,0.23970890045166016,0.0055231451988220215
dress,B006PA7Q4M,B00D3F80NI,48,0.21462033689022064,B004QVUU2M,0.32943195104599,0.03934115171432495
dress,B00E00SG7K,B00AHFXVUO,15,0.22646483778953552,B009XHND2I,0.28028005361557007,0.005462348461151123
dress,B007FKA7E2,B0029XKWKO,24,0.2316192239522934,B003ILG26E,0.34277069568634033,0.005939990282058716
dress,B006UCQYMA,B00AHOY6VS,1,0.37181317806243896,B00AHOY6VS,0.37181317806243896,0.056814610958099365
dress,B00B08494E,B00CVTMGTG,791,0.08390859514474869,B004RNZA9M,0.32020580768585205,0.0006360411643981934
dress,B006361YUA,B0095JQU2E,93,0.243442565202713,B004QF0KN2,0.37133651971817017,0.008427351713180542
dress,B002Z7FONO,B00B5P4VG8,66,0.16648650169372559,B004NAU4G8,0.22021666169166565,0.008597016334533691
dress,B0054N0S6E,B0095WSNZ8,2665,-0.00036993250250816345,B007U3Q6U8,0.2711763381958008,0.0019178986549377441
dress,B008596XXG,B0094GWN38,18,0.3034558892250061,B007WA38BY,0.3685902953147888,0.022849977016448975
dress,B0047MEZNK,B00DS1XAXM,45,0.17964613437652588,B00EGJHGVW,0.29675304889678955,0.027196139097213745
dress,B00A8CDCD2,B006ZUSYN4,160,0.14596456289291382,B007S7AX6Y,0.3198080062866211,0.009136617183685303
dress,B007W9ZSEA,B00BU5GGXE,8,0.2343153953552246,B00824GAP0,0.3211466073989868,0.016419947147369385
dress,B00B5KMPA2,B00B1G5SPY,50,0.1893802285194397,B00CFMMG8K,0.2772595286369324,0.0015632808208465576
dress,B002TKJL40,B0038HFFXY,1,0.35126715898513794,B0038HFFXY,0.35126715898513794,0.017727017402648926
dress,B00BT8N1DK,B00DVG348U,367,0.1175675094127655,B005XC79VS,0.32693129777908325,0.045724838972091675
dress,B007Y37P22,B006ZR2U8W,64,0.20127826929092407,B009S3I9A8,0.28414368629455566,0.0014954209327697754
dress,B008LTJG3E,B00D4JNBC8,362,0.12012246996164322,B009MQBC46,0.25898393988609314,0.003119140863418579
dress,B004OHYU4M,B0033VBAKC,102,0.14374706149101257,B007NKXANE,0.2245793640613556,0.00391387939453125
dress,B00DQHXEO8,B00DV3WRA4,2366,0.037528954446315765,B0048OYGF4,0.273418664932251,0.006849020719528198
dress,B002EAJ79E,B002XW6XZE,3,0.2968142032623291,B00ELLYWL2,0.3234971761703491,0.00265619158744812
dress,B003XQG930,B001BFYXZG,2172,0.011500339955091476,B00BEJ34Q8,0.2771465480327606,0.0
dress,B007SOULGY,B009SPZ72E,787,0.09267286956310272,B00DG7SOTS,0.35992082953453064,0.01748904585838318
dress,B00D75WT4U,B00CII5YD0,613,0.08541128784418106,B006AN491W,0.3117799758911133,0.0013855695724487305
dress,B008BHCS2C,B0097BCW4U,46,0.21071606874465942,B00BXBCUQW,0.37221506237983704,0.059537917375564575
dress,B00740W2VY,B000RL3V58,17,0.2082647979259491,B006J42TFU,0.359351247549057,0.08406808972358704
dress,B008RMIF5A,B006R3CSGS,171,0.16418440639972687,B00B3PUKMY,0.3267420530319214,0.0064966678619384766
dress,B00AWKKHOC,B0091GR192,223,0.13935282826423645,B005QYW7PG,0.3473414182662964,0.000611722469329834
dress,B008E7IA12,B00BGK4I3S,76,0.15929867327213287,B003XCNN3I,0.26422080397605896,0.0023377835750579834
dress,B00BJ1NFNI,B005FVRJMQ,145,0.12897220253944397,B005X4R4CU,0.28316473960876465,0.009917736053466797
dress,B005FLWZCA,B0087PLHB6,74,0.22671139240264893,B003DXBLEA,0.3838507831096649,0.013741403818130493
dress,B0030IMZ1G,B001FWNNC4,635,0.10093799233436584,B008HQKK1S,0.28271451592445374,0.008687257766723633
dress,B006U07GW4,B005OBAGD6,3,0.32520514726638794,B00C1RFQA4,0.3583804965019226,0.01675659418106079
dress,B004QL3YBG,B00BG5R3KS,9,0.2619889974594116,B0029XRJXM,0.31067100167274475,0.0016891956329345703
dress,B008LTJG3E,B0096MMWXG,187,0.13506650924682617,B0055TBJL0,0.3197242021560669,0.0026651620864868164
dress,B009SI9OTS,B00730ZGCM,50,0.1765693873167038,B00B5P4VG8,0.2807081341743469,0.012245476245880127
dress,B006330SY6,B002EANP9W,79,0.15676504373550415,B0048C7MMU,0.2860180735588074,0.03126341104507446
dress,B00EBZUV0Y,B00EODXN1W,66,0.2001103013753891,B004DIXOR6,0.3420868515968323,0.006119787693023682
dress,B00DRB9XJS,B002UD5URS,333,0.12168113142251968,B00C7N0BRU,0.2860817015171051,0.020944535732269287
dress,B006G35WJY,B008583TT8,26,0.20506015419960022,B008U4K4T0,0.2641891539096832,0.0062885582447052
dress,B0095QLSJW,B00A16VH28,75,0.1891336739063263,B007UZSPC8,0.3600943684577942,0.04503309726715088
dress,B00AAD6KOM,B0094KQ1NC,15,0.25040632486343384,B00A0I87AM,0.3162464499473572,0.013742566108703613
dress,B00FP87XX4,B009IE33SU,4,0.2762407064437866,B00C3GDHK4,0.2809879183769226,0.0023380517959594727
dress,B00AKB3VPA,B005DN88YY,5,0.2844190299510956,B009NBVQ5A,0.3142058849334717,0.022348642349243164
dress,B008OKGFF2,B00ETGEI1I,495,0.10356689989566803,B00B9BFL4E,0.31223636865615845,0.0019510388374328613
dress,B002DI8HQG,B00A7DWWAQ,47,0.18159398436546326,B0079F8A8I,0.2613258957862854,0.02776607871055603
dress,B008B2OOQK,B004LKRWGA,1,0.35703158378601074,B004LKRWGA,0.35703158378601074,0.0026392340660095215
dress,B007XATMYA,B00ABF01BM,114,0.17248676717281342,B00CPKJ8EC,0.3084460496902466,0.004586756229400635
dress,B0097J0RVC,B0091QSKHE,40,0.24918900430202484,B0071UPNJ0,0.3425525426864624,0.008475780487060547
dress,B004YHIH28,B0096L8FL0,47,0.2436959147453308,B004LGXB0K,0.3264308571815491,0.004964560270309448
dress,B003U6Y7SC,B008VO44X6,5,0.3143104910850525,B007423G7Q,0.34719425439834595,0.010872185230255127
dress,B0016LHFE6,B009LIHN3O,787,0.07308134436607361,B008XOX6M4,0.3828142285346985,0.06672811508178711
dress,B00EOW7882,B00D61ZCGW,40,0.17736363410949707,B00A6GCXA8,0.23689907789230347,0.004115641117095947
dress,B007SVFCAW,B008ODSK5M,221,0.14734002947807312,B0051N2MMA,0.32467120885849,0.008996754884719849
dress,B00E00SG7K,B00DESMJKE,19,0.21372127532958984,B00B2UEOEK,0.26912203431129456,0.0034050047397613525
dress,B001NJ5LZG,B0046Q4K6E,91,0.21002094447612762,B00DEO5N8I,0.30251383781433105,0.011175394058227539
dress,B004BDP1BA,B00DJJILJQ,144,0.16258719563484192,B004DVT2SI,0.3348918557167053,0.007891207933425903
dress,B007EGKM5G,B00AHTJVCC,55,0.16937236487865448,B006J42TFU,0.37077271938323975,0.07182440161705017
dress,B007SV9A5A,B005EOD18K,166,0.142999529838562,B004W4YR4K,0.3099786043167114,0.015610933303833008
dress,B00CAMMV5S,B00CAMJMRS,3,0.33807867765426636,B00B2FHB72,0.35050299763679504,0.007336467504501343
dress,B00CY8S8P0,B00DJZM0Z6,1018,0.07238860428333282,B00ARAXV36,0.2855062782764435,0.01259380578994751
dress,B007TDELU6,B00AA95P56,119,0.15965589880943298,B008U4K4T0,0.3067587912082672,0.009296029806137085
dress,B00AZE7306,B00686DR00,126,0.1441003978252411,B007SOULGY,0.3134044110774994,0.0383664071559906
dress,B00C7BSFX4,B004R9PFGE,8,0.2909561097621918,B0070TYNAM,0.3093937635421753,0.00045865774154663086
dress,B00B79JOJG,B00B90O740,30,0.220866858959198,B00ANSYKPA,0.2870694398880005,0.001422286033630371
dress,B00BOPQZ86,B00EFE9MII,42,0.27493801712989807,B0097J0RVC,0.36676979064941406,0.011670053005218506
dress,B00GMIQG34,B00A36LLR2,1,0.3109951913356781,B00A36LLR2,0.3109951913356781,0.00671011209487915
dress,B004LQ0GZ8,B00AKB3RA4,257,0.13889117538928986,B008BDRDPI,0.3134697675704956,0.01563936471939087
dress,B006361ONM,B00DCCJBKS,22,0.2564579248428345,B0094DYEJC,0.307009220123291,0.008704304695129395
dress,B006C4GIS6,B00AEEFOYO,1119,0.06164529174566269,B004F9PJEE,0.345466673374176,0.019936412572860718
dress,B007PPHY70,B00662GT3I,186,0.13728582859039307,B00CF2X97M,0.271450400352478,0.011399388313293457
dress,B00B6PTBX0,B00BPBCKQK,286,0.11427375674247742,B00263YZWS,0.331230103969574,0.017775535583496094
dress,B00CF3BFWM,B00A64SMJQ,252,0.12542520463466644,B00AQYN9K8,0.26315543055534363,0.029331251978874207
dress,B0069IWITS,B0054O6FI8,167,0.13783767819404602,B003WT11KY,0.34280067682266235,0.022507578134536743
dress,B00BUVJTSC,B00845SFV4,446,0.08519719541072845,B00CGYJXJ2,0.31737709045410156,0.015756547451019287
dress,B00AYLAFOG,B007Y2BWO0,2610,0.004992467351257801,B007ZYW246,0.2837245464324951,0.028022438287734985
dress,B001DXL1WY,B00575VVGU,2993,-0.013726560398936272,B007ZPXMXA,0.317818820476532,0.02365875244140625
dress,B00F150ZXQ,B00BOXD234,1240,0.050900984555482864,B003ILW9PM,0.34718215465545654,0.013003885746002197
dress,B009CQNT6U,B00D8CY56W,123,0.17910981178283691,B00CIAE21S,0.3126541078090668,0.0004811882972717285
dress,B007TUE48S,B0092PKPKE,92,0.1999247968196869,B009C6OO8C,0.3609207272529602,0.0324786901473999
dress,B00AD11FFU,B00BJGW386,50,0.2515668272972107,B004QVUU2M,0.32737812399864197,0.00022235512733459473
dress,B00EKH5ZFY,B00F20KR4M,1,0.3719097375869751,B00F20KR4M,0.3719097375869751,0.016361236572265625
dress,B00BJS2MS0,B00CFUEL3K,6,0.25683674216270447,B00E3XBZOA,0.3363167643547058,0.05982041358947754
dress,B002N8CDA2,B00CLJWXQ2,256,0.13317744433879852,B00CHSE4WS,0.2956448793411255,0.026760458946228027
dress,B00B2FEFNU,B009C6OO8C,151,0.14480096101760864,B002JZIO02,0.31569334864616394,0.014313191175460815
dress,B00BXK91FG,B0070YINNK,125,0.15819554030895233,B00AQ8PVXW,0.28348851203918457,0.011234462261199951
dress,B00DQ686X8,B0058JXYYW,88,0.19753612577915192,B00A785B5Y,0.3523198366165161,0.021749556064605713
dress,B00BXB6XWE,B005X4PL1G,13,0.28492313623428345,B00DZ7AA8M,0.39126843214035034,0.0028809309005737305
dress,B005MN4RLS,B005GMTBPC,27,0.1905168890953064,B009T57EWE,0.2870364785194397,0.0
dress,B007Q39QB8,B00E9O5JWM,34,0.2654184103012085,B00DH75M24,0.3703019320964813,0.0056355297565460205
dress,B00F4O129A,B007G6BODI,2837,-0.00307643529959023,B0097J2PVM,0.2721136808395386,0.002686113119125366
dress,B00DDX15TG,B007NLX7SQ,19,0.19443033635616302,B008UC9MGS,0.3701895475387573,0.011543124914169312
dress,B009CPQZ12,B00DMZAHL2,4,0.3114089071750641,B00BY3R17W,0.3347054421901703,0.014209002256393433
dress,B00C2G1HCA,B00AYR2L4M,68,0.18149025738239288,B00D8GZNH8,0.2791369557380676,0.008684992790222168
dress,B007IGI8D0,B002TYZD02,50,0.16842080652713776,B002YQ47SE,0.22123193740844727,0.003921329975128174
dress,B00AFK163A,B0061RGQEU,22,0.22143840789794922,B003YE242Q,0.2768559455871582,0.0013311505317687988
dress,B005JDB3UO,B00EOXSEN4,2242,0.024020705372095108,B00ASQFU74,0.35030490159988403,0.009380519390106201
dress,B00FHXBQFS,B00BW4RJKM,15,0.25725191831588745,B00E96MS0Q,0.32814639806747437,0.0014266371726989746
dress,B00D7ISRPC,B00E808KYQ,61,0.16900508105754852,B00662GT3I,0.26574957370758057,0.014135152101516724
dress,B0058XPHQG,B0085U9J5E,857,0.07546792924404144,B00GOJRKI6,0.35507887601852417,0.0076462626457214355
dress,B004EHON6W,B0093K54X6,95,0.18971259891986847,B00AFV75CU,0.33596229553222656,0.011302292346954346
dress,B00AFDH25I,B00EZW2J8A,7,0.263127863407135,B007BRGZH2,0.3153991401195526,0.0036618411540985107
dress,B004FPYVO2,B004FPYW7I,55,0.18220007419586182,B00BWISRUE,0.30578064918518066,0.0060329437255859375
dress,B0061IXDTU,B009PL4RH2,186,0.14729130268096924,B00EIQK2XM,0.273183137178421,0.011821657419204712
dress,B002TKJL40,B001HK23TS,404,0.10043627768754959,B006FRRQLS,0.3343754708766937,0.004463464021682739
dress,B00967AMPG,B0097JITVM,41,0.26854920387268066,B001NMKQRG,0.36312007904052734,0.0038432776927948
dress,B009FEMH76,B007WASVRK,1521,0.05728497356176376,B007NKTWHM,0.2731706500053406,0.0010801851749420166
dress,B007SX36PI,B008B5AU1A,207,0.15652328729629517,B008HDB33A,0.2906376123428345,0.003834664821624756
dress,B009MB17B4,B007C7JGSG,4,0.3243680000305176,B00BY3FW2I,0.3527737259864807,0.01939457654953003
dress,B00E0OSMS4,B00AELHLFC,15,0.23719611763954163,B00766RTT6,0.28572872281074524,0.008495599031448364
dress,B009X6E9E0,B003ILG26E,194,0.13722795248031616,B005Z2P8NC,0.25367069244384766,0.013474792242050171
dress,B003M4Z9OS,B009XHND2I,54,0.17620153725147247,B00CJHLQ3W,0.2713285982608795,0.016160160303115845
dress,B001QUX9KQ,B00AQOH8XW,1559,0.04345092922449112,B005FSIX5G,0.34474629163742065,0.009422600269317627
dress,B0092QWVQO,B007XVBUZI,495,0.10610467195510864,B006QSEC4K,0.3609004318714142,0.06038716435432434
dress,B00CFUEHAW,B00BPYQ25M,208,0.12321855127811432,B0049MOIPS,0.33445248007774353,0.08925533294677734
dress,B00BIJGMD6,B00CCC0B1C,46,0.2097967565059662,B00EOW7882,0.34959056973457336,0.008556991815567017
dress,B001157SXU,B001PDM4E6,25,0.23764629662036896,B002DIBXH6,0.29363352060317993,0.012882888317108154
dress,B0095QLSJW,B0059BGIG0,362,0.10899081826210022,B002JZIO02,0.3455963134765625,0.026538312435150146
dress,B00DDHA7YQ,B00EBZUV0Y,44,0.1823357790708542,B007WA38BY,0.26409149169921875,0.00702589750289917
dress,B0068Z9QUQ,B00C3GDHK4,1,0.32932180166244507,B00C3GDHK4,0.32932180166244507,0.03616368770599365
dress,B00BY3GCD6,B002MW1W6K,2,0.2710192799568176,B008D5IQFU,0.27931633591651917,0.008297055959701538
dress,B00G49G488,B007WATKGG,18,0.20325011014938354,B00ELLYWL2,0.25046858191490173,0.011250540614128113
dress,B005HEJCDK,B0042ETEHK,217,0.14208412170410156,B0087YYYEO,0.31210485100746155,0.003478020429611206
dress,B008AKNE3W,B001NJ5LZG,286,0.14016175270080566,B0073HKUWG,0.30519646406173706,0.0005211234092712402
dress,B008VPX9BS,B00B804Y3K,802,0.08199778199195862,B00AX1S198,0.31166186928749084,0.01871669292449951
dress,B00C5168K8,B0087D7OJ2,732,0.0974268764257431,B004J3492O,0.29573559761047363,0.009180843830108643
dress,B0060JO9BG,B007P1M3OI,10,0.240713968873024,B008DBP4Z4,0.30591684579849243,0.02321302890777588
dress,B0073HKUWG,B00FXZX2I4,10,0.25563597679138184,B00EUGDI5O,0.2877042293548584,0.002776026725769043
dress,B0076RQLLW,B004JLU6DM,53,0.19028013944625854,B00D6Y5VWY,0.334869384765625,0.050096362829208374
dress,B0084DJQ6O,B00BJ1NFNI,3,0.2834816873073578,B004LLIS6W,0.3333853483200073,0.03187060356140137
dress,B007SOUNSU,B0073WBRYQ,1,0.36527013778686523,B0073WBRYQ,0.36527013778686523,0.06046515703201294
dress,B008PG0SOO,B00CB2N8FY,62,0.1920318901538849,B005N4KUIA,0.36182302236557007,0.03603968024253845
dress,B00AOWQJZ4,B00DB147AE,148,0.14643079042434692,B00B923WCQ,0.33107608556747437,0.021688461303710938
dress,B00GCR5OPG,B008TS39QC,70,0.19113636016845703,B00CY914W8,0.29304948449134827,0.0010368525981903076
dress,B00DR8ZWAU,B00C1ITU6Y,156,0.15967711806297302,B005XC79VS,0.33017784357070923,0.0026096999645233154
dress,B0060JO9BG,B006ZIN6S4,453,0.11232941597700119,B007G6BODI,0.2734098732471466,0.00767749547958374
dress,B00BTT3R0Q,B00CCBVN1K,147,0.1518840789794922,B003WT11KY,0.35604915022850037,0.037473857402801514
dress,B00AW7ZRM2,B0083QFSRS,1682,0.052564188838005066,B00DJ7YYD0,0.25969183444976807,0.009306490421295166
dress,B008S0HK3Y,B0062OUFZ8,30,0.20494471490383148,B002NVCPQ6,0.30823200941085815,0.011935591697692871
dress,B007L9UQRA,B003M4Z9OS,475,0.1007150262594223,B00CHQCC42,0.3647037744522095,0.037422776222229004
dress,B006C4GIS6,B00999J7Q6,240,0.14225797355175018,B005FSIX5G,0.32428961992263794,0.0037339329719543457
dress,B007WPHD92,B00AFR9YH8,90,0.22016257047653198,B0057WYVU6,0.34008100628852844,0.004758179187774658
dress,B006TAM4CW,B0047Y0K0U,19,0.27355149388313293,B00B09IPN4,0.3289063572883606,0.0029114484786987305
dress,B008QVZT3I,B005DRAVT0,53,0.26770585775375366,B0042ETEHK,0.3694402277469635,0.0039588212966918945
dress,B003VXVGRY,B004CZ7WUU,67,0.16053713858127594,B0087YZSRG,0.2970586121082306,0.013451933860778809
dress,B00E3HDPMQ,B0036Z2T3C,745,0.06985345482826233,B00D3HBRTU,0.31667041778564453,0.019173622131347656
dress,B008BHCS2C,B0083F70SY,35,0.22545728087425232,B007RM21BU,0.38537174463272095,0.012956500053405762
dress,B004T20EFG,B009YZPL7O,64,0.2154177874326706,B00CAVQK74,0.3573123812675476,0.0356176495552063
dress,B009NCHBBW,B0075AW63M,666,0.08759182691574097,B00D6BYMK4,0.24977652728557587,0.005699023604393005
dress,B00CY8T80Y,B00CQSPPLS,3,0.3352062702178955,B00BRV0A88,0.3623664379119873,0.0010179877281188965
dress,B008E6CKVY,B004HD4V0G,1104,0.06535752862691879,B0070TYH1M,0.313604474067688,0.0008217096328735352
dress,B004DCAVT6,B004VQBUS0,1539,0.033790625631809235,B0067QBFD2,0.2948700189590454,0.021350204944610596
dress,B00726H26K,B007IWO80Q,26,0.20782972872257233,B00DDHBH86,0.3045470416545868,0.002169877290725708
dress,B0056F25J8,B004VSDS2Y,3,0.25863784551620483,B0084XZI8Y,0.27756285667419434,0.008463770151138306
dress,B0087PLHB6,B004HX2DYW,340,0.11666914820671082,B008G0E9UI,0.2707192599773407,0.026152610778808594
dress,B004MMFVQ0,B004ECLRO8,297,0.10450778901576996,B0085JAH88,0.23196373879909515,0.0025653988122940063
dress,B0036DE0R2,B00A16DXWK,836,0.0844968855381012,B004MDL8KW,0.3115887939929962,0.0047612786293029785
dress,B008OVO8BY,B005HQ42E2,653,0.07737237215042114,B00ENEI9FW,0.33929866552352905,0.021104365587234497
dress,B001PKTT7E,B004X0VYKI,35,0.22290602326393127,B002TKJL40,0.31830257177352905,0.019544929265975952
dress,B008O8MESQ,B0048C7MMU,57,0.19931793212890625,B004Z56IPC,0.3374389410018921,0.017977118492126465
dress,B004VM5W1K,B004VERF8Q,11,0.2729696035385132,B00DRIKVDI,0.30665266513824463,0.0014428496360778809
dress,B007WA3RBK,B008BHSSMG,56,0.21061857044696808,B009COQELY,0.3953140079975128,0.027548164129257202
dress,B00E1ZTATW,B00BUKL1IY,904,0.08400604128837585,B007NJY9XA,0.27596229314804077,0.006285220384597778
dress,B0030IMZ1G,B00B95R792,17,0.21027809381484985,B009W328K6,0.3252015709877014,0.07228955626487732
dress,B00G1ZZDL4,B0030CY6DW,31,0.26347053050994873,B00ASQFU74,0.3522762060165405,0.017087668180465698
dress,B008UWENTO,B0058XRPQQ,28,0.22474811971187592,B002KM9C2I,0.2864752411842346,0.00966942310333252
dress,B007WAT0S4,B007WATTX0,1,0.31941747665405273,B007WATTX0,0.31941747665405273,0.005724430084228516
dress,B00D9E1SSW,B00CZW8P5I,31,0.2022729218006134,B008DBP4Z4,0.29955416917800903,0.0326002836227417
dress,B007MLM38C,B00711V8Y8,65,0.17540588974952698,B005EYTFS0,0.2844846844673157,0.013715803623199463
dress,B005ENHHZO,B00GNU62GM,136,0.16864654421806335,B00AMGS4CI,0.3201369047164917,0.008425593376159668
dress,B00C7Z4VGU,B00BTMWMYU,203,0.15883126854896545,B00D6QTRRC,0.35630884766578674,0.017677247524261475
dress,B006MPVW4U,B007UZSPC8,62,0.23788747191429138,B007XCSD2A,0.36321622133255005,0.013752996921539307
dress,B006J66U2G,B005FOPNUI,19,0.28041326999664307,B00DDX15TG,0.3405720889568329,0.002243608236312866
dress,B00D3KBI3M,B00801W1H6,9,0.23711515963077545,B00A3UTXAK,0.31295114755630493,0.004531681537628174
dress,B009P1MYNQ,B00D9OXH2M,57,0.2030767798423767,B00CRWGE5E,0.3029218316078186,0.0008018612861633301
dress,B0091C68MW,B0016LHFE6,34,0.25479477643966675,B00DH8YAE4,0.33593064546585083,0.007726609706878662
dress,B00CWSNY24,B00DHD7YK6,487,0.09850355982780457,B007WAFUJW,0.36909985542297363,0.006249070167541504
dress,B008BA7MPW,B009D52X44,7,0.2648913562297821,B00BISLTIK,0.3317955434322357,0.03668305277824402
dress,B0009T5VWY,B00E00GL86,330,0.1340145766735077,B00C2BIUXO,0.2998011112213135,0.0008908510208129883
dress,B00BEJ34Q8,B00AWKKHOC,171,0.1454325020313263,B005PHRKTW,0.2982748746871948,0.003917396068572998
dress,B007F7PAOC,B005NXMECQ,1,0.32564783096313477,B005NXMECQ,0.32564783096313477,0.006720185279846191
dress,B0072QV4V4,B009S3GXWY,5,0.30758190155029297,B0082BBVI4,0.3325052857398987,0.009059756994247437
dress,B00C7N0BRU,B00BM82UCK,78,0.19501090049743652,B00C3I0548,0.3185983896255493,0.00892174243927002
dress,B00BTT3R0Q,B008RSU56G,100,0.1767113208770752,B008ZB35SK,0.3197840750217438,0.0018521249294281006
dress,B0091WZCE2,B00FZ00I7U,509,0.0936935693025589,B00BFGBJ3K,0.2828342914581299,0.0003256797790527344
dress,B0043D2HME,B009Q25IYG,3,0.3081406354904175,B00715FFX4,0.35043370723724365,0.03554430603981018
dress,B00CJTWWA6,B00CFMLTCY,9,0.21851375699043274,B007HZAFSI,0.2638036012649536,0.01170647144317627
dress,B003VQQZM2,B00BC8OO5G,78,0.18545737862586975,B008H78T6K,0.2865997552871704,0.001133561134338379
dress,B00CEO4ETI,B0091QUWCK,33,0.2923758625984192,B001NMKQRG,0.3771335780620575,0.024589896202087402
dress,B00H2FUGOQ,B00D3KBI3M,2,0.3722163736820221,B00FBRL0X8,0.3751896619796753,0.0029732882976531982
dress,B002NVCPQ6,B003VTQA1K,132,0.1536177694797516,B0073HKUWG,0.31733253598213196,0.008627116680145264
dress,B006PAT5EQ,B008EOZ1SU,1463,0.053989991545677185,B0091IYA3A,0.31726136803627014,0.028645217418670654
dress,B008LTJG3E,B004EHYFLK,14,0.24470743536949158,B002YQ47W0,0.31742605566978455,0.0004855990409851074
dress,B000AYI3L4,B00CFXV50E,361,0.11999791115522385,B00BY3FW2I,0.3441140949726105,0.03651618957519531
dress,B00857SPA2,B007WAT1H4,24,0.22843042016029358,B00FS3EAOQ,0.31930696964263916,0.01603621244430542
dress,B0075AV660,B0075BUES0,12,0.2555270195007324,B00662GT3I,0.3113194704055786,0.028300970792770386
dress,B0095FP7VI,B007C3MKYC,1459,0.04856708273291588,B0070TYH1M,0.3218664824962616,0.026010453701019287
dress,B00CQ9U2UQ,B008FPXR3Y,37,0.26828694343566895,B00DW61O90,0.37574389576911926,0.024756938219070435
dress,B00CFYDMM2,B00BPCXXIS,115,0.1687277853488922,B008RSU56G,0.33061492443084717,0.020904093980789185
dress,B0055OGJLU,B004VLI08S,145,0.1622040867805481,B008PHQ8II,0.2864324450492859,2.3186206817626953e-05
dress,B009TM8IG8,B008DSN0BW,824,0.0853961855173111,B0076IK8OC,0.278583824634552,0.01569002866744995
dress,B0054N0S6E,B00DSI8WYW,124,0.1850132793188095,B0079088DA,0.354406476020813,0.03138202428817749
dress,B006G3YVBE,B00B3EHWYO,453,0.10693421959877014,B0069J4NX6,0.2881540060043335,0.018173933029174805
dress,B005D9IGMM,B008BFR8PQ,7,0.3243769407272339,B005D9IHVM,0.3767392933368683,0.0037415921688079834
dress,B004EHON6W,B00AV4VOX2,167,0.14634305238723755,B005TM7S68,0.3529960513114929,0.019021987915039062
dress,B00BNVAH6M,B00BU9S4V2,75,0.19018200039863586,B003ZJ6GCO,0.28573206067085266,0.0014138221740722656
dress,B0067PFCXM,B00B5MK7N2,1854,0.03209463879466057,B007C7JGSG,0.32863205671310425,0.024094700813293457
dress,B00CFYDMM2,B00DRB9XJS,212,0.12554782629013062,B00A4MST0C,0.2563917934894562,0.002061903476715088
dress,B00C6PP5CA,B00AHOY8H0,95,0.17606595158576965,B007SOUD26,0.28059959411621094,0.010195374488830566
dress,B00FZVANC4,B00428LYOM,12,0.2758314907550812,B00GPGOHCA,0.35394978523254395,0.029459446668624878
dress,B0074H8I6K,B007FPDWDU,37,0.25213924050331116,B00F20KR4M,0.39137428998947144,0.024519681930541992
dress,B00405RUWC,B0085JAH88,2585,0.0015728208236396313,B00AQUZKG8,0.283984899520874,0.0016824901103973389
dress,B00595TNMM,B008MZS5Y8,97,0.17859947681427002,B00997L4QE,0.3064143657684326,0.00868484377861023
dress,B008368ZQY,B00D43UDE8,158,0.1246267706155777,B006O39V3Y,0.23451918363571167,0.010683611035346985
dress,B00BEJ34Q8,B009TM8IG8,33,0.25409841537475586,B00DGNSEBK,0.3401799201965332,0.0012559890747070312
dress,B00A16KWZ6,B009LGQ9EA,1487,0.06454731523990631,B00ASI7TQM,0.2982948422431946,0.010441392660140991
dress,B002UD64NW,B009EMNLOC,40,0.2538847327232361,B005JW6JRM,0.3261977434158325,0.007853150367736816
dress,B00C7Z4VGU,B00AWGHWFS,22,0.23708483576774597,B00CII5IT0,0.31305360794067383,0.009190261363983154
dress,B008BWOCGC,B008BDJDE2,1230,0.062233541160821915,B00824GAP0,0.30920419096946716,0.020715326070785522
dress,B008006FK6,B009MIRC6Q,372,0.10390530526638031,B00897AQ9G,0.32485467195510864,0.0026877522468566895
dress,B00DOYXMA4,B00BXB7LRA,2,0.33407503366470337,B0039YP7PC,0.3368513584136963,0.00277632474899292
dress,B009SPZ72E,B0049LG51E,2,0.3158716559410095,B005DSLTSQ,0.32731443643569946,0.011442780494689941
dress,B007RTTKA8,B00E9LE61K,847,0.06133675202727318,B005VZ8RFO,0.33868637681007385,0.025601178407669067
dress,B009PKDTEA,B00BM0R2K8,408,0.11688291281461716,B005C8DASY,0.34716862440109253,0.01886916160583496
dress,B002N8CDA2,B009SK85S2,5,0.3395867347717285,B007TWJCBA,0.3614422082901001,0.0035800039768218994
dress,B0070IN282,B00G1ZZDL4,20,0.2269577980041504,B00APFDIYK,0.3051419258117676,0.015278339385986328
dress,B008D5GUJY,B001QCXH4W,3051,0.0005605276674032211,B008GX3852,0.25423336029052734,0.013358265161514282
dress,B004OHYU4M,B008NHSU3G,19,0.21492378413677216,B006O39V3Y,0.2961534261703491,0.009833306074142456
dress,B00DUL8IWS,B00CFT03IS,3,0.2859553098678589,B00CHHL10M,0.31417518854141235,0.00906151533126831
dress,B00383UG6E,B0085TUWRO,2,0.25746145844459534,B0076ZZ0DE,0.33357149362564087,0.07611003518104553
dress,B0079G6CXC,B00DWXNQ2Q,490,0.09733104705810547,B004BKI6YW,0.3065425455570221,0.01425546407699585
dress,B003A84EOM,B0049R7YVI,216,0.1405874341726303,B004LKRWGA,0.34251654148101807,0.016871869564056396
dress,B0036SHD1W,B0079EIXI6,37,0.22901016473770142,B00ASPCIF2,0.3323492109775543,0.021141618490219116
dress,B0007WIZYE,B00B6PT8EW,3174,-0.02184482477605343,B007SOUNSU,0.27254539728164673,0.023831963539123535
dress,B0037PVUW2,B007NG77PU,9,0.24770045280456543,B0081JNTYG,0.3065759837627411,0.02306497097015381
dress,B008D6LE3A,B008D5B2HO,2,0.3599065840244293,B009C6OO8C,0.36072856187820435,0.0008219778537750244
dress,B0084Y2V6A,B009OB2OJ6,774,0.08383770287036896,B00DM2G9L2,0.309143602848053,0.014275401830673218
dress,B009TM8IG8,B00BEJ34Q8,1,0.3575827479362488,B00BEJ34Q8,0.3575827479362488,0.0
dress,B0030CY6DW,B002VNFKTU,683,0.07674024999141693,B00CHSE4V4,0.29933953285217285,0.016086667776107788
dress,B007TUE48S,B00655A1TE,530,0.08823725581169128,B009P1MYNQ,0.27491167187690735,0.006733417510986328
dress,B0045EPT8A,B003ILRVZU,1,0.32655012607574463,B003ILRVZU,0.32655012607574463,0.04010415077209473
dress,B007RBIRK0,B004MMFVQ0,1961,0.02881195954978466,B00DNRAX5E,0.2857239246368408,0.039957523345947266
dress,B00BG4M4BM,B00A16KWZ6,172,0.1456584632396698,B00EM95GJK,0.2657608985900879,0.004300177097320557
dress,B005GMTBPC,B00CZ6G09C,350,0.12829583883285522,B005GNVV5Y,0.277619868516922,0.00043782591819763184
dress,B0071UPNJ0,B007AAP4TK,22,0.24248944222927094,B00BPIUJCA,0.3241465389728546,0.03962773084640503
dress,B007C7JGSG,B00CTKTIQ6,2470,0.008346514776349068,B00FM7EAQQ,0.2908959686756134,0.03636413812637329
dress,B008UPM3SO,B00CHS9KTA,43,0.23948681354522705,B00776V9FA,0.31990477442741394,0.003522127866744995
dress,B007Y0UKN6,B00CSQ15KS,11,0.2303052842617035,B0067M3VO2,0.30309930443763733,0.03682294487953186
dress,B0099DCINQ,B009AG55Q4,307,0.12857478857040405,B006UCPNTK,0.25610068440437317,0.013721674680709839
dress,B00ASPCIF2,B004QF0KO6,523,0.09641717374324799,B005GA9DEI,0.28465473651885986,0.013379484415054321
dress,B00AXX86TG,B007OZSURE,927,0.07243932038545609,B0010VH27C,0.29870209097862244,0.03676775097846985
dress,B0072QV4V4,B0072QWBDE,9,0.2885240912437439,B00BRV0A88,0.3307080864906311,0.004028052091598511
dress,B00BXNNZ64,B00B50Y9CO,3,0.3010290861129761,B00D4BURP0,0.34620749950408936,0.03909856081008911
dress,B00AWM67OE,B00967AMPG,32,0.2917014956474304,B0097J0RVC,0.3654668629169464,0.005381911993026733
dress,B00DONTLP0,B008J25Y20,51,0.22929172217845917,B00BUC1QUA,0.33424729108810425,0.002553105354309082
dress,B005GMT86Y,B005MN4RLS,8,0.25515860319137573,B006BQAHTG,0.3173695504665375,0.0017935335636138916
dress,B0032FOQUU,B008B845AO,830,0.08152040094137192,B0018PWU7C,0.2985568642616272,0.009119272232055664
dress,B00A16KWZ6,B00CAKLNY0,1,0.3627780079841614,B00BEJ34Q8,0.3627780079841614,0.0
dress,B00DVPO5VQ,B006R1FJOS,20,0.21346113085746765,B008AEE7V6,0.2871592342853546,0.003359377384185791
dress,B008YIG3DI,B005LC303G,4,0.29315000772476196,B00CIL95XW,0.3340439200401306,0.026226162910461426
dress,B00CA38COQ,B006YTLWLM,884,0.07840417325496674,B00AWVH2XU,0.3701198697090149,0.06486457586288452
dress,B008FD9MG2,B00AEMHDIG,37,0.24855820834636688,B006W2OZ6A,0.3633313477039337,0.005004137754440308
dress,B008GRR6II,B008A4RNR6,1,0.3097403943538666,B008A4RNR6,0.3097403943538666,0.06666012108325958
dress,B004RJ8IHW,B00F9AJ5Y8,2682,0.01927141845226288,B008XOX6M4,0.30984753370285034,0.0021265149116516113
dress,B00ABSUHMC,B00DNJ6ALS,396,0.10451488196849823,B00BFPTCH6,0.2273005247116089,0.0072272419929504395
dress,B0015SKXG2,B0094E3HDU,68,0.19779501855373383,B005JD4SRO,0.29477864503860474,0.0015111565589904785
dress,B0097IX9NQ,B0097J2E2M,6,0.2816261053085327,B00967AMPG,0.28955724835395813,0.00026282668113708496
dress,B004UJHMKS,B007LA4RZQ,581,0.09966780245304108,B00DGP6YP6,0.362867534160614,0.009293556213378906
dress,B00C2LPWCQ,B00BT8N1DK,5,0.32797378301620483,B00DLKEQGK,0.36767107248306274,0.025645077228546143
dress,B006TALF54,B0073DLNE4,83,0.21258699893951416,B0070TYNAM,0.32619455456733704,0.005712062120437622
dress,B00DUL8IWS,B00AFDJ0HG,311,0.11527762562036514,B00D2ON1H0,0.31498366594314575,0.0038148462772369385
dress,B0083QEJL4,B0058BWBJY,40,0.291657954454422,B005FOPOXE,0.3807528614997864,0.010901272296905518
dress,B007RB7IJG,B0077SLOJE,148,0.15679872035980225,B00CF3BFWM,0.3849751949310303,0.022315502166748047
dress,B007ZDYK2E,B005XW1D4M,46,0.2409747838973999,B00BG3PBJU,0.3790612816810608,0.001350700855255127
dress,B008ATH59C,B005N4L15G,19,0.2920991778373718,B0095SQCJ6,0.3306906223297119,0.0009333193302154541
dress,B00A13GLG8,B008KCUXLQ,66,0.16558822989463806,B00AIIQLNO,0.32542917132377625,0.03813615441322327
dress,B0091QSKHE,B0097J0RVC,2,0.3798453211784363,B00BG5TRZ2,0.38515010476112366,0.005304783582687378
dress,B0061IQ32E,B00DB9POOY,207,0.14146378636360168,B00B7QRPHC,0.3312146067619324,0.03270837664604187
dress,B00598QDJK,B007RTTKA8,53,0.19262954592704773,B006YKWT18,0.2928227186203003,0.0032103359699249268
dress,B0079G1GL0,B0092PHFIY,75,0.17180925607681274,B0058BPMPO,0.283058762550354,0.011874794960021973
dress,B0060RMLPO,B00E6RATRW,380,0.11643309891223907,B004M6V908,0.2496120184659958,0.009869709610939026
dress,B007ZDYK2E,B00BZTBYQO,235,0.13728396594524384,B0040JGTJS,0.3355439007282257,0.032354503870010376
dress,B007SX36PI,B00AKCGNP4,141,0.14960092306137085,B008GQ3BVK,0.3221661150455475,0.006198793649673462
dress,B009AMQ2WY,B0030EHJCU,28,0.1965629905462265,B008D5AYOG,0.2865533232688904,0.012486875057220459
dress,B0084OEYX8,B0076IN1MI,16,0.25559359788894653,B00BX9IBB2,0.3234081268310547,0.03199365735054016
dress,B00FHXBQFS,B00BPS1REY,6,0.2693084478378296,B0014IKPTS,0.3413822054862976,0.006225168704986572
dress,B002VLK54C,B0032SBJWK,2372,0.02853294461965561,B00CF5GD3Q,0.3364102840423584,0.04288595914840698
dress,B009LJ8W4W,B008D5AYOG,586,0.08087543398141861,B00CZ6XXF6,0.3000245690345764,0.0
dress,B0084DJQ6O,B004FPYVO2,772,0.07737769186496735,B00BQX4A2O,0.29234543442726135,0.0
dress,B008E7IA12,B00BVGHQKO,112,0.15133537352085114,B00BPF5X4M,0.34570983052253723,0.00706171989440918
dress,B00AEW4384,B00BQMJP6Q,13,0.233090341091156,B00CA8PP7S,0.3104657232761383,0.041018396615982056
dress,B005X4RMW2,B00APYBFPK,1,0.35270482301712036,B00APYBFPK,0.35270482301712036,0.0
dress,B00ATFWVKI,B006WVGYAG,39,0.2509702742099762,B00997L4QE,0.333536297082901,0.010958105325698853
dress,B008596V88,B007WAETMG,1,0.3282836079597473,B007WAETMG,0.3282836079597473,0.0053407251834869385
dress,B007M8PCAQ,B0085U94ZO,3,0.27526330947875977,B001EA86KQ,0.285910964012146,0.004984915256500244
dress,B0095JQQZK,B0022T0W82,31,0.261110782623291,B00DLKEQGK,0.3807186186313629,0.04026976227760315
dress,B007LTUAUS,B007B6WEA0,223,0.13890647888183594,B005LT7R1K,0.29578179121017456,0.013032674789428711
dress,B008PG0SOO,B00BBPWS5S,14,0.257438063621521,B00976L2I2,0.34917205572128296,0.002451181411743164
dress,B005FLWZCA,B00J2UZLNU,42,0.21865855157375336,B006UAPPP4,0.31058743596076965,9.268522262573242e-06
dress,B007XD6AMO,B008OVNLDU,2,0.31140297651290894,B0097B5S8C,0.313035786151886,0.0016328096389770508
dress,B007U3P8PC,B00CD9LXD4,462,0.1056230291724205,B0076QKN76,0.33890581130981445,0.009607762098312378
dress,B007L9UQRA,B0080DKT9G,5,0.2870616614818573,B008XOXVBU,0.31520789861679077,0.00489845871925354
dress,B008E6CKVY,B004E9SNTS,22,0.2803366780281067,B004EPXD9M,0.36985844373703003,0.00936397910118103
dress,B008CB707K,B0082BCNZY,1,0.33250805735588074,B0082BCNZY,0.33250805735588074,0.005229562520980835
dress,B0070TYH1M,B009LLG8BE,340,0.11831449717283249,B007XCS81G,0.2999691963195801,0.0075928568840026855
dress,B007TUECJ4,B009OCNXE0,3311,-0.021194500848650932,B007ECAZPM,0.319416880607605,0.0036268532276153564
dress,B007G1015U,B0076R8552,25,0.19436155259609222,B008OY8C7C,0.2719598412513733,0.018258988857269287
dress,B00A3EZC4M,B00CTTJCUY,1389,0.05925103649497032,B00H1Z5KKC,0.3056981563568115,0.01308530569076538
dress,B00A3UUE76,B006UT2TPY,8,0.24103903770446777,B009RRHPBE,0.27565985918045044,0.009877294301986694
dress,B007KHTV24,B009MQBC46,80,0.19131210446357727,B00EZSOR2U,0.3107200264930725,0.005753695964813232
dress,B00EYSAIPG,B008LCUUEK,1417,0.045207057148218155,B008RC9NQ0,0.24243709444999695,0.005292177200317383
dress,B00CLF5ZFC,B003YKZ42W,1524,0.04756858944892883,B00AWGHWFS,0.3270270526409149,0.016399532556533813
dress,B00F55FSWK,B00AY30MJM,301,0.11008255183696747,B007XD6JWA,0.25032129883766174,0.006043106317520142
dress,B00297BG7I,B007Y37P22,267,0.12336207181215286,B007AAP4TK,0.2903252840042114,0.011145085096359253
dress,B009ERW1KW,B008BHHSAY,72,0.17162799835205078,B00A8VHMRK,0.3358270823955536,0.046768903732299805
dress,B00DBCUIJM,B0072IL71E,266,0.1325502246618271,B006BFNE3I,0.31489571928977966,0.008116334676742554
dress,B00897AQ9G,B002Z7FP1A,32,0.24681684374809265,B00DC6UJ0K,0.3709601163864136,0.01402348279953003
dress,B004EHON6W,B00775SIPA,185,0.14060655236244202,B00FHLNHK2,0.3820381164550781,0.0037766695022583008
dress,B00DERHT5A,B00CORDX4W,27,0.2161511480808258,B00A6GCXA8,0.278053343296051,6.22868537902832e-05
dress,B0085TUWRO,B00383UG6E,1064,0.0785025954246521,B009W328K6,0.2609892785549164,0.026304781436920166
dress,B00FZ00I7U,B00CGY6RJ6,56,0.22014035284519196,B00ARAXV36,0.31388533115386963,0.0007855892181396484
dress,B008MWER8E,B007XW7BVY,74,0.18677355349063873,B00BNVAH6M,0.28291618824005127,0.011454880237579346
dress,B0092PKYNM,B009NDC59O,461,0.10335823893547058,B003AQB1CM,0.335778146982193,0.014622002840042114
dress,B00DM0REWC,B00EYSAIPG,1135,0.06619687378406525,B00DHBT0HI,0.2934942841529846,0.0106029212474823
dress,B00AVV833O,B0091SFTVC,26,0.25191521644592285,B00AD11LB8,0.3021901845932007,0.0010891258716583252
dress,B006W20H0I,B00C6PP5CA,4,0.24231919646263123,B007WAELCO,0.34209147095680237,0.06662893295288086
dress,B007R1YUI8,B004MDL8KW,1,0.3481335937976837,B004MDL8KW,0.3481335937976837,0.004912674427032471
dress,B0096C2UVA,B009DMCMNO,86,0.18006980419158936,B00C7BSFX4,0.31512582302093506,0.013017892837524414
dress,B002YQ47SE,B00C62EKDS,38,0.29181092977523804,B003DXBLEA,0.3970178961753845,0.01814979314804077
dress,B002HCNMTU,B008NW1PGU,129,0.15478798747062683,B00E3HGLU4,0.35048431158065796,0.032315850257873535
dress,B0097B5S8C,B00H15C73K,1080,0.0613739974796772,B00A8VHMRK,0.36890536546707153,0.024512827396392822
dress,B007XD6RYK,B00AIIQLNO,14,0.22458994388580322,B007W9YZ9O,0.27823376655578613,0.0034341812133789062
dress,B007CU5A7E,B007ZIRHQA,88,0.17014935612678528,B0073O9IK4,0.2607383728027344,1.8477439880371094e-05
dress,B00AODC7BS,B00FXAC5SM,803,0.1039787009358406,B00APFQQ9E,0.2711869478225708,0.0002835988998413086
dress,B009G0RL4I,B00B9BFL4E,804,0.07927121967077255,B005D9IHVM,0.2659725248813629,0.0054066479206085205
dress,B008YIG3DI,B009AMLLVG,83,0.18898168206214905,B006WM4KBU,0.39761149883270264,0.03372350335121155
dress,B003BT62A4,B004LKRWRY,2,0.36873859167099,B009LDY5S0,0.38001400232315063,0.011275410652160645
dress,B00BXZ1PW8,B009HK2P2A,52,0.18499964475631714,B004AM5KA4,0.27891233563423157,0.0010575950145721436
dress,B007G4ZTTK,B00A772MCU,8,0.26927945017814636,B00D3F80NI,0.3505520224571228,0.05841106176376343
dress,B00DR3TRJ2,B00DU6GMRG,99,0.18252933025360107,B00E7NYRRS,0.34522581100463867,0.001789391040802002
dress,B00BY3GO0C,B00ARLIDF6,150,0.14929448068141937,B009CNGPHS,0.2955424189567566,0.0033739209175109863
dress,B008HSGOKC,B005FSIX5G,1660,0.04562722519040108,B006MQRRAW,0.29842838644981384,0.034338921308517456
dress,B00AZWPQQ6,B00CJPL9I6,1076,0.05153512954711914,B005QN26TE,0.3939058482646942,0.04140523076057434
dress,B0083UY0LY,B003ILC99S,16,0.24780210852622986,B004FPHBGW,0.32563674449920654,0.01070183515548706
dress,B00ATGT8IK,B006VVMOTC,144,0.14979586005210876,B007WATTX0,0.28948014974594116,0.002688169479370117
dress,B004ECLRO8,B004GBAUBS,24,0.21449919044971466,B00896JPTE,0.3128862977027893,0.05162659287452698
dress,B00CH8U9BI,B007VZ30FO,611,0.10794170945882797,B00DW61O90,0.31407105922698975,0.021916866302490234
dress,B00BTUULCC,B00CHHL10M,1,0.3430105149745941,B00CHHL10M,0.3430105149745941,0.06724509596824646
dress,B00498CQ9M,B009LEFR4A,8,0.22515292465686798,B00870V3OM,0.2491658627986908,0.00107574462890625
dress,B00B72LAS6,B00D79OJHQ,31,0.22014951705932617,B005FOLK78,0.30647188425064087,0.014115452766418457
dress,B00E00SG7K,B00BPYWKO4,7,0.2585217356681824,B002DMJQTE,0.2995954155921936,0.01850837469100952
dress,B008596PSY,B007WADW7E,356,0.11586370319128036,B00AEEFOYO,0.273048996925354,0.030725330114364624
dress,B00ATFWVKI,B005FMSW3U,27,0.2151167094707489,B009D52X44,0.28512951731681824,0.00011810660362243652
dress,B007ZDYK2E,B00C3CUNT6,131,0.18468111753463745,B007XCS81G,0.38146358728408813,0.08194279670715332
dress,B00B2UEOEK,B00BMAPIB8,165,0.13758698105812073,B003XCNN3I,0.2778570055961609,0.005805313587188721
dress,B008UH8MY6,B00715FFX4,11,0.2527339458465576,B00BXB7LRA,0.3070868253707886,0.005864083766937256
dress,B0094QXCKQ,B00FAH8XTS,105,0.2162754237651825,B00C670RXA,0.3373333215713501,0.012501955032348633
dress,B004S0O8HO,B005JSTILA,369,0.09748995304107666,B00AMDXN2C,0.3383418023586273,0.02533748745918274
dress,B00DRDIVEO,B007G6JUHA,3,0.2821703255176544,B0072C9HWQ,0.2975304424762726,0.001554042100906372
dress,B0009T8KS6,B00FS3EAOQ,351,0.11691471934318542,B005Z2P8NC,0.3583965301513672,0.016219139099121094
dress,B0084DJQ6O,B005GNVV5Y,15,0.23037147521972656,B0083QEJL4,0.3029448688030243,0.005901724100112915
dress,B007ZPXMXA,B0067IDDF8,764,0.07540754973888397,B0091GR192,0.3405320644378662,0.018928945064544678
dress,B008X0KHCU,B00E0IXSKC,293,0.1334921270608902,B00B0QA9KY,0.2936519384384155,0.007860183715820312
dress,B008006CXG,B00B2OFP0I,244,0.12989935278892517,B008PZ0Y62,0.3138340711593628,0.00478053092956543
dress,B008BRLWA6,B0069IWITS,2,0.3576430678367615,B005917FDA,0.36407631635665894,0.006433248519897461
dress,B00AOWQJZ4,B008AKNE3W,24,0.23948204517364502,B00D6Y5VWY,0.32712042331695557,0.006722450256347656
dress,B007PMBZ00,B007TMBT5M,258,0.13342267274856567,B00DRDIVEO,0.26112616062164307,0.0059165358543396
dress,B007NG6V6Q,B004RJ8IHW,195,0.15003317594528198,B008RK6XLK,0.30742618441581726,0.013748496770858765
dress,B006UR05S4,B007PPHY70,1,0.33742690086364746,B007PPHY70,0.33742690086364746,0.028632432222366333
dress,B00F4N004Y,B007GSG3U0,186,0.14594070613384247,B0070TYH1M,0.3312608003616333,0.020378291606903076
dress,B007GSG3U0,B0038KR31I,1998,0.045063965022563934,B0087YZPJ2,0.329788476228714,0.03528401255607605
dress,B004S0O8HO,B00B5MHQCW,1481,0.027988674119114876,B005QN26TE,0.3325362503528595,0.017908483743667603
dress,B004DVT2SI,B0064J5JPC,8,0.2984983026981354,B0070TYNAM,0.3394894003868103,0.0073430538177490234
dress,B00C17P8W0,B004A15UO6,40,0.24245965480804443,B00ARFWBTG,0.34382250905036926,0.015450328588485718
dress,B00BWISVXW,B009AO2IP2,205,0.13876420259475708,B004RJ8IHW,0.2391958087682724,0.0027761459350585938
dress,B002NVCPQ6,B007XTIENG,77,0.15728247165679932,B004AZKU92,0.2812116742134094,0.004822492599487305
dress,B008VJ0Q2Y,B00C3I0548,12,0.2914220094680786,B00ENCGGZY,0.33286935091018677,0.00903254747390747
dress,B005IFCASW,B00CIL95XW,2320,0.005415403749793768,B003ILW9PM,0.31460994482040405,0.023662328720092773
dress,B0048C7MMU,B00CFY2ZWA,10,0.2725045084953308,B00BPF5X4M,0.34862953424453735,0.026686280965805054
dress,B002Z7FONO,B00BV3WNCI,1967,0.024425774812698364,B009CCW1XG,0.24888718128204346,0.013498470187187195
dress,B002DI8HQG,B005T4G0F6,50,0.21801309287548065,B004XDJIJE,0.3422546982765198,0.03552371263504028
dress,B00ANR3LEM,B00DLKEQGK,14,0.262254923582077,B00ETB3AJO,0.31053030490875244,0.009319126605987549
dress,B004L2L9X0,B00C3M1IAO,90,0.15864089131355286,B009LIHN3O,0.2577635943889618,0.004638254642486572
dress,B00AQUZKG8,B00BXBCUQW,1,0.31390148401260376,B00BXBCUQW,0.31390148401260376,0.032518208026885986
dress,B00D178PQK,B0080E53WI,624,0.07285314053297043,B0098BV7YK,0.24015198647975922,0.009309694170951843
dress,B0097J2PVM,B00B7WGMXE,4,0.32257336378097534,B00FCTCFVG,0.3256787657737732,0.0010794103145599365
dress,B0033UVILO,B009P1MYNQ,12,0.24966907501220703,B005HEJCDK,0.38914066553115845,0.028382867574691772
dress,B00DW61O90,B00AG3Y2JG,20,0.2418641746044159,B005GA9DEI,0.3086703419685364,0.01236957311630249
dress,B005RUNC3K,B00B7DONTI,89,0.19807928800582886,B0065W6F5Q,0.3596917986869812,0.025838494300842285
dress,B003ILG26E,B009X6E9E0,113,0.16073787212371826,B00999JCXY,0.3198465406894684,0.033650755882263184
dress,B00CTT41D2,B00D9SL7JI,880,0.06492680311203003,B008VJ0Q2Y,0.31361791491508484,0.01661810278892517
dress,B00B71U376,B00438RWVU,18,0.22927923500537872,B00525WBU0,0.30219021439552307,0.007315307855606079
dress,B008UH8MY6,B009ES4PFA,775,0.07442318648099899,B003ZZBYQ6,0.26503369212150574,0.0009464621543884277
dress,B007KHTV24,B00DI4A1AY,2925,-0.019902465865015984,B0080E53WI,0.2526305615901947,0.0021151304244995117
dress,B005YUC6B2,B009817FR8,873,0.08632901310920715,B0044UJ0HQ,0.3029681444168091,0.008781403303146362
dress,B00C5168K8,B007678MDM,473,0.08573071658611298,B00DAUCYC4,0.37738466262817383,0.03947347402572632
dress,B00ARFVZ3Y,B00ARFW8JE,66,0.22645975649356842,B00DP6SWJW,0.31149205565452576,0.005697399377822876
dress,B007V0LBW8,B00CO2NVFS,21,0.2687597870826721,B003V1XZIO,0.3906978368759155,0.0020446181297302246
dress,B008R8BFFG,B00C9OICDM,572,0.09935233741998672,B00C4Q2RPO,0.31472882628440857,0.0034243762493133545
dress,B0009VT6MI,B000Z4OH0U,37,0.2221074253320694,B007TM3Y28,0.36475247144699097,0.017873823642730713
dress,B007IWOBBC,B0052IGRDO,2470,0.012478470802307129,B00DHD7YK6,0.3233600854873657,0.0025957822799682617
dress,B003TJA7YI,B005278U3U,72,0.181364506483078,B00DY3XR1O,0.29088932275772095,0.011941492557525635
dress,B0076QKN76,B004XJI4I4,73,0.18905794620513916,B007P5H6HS,0.3254316747188568,0.025175034999847412
dress,B0097BCW4U,B008X0ARIY,1085,0.0732111930847168,B00CD8JJ7M,0.2947441041469574,0.0019165575504302979
dress,B008KPIBWQ,B008J3LWG6,280,0.11083569377660751,B0051UT6AY,0.26700490713119507,0.014787524938583374
dress,B005FUMMGU,B00D2ON1H0,8,0.2799111008644104,B008AEEHA2,0.36116790771484375,0.05524250864982605
dress,B007MLM38C,B008UH8MY6,1,0.30315154790878296,B008UH8MY6,0.30315154790878296,0.00046050548553466797
dress,B00A3EZC4M,B008XODTD0,22,0.25322282314300537,B000R362L6,0.3212040662765503,0.0003121495246887207
dress,B004JXVQD4,B004JU1ULU,26,0.3009300231933594,B003DXBLEA,0.3569002151489258,0.008675575256347656
dress,B009NBVQ5A,B007SVFCAW,399,0.11424177885055542,B0087D7OJ2,0.35218340158462524,0.028671681880950928
dress,B005GPQLO8,B004BUW6DO,87,0.1628042757511139,B007G6JZV6,0.28268468379974365,0.012407273054122925
dress,B007678MDM,B009YKCIIY,46,0.19361039996147156,B006WM4LYG,0.28879544138908386,0.018897175788879395
dress,B00DO9M2VE,B008HSX5ZO,26,0.24820441007614136,B00BDGMRGA,0.38129913806915283,0.045855969190597534
dress,B004A7XTUC,B005Z1XEBG,962,0.06901028752326965,B0079FZ7VG,0.2925231456756592,0.041752129793167114
dress,B00A3PEX7S,B00BNXTOGY,408,0.10689772665500641,B008RC9NQ0,0.31586754322052,0.026811957359313965
dress,B008MN5HU0,B008595HNS,65,0.18772296607494354,B00999JCXY,0.26937222480773926,0.0035434067249298096
dress,B00E0ORPVY,B00DOJ28UY,183,0.12659329175949097,B005FMSUQ4,0.2790950536727905,0.01571670174598694
dress,B005N4L15G,B007HZJE08,26,0.23162031173706055,B006W2OZ6A,0.29273343086242676,0.015371084213256836
dress,B005UX57P0,B0070L9U6M,1269,0.035975031554698944,B003AM8B8S,0.2989276945590973,0.014007538557052612
dress,B00EDQ7QZE,B00B4GG33W,350,0.11255314946174622,B006D8SSOS,0.3019893169403076,0.00026535987854003906
dress,B00AEW4384,B00A6GCXA8,2,0.2774745225906372,B00CBYFJ3Q,0.2831522226333618,0.005677700042724609
dress,B005VTKJWO,B007XCS81G,159,0.15610161423683167,B008R8BFFG,0.28232792019844055,0.009105592966079712
dress,B008LFKSF8,B00C3NG8RQ,19,0.25367119908332825,B00BYFESVM,0.3308270573616028,0.010328114032745361
dress,B00B1G5SPY,B007TDELU6,247,0.12481850385665894,B00DD7B30S,0.2540590167045593,0.0072605907917022705
dress,B008FPXR3Y,B00CQ9U2UQ,491,0.09354855120182037,B00CEIUQ82,0.29804491996765137,0.013537466526031494
dress,B00726H26K,B00DJHSWI8,1,0.29735708236694336,B00DJHSWI8,0.29735708236694336,0.015681147575378418
dress,B00G9WJ09A,B00DG7SOTS,381,0.10464441776275635,B009AUQVS6,0.28612250089645386,0.025079190731048584
dress,B00C12LOZU,B00CIEPROU,10,0.2688096761703491,B00BUVJTSC,0.3075791001319885,0.008764207363128662
dress,B004RKM1YW,B00AWP99H8,103,0.18260781466960907,B00715FFX4,0.31579840183258057,0.026049911975860596
dress,B0099DC5Z2,B006VNFCNK,18,0.22092074155807495,B009KNVH3W,0.3201371431350708,0.04652160406112671
dress,B003XFLQVG,B000RZSA8M,1,0.34335023164749146,B000RZSA8M,0.34335023164749146,0.014743983745574951
dress,B00EIQK2XM,B007CTLUP6,3724,-0.07584365457296371,B004U8YYZU,0.34261274337768555,0.04967856407165527
dress,B00BM82UCK,B00GMIQG34,328,0.11667539924383163,B0094PFDQS,0.3197070360183716,0.024113982915878296
dress,B00BNRBLIE,B0092QK1W0,2324,0.009270249865949154,B00AU1U2PC,0.3062279522418976,0.0037199556827545166
dress,B00FQANLX2,B005GA9D7K,528,0.07960212975740433,B009WQXAXW,0.2971836030483246,0.04857741296291351
dress,B0058T1JNA,B005FOPWOK,141,0.17693385481834412,B006BQAHTG,0.40059223771095276,0.04183641076087952
dress,B00ATPE8CW,B00BBW9YWQ,1325,0.05129656568169594,B00HFEBHD8,0.2985573410987854,0.011472642421722412
dress,B00CIAE21S,B00EIQK2XM,6,0.28720974922180176,B00E9O59J0,0.31328314542770386,0.0028154850006103516
dress,B0085U9J5E,B003Z2TRN6,50,0.18613669276237488,B00CFMMG8K,0.34522759914398193,0.03411170840263367
dress,B00C1BSDBO,B00C9K0JQY,8,0.23733744025230408,B008596SUO,0.31384754180908203,0.023705601692199707
dress,B00AKCGNP4,B007FO27IW,12,0.26137593388557434,B00AO3SNGQ,0.33476966619491577,0.0075431764125823975
dress,B007UZSPC8,B006QSEC4K,58,0.21708238124847412,B00BFGBJ3K,0.33300644159317017,0.004174947738647461
dress,B00D8RZKMU,B00AE4C2LC,5,0.30580008029937744,B00ENEI9FW,0.33472394943237305,0.009505689144134521
dress,B00D68DXCA,B00FIZWNSY,126,0.1772492378950119,B007SOULGY,0.2943504750728607,0.0028329193592071533
dress,B00AYR2L4M,B005FOC9Z0,146,0.13843408226966858,B007P5H6HS,0.29182422161102295,0.013876497745513916
dress,B005FOLSE8,B009SI9OTS,68,0.20177441835403442,B009HMQOP2,0.30482009053230286,0.008256286382675171
dress,B009S3I7EG,B007314UDM,10,0.25819090008735657,B00DB20MFM,0.32734256982803345,0.0039772093296051025
dress,B007HZAFSI,B007E66P9I,1,0.34753185510635376,B007E66P9I,0.34753185510635376,0.0015615224838256836
dress,B003XRKA9I,B004PZHXZG,8,0.3205122947692871,B002H0URKO,0.34471333026885986,0.005144059658050537
dress,B00913N1QC,B00EM95GJK,227,0.147311270236969,B0091F39QC,0.3534674346446991,0.02008265256881714
dress,B00EUVTLPK,B00715FZVG,15,0.23922401666641235,B009M56HNS,0.32025355100631714,0.013847827911376953
dress,B006ZO6A0O,B007C3S564,33,0.20000463724136353,B00AXSHBCO,0.28906503319740295,0.02563801407814026
dress,B002Z7FWB8,B009E2E3QM,11,0.26653432846069336,B002W77AY8,0.3131088614463806,0.014913320541381836
dress,B0087YZPJ2,B00C6NLM5G,218,0.11821652948856354,B005F32V6I,0.30036231875419617,0.016842931509017944
dress,B00CY2BD1M,B008583T7A,1124,0.04829923436045647,B0038KR31I,0.3031613230705261,0.024599552154541016
dress,B0070IN282,B004NAW3HQ,916,0.05526897311210632,B00ASZ93J6,0.2805913984775543,0.0014059245586395264
dress,B00FN4A7QA,B0081JNTYG,2550,0.010692538693547249,B007FFZT6I,0.38403353095054626,0.02332553267478943
dress,B004W4YR4K,B00AO1VRF2,5,0.3444260358810425,B00APYBFPK,0.3516837954521179,0.0
dress,B0094DGGR0,B0072C7PG6,324,0.11565737426280975,B00A8VHMRK,0.3508542776107788,0.0160180926322937
dress,B008Z1TX2M,B00DTWDHWO,64,0.17626953125,B007XVFYWS,0.27562376856803894,0.0091322660446167
dress,B007B6WEA0,B007UDBI3S,89,0.17707863450050354,B009DMGQM2,0.29198530316352844,0.024516373872756958
dress,B00BDGE5DI,B00BJEV35C,31,0.2739880383014679,B004L2KKBW,0.35820090770721436,0.02816683053970337
dress,B0043RSVPM,B004XBCBWM,182,0.13884690403938293,B00AWGHWFS,0.3850971460342407,0.06698465347290039
dress,B004ZY06UQ,B004T20EFG,41,0.1861169934272766,B004W88GB6,0.3530269265174866,0.05950522422790527
dress,B00AAD6KOM,B007FWGBRW,161,0.1560439169406891,B00BS123GO,0.3016132116317749,0.014998376369476318
dress,B006330SY6,B002XUY8SA,451,0.11841645836830139,B00C5TA8F6,0.256716251373291,0.0026699304580688477
dress,B004X0VYKI,B0098XU33E,78,0.19023357331752777,B002YQ47SE,0.2819584608078003,0.0010831058025360107
dress,B00EZK1EQK,B008OY9QUE,80,0.17121894657611847,B007WA3CUQ,0.30424416065216064,0.02793198823928833
dress,B00CAAADZU,B00CRNS11I,2,0.3206367790699005,B000R362L6,0.32961809635162354,0.008981317281723022
dress,B006ZO6A0O,B007IWO6JO,232,0.1303393542766571,B00AXSHBCO,0.3253875970840454,0.030101627111434937
dress,B00499DHK8,B00763VKX0,128,0.16001495718955994,B003BNYA04,0.30266904830932617,0.04250061511993408
dress,B008MNM7Y4,B002Z7ETL2,39,0.2178851217031479,B00DN7KGRO,0.32897311449050903,0.01426321268081665
dress,B00EKY4UEY,B0059BS4O4,1398,0.06085947901010513,B007SOUJQG,0.3353523015975952,8.046627044677734e-06
dress,B00CZC6JIS,B00559SS32,235,0.1399603635072708,B00CFMMG8K,0.2721346318721771,0.015566736459732056
dress,B00AMDXN2C,B00C670RXA,53,0.25107067823410034,B004F9PJEE,0.38475286960601807,0.009459137916564941
dress,B006WM4LYG,B003BNYA04,3,0.3075791001319885,B00DC6UJ0K,0.32749995589256287,0.005716830492019653
dress,B005278U3U,B005GLSA0A,2987,-0.020188821479678154,B005C8DASY,0.24014335870742798,0.0031176209449768066
dress,B005VZ8MWC,B0058T1JNA,2942,-0.017325960099697113,B005QN26TE,0.3736226558685303,0.013256669044494629
dress,B007JS1Y7Y,B00B5KEVPY,35,0.2128666341304779,B0098JSNPS,0.31004923582077026,0.00557178258895874
dress,B008RDI8MO,B008RCU9X6,400,0.09170940518379211,B005SFZ6VU,0.3331066071987152,0.010047465562820435
dress,B0043D2HME,B00AAL49CO,3628,-0.06170426681637764,B00AW8XHQO,0.255237340927124,0.00033289194107055664
dress,B009E739Q2,B007N0B248,17,0.2631787061691284,B004RFFHJI,0.30961012840270996,0.022225618362426758
dress,B009IFOBF8,B007IAHLOS,86,0.172732412815094,B007SOUD26,0.26386016607284546,0.008115947246551514
dress,B000BL6VJM,B007HIL16U,3223,9.26055945456028e-05,B00BPU0D7E,0.2240440845489502,0.0068950355052948
dress,B0091GQUE4,B00CVTM6XC,2310,0.016835134476423264,B00CF5GD3Q,0.3372069001197815,0.017773598432540894
dress,B007EGKM5G,B007HSSKMI,8,0.2618213891983032,B00E3HDPMQ,0.30032041668891907,0.006168574094772339
dress,B00EY93064,B00CJTARFI,161,0.11654451489448547,B008K7V5PE,0.25569605827331543,0.02995412051677704
dress,B004ZWG4UE,B007NCIGQ8,23,0.22261139750480652,B006GJIZLA,0.30815020203590393,0.0023060142993927
dress,B00CLCYUCO,B00BNRBD32,1658,0.04062419384717941,B00CNT5AMY,0.31303906440734863,0.0012235939502716064
dress,B002W77AY8,B009LV9UGO,1694,0.04619752988219261,B008MLXYYS,0.36835527420043945,0.00982561707496643
dress,B0060RMLPO,B007WA3RBK,126,0.17058616876602173,B007CDYKB8,0.30231449007987976,0.0022834837436676025
dress,B007GSGKOO,B0027CTRNK,244,0.14485067129135132,B00896JPTE,0.28967735171318054,0.013785123825073242
dress,B008AIKMD4,B00BVX94NO,1218,0.04640641063451767,B008BHSUCE,0.29375582933425903,0.007443368434906006
dress,B0072QWT2M,B00AFR9G2Q,1511,0.06953069567680359,B007KSG4XM,0.23479828238487244,0.014246881008148193
dress,B007G1015U,B0076R88V8,71,0.18517254292964935,B008OKGFF2,0.3042692542076111,0.00020194053649902344
dress,B0087YZVNC,B006ZVRIQM,1011,0.06550969928503036,B004Z56IPC,0.29911932349205017,0.004760086536407471
dress,B006362580,B0095JQTLQ,94,0.15591634809970856,B00AX1SATY,0.2883407473564148,0.013960182666778564
dress,B005PHZN7I,B005CNVKCC,226,0.14150211215019226,B0071UXLDK,0.3272572159767151,0.001211702823638916
dress,B00B2JHXOE,B007ZDYK2E,378,0.10601182281970978,B004AM5KA4,0.27507415413856506,0.011005192995071411
dress,B009ND97G8,B008D5A9W8,199,0.14203105866909027,B007W3ZADK,0.3522855043411255,0.0015611648559570312
dress,B008L7Z1B2,B00G64FYHI,2810,0.0069768778048455715,B007NG6V6Q,0.279827743768692,0.01504582166671753
dress,B00CII41EI,B008U4K4T0,2696,0.00034674908965826035,B008AEE7V6,0.3051731586456299,0.008690208196640015
dress,B00D8RZKMU,B00BEZTESO,1239,0.06098172813653946,B00AEEFOYO,0.28586387634277344,0.0034583210945129395
dress,B0084YMCBY,B0084YMBQK,17,0.27321553230285645,B008RSU56G,0.3475203514099121,0.010516941547393799
dress,B001EA86KQ,B005JWELJU,3,0.32730475068092346,B00E3S6BS0,0.3484584093093872,0.0118732750415802
dress,B005GMT86Y,B00DN7KGRO,72,0.2053290605545044,B008GQ3BVK,0.3422895073890686,0.010261088609695435
dress,B002WV0S6G,B0036ME5BE,29,0.2052161693572998,B008KCUXLQ,0.2899908423423767,0.029045671224594116
dress,B008CO7MGQ,B00CO9MVT8,37,0.23570409417152405,B00CF5CEFW,0.3492041826248169,0.009443521499633789
dress,B0047MEZNK,B00DEWU6AU,554,0.09739797562360764,B00DII4VBU,0.3193069100379944,0.03269436955451965
dress,B006UCPPZ2,B00AA6F0GI,179,0.13668152689933777,B0099DC5Z2,0.2709709107875824,0.01093640923500061
dress,B0055TBJL0,B003VQRQ66,41,0.22958943247795105,B005DWYYFC,0.3372189700603485,0.0009855926036834717
dress,B007WATI18,B008PHQ8II,26,0.24205955862998962,B009COQELY,0.3658456802368164,0.014796853065490723
dress,B0055OGQ7W,B0051N2MMA,894,0.06967698037624359,B008LE9FLM,0.31860655546188354,0.004824459552764893
dress,B009S0IT7E,B00CH3BZVG,14,0.2814076542854309,B005QN9ET4,0.3392976224422455,0.02782931923866272
dress,B00DDX15TG,B00DCC9ZJK,4,0.2824898362159729,B008UC9MGS,0.3758935332298279,0.07165217399597168
dress,B00559SS32,B00EVLIQIM,413,0.11883338540792465,B00896JPTE,0.30674025416374207,0.030252188444137573
dress,B006WY8INO,B0075BEF4O,291,0.12942445278167725,B004DCAVY6,0.3509955406188965,0.055974483489990234
dress,B0084Y2V6A,B008AIKMD4,233,0.12474291771650314,B0010VH27C,0.290066659450531,0.007777392864227295
dress,B004L0XCUK,B004NAU396,288,0.10158421844244003,B00DW475WC,0.315923273563385,0.01239633560180664
dress,B004748I22,B006MPQO2A,8,0.3418126404285431,B002JZIO02,0.3877633512020111,0.006229668855667114
dress,B0081TP5FM,B007FKA7E2,2341,0.01777908205986023,B00DW61O90,0.3148003816604614,0.0562397837638855
dress,B001PKTT7E,B00CY8S5WG,10,0.25058022141456604,B00B3EHWYO,0.3312928378582001,0.05148252844810486
dress,B0090F42VY,B0038JE7LI,95,0.16215258836746216,B00DZ02CJY,0.3730287551879883,0.01893138885498047
dress,B008OXYAKG,B00332FXRW,503,0.08799734711647034,B00FM7EAQQ,0.2633447051048279,0.025189608335494995
dress,B004UE9940,B007G3N9CU,124,0.1863904446363449,B004MDL8KW,0.3337442874908447,0.003964215517044067
dress,B007FHD0FI,B007FHE5IY,30,0.19951534271240234,B008DAPQWG,0.2918649911880493,0.001258164644241333
dress,B00BG4M4BM,B007H12PCG,981,0.08069063723087311,B008S4C8JG,0.2985342741012573,0.017258673906326294
dress,B0071TUI7S,B004DPAV0W,1,0.3304389715194702,B004DPAV0W,0.3304389715194702,0.006833702325820923
dress,B00FZ00I7U,B00AKGN67S,52,0.29239606857299805,B007XPS2M8,0.4091015160083771,0.012775450944900513
dress,B00BJ1NFNI,B00936I6J4,810,0.08732254803180695,B005VNRG8K,0.33548447489738464,0.050805479288101196
dress,B00BAHX7Z2,B00EZSOR2U,112,0.17982183396816254,B007HZAFSI,0.33088552951812744,0.004990667104721069
dress,B00CTRI7D4,B00E00IM92,1,0.2825518548488617,B00E00IM92,0.2825518548488617,0.0016277730464935303
dress,B00CTLJ1TY,B00BNRBJFY,24,0.3331894278526306,B00B0AO1GI,0.3987255096435547,0.009342402219772339
dress,B008SOOLGE,B008596PSY,82,0.18112751841545105,B00DYFK9N6,0.30871427059173584,0.0027086734771728516
dress,B008OY9QUE,B00BNCH1RO,265,0.13655096292495728,B00F20KR4M,0.26320788264274597,0.0009656846523284912
dress,B0091QSWH2,B009N8Z2T4,102,0.15618345141410828,B00BG5R3KS,0.33157339692115784,0.005007624626159668
dress,B004NAU4G8,B004ECLRKC,50,0.1936468780040741,B0029XKWKO,0.2865259647369385,0.010579824447631836
dress,B00CFXUI4S,B00B2JHXOE,32,0.27689826488494873,B009AO2IP2,0.36285606026649475,0.004310667514801025
dress,B009COQRZW,B00BY6HLDI,3,0.2960435450077057,B00CW94CSS,0.3342258334159851,0.022052675485610962
dress,B00BXB7LRA,B00BXB755S,47,0.21223241090774536,B00B7DOJOC,0.34500426054000854,0.03431594371795654
dress,B009NXZXDO,B00ARMNY1I,9,0.3271007835865021,B00CQSPPLS,0.375417560338974,0.009079992771148682
dress,B009A97XVG,B005TDLRRS,486,0.12657174468040466,B00C2CT9YW,0.2808869481086731,0.010368585586547852
dress,B004U4R8IE,B0070TYNAM,186,0.1494891196489334,B00870UVRC,0.3799969553947449,0.04952216148376465
dress,B007FHD0FI,B00ALGUAOO,4,0.3021419644355774,B0054N0S6E,0.34406429529190063,0.0029596686363220215
dress,B007OX0MXG,B008VY5C0A,25,0.219735249876976,B000WZX6OU,0.29443347454071045,0.030922025442123413
dress,B00BUVAI5K,B00AQ8PVXW,27,0.27655264735221863,B004U88SW0,0.36994022130966187,0.011942684650421143
dress,B0083FTUI2,B002HEWD7A,3046,-0.008433720096945763,B006BJDCHW,0.23856018483638763,0.001864403486251831
dress,B002DI8HQG,B008RC9NQ0,167,0.1275443583726883,B0071UPNJ0,0.3442066013813019,0.03782293200492859
dress,B009LIFAV6,B002Z7FWB8,205,0.12977458536624908,B002TUS8JO,0.2750944495201111,0.006091892719268799
dress,B00B7DONTI,B004DTTRA8,13,0.2638266086578369,B007GP6PME,0.31745457649230957,0.004977554082870483
dress,B005O0PARY,B004T6S8ZK,1,0.3518173098564148,B004T6S8ZK,0.3518173098564148,0.017248988151550293
dress,B007HY9O5O,B007WA3E8Q,17,0.23572732508182526,B007UDBI3S,0.31195342540740967,0.031920015811920166
dress,B008LTJG3E,B00FGQRGCS,24,0.21345862746238708,B00A16E1X0,0.31460943818092346,0.029788047075271606
dress,B003ILIR4E,B0045EPT8A,1145,0.054405923932790756,B008XOX6M4,0.30293482542037964,0.021860629320144653
dress,B006WM49XE,B007CDX3AW,3,0.3442303538322449,B0036MEL0O,0.358920693397522,0.013107120990753174
dress,B002FOR462,B005644KAG,319,0.12607237696647644,B007NG6V6Q,0.3461323380470276,0.031016141176223755
dress,B00F4N004Y,B005ZLS51K,1210,0.06046076864004135,B00F4MYMJO,0.2760089635848999,0.007168114185333252
dress,B008OVCJ0Q,B009AEQD3A,90,0.16974931955337524,B005LC9U8K,0.2643510103225708,0.007075995206832886
dress,B00AFOMEMI,B0097B86M2,1,0.3186691701412201,B0097B86M2,0.3186691701412201,0.007016569375991821
dress,B00D68DXCA,B00E1ZTATW,61,0.18667802214622498,B00C5QNIGK,0.30914202332496643,0.01696285605430603
dress,B000NB1FAU,B009DMLERE,100,0.14954733848571777,B004O3CSF4,0.2597610354423523,0.029543697834014893
dress,B00B1YKB26,B0071GD9D6,191,0.14860497415065765,B00BNMJRDA,0.3017740845680237,0.01446533203125
dress,B00E0ORPVY,B00E3XBZOA,340,0.10781604051589966,B00BYFESVM,0.26449286937713623,0.007700622081756592
dress,B007M8PCAQ,B008QXCMWW,119,0.15231287479400635,B008UWENTO,0.2903151512145996,0.013895750045776367
dress,B00DJHSWI8,B00BYMX1AY,196,0.11514315754175186,B008LE9FLM,0.3069491386413574,0.03395336866378784
dress,B007GP6PME,B0067LPEFW,142,0.15606364607810974,B009LLG8BE,0.3331890106201172,0.0019306540489196777
dress,B004VM5W1K,B00CA38COQ,145,0.13433343172073364,B008LTHS16,0.34958788752555847,0.008701890707015991
dress,B00ASIH0ZC,B00B2JJ15S,3,0.32552236318588257,B00C181SNM,0.3701867163181305,0.02848568558692932
dress,B00DUL8IWS,B00C97IILK,130,0.1669483184814453,B00A0TSV2U,0.27993857860565186,0.011194705963134766
dress,B0094KQ1NC,B009QMD6UY,19,0.2953159213066101,B00CII41EI,0.3646247386932373,0.009369432926177979
dress,B00EWOQ16M,B00385IQY6,10,0.26189786195755005,B0073HKUWG,0.34100577235221863,0.04875463247299194
dress,B005TM5U7C,B009LJ8QR0,4,0.3433040976524353,B0074H8FTU,0.3684554994106293,0.024015337228775024
dress,B00AWAZPS0,B00CXO1ULE,60,0.20066331326961517,B006YKWT18,0.3354073762893677,0.03706282377243042
dress,B008BHSSMG,B008AEEMYS,1,0.24271738529205322,B008AEEMYS,0.24271738529205322,0.006538465619087219
dress,B00BF8B8CA,B009PXRLIW,1766,0.02637127973139286,B00DY3XR1O,0.23473027348518372,0.0033371150493621826
dress,B004E0ZEBW,B005LC87SO,235,0.11911186575889587,B005VNRG8K,0.33612582087516785,0.007892817258834839
dress,B008F48SN4,B009JY5GIY,44,0.22275668382644653,B003BED2AM,0.3669557571411133,0.0410369336605072
dress,B007FHE5IY,B005VCC2MQ,7,0.3309202194213867,B005N4L15G,0.3598746955394745,0.0012865960597991943
dress,B007FG0Y8U,B00CLF9APS,4,0.2575345039367676,B00DQDQUNE,0.2689751982688904,0.008334577083587646
dress,B00BWKXOS2,B007Y0T5T6,17,0.25972068309783936,B00A2X398A,0.3495120704174042,0.020307928323745728
dress,B00DQ686X8,B00DVFJ2UK,53,0.23285451531410217,B00CII3SYW,0.3265097141265869,0.0033704638481140137
dress,B009A97XVG,B001MZ264K,2180,0.02501481957733631,B0067M3VO2,0.3131334185600281,0.01749563217163086
dress,B009IFOBF8,B003B00592,278,0.1346733570098877,B0043D2HME,0.3286370038986206,0.021159708499908447
dress,B002Y2X7NE,B002Y2RC8A,27,0.193674236536026,B009AUQVS6,0.2889377474784851,0.008894294500350952
dress,B00AKB3VPA,B0087COXNS,2,0.30838266015052795,B00BBRLSFW,0.3126535713672638,0.00427091121673584
dress,B007W9ZC3W,B006C4GIS6,492,0.12362369149923325,B00E6RBFFC,0.3028396964073181,0.000927269458770752
dress,B00GTNC0G4,B00CHS82BC,634,0.06394125521183014,B004WYVJNC,0.264823853969574,0.01281893253326416
dress,B00CFUEHAW,B00BYF3GVA,731,0.06969057023525238,B0087YZPJ2,0.30046528577804565,0.019171416759490967
dress,B00CTSFCE0,B0085SJZUK,205,0.15797901153564453,B0009T5VWY,0.32515326142311096,0.00427517294883728
dress,B002Z7ETL2,B00CGTBWEG,3,0.2769927978515625,B00AKCGNP4,0.33300814032554626,0.05231434106826782
dress,B00C2BIUXO,B009ND8UKC,545,0.09148938953876495,B004V7KUQ2,0.3153608441352844,0.017948389053344727
dress,B008LRQUW6,B00AXVFMYA,126,0.14902597665786743,B00981EVHU,0.30266207456588745,0.02560785412788391
dress,B009YKCIIY,B006057XVS,1332,0.03933731094002724,B0084ZS2YO,0.3328689932823181,0.0008761882781982422
dress,B00FE0G1OU,B00COB4DF6,29,0.2513555884361267,B00EOW7882,0.3823624849319458,0.030927032232284546
dress,B00DTWDHWO,B00BXMPQZI,159,0.13993683457374573,B00B8RAZE0,0.2932474613189697,0.0036599338054656982
dress,B007WAT0S4,B007XD6GHS,36,0.22652724385261536,B006JVH5UC,0.33672112226486206,0.03236573934555054
dress,B0088D21Y4,B008QW7GOW,2,0.35232532024383545,B008RSU56G,0.3609272539615631,0.008601933717727661
dress,B007RBIRK0,B008MA8UJI,23,0.23723405599594116,B0040JGTJS,0.32256901264190674,0.016164809465408325
dress,B007XD18IK,B00CJTWWA6,1047,0.06593696027994156,B00499DHK8,0.3347521722316742,0.010045021772384644
dress,B00DJTS67S,B00BLZGJ1W,15,0.2665337920188904,B00857SPA2,0.33854976296424866,0.015115886926651001
dress,B0055TBPNC,B008R9FAD8,56,0.22079095244407654,B005NXMECQ,0.3440766930580139,0.02538403868675232
dress,B00BYFESVM,B00BY3R17W,23,0.2828764319419861,B002DIBXH6,0.37996888160705566,0.020341098308563232
dress,B00B90O740,B00CBY97SE,65,0.18750396370887756,B00E9LE61K,0.2934848964214325,0.006838113069534302
dress,B00AXDA432,B00E1ALO0K,14,0.2864522337913513,B002ZG8I60,0.35302165150642395,0.011306673288345337
dress,B008K3SX7G,B006PA7Q4M,2,0.31333667039871216,B006TALF54,0.3395043909549713,0.026167720556259155
dress,B008ZB39FY,B008HQYFB4,5,0.305326908826828,B005JWELJU,0.3342650532722473,0.001017838716506958
dress,B00CTT4N7G,B004MAR55C,1090,0.06775292009115219,B007PDWREC,0.26092833280563354,0.006977051496505737
dress,B006QSEC4K,B0090U5OHK,23,0.2509363889694214,B007P0Q6PQ,0.308594286441803,0.010165363550186157
dress,B007NJY9XA,B00B2JIJNI,95,0.1850774735212326,B007HCB8NW,0.2961772382259369,0.006075531244277954
dress,B00E8AUR2O,B007FG0Y8U,17,0.30388811230659485,B00E1CASRI,0.37060123682022095,0.008394777774810791
dress,B00A3PEX7S,B00C5TA8F6,8,0.2776244878768921,B00A2IKF6O,0.33833011984825134,0.002292424440383911
dress,B009QW3VSQ,B00EJVX38C,678,0.08129749447107315,B0087YYYEO,0.30897486209869385,0.0056414008140563965
dress,B005QYY8F8,B007B86AF8,307,0.11142553389072418,B005JW6JRM,0.34084242582321167,0.012419044971466064
dress,B0081CXJ4I,B00854663S,3091,-0.008353953249752522,B00897AQ9G,0.2873815596103668,0.008773356676101685
dress,B00598QDJK,B00D9OXNW6,2317,0.012427367269992828,B009AO2J6U,0.30722522735595703,5.447864532470703e-05
dress,B00CIEPROU,B005H7G65O,21,0.22508645057678223,B002H0URKO,0.3033650815486908,0.01548507809638977
dress,B0059BCNOG,B00BRBYOLC,2529,0.014498836360871792,B00CJPL9I6,0.3334469795227051,0.0023341476917266846
dress,B00508YRGU,B003DIWQNA,955,0.08930213749408722,B006PBGK9I,0.3074672222137451,0.01987701654434204
dress,B00C6PP5CA,B0099DCINQ,1,0.2913736402988434,B0099DCINQ,0.2913736402988434,0.009424984455108643
dress,B000YXD4R4,B00BYTETAS,1,0.33830541372299194,B00BYTETAS,0.33830541372299194,0.051033347845077515
dress,B004AM5K4K,B007G693H2,860,0.07544267177581787,B00APYBFPK,0.3016884922981262,0.0
dress,B000X4TNTM,B00A2G31AS,41,0.19893449544906616,B0087YZPJ2,0.3025576174259186,0.031856805086135864
dress,B008AEEHA2,B008596V88,31,0.21210086345672607,B00CMU6HIK,0.33142000436782837,0.04006364941596985
dress,B007FNGLZI,B00AG41UFY,260,0.12533554434776306,B0046XRKNM,0.2755768597126007,0.004438728094100952
dress,B007520NYO,B00CFXUI4S,31,0.2527269721031189,B008XEEWJA,0.3483242690563202,0.009264767169952393
dress,B002AQSPL8,B003BT62A4,614,0.0865008682012558,B002TKJL40,0.2771189510822296,0.02326163649559021
dress,B00DYFK9N6,B00DM0REWC,560,0.09140127152204514,B0097B86M2,0.22354745864868164,0.0032103657722473145
dress,B009ND97G8,B00CIBN6H8,106,0.18620164692401886,B004LLIS6W,0.3558803200721741,0.011788010597229004
dress,B0076IK8OC,B00BP0WWBY,1,0.39381682872772217,B00BP0WWBY,0.39381682872772217,0.04371386766433716
dress,B00CQAJI7S,B00F9KUL8W,343,0.10605107247829437,B0081TP5FM,0.2651219666004181,0.024237126111984253
dress,B00B53A556,B008MC8438,43,0.22850000858306885,B0087COXNS,0.3266381621360779,0.0034445524215698242
dress,B006FRRQLS,B004UDYSDS,926,0.07314234972000122,B00BG3PBJU,0.3508511483669281,0.00555148720741272
dress,B00A13GLG8,B00CD8K1W4,131,0.15798380970954895,B00GPGOHCA,0.3189336657524109,0.003556758165359497
dress,B0096C2UVA,B007W3ZADK,1388,0.0322825126349926,B00CJQI0I2,0.35297781229019165,0.02386990189552307
dress,B00AQUZKG8,B00DHVW5N4,36,0.24404025077819824,B00AKB3RA4,0.3548879623413086,0.042151063680648804
dress,B00DSSIGXO,B00EGJHGVW,1135,0.05468953400850296,B0076OCNJE,0.3016364574432373,0.007525235414505005
dress,B005HP3HL2,B00BWPEAP8,3,0.2884104549884796,B004S0SSDY,0.29817742109298706,0.004793435335159302
dress,B0032FOQUU,B0082C616K,268,0.12715314328670502,B00525WBU0,0.365847647190094,0.01678067445755005
dress,B008MNM7Y4,B0076ODGBS,728,0.08777911216020584,B00CNT5AMY,0.30787914991378784,0.003977328538894653
dress,B00BPF5X4M,B008UC9MGS,11,0.25960108637809753,B008HXUXPO,0.32159602642059326,0.0038379430770874023
dress,B007Y0UKN6,B0052WU704,104,0.2071942687034607,B00DJJILJQ,0.41261065006256104,0.008942067623138428
dress,B009C6OMMK,B0071UXLDK,11,0.29189321398735046,B009C6OLCQ,0.36164677143096924,0.029888153076171875
dress,B00ARFWBTG,B00A76P278,5,0.3596586585044861,B00B2O15XY,0.3884497284889221,0.021425485610961914
dress,B007FG0Y8U,B009CPQZ12,50,0.24884948134422302,B0097JITVM,0.32659077644348145,0.01171034574508667
dress,B00BISLTIK,B00B5KMPA2,1587,0.04218138009309769,B007WAE9MQ,0.27846425771713257,0.019756793975830078
dress,B0074H8I6K,B000JL47FE,50,0.20737208425998688,B004VJS5QC,0.2841672897338867,0.005216240882873535
dress,B00EQ1PPEK,B00C18EV0E,1130,0.0744185745716095,B00ECTI3SG,0.2926974296569824,0.00483432412147522
dress,B0094QXCKQ,B00870UVRC,1759,0.031256671994924545,B001EA86KQ,0.29926347732543945,0.022985458374023438
dress,B00BBOI64Q,B009ZUHNE2,194,0.13896498084068298,B005ZWBSMM,0.3473977744579315,0.0046711266040802
dress,B005JDB3UO,B008BHSFOW,395,0.11194397509098053,B008FG57UE,0.33912912011146545,0.0036427676677703857
dress,B00F9AJ5Y8,B005ENHHZO,42,0.21216070652008057,B008D5IQFU,0.3213176131248474,0.021884649991989136
dress,B004Z56IPC,B009401NI0,3260,-0.030448514968156815,B0091EGPXW,0.31538963317871094,0.08090665936470032
dress,B00D7ISRPC,B00EKY53XQ,44,0.19960762560367584,B00B5KOBPY,0.30814987421035767,0.004803776741027832
dress,B005UX57P0,B00DOS9HN6,160,0.14406108856201172,B002TKJL40,0.313898503780365,0.052183568477630615
dress,B005WY5LAS,B00AYE3UIG,7,0.22890011966228485,B00936I6J4,0.3124019503593445,0.060061872005462646
dress,B003YKZ42W,B006QKKVZM,2341,0.01319234911352396,B0075BEF4O,0.3184916079044342,0.03157725930213928
dress,B0059BCNOG,B0058YU4AE,2777,0.01944049447774887,B00BTMWMYU,0.2537311315536499,0.011350065469741821
dress,B0033UVILO,B0084Y6UQC,396,0.10689304769039154,B0033PRQ2Y,0.2890181541442871,0.018470823764801025
dress,B00CII5YD0,B00D75WT4U,2673,-0.00750875286757946,B0055OGJLU,0.32095783948898315,0.0033592581748962402
dress,B004ZRUT96,B007E9Y26S,117,0.14813293516635895,B004EHYFLK,0.25753548741340637,0.001980811357498169
dress,B00C9K0JQY,B00455GK1E,92,0.18252021074295044,B002TNMJ78,0.35332024097442627,0.0020409822463989258
dress,B009VDSHKC,B008ZYMM5Y,2172,0.03140994533896446,B00C410CMO,0.3568648099899292,0.02289438247680664
dress,B00CBYFJ3Q,B005NVQAUA,33,0.23564907908439636,B00CFD6ZBI,0.3188209533691406,0.0017504096031188965
dress,B002GU7D5M,B0083QFE0Y,157,0.11980675160884857,B00FQANLX2,0.21990635991096497,0.0010633915662765503
dress,B0039ITJ84,B00CD8JJ7M,294,0.12583713233470917,B00AQUBNWI,0.2661154270172119,0.004304945468902588
dress,B00A7N4DC6,B00E1C7SZI,3359,-0.02031921222805977,B003AKZMXM,0.2702219486236572,0.0018872618675231934
dress,B009Z31KZM,B009YJEIXS,23,0.22246500849723816,B00B1TO8ZW,0.30097997188568115,0.019263416528701782
dress,B00EJN90W8,B0097IX9NQ,6,0.28334444761276245,B009CPQZ12,0.3323894739151001,0.003772139549255371
dress,B007ZOGQIO,B007KJ2M5K,182,0.1496279388666153,B00AIJ2NGM,0.3115183711051941,0.009804993867874146
dress,B00AEYZ35E,B006VVMYPQ,279,0.11493264138698578,B003ZJ6GCO,0.3261493444442749,0.0032843351364135742
dress,B00BYMX1AY,B00CP3BTKU,3306,-0.020776063203811646,B006A0ORXU,0.33991312980651855,0.009008049964904785
dress,B00C4Q2RPO,B00C4Q356Y,4,0.34005337953567505,B002TUS8JO,0.3566402792930603,0.007766425609588623
dress,B008LFKSF8,B00DQAKVT6,66,0.20098474621772766,B009D5TCY8,0.3093317747116089,0.002994924783706665
dress,B00E62NUTG,B00D6IVL6K,10,0.2282012403011322,B007IWO80Q,0.2753138244152069,0.005633443593978882
dress,B008NHSU3G,B002DI8HQG,9,0.2897988259792328,B005IFCASW,0.3158009648323059,0.002992868423461914
dress,B005UASDM2,B009E739Q2,889,0.07741831243038177,B00CW8U4E0,0.26284167170524597,8.96453857421875e-05
dress,B002NVCPQ6,B00D6D8EL0,320,0.11704018712043762,B009RRHPBE,0.31508365273475647,0.008583605289459229
dress,B009C6OMMK,B007PYJLRC,3,0.34539586305618286,B0072C9HWQ,0.3474152684211731,0.0009374618530273438
dress,B006ZO54SI,B007PKECMA,4,0.2779878079891205,B00CE2GUYM,0.2864145040512085,0.0020364224910736084
dress,B007FDYS62,B003L13FTI,2,0.2894150912761688,B0027BDMB4,0.29743075370788574,0.008015662431716919
dress,B00AO9RH30,B00DQAL0XW,31,0.2661588191986084,B003ILW9PM,0.3306809961795807,0.01288709044456482
dress,B00AO1VVB2,B004VQBVOI,1881,0.04399775713682175,B00CLF9APS,0.333138644695282,0.022193312644958496
dress,B0070L9U6M,B006MWMNRS,5,0.2895278334617615,B00919G258,0.3623999357223511,0.04334864020347595
dress,B00BL9EE4C,B00CO6KDDM,64,0.19351708889007568,B002VNFKTU,0.316821426153183,0.010142862796783447
dress,B00BSN0JOA,B008UWENTO,1,0.2761288285255432,B008UWENTO,0.2761288285255432,0.004902303218841553
dress,B00BBOI64Q,B00EE0XOZA,1880,0.03429783880710602,B007XJ225C,0.27035844326019287,0.009347021579742432
dress,B00C9796UC,B00AT9JFQC,3,0.33925774693489075,B0097IXSGO,0.34660422801971436,0.0032747387886047363
dress,B005KMQQFQ,B005BU8MG8,11,0.22096189856529236,B00B5P4VG8,0.2829740345478058,0.004752248525619507
dress,B00F4MXLRI,B00DW8GVIW,10,0.3193638026714325,B008YSFCK8,0.38117167353630066,5.2303075790405273e-05
dress,B005JDB3UO,B007P0Q6PQ,80,0.18626096844673157,B00EPSQ458,0.30885225534439087,0.009630054235458374
dress,B005DRATG0,B005JU13OS,2,0.28141117095947266,B004T7WY9A,0.29140737652778625,0.009996205568313599
dress,B004U88SW0,B00DZ7AA8M,2715,-0.00021125160856172442,B008ATJYUU,0.3424960970878601,0.004045546054840088
dress,B0082BCNZY,B008CB707K,1716,0.05280319228768349,B00FIZWNSY,0.26879221200942993,0.018179208040237427
dress,B00CTSFCE0,B00ED49C12,21,0.2508888244628906,B00CLV8QQ6,0.31818389892578125,0.02415969967842102
dress,B007W9ZC3W,B00BWJ9R2A,4,0.31462618708610535,B00CFT03IS,0.31911081075668335,0.0006528198719024658
dress,B00GP5TL6I,B007VU22WQ,15,0.25170469284057617,B00FFL98LG,0.33562999963760376,0.011442482471466064
dress,B007JS1Y7Y,B007G6JZV6,3,0.30568793416023254,B00ANOMIQ2,0.34242671728134155,0.033569931983947754
dress,B00DCC9ZJK,B00DDX15TG,2,0.3418733477592468,B008UC9MGS,0.34298205375671387,0.001108705997467041
dress,B00CE66AQG,B009Z31FXY,149,0.17431873083114624,B004DCAVT6,0.3352782726287842,0.006786942481994629
dress,B00AOBCAXA,B00DH8X2OI,63,0.2393481433391571,B0087YZ0S8,0.3627703785896301,0.017803072929382324
dress,B000AY2892,B000XTPPYO,110,0.1686987280845642,B00DR7GB9M,0.32199037075042725,0.020952194929122925
dress,B007RM21BU,B00A4MST0C,20,0.23423722386360168,B00BPS1REY,0.31784844398498535,0.014859437942504883
dress,B008596XXG,B008P5453U,11,0.3180443048477173,B008LTHS16,0.3712422251701355,0.020680487155914307
dress,B0069TD8DW,B002UD64NW,76,0.1476115584373474,B005GT73SC,0.23903816938400269,0.004055827856063843
dress,B005WQCHPI,B0080E6RN2,19,0.2335250973701477,B00FP87XX4,0.2949313223361969,0.017152070999145508
dress,B009C6OO8C,B009C6OMMK,259,0.1250467598438263,B004JU0AF2,0.2865021228790283,0.014977067708969116
dress,B009S3GIV0,B00595TNMM,7,0.3148258328437805,B00E1CASRI,0.388611376285553,0.041022807359695435
dress,B00BG3NQE2,B004LKRWWO,5,0.35070860385894775,B003JH7Y46,0.3701186180114746,0.0022194087505340576
dress,B00CW6HT7W,B00A76OJHW,904,0.07236363738775253,B0043D2HME,0.2846250534057617,0.01225230097770691
dress,B0071MSFCU,B00D6QTRRC,4,0.28381675481796265,B00C6355S6,0.29357200860977173,0.00551488995552063
dress,B007FO27IW,B00342VIKW,176,0.15768229961395264,B008AIKK04,0.2805633246898651,0.0009171366691589355
dress,B007HZJE08,B0069U00N2,2,0.2779015898704529,B0077M7ZUM,0.34412962198257446,0.06622803211212158
dress,B0096C2UVA,B005FW6A4S,12,0.28390830755233765,B00919G258,0.3658652603626251,0.00042870640754699707
dress,B00BEZTESO,B00D8RZKMU,1189,0.06603066623210907,B003XJ5ITS,0.2452542930841446,0.010932713747024536
dress,B007HI6KPM,B005CT9ZJG,1911,0.03566348925232887,B008CO7MGQ,0.34141626954078674,0.022781342267990112
dress,B0046Q4K6E,B002N8CDA2,1267,0.0718083381652832,B0070TYH1M,0.26631003618240356,0.0034362971782684326
dress,B00B1OKIRO,B00CK2LIXY,152,0.1622050404548645,B00BPTPJ38,0.4002078175544739,0.007757037878036499
dress,B008GRR6II,B004MKNOJ8,74,0.21326416730880737,B0080ICEQC,0.31860634684562683,0.0019316375255584717
dress,B007SOUELG,B007SOUD26,10,0.25946128368377686,B006603WEE,0.29691988229751587,0.0034576058387756348
dress,B00801W1H6,B00CFL3FDQ,3,0.2576364278793335,B00E5X7NRQ,0.2873803377151489,0.02648100256919861
dress,B00ANC7JCW,B00ANR3NSQ,3,0.27341336011886597,B003Z59PYE,0.3122774064540863,0.007115662097930908
dress,B0089DLVNA,B007ZT13QE,135,0.1750563383102417,B007ZOGQIO,0.38374465703964233,0.010022193193435669
dress,B004IZRBDW,B005LMZ2KU,25,0.21851187944412231,B005DRAVT0,0.2462439090013504,0.0025611966848373413
dress,B002VLK54C,B002VLDSRS,17,0.2410089373588562,B005X6WEK0,0.3340882658958435,0.026919960975646973
dress,B00C62EUBA,B009QOHBUI,31,0.18945427238941193,B007E66P9I,0.3084339201450348,0.030020982027053833
dress,B00A8VHMRK,B009VUUMBW,15,0.22623685002326965,B009AASMIS,0.2985805869102478,0.03260225057601929
dress,B00CY8T80Y,B00F4N004Y,187,0.14081326127052307,B007C3YGXA,0.25823038816452026,0.00028333067893981934
dress,B004EPXD9M,B0091XR6GS,171,0.12871789932250977,B00BKV2MH2,0.262898713350296,0.0004763007164001465
dress,B0059817JQ,B008UD2EAS,589,0.1252860575914383,B0066NI17E,0.30719226598739624,0.023320525884628296
dress,B00A16VH28,B009FEMH76,4,0.3393714427947998,B00CG5Q9XO,0.35278886556625366,0.006367743015289307
dress,B0029YQQYE,B004OLGO24,3,0.3289203643798828,B00CAMJMRS,0.35427939891815186,0.010255545377731323
dress,B004OHYU4M,B006O39V3Y,3,0.32279831171035767,B0037PVUW2,0.35055941343307495,0.012425839900970459
dress,B007TMBT5M,B006M49D42,17,0.2919663190841675,B00A0I6GSC,0.34378260374069214,0.011540800333023071
dress,B005FUMMGU,B0077G77OW,14,0.22464166581630707,B00919G258,0.31352168321609497,0.011114001274108887
dress,B005MGDYK0,B00EASZKQW,708,0.09338101744651794,B009LDY5S0,0.3183588981628418,0.0015160143375396729
dress,B0045EPT8A,B008RXA5IO,215,0.14209283888339996,B004QF0KO6,0.34673574566841125,0.0399361252784729
dress,B0073WBRYQ,B007SOUELG,100,0.1691569685935974,B00E1ZTATW,0.31520283222198486,0.025278329849243164
dress,B00BXB7LRA,B00CGYK5K8,9,0.24212408065795898,B003BNYA04,0.26472464203834534,0.0059244632720947266
dress,B005KMQQFQ,B007KANUK0,655,0.07267864793539047,B004KB5HQW,0.3281249701976776,0.014569669961929321
dress,B00BSN0JOA,B00E1SQHY0,2,0.28035327792167664,B0027CTRNK,0.2913838028907776,0.011030524969100952
dress,B00FBRGJKM,B00FTA0HUE,44,0.21522878110408783,B008OVNLDU,0.29875439405441284,0.025726258754730225
dress,B00BPCXTVE,B003I62TM0,1,0.27600860595703125,B003I62TM0,0.27600860595703125,0.0013360977172851562
dress,B005X4PL1G,B0084DJQ6O,913,0.07147639989852905,B00897AQ9G,0.3154042363166809,0.006470799446105957
dress,B009D3M86O,B00B4YXHF6,19,0.26487281918525696,B00BYFESVM,0.34659093618392944,0.004168808460235596
dress,B004MMF00W,B00C17P8W0,50,0.19963502883911133,B00711V8Y8,0.3064161539077759,0.013890087604522705
dress,B00AAOD3LO,B007W9ZC3W,11,0.28408676385879517,B009815VKG,0.3374178111553192,0.004464536905288696
dress,B005ZXS03G,B00DV6C0Y4,236,0.14109183847904205,B0065W6F5Q,0.316588819026947,0.019075453281402588
dress,B00DH8X2OI,B00AOAQ2JO,8,0.34209340810775757,B0084DQY14,0.3777046203613281,0.007932305335998535
dress,B009NW4TW6,B008DH1ZEM,272,0.12202008068561554,B008VIRN62,0.3219829499721527,0.007173597812652588
dress,B00B1YKB26,B00BUVAI5K,8,0.24248772859573364,B00A0TSV2U,0.300156831741333,0.009293407201766968
dress,B00D3A3HRC,B00E0XEJRI,1,0.27956968545913696,B00E0XEJRI,0.27956968545913696,0.0025542378425598145
dress,B00AX1SATY,B00CJRV3Z8,7,0.28438904881477356,B008A4OV4Y,0.31640249490737915,0.003787010908126831
dress,B007HZAFSI,B008MLXYYS,344,0.12189255654811859,B005MUYI2Y,0.3379635810852051,0.000794827938079834
dress,B00B5859Z2,B00CC9QFN8,56,0.16587887704372406,B008SLY504,0.2689772844314575,0.027531489729881287
dress,B004Q9T840,B004T90LFM,231,0.1251876950263977,B0059817JQ,0.34368258714675903,0.003993809223175049
dress,B00913N1QC,B00EVKYFWO,71,0.19485214352607727,B00AWMO2PU,0.3371536135673523,0.01656275987625122
dress,B004U88SW0,B00ALSDNIM,21,0.19905517995357513,B008F48SKC,0.279399573802948,0.011534690856933594
dress,B004VJS5QC,B004F9PJEE,15,0.29280054569244385,B005LC303G,0.3543873429298401,0.01188349723815918
dress,B006ZWEMWE,B00CE4GUC2,81,0.1781172752380371,B00AOJVAOM,0.3226042687892914,0.05005165934562683
dress,B0088AAXUG,B009LDY5S0,71,0.25503450632095337,B00C11R13U,0.3527759909629822,0.025558114051818848
dress,B00B4GJODI,B004L2L9X0,984,0.0545467883348465,B0045R3SUI,0.2716769278049469,0.001887589693069458
dress,B008BHHSAY,B00BM1IJ18,15,0.24100813269615173,B00EE0XOZA,0.3213545083999634,0.026327967643737793
dress,B00B89H8NO,B00DR8ZWAU,1,0.3036094307899475,B00DR8ZWAU,0.3036094307899475,0.010838568210601807
dress,B00CLV8QQ6,B00CLF5ZFC,102,0.16151875257492065,B00DHP4U0Q,0.2680075168609619,0.005809903144836426
dress,B00EODXN1W,B00655AJCS,114,0.14217102527618408,B007N6LB5M,0.3342718183994293,0.05816426873207092
dress,B00F4N004Y,B007GSFG76,10,0.29119446873664856,B006GF739E,0.3296644985675812,0.01691421866416931
dress,B005HEJCDK,B00ASPCIF2,354,0.10909369587898254,B002Z7ETL2,0.31973156332969666,0.0024923980236053467
dress,B005AQCKBQ,B008VTFOJ4,371,0.11494512856006622,B005H6XSQA,0.27503299713134766,0.0014216303825378418
dress,B00CR02CF2,B00C45XM6S,288,0.13866278529167175,B007PDWREC,0.34333741664886475,0.05728203058242798
dress,B004YADUVS,B0033UVILO,115,0.16969670355319977,B00BVGHQKO,0.2819606065750122,0.0026247501373291016
dress,B008VFX1IE,B008YSFCK8,4,0.30687931180000305,B005UASDM2,0.3205728828907013,0.002523094415664673
dress,B00E8157H8,B005DNQB9I,36,0.1885245442390442,B00854663S,0.2768220901489258,0.004081696271896362
dress,B008E6CKVY,B00A9T9N6O,2660,0.005329815670847893,B005YUC6B2,0.3267516791820526,0.03870537877082825
dress,B006UCPRSC,B007WPHD92,800,0.0679067000746727,B00E1SPJR6,0.30765867233276367,0.0067543089389801025
dress,B00CL0VWTA,B00BQX461E,78,0.19991053640842438,B007HZAFSI,0.31321871280670166,0.017160356044769287
dress,B00BXB7LRA,B00CGYK1MU,17,0.27385061979293823,B00DC6UJ0K,0.358930379152298,0.016499966382980347
dress,B007KANUK0,B0050JBVQS,149,0.14706897735595703,B004T90LFM,0.3320592939853668,0.004644811153411865
dress,B008IGRUCE,B007XD6JWA,239,0.11028401553630829,B007WAE9MQ,0.23057641088962555,0.006488710641860962
dress,B005N4L15G,B0088B30TG,2831,0.012456908822059631,B0058XPHQG,0.36845648288726807,0.007264971733093262
dress,B00AG3Y2JG,B004AY7K1Y,511,0.09987793117761612,B006BFNE3I,0.33728358149528503,0.03693118691444397
dress,B00BNRBD32,B00BNRBLIE,443,0.12655532360076904,B008HQKK1S,0.2910366356372833,0.008522987365722656
dress,B008H78T6K,B009YKDK9U,15,0.20243903994560242,B00ATGTA74,0.2671440541744232,0.017248645424842834
dress,B007WAT0S4,B00CQBL6NG,14,0.24319010972976685,B00AFDIUWM,0.2972160577774048,0.0064078569412231445
dress,B0009T5VWY,B005QSQX52,234,0.134062260389328,B0098XU33E,0.31404128670692444,0.009040296077728271
dress,B006YOU8HG,B0072BCICS,245,0.12156349420547485,B00CIE7XWO,0.3141888976097107,0.026129424571990967
dress,B00B1VG358,B008H62ENA,301,0.12619616091251373,B00B1VG6FU,0.3060758113861084,0.0441114604473114
dress,B000Z4OH0U,B00CBYG6VA,92,0.17383265495300293,B00CBY97SE,0.27841711044311523,0.02384161949157715
dress,B002FLMMY4,B00DHN4WDS,791,0.07669798284769058,B006C20DF2,0.27402612566947937,0.018695056438446045
dress,B006GV3N56,B008NBYR2A,441,0.10371512174606323,B008VIRN62,0.3597154915332794,0.012363165616989136
dress,B00AKR44XM,B00BWISRUE,2,0.3225787878036499,B00A772MCU,0.32265666127204895,7.787346839904785e-05
dress,B00DR3TRJ2,B00DU6GQ5O,2,0.3754717707633972,B00A784UKG,0.4018949270248413,0.026423156261444092
dress,B008DS1E6K,B008AEELZS,293,0.1208106204867363,B009MJQOJG,0.29770222306251526,0.0
dress,B005ZG5MQG,B00D9SATFG,25,0.21604710817337036,B0087COXNS,0.27239468693733215,0.010241687297821045
dress,B008LQU49W,B007X5IFVQ,1,0.31100043654441833,B007X5IFVQ,0.31100043654441833,0.032103657722473145
dress,B002SNAIWC,B0036MEL4U,57,0.1971433162689209,B00ARAXLSG,0.2795502543449402,0.019008129835128784
dress,B00COB4356,B00GCI8KRE,163,0.13737443089485168,B00DUFRTQA,0.3075917363166809,0.008315682411193848
dress,B0090NZVZC,B0065U2ZPW,36,0.27212345600128174,B004OBZ4HU,0.36159422993659973,0.013938754796981812
dress,B00BXX6PM0,B008DS1E6K,26,0.21751917898654938,B008WYBWHG,0.3444189429283142,0.035330504179000854
dress,B009DMCMNO,B00AFX3FQ8,1,0.37126320600509644,B00AFX3FQ8,0.37126320600509644,0.013782471418380737
dress,B0095QLSJW,B0084ZS2YO,1009,0.06939145922660828,B008368ZQY,0.2608989477157593,0.026165977120399475
dress,B0072QWT2M,B0029YQQYE,35,0.18599332869052887,B005KMQPS4,0.25125202536582947,0.0017619431018829346
dress,B0095FP9B6,B006ZWE2Y2,68,0.19898834824562073,B006J3YCOC,0.32673102617263794,0.004952907562255859
dress,B0048C7MMU,B003XRKA9I,349,0.11310219764709473,B004XBD0JK,0.2585914134979248,0.0025014281272888184
dress,B007HC3J1G,B007R1Q9M8,56,0.21143001317977905,B003BT62A4,0.3200662136077881,0.007940858602523804
dress,B00DOYX1VY,B00CGYJXJ2,465,0.11377166211605072,B00ASI7TQM,0.3167165517807007,0.008993923664093018
dress,B00DSSIGXO,B00BF8B8CA,133,0.17219100892543793,B007WAETMG,0.2976354956626892,0.012054115533828735
dress,B00FM7EAQQ,B009NQUQBA,20,0.21755924820899963,B00B5859Z2,0.3505510687828064,0.05117255449295044
dress,B0036MEL0O,B002SNAIWC,178,0.14047086238861084,B0016LHFE6,0.3015265166759491,0.010897189378738403
dress,B00GAMZJF8,B00BH9KMO2,5,0.3242998719215393,B007N0B248,0.36034807562828064,0.014061599969863892
dress,B00CIEPROU,B0098BV7YK,2,0.2634938359260559,B00BSN0JOA,0.31405097246170044,0.05055713653564453
dress,B007WA2VB2,B008596SUO,55,0.20738232135772705,B00B0QA9KY,0.3231334388256073,0.012360543012619019
dress,B00997L4QE,B00DZUQHSQ,10,0.2782929539680481,B003Z59PYE,0.32765740156173706,0.022931307554244995
dress,B006TALF54,B001Q3KW9Y,18,0.2936592996120453,B001QCXH4W,0.3481254577636719,0.008676886558532715
dress,B008S4C8JG,B00CGY6SV8,13,0.2742472290992737,B00DH7DFXC,0.33588218688964844,0.011168360710144043
dress,B0094QXCKQ,B002DMJQTE,3,0.2305455207824707,B006ZO5GC2,0.24531987309455872,0.0018729567527770996
dress,B00BTHR98E,B00DYP24AM,31,0.2303752899169922,B008LCUUEK,0.3129439353942871,0.0003109574317932129
dress,B00741MP7O,B005XW1C70,746,0.10589370131492615,B00C1CS34K,0.31195539236068726,0.0004513859748840332
dress,B004VSDS2Y,B0059JPHP0,30,0.19736045598983765,B008F48SN4,0.27237892150878906,0.021679401397705078
dress,B008D6LE3A,B00GDSPIYQ,108,0.17035284638404846,B00A44QJ48,0.3244030773639679,0.02579820156097412
dress,B007VZ35MM,B004QVUU2M,80,0.1737741231918335,B008GQ3BVK,0.3375253975391388,0.018811553716659546
dress,B0096C2UVA,B006DYG6PA,254,0.12798477709293365,B00BYRKJIQ,0.26840654015541077,0.018762439489364624
dress,B003ZLIWEW,B003ILEHQG,2,0.2825738787651062,B005I1NJPY,0.32371798157691956,0.041144102811813354
dress,B0058XPHQG,B008A5ZXZO,27,0.23995447158813477,B00A8KYZSK,0.3596097230911255,0.0038232505321502686
dress,B00BXX6XBS,B00BTUXSYA,45,0.2264384627342224,B008UH8MY6,0.30977174639701843,0.008044391870498657
dress,B00AD11VKO,B008D5IQFU,1,0.32359886169433594,B008D5IQFU,0.32359886169433594,0.023087143898010254
dress,B007MLVQ1C,B004NSUIUW,22,0.25911945104599,B004M6V908,0.3272474408149719,0.009591877460479736
dress,B008DSN0BW,B0074H8CXE,196,0.1389567255973816,B0070SSWKK,0.2504580616950989,0.016235560178756714
dress,B006P044VU,B004XBD0JK,9,0.258355975151062,B008H86H1I,0.30335646867752075,0.01906532049179077
dress,B00DO9M2VE,B005TM7S68,6,0.34761545062065125,B004RNZA9M,0.381542444229126,0.01117253303527832
dress,B00B72LAS6,B008RCSALO,613,0.100206658244133,B00F55FSWK,0.34196531772613525,0.0027097463607788086
dress,B007XATMYA,B004S0O8HO,71,0.17078176140785217,B009W328K6,0.3071387708187103,0.046489864587783813
dress,B00B3P7MVG,B002PEXJD4,370,0.11198209226131439,B00ECL8JTW,0.2624598741531372,0.007184922695159912
dress,B009COQELY,B00E1Q8HMM,147,0.12902823090553284,B005I6D1DY,0.3110421895980835,0.02688521146774292
dress,B00BXB755S,B0017RAI9S,1121,0.05899597704410553,B007U3P5RS,0.3533563017845154,0.05044442415237427
dress,B007SYWDWO,B008VY0EIU,11,0.2757417857646942,B00CTT41D2,0.3538869321346283,0.017988115549087524
dress,B00AEMHDIG,B006BQAHTG,6,0.3564692437648773,B008MLXYYS,0.3705441951751709,0.001974761486053467
dress,B0085F4XEG,B00FHOMIXG,127,0.18908429145812988,B00CK2LIXY,0.3359220027923584,0.007114320993423462
dress,B0080E53WI,B007WAELCO,14,0.24839743971824646,B007XD6RYK,0.3913961946964264,0.07287555932998657
dress,B008368ZQY,B007UN64Q4,509,0.08541136234998703,B0067QBFD2,0.37281376123428345,0.07152625918388367
dress,B003Z59PYE,B0027RAAUE,51,0.22316062450408936,B00BYFESVM,0.3755801320075989,0.02124449610710144
dress,B00B9D3JOG,B0069TD8DW,206,0.14789825677871704,B00BJZA08M,0.2971224784851074,0.0151597261428833
dress,B00BPU0D7E,B00BPTPJ38,61,0.20957642793655396,B00AWAZPS0,0.32569289207458496,0.002181798219680786
dress,B002HCNMTU,B004HLHVKA,19,0.21407927572727203,B008MB4OI8,0.29878756403923035,0.006166934967041016
dress,B004WYVJNC,B004XY62ZQ,242,0.1315288245677948,B00DHD4RRE,0.2995659112930298,0.03399461507797241
dress,B007HZAFSI,B00DN5ZX2O,61,0.18945825099945068,B00AXVFMYA,0.30204200744628906,0.025187760591506958
dress,B009KQVCAM,B00CBBW5JA,5,0.3058406710624695,B008S4C8JG,0.3229530453681946,0.008748114109039307
dress,B008DSN0BW,B0087YZMHW,71,0.2224065214395523,B002JZIO02,0.3901183605194092,0.005030214786529541
dress,B00EZSOR2U,B003AM8B8S,6,0.26127129793167114,B005OBAGD6,0.2754989266395569,0.0023366212844848633
dress,B004EHON6W,B008GSMCEA,1,0.36684340238571167,B008GSMCEA,0.36684340238571167,0.015862226486206055
dress,B007457CVE,B00EDS3BRO,38,0.24599182605743408,B0098JSNIU,0.31863805651664734,0.008796006441116333
dress,B008NBYR2A,B005XC79VS,3394,-0.014389426447451115,B004VJ217Q,0.33538758754730225,0.03066188097000122
dress,B00711V8Y8,B00858IL8C,662,0.09424953162670135,B007P048TC,0.31470340490341187,0.0025030970573425293
dress,B00DERHT5A,B00B513RKS,5,0.2567407488822937,B008CPNZ5W,0.35271593928337097,0.0763448178768158
dress,B00G6TRZE8,B00ECLMIKS,36,0.19957588613033295,B008RCSALO,0.28197914361953735,0.02875193953514099
dress,B00D61ZCGW,B00CLGW2W0,33,0.23665039241313934,B0081JNTYG,0.334891676902771,0.033806025981903076
dress,B0052B66GY,B008KYNQBI,402,0.11654108762741089,B00438RWVU,0.3171931207180023,0.01092788577079773
dress,B007P5H6HS,B007SOULGY,103,0.1681583672761917,B00749W6HA,0.2901492118835449,0.016830027103424072
dress,B006362580,B00462QU3Y,2160,0.02309027872979641,B007SYWDWO,0.2662418484687805,0.017806410789489746
dress,B006UCPPZ2,B006W573YI,377,0.11484397947788239,B00BKV2MH2,0.27488213777542114,0.01992735266685486
dress,B004HD4V1K,B00405RUW2,483,0.08481170237064362,B007B84G6I,0.3696904182434082,0.028112202882766724
dress,B004HSQXPM,B005GLSFJ6,76,0.19374656677246094,B007WU9V1A,0.30319809913635254,0.0069506168365478516
dress,B00EFE9MII,B00APFDIYK,8,0.2960543632507324,B00BPTPJ38,0.3610151410102844,0.02065044641494751
dress,B0022BF5Q4,B00B2OIJJM,50,0.17338483035564423,B0077967DG,0.2694675326347351,0.002734273672103882
dress,B005LC87SO,B006HTLHY6,140,0.16618412733078003,B005068OS4,0.334377259016037,0.04445132613182068
dress,B008MN5HU0,B007XD5XH2,1307,0.05933166295289993,B0089XW7OC,0.26247715950012207,0.00821918249130249
dress,B00BWKXOS2,B008E4O7OO,58,0.18362823128700256,B00A772MCU,0.3044545650482178,0.0020168423652648926
dress,B00DM03I72,B00BSMGUPI,19,0.20068764686584473,B00BJ9YR6Y,0.26285216212272644,0.0026563704013824463
dress,B00D3A3HRC,B005UASDM2,3346,-0.042364321649074554,B00HFEBHD8,0.3000693917274475,0.003259599208831787
dress,B0046Q2FCK,B008L7Z1B2,166,0.11796002089977264,B001NMKQRG,0.34942179918289185,0.007777035236358643
dress,B00CJQI0I2,B00FN4A7QA,125,0.15657296776771545,B008GSAEPO,0.25574979186058044,0.016981929540634155
dress,B008E7IA0I,B00COADNNU,17,0.2531493306159973,B00BPF5X4M,0.3346373438835144,0.011735916137695312
dress,B007WATF2U,B007W9ZSEA,976,0.06909455358982086,B00B0QA9KY,0.29592227935791016,0.00029543042182922363
dress,B007GSGKOO,B00AOK25MC,362,0.11272154748439789,B009F90MHS,0.2686997950077057,0.000834733247756958
dress,B005F0NOYO,B008368ZQY,357,0.11918564140796661,B0096L8FL0,0.26318255066871643,0.0027075111865997314
dress,B00CTSFCE0,B00FFL98LG,50,0.24239972233772278,B000LY7NC8,0.3411230742931366,0.004949897527694702
dress,B004Q9T840,B00BB92J9E,7,0.2763364315032959,B00A2X398A,0.317654550075531,0.00931251049041748
dress,B00CY8T80Y,B00BAHV7K4,2336,-0.00020901905372738838,B005N4KUIA,0.308851957321167,0.019905030727386475
dress,B00AAD6KOM,B00DQHXEO8,40,0.18612165749073029,B00AV9DXIG,0.3065171539783478,0.04086068272590637
dress,B007FG0AAM,B004TOPB98,1435,0.043194711208343506,B007H3JJHI,0.29545068740844727,0.016055017709732056
dress,B00EP49AYY,B007NKXANE,210,0.14882397651672363,B00C7Z4VGU,0.3273088037967682,0.046736449003219604
dress,B009S3H54Y,B009S3I9A8,784,0.08803918212652206,B0098BV7YK,0.3573506474494934,0.040580153465270996
dress,B00B5KOBPY,B00A7HP3HQ,19,0.24747979640960693,B009W328K6,0.33712899684906006,0.019811153411865234
dress,B006WARFS2,B008PF2EHE,27,0.23536089062690735,B007WSD2CQ,0.32832497358322144,0.000431060791015625
dress,B008VIR88U,B002QQ9BEC,6,0.2721492648124695,B009E6XPGW,0.329328715801239,0.04009029269218445
dress,B009MB17B4,B005917FDA,64,0.2094898819923401,B0072CEQ5Y,0.3727114796638489,0.030376970767974854
dress,B009CC9GUC,B00DBDXEHY,375,0.12122824043035507,B005QN26TE,0.30564844608306885,0.00959932804107666
dress,B005WNQOQ4,B007W9YZ9O,48,0.18663929402828217,B00BJSECVA,0.3029812276363373,0.02253931760787964
dress,B008CUM27O,B008ATJYUU,54,0.20252273976802826,B005OBDZFC,0.2936094105243683,0.01592332124710083
dress,B007TYKJ42,B009XHO7NW,836,0.0645577609539032,B005EVNF4S,0.3116902709007263,0.013786733150482178
dress,B00CFMMG8K,B007XD18IK,34,0.2585395574569702,B00B72LAS6,0.3357313275337219,0.010447829961776733
dress,B005OOR6BI,B005PL4BTU,7,0.32756078243255615,B0058XPHQG,0.35886257886886597,0.018847644329071045
dress,B00332FXRW,B00BSKHRDO,372,0.10429020971059799,B005N4KUIA,0.31609296798706055,0.0016870498657226562
dress,B008GS79VG,B00C5168K8,1257,0.04259514436125755,B0051MPGLA,0.3544085621833801,0.02680450677871704
dress,B008N2O3NW,B00A4FRDUQ,701,0.07881734520196915,B0076ZZ0DE,0.30466270446777344,0.04920238256454468
dress,B00FS3EAOQ,B004L10OU0,20,0.2409248948097229,B001QCXH4W,0.3272547721862793,0.034712791442871094
dress,B002XUY8SA,B005PP424A,11,0.21443259716033936,B002VLJSQI,0.24151447415351868,0.00840422511100769
dress,B008OVRK0U,B00D83ENMC,29,0.2029467076063156,B004VSDS2Y,0.26677238941192627,0.0026235580444335938
dress,B00C2D4XA6,B008IGSFKK,296,0.09751151502132416,B0071UPNJ0,0.33686563372612,0.04317334294319153
dress,B00CD8JJ7M,B00EPDRYQG,660,0.09055571258068085,B004DCAVT6,0.30780500173568726,0.01986461877822876
dress,B0097IWC3Y,B005FOLK78,46,0.2651364207267761,B00B7WGMXE,0.3898391127586365,0.005448758602142334
dress,B00BBKYD9C,B0066CUDNU,3,0.30278319120407104,B00B3Y6HU4,0.3110584020614624,0.0003300905227661133
dress,B009UJ3NTW,B0094M3I9A,4,0.2753620445728302,B00BWRLQUS,0.2922143042087555,0.01174667477607727
dress,B008E6CKVY,B005QYY5W4,32,0.20347116887569427,B00CW94CSS,0.28159192204475403,0.0013053715229034424
dress,B008RXA5IO,B004TPRPNM,27,0.26539522409439087,B005VNRG8K,0.3746377229690552,0.002775132656097412
dress,B0017RAI9S,B004I3UEXS,893,0.06524254381656647,B008DBP4Z4,0.284037709236145,0.01736128330230713
dress,B009CC9GUC,B00DBDVI7W,18,0.25399452447891235,B004Z56IPC,0.30464693903923035,0.0023048818111419678
dress,B007FPDWDU,B007TUPWAC,53,0.17467421293258667,B005EVNF4S,0.2639308571815491,0.0067140161991119385
dress,B008YDEB6E,B00DURATI8,74,0.15288224816322327,B0088MVI3U,0.24663083255290985,0.035397693514823914
dress,B00DRIKVDI,B00D4BURP0,2,0.3538811206817627,B007PPHY70,0.3568381071090698,0.002956986427307129
dress,B008006FK6,B00BL9DCM2,540,0.08831922709941864,B00A2Y1RBK,0.34605491161346436,0.005213141441345215
dress,B0091QSKHE,B00ASIUGVC,22,0.31001436710357666,B001NMKQRG,0.3572474718093872,0.003782033920288086
dress,B00A3PEX7S,B008W02KVC,1464,0.04776306450366974,B004P67ZYE,0.30476680397987366,0.00048670172691345215
dress,B0078KOUNI,B00FHLNKM2,101,0.20516973733901978,B006BQAHTG,0.3943058252334595,0.016908884048461914
dress,B00CD8JJ7M,B008HRLQ60,22,0.2834368348121643,B004JU0ARU,0.3568664789199829,0.022447645664215088
dress,B00BSONSN8,B009E73G1U,19,0.2798773944377899,B00CE579WG,0.35191774368286133,0.008952081203460693
dress,B008AEELZS,B009YLJWUK,132,0.15115192532539368,B005EYTFS0,0.3137136697769165,0.010577380657196045
dress,B00ENCGGZY,B00B89IP36,2,0.33243894577026367,B00BW08AQ8,0.3427279591560364,0.010289013385772705
dress,B005UX57P0,B0076IK8OC,150,0.15165336430072784,B007Y0T5T6,0.32132527232170105,0.026045233011245728
dress,B006AN491W,B00B7DOJOC,2662,0.012959061190485954,B00DERHT5A,0.3358798027038574,0.03923255205154419
dress,B00APKHEMC,B00BUTRK62,37,0.24583116173744202,B004S0SSDY,0.3840089440345764,0.022740304470062256
dress,B00A4A8PRQ,B006J42TFU,38,0.1905825436115265,B000Y0IKH6,0.27747559547424316,0.002672433853149414
dress,B007OX0MXG,B007W9ZK66,116,0.16570767760276794,B00DP6RHIO,0.3166957497596741,0.004417002201080322
dress,B004U88SW0,B008QZEOWG,432,0.11015697568655014,B007JTP2SA,0.2654363512992859,0.01651082932949066
dress,B004PKZWNG,B009LGLIIC,507,0.09430979937314987,B00CHU700E,0.25861603021621704,0.026196181774139404
dress,B003A84EOM,B00749W6HA,1823,0.041156791150569916,B00ANT6K0M,0.3711828887462616,0.07586225867271423
dress,B008HQKK1S,B00BLNL7G6,29,0.2771363854408264,B0070ZCJ2K,0.3618239760398865,0.013003885746002197
dress,B004FPYVO2,B007RUZ66E,381,0.09176473319530487,B002JZIO02,0.34570199251174927,0.014191210269927979
dress,B00AEB8OQ2,B00GCR5OPG,103,0.16741067171096802,B00FABOFJ6,0.3137356638908386,0.000812828540802002
dress,B00CAMMV5S,B00E3HDPMQ,1358,0.05324535816907883,B002VLK54C,0.24581727385520935,0.0037654340267181396
dress,B00D9BZR4Q,B00B5GRUR4,6,0.2417885959148407,B00DCC9ZJK,0.3054466247558594,0.05065494775772095
dress,B007GSGKOO,B00ARHO3ZY,259,0.1227254867553711,B007WSD2CQ,0.2846154272556305,0.005605846643447876
dress,B008YIG3DI,B002OEYH3Q,58,0.20441995561122894,B003K170GI,0.31595683097839355,0.016566604375839233
dress,B004VM5W1K,B007FDYS62,356,0.12885820865631104,B00CD8JL48,0.31253212690353394,0.026067763566970825
dress,B0071KR3QG,B0027BDMB4,221,0.1390451192855835,B008F48SKC,0.3119462728500366,0.005008727312088013
dress,B004JXVQD4,B0070SSWKK,148,0.17414426803588867,B00AKTU30S,0.3645860552787781,0.01532629132270813
dress,B005KMQPS4,B00FB7N4I2,21,0.26118963956832886,B00E3HGLU4,0.35539180040359497,0.03776562213897705
dress,B007CL8W1O,B00F150ZXQ,42,0.18830031156539917,B008VIRN62,0.2957136332988739,0.003632068634033203
dress,B00DHVW5N4,B00EY93064,35,0.203120157122612,B007U6KS0Y,0.29703760147094727,0.026191890239715576
dress,B00BUVAI5K,B00DWGMTHQ,8,0.2970086932182312,B00AWP99H8,0.3476877212524414,0.02949047088623047
dress,B0063ASXFA,B00A17JXDC,48,0.19625966250896454,B00AG3Y2JG,0.32607102394104004,0.012132465839385986
dress,B00DSSIGXO,B0077M7ZUM,5,0.24320900440216064,B00GWQHKC2,0.2765520513057709,0.009815007448196411
dress,B0071ALNLC,B00B6ETQIG,69,0.191301167011261,B00CAMMV5S,0.30833742022514343,0.013013631105422974
dress,B00F3YJH8O,B004D85XZW,209,0.12257439643144608,B005GI99Y4,0.30253496766090393,0.022903114557266235
dress,B00A846WGO,B008N0MM8W,35,0.22474032640457153,B008VY5C0A,0.29034554958343506,0.011314570903778076
dress,B00499DHK8,B00AIL3OAO,24,0.23339268565177917,B008DBP4Z4,0.3001074194908142,0.0022553205490112305
dress,B005FLWZCA,B004YADUVS,3,0.2784336805343628,B007SX36PI,0.2953127920627594,0.006366699934005737
dress,B009S3GIV0,B007WPH9BY,75,0.20033477246761322,B009GC0YCM,0.3261928856372833,0.014598637819290161
dress,B0091EGPXW,B00BIJGMD6,391,0.10588924586772919,B003AM8B8S,0.2959858775138855,0.033871978521347046
dress,B008MNM7Y4,B008VIQTZS,1073,0.08129746466875076,B0067QBFD2,0.29648542404174805,0.01489490270614624
dress,B005FSIX5G,B005JDB3UO,191,0.13216109573841095,B006J3YCHO,0.309932142496109,0.019766777753829956
dress,B004Z56IPC,B009401L6O,41,0.20928585529327393,B00B1TNSBM,0.29471510648727417,0.0008539855480194092
dress,B005QN9ET4,B004VJS5QC,13,0.2656732201576233,B009AMLLVG,0.36291584372520447,0.03254479169845581
dress,B005VTJH4K,B0058XV3BY,3,0.31488674879074097,B00EIQK2XM,0.32899799942970276,0.012874990701675415
dress,B009C6OO8C,B00B2FEFNU,59,0.19389110803604126,B005ENHHZO,0.28973978757858276,0.005644440650939941
dress,B00C5168K8,B0067M3VO2,20,0.20631814002990723,B006WBAKO2,0.23855645954608917,0.005142882466316223
dress,B00CJRV3Z8,B0087YYYEO,2,0.23327575623989105,B00AX1SATY,0.246225506067276,0.012949749827384949
dress,B00BI5R31U,B00DURAWWQ,71,0.197529137134552,B007PVJ918,0.32083019614219666,0.021412700414657593
dress,B006ZO5GC2,B0080N9HNU,1,0.3647382855415344,B0080N9HNU,0.3647382855415344,0.030050724744796753
dress,B004748I22,B00466IEVG,16,0.30148380994796753,B005PL4BTU,0.3683208227157593,0.020917832851409912
dress,B005QVUUR6,B00DWFEPEC,253,0.13838189840316772,B005AQCKBQ,0.33058422803878784,0.01732480525970459
dress,B00C45XM6S,B00BNH31AU,463,0.09080538153648376,B005GI99Y4,0.3371182084083557,0.00026732683181762695
dress,B005QN9ET4,B00BRE2YD4,4,0.3533613681793213,B005JD4SRO,0.367340087890625,0.0013388395309448242
dress,B0073M5RKG,B009AZRPRM,1,0.2961433529853821,B009AZRPRM,0.2961433529853821,0.008677273988723755
dress,B0061IXDTU,B007WA4020,2,0.2252826988697052,B00B5VXRTO,0.25696539878845215,0.03168269991874695
dress,B007XCS81G,B008PC5DGG,272,0.13878318667411804,B00AKB3VPA,0.3013702630996704,0.023241907358169556
dress,B0094PFE4E,B00336ESI8,418,0.10006028413772583,B00817JP3M,0.3023926019668579,0.009930133819580078
dress,B006U07GW4,B00AEMHQU6,14,0.22348850965499878,B003AM8B8S,0.2722043991088867,0.0013120174407958984
dress,B004L0XCUK,B004NAU4G8,22,0.20925667881965637,B00BU9S4V2,0.29736000299453735,0.04033041000366211
dress,B007TWJCBA,B005UX57P0,2,0.22469496726989746,B00AKLK08G,0.2575485110282898,0.032853543758392334
dress,B007520NYO,B00E3S6LH6,111,0.1812748908996582,B0087YZ0S8,0.314247190952301,0.0062389075756073
dress,B00CNT5AMY,B00C5XWX0K,7,0.2396816611289978,B001157SXU,0.28461575508117676,0.006470173597335815
dress,B005NXMDTU,B0088N3HGU,1,0.3179105818271637,B0088N3HGU,0.3179105818271637,0.010903209447860718
dress,B005QN26TE,B0041553AW,23,0.3030462861061096,B001QCXH4W,0.37212449312210083,0.013749778270721436
dress,B00AEW4384,B00F8LGGKE,314,0.11789529025554657,B00C7P935E,0.2928774654865265,0.002975165843963623
dress,B00E6RBFFC,B008VIV02K,18,0.24355542659759521,B00139HWLC,0.3279464542865753,0.002552598714828491
dress,B00C1RQBBM,B00B2UEOEK,510,0.09091367572546005,B00CFOJSYS,0.2746565639972687,0.009166985750198364
dress,B006TALRY8,B005VTJH4K,288,0.12716588377952576,B0071UXLDK,0.3599207103252411,0.02193838357925415
dress,B008YIG3DI,B009AMQ2WY,76,0.19969402253627777,B0071N15E4,0.3197810649871826,0.019774317741394043
dress,B00405RUW2,B0043M5UR4,76,0.17514081299304962,B00A772MCU,0.2754150629043579,0.007701009511947632
dress,B00BTMWMYU,B0045R3SUI,175,0.14220638573169708,B005N4KUIA,0.2599779963493347,0.0014861822128295898
dress,B0071MSFCU,B009JY687M,60,0.16178607940673828,B00BVGHQKO,0.26844701170921326,0.0021570920944213867
dress,B00BPBCKQK,B00F8KXFHW,244,0.12736666202545166,B006A0ORXU,0.30450189113616943,0.011606067419052124
dress,B00DJJILJQ,B004BDP0HU,27,0.22365830838680267,B008OVRK0U,0.3096623420715332,0.0018486976623535156
dress,B00DQHXEO8,B00CL0VWTA,440,0.09357692301273346,B0080E5BJS,0.33725130558013916,0.04062604904174805
dress,B002GU7D5M,B0030IMZ1G,170,0.13152185082435608,B003XJ5ITS,0.31087565422058105,0.04745414853096008
dress,B00BSNJOS2,B008UBRJPU,93,0.16618184745311737,B00DG7SOTS,0.29393526911735535,0.01175430417060852
dress,B002YX0KZ6,B005I1NJPY,2559,0.0072250827215611935,B005DWYMPO,0.35225528478622437,0.015068292617797852
dress,B00BVX94NO,B008ZAD996,15,0.3002170920372009,B00DGNSEBK,0.38190925121307373,0.03514242172241211
dress,B0059817JQ,B005SFZ6VU,3,0.3269802927970886,B005VNRG8K,0.3319695293903351,0.0002333223819732666
dress,B00EM95GJK,B00EIRMGKS,174,0.1569260209798813,B00CJPL9I6,0.3588349223136902,0.026058495044708252
dress,B00BDGMRGA,B0060VUQ0C,41,0.2288920283317566,B0043W9Z1Q,0.30326566100120544,0.0005287826061248779
dress,B00BH9R3US,B005JW6JRM,250,0.12481689453125,B0097JITVM,0.30970802903175354,0.011517316102981567
dress,B00BG4M4BM,B00B2JIFRS,207,0.14580723643302917,B002TYZD02,0.3003350496292114,0.001352161169052124
dress,B009KQVCAM,B007VP2C7Q,114,0.16626040637493134,B00711V8Y8,0.29906463623046875,0.0015529990196228027
dress,B009YKCYZ6,B008GS79VG,8,0.2894400954246521,B008BDZ8BE,0.32710346579551697,0.0158022940158844
dress,B008B2OOQK,B0010VH27C,154,0.1440933644771576,B006O5UF0K,0.28109312057495117,0.022446870803833008
dress,B005QYY8F8,B005FMSUQ4,2183,0.0040421029552817345,B005VZ8RFO,0.3147146701812744,0.029222339391708374
dress,B005DRAVT0,B005DRATG0,51,0.18187899887561798,B006J66U2G,0.332069456577301,0.015664398670196533
dress,B00B7Q9ZDO,B00C5TOAQO,23,0.2263641059398651,B00BRV0J70,0.3362487256526947,0.031586259603500366
dress,B00BI3CY4S,B00DB9S5B8,2,0.30356520414352417,B00CHHL10M,0.3100571036338806,0.006491899490356445
dress,B008KKNM4S,B009PKDTEA,1,0.33095818758010864,B009PKDTEA,0.33095818758010864,0.010729014873504639
dress,B008D5IQFU,B005T8EO6O,14,0.22131863236427307,B00AAD6KOM,0.2636469602584839,0.011342227458953857
dress,B003N17E7U,B006J3YCOC,22,0.23069292306900024,B008BOMRWG,0.30846133828163147,0.007817745208740234
dress,B00B2JHXOE,B00BI3DRHG,1,0.33305108547210693,B00C3CUNT6,0.33305108547210693,0.0
dress,B00BMAPIB8,B005GA9DEI,86,0.17795351147651672,B004EHON6W,0.31405237317085266,0.01902177929878235
dress,B005UASDM2,B009GY7K4A,148,0.1334487348794937,B0084DJO1Q,0.28512048721313477,0.005297333002090454
dress,B00ANC7JCW,B00BNMJRDA,1,0.28141510486602783,B00BNMJRDA,0.28141510486602783,0.0461789071559906
dress,B00FHXBQFS,B009KQVCAM,20,0.2625806927680969,B00752H0TA,0.32283955812454224,0.019311189651489258
dress,B0043D2HME,B00DV9636M,2569,-0.0030547515489161015,B009LDY5S0,0.3689071834087372,0.013826757669448853
dress,B009ANVEHG,B00598QDJK,86,0.18849506974220276,B008986NRY,0.3362460732460022,0.000861823558807373
dress,B00BBU6R46,B0098SKOQK,22,0.27649229764938354,B00EZITMBQ,0.34827715158462524,0.0070029497146606445
dress,B007WA38BY,B00BW7Z49M,92,0.20066556334495544,B00G0PONNY,0.3625744879245758,0.01394304633140564
dress,B008PG0SOO,B004DUM060,266,0.12777811288833618,B0080DKT9G,0.2515169382095337,0.00018268823623657227
dress,B0092QK1W0,B007R0TNBI,593,0.10820132493972778,B0098BVAE2,0.2886836528778076,0.0158575177192688
dress,B00E9QQU46,B0091QSRCM,12,0.3178926110267639,B0097J2E2M,0.35089027881622314,0.00552213191986084
dress,B00AJ1P6XQ,B00B907L9S,129,0.18051689863204956,B00BYFESVM,0.3250080943107605,0.003903001546859741
dress,B00ASWY2GI,B0091QSWH2,13,0.31907129287719727,B001NMKQRG,0.34531503915786743,0.0005446076393127441
dress,B00FQANLX2,B00CBMO7JA,19,0.21165251731872559,B00COPGWRO,0.29148924350738525,0.04010850191116333
dress,B004UE9940,B00DEX03CA,457,0.09648355841636658,B004LKRWGA,0.3310784101486206,0.003988415002822876
dress,B00DAU8VIA,B00BWRLQUS,1,0.31967639923095703,B00BWRLQUS,0.31967639923095703,0.038636624813079834
dress,B0076R88V8,B007G1015U,21,0.23150572180747986,B0045EPT8A,0.2965257167816162,0.013683736324310303
dress,B007JS1Y7Y,B004J3492O,1,0.28590938448905945,B004J3492O,0.28590938448905945,0.021547764539718628
dress,B00AZE6UV4,B00B8QSAY8,386,0.1269012838602066,B0073O9IK4,0.3831307291984558,0.008661150932312012
dress,B004W88GB6,B0077967DG,17,0.25300082564353943,B00CR02CF2,0.31932419538497925,0.01716560125350952
dress,B009D3M86O,B008OKGFF2,6,0.3114149868488312,B00CZ6XXF6,0.3413688540458679,0.0
dress,B004HD4V1K,B003TJA7YI,3472,-0.04521622508764267,B004DTTRA8,0.3188823461532593,0.016334056854248047
dress,B008E6CKVY,B004HD55X8,14,0.24826142191886902,B004J3492O,0.2930777668952942,0.0038964450359344482
dress,B00EVODFJE,B00EVODFOE,1,0.32617175579071045,B00EVODFOE,0.32617175579071045,0.07180637121200562
dress,B00ATPE8CW,B00CELOWN4,5,0.28688186407089233,B00EOW7882,0.32675471901893616,0.02901938557624817
dress,B009G0RL4I,B00B5J8HNW,40,0.252964586019516,B00B2PSQZI,0.35295572876930237,0.002269178628921509
dress,B00CQ8JYLK,B00CIZZ6EK,30,0.21421021223068237,B00B5MHQCW,0.31977105140686035,0.0470426082611084
dress,B004LQ0GZ8,B00AKB3PCY,63,0.24071919918060303,B006U07GW4,0.3408461809158325,0.01054990291595459
dress,B007PMBZ00,B0076R8AVQ,1931,0.028953036293387413,B003DXBLEA,0.3474297523498535,0.019654929637908936
dress,B00H2FUGOQ,B00E5X7NRQ,1,0.3433391749858856,B00E5X7NRQ,0.3433391749858856,0.029311567544937134
dress,B005HEJCDK,B0066U2DH6,1183,0.053665000945329666,B004LLIS6W,0.37640440464019775,0.03519314527511597
dress,B003AKZMXM,B009CNGPHS,33,0.2034609019756317,B007UN64Q4,0.2883954346179962,0.024231314659118652
dress,B00DRZUAJ6,B008RV69JU,1665,0.045290954411029816,B005TM5U7C,0.31397897005081177,0.044673264026641846
dress,B00DYFK9N6,B00DDHA7YQ,1776,0.04052649438381195,B0091XR6GS,0.31037333607673645,0.017004340887069702
dress,B00GP5TL6I,B00AEBAJU6,712,0.09218128025531769,B00C12K1IG,0.31132733821868896,0.04915213584899902
dress,B00AYXA3U0,B007520NYO,37,0.2316521555185318,B00C6NLM5G,0.32252025604248047,0.026713192462921143
dress,B00AAOY6W4,B0066U2D7G,25,0.24238765239715576,B006V9YA7I,0.2852342426776886,0.005859792232513428
dress,B00CLF4QKC,B00EKY4UEY,1746,0.0438518263399601,B00CA8PP7S,0.25454962253570557,0.017825424671173096
dress,B00BY3GCD6,B00BY3GFWE,167,0.13771121203899384,B008H86H1I,0.260300874710083,0.006349921226501465
dress,B008R9FAD8,B006MHQUOU,15,0.25507259368896484,B0070TYNAM,0.3297364413738251,0.007395952939987183
dress,B008D5GUJY,B00BJGVXNW,259,0.14510709047317505,B0059817JQ,0.3194435238838196,0.04123872518539429
dress,B0036DOZMC,B00COB4356,4,0.23846516013145447,B00BTMWMYU,0.2597774565219879,0.006406545639038086
dress,B0059BGIG0,B008XKC00W,42,0.2640433609485626,B005068OS4,0.348137229681015,0.010238796472549438
dress,B00B923WCQ,B00BWA8H0C,2,0.2745656371116638,B00ASZ93J6,0.31492847204208374,0.04036283493041992
dress,B0076R5V0E,B004VBELY0,2,0.2734895646572113,B00E3XBZOA,0.2803327441215515,0.00684317946434021
dress,B0091WZCE2,B00B72LAS6,32,0.2774224877357483,B00DWGMTHQ,0.3873290419578552,0.020705848932266235
dress,B008583T7A,B00CY2BD1M,100,0.19105231761932373,B00AV4VOX2,0.3551410436630249,0.012305110692977905
dress,B004RJ8IHW,B005GT2DUK,2090,0.024912994354963303,B007C3YGXA,0.2775139808654785,0.026255756616592407
dress,B005QVUUR6,B004X9MA66,237,0.12104862183332443,B0084XZI8Y,0.34110021591186523,0.038575321435928345
dress,B006P044VU,B006YKWT18,1557,0.04190599173307419,B003VYAFUC,0.3348214030265808,0.008975505828857422
dress,B007TUPWAC,B005GT74NQ,891,0.09126365184783936,B00B2IY93I,0.3001931309700012,0.0012384653091430664
dress,B00BAHT21U,B00F4MZB7G,634,0.08572132140398026,B00D9OXNW6,0.3203217685222626,0.019101440906524658
dress,B007PENSBC,B0047MEZNK,549,0.08110922574996948,B00DNJ6ALS,0.29126110672950745,0.011425644159317017
dress,B0030EHJCU,B00A4AN1K2,23,0.24869495630264282,B00DEP9CUW,0.32338327169418335,0.01244288682937622
dress,B00BFGBJ3K,B006TD8IUQ,20,0.271902859210968,B00BW7Z49M,0.3279786705970764,0.008484214544296265
dress,B00D993JHA,B008HW2UT2,18,0.21671342849731445,B007YBDKZK,0.23888960480690002,0.0017634034156799316
dress,B00CY8S8P0,B005F6MYA8,1172,0.059119708836078644,B00336ESI8,0.28392618894577026,0.01313832402229309
dress,B00CGY6RJ6,B00833D9TU,773,0.0536733940243721,B00ENEI9FW,0.31381815671920776,0.005381345748901367
dress,B00FN82BN8,B00EKVI27I,432,0.10205457359552383,B008ZE09GI,0.24840570986270905,0.006258562207221985
dress,B008FG57UE,B008BM1A0I,45,0.22567178308963776,B008S0HK3Y,0.3166794776916504,0.018882691860198975
dress,B009G8FXPY,B005F0NOYO,163,0.17963458597660065,B00COB4356,0.3499777615070343,0.028224438428878784
dress,B00BJ9IUN0,B00B5KKYFK,32,0.19384583830833435,B008IGRUCE,0.2639752924442291,0.004642397165298462
dress,B007ORZ1PG,B0092QK9AY,3057,0.012935548089444637,B006QSEC4K,0.31679362058639526,0.02135571837425232
dress,B00CE4GUC2,B00ABSUHMC,32,0.2020900845527649,B005GI99Y4,0.2637026309967041,0.011851906776428223
dress,B00CBBWGQW,B0066NI17E,875,0.08167813718318939,B009W328K6,0.3316704034805298,0.05671200156211853
dress,B00A9TA2XM,B008BRLWA6,13,0.24690207839012146,B00DNRAX5E,0.30585023760795593,0.003944873809814453
dress,B004PYESUA,B004P67ZYE,147,0.15235306322574615,B00DJ7YYD0,0.30285704135894775,0.0024936795234680176
dress,B00CBBZOW0,B00CDJZR1S,358,0.1115538477897644,B0083M20HI,0.23495249450206757,0.00807240605354309
dress,B004MMF00W,B009PKQ6FY,14,0.27818763256073,B008VIV02K,0.35639142990112305,0.03328812122344971
dress,B00BXB7LRA,B009311JG6,90,0.18686306476593018,B0075AW63M,0.3307492733001709,0.026914656162261963
dress,B00CI08M00,B00CII5IT0,171,0.1499582827091217,B008YR4H0K,0.3198414444923401,0.05903014540672302
dress,B00AFOMEMI,B00AFODS96,18,0.24769942462444305,B00CII41EI,0.31136953830718994,0.0019118189811706543
dress,B005VZ8MWC,B0088OXE9Y,1589,0.04987463727593422,B008G0E9UI,0.3455994725227356,0.03876471519470215
dress,B00ANK6ND0,B00AO1VG9Y,158,0.14487490057945251,B005VAE7RG,0.27411726117134094,0.006045788526535034
dress,B00C4Q2RPO,B00D4K4IJC,282,0.12438434362411499,B00G6TRZE8,0.2831881046295166,0.035509467124938965
dress,B00DJ7YYD0,B00BEXOQB6,5,0.26563555002212524,B007SOUJQG,0.335590660572052,0.015591263771057129
dress,B00B59UOBU,B008TYS0C4,72,0.1868639439344406,B009E6XPGW,0.2947539687156677,0.0034841597080230713
dress,B00D9BZR4Q,B00D3A3HRC,147,0.10672904551029205,B00G6TRZE8,0.20951366424560547,0.025652289390563965
dress,B00ASIFVDU,B008PRJ394,276,0.11904601752758026,B004AM5K4K,0.38150978088378906,0.030847817659378052
dress,B0081TB10A,B00COL2E4S,1141,0.06957835704088211,B007NLX7SQ,0.31064921617507935,0.02498835325241089
dress,B009HPIG00,B008YQM98I,26,0.30529725551605225,B0097J2E2M,0.3570081889629364,0.001276463270187378
dress,B00B5MK7N2,B009FX8ODI,165,0.14568689465522766,B006ZKN7UY,0.2879013419151306,0.009701579809188843
dress,B00A846WGO,B00AHHR22A,457,0.1115918904542923,B0098T1LFW,0.30330342054367065,0.014364898204803467
dress,B00C6PP86S,B0062FN2EI,7,0.3072553277015686,B00D6QTRRC,0.3658694922924042,0.021637171506881714
dress,B00DCC9ZJK,B00EA3WE9S,1,0.3053410053253174,B00EA3WE9S,0.3053410053253174,0.05940498411655426
dress,B00EHYXCA0,B00968D8ZG,27,0.25764214992523193,B007TM3Y28,0.33590805530548096,0.013209253549575806
dress,B00CRNS11I,B005LURFWK,90,0.22137698531150818,B00AXX83YE,0.32276254892349243,6.16312026977539e-05
dress,B00DQBBAAE,B000QSGNOI,325,0.10525687038898468,B00CB73QNI,0.29757535457611084,0.020289301872253418
dress,B00CBWGQVM,B009B7MLZU,7,0.2818870544433594,B0036Z2T3C,0.3216494023799896,0.022228360176086426
dress,B0088Y0CLW,B006PBGK9I,2729,-0.0025170184671878815,B005JWELJU,0.35134953260421753,0.006386518478393555
dress,B00BP84R3C,B00EPFMQWQ,1301,0.0552847720682621,B00BU5GGXE,0.2972080111503601,0.026961565017700195
dress,B007OX0MXG,B00DNVUBK2,28,0.23438936471939087,B00997L4QE,0.32854676246643066,0.023009777069091797
dress,B007JS1Y7Y,B00A76ZQQU,188,0.1360144019126892,B00DBD77LS,0.32594579458236694,0.005363166332244873
dress,B00C93VT5G,B00DBA0LLE,17,0.24879655241966248,B00B09IPN4,0.3078535199165344,0.011242032051086426
dress,B008BWOCGC,B00FRGH3S4,51,0.16407403349876404,B0097B86M2,0.2517891228199005,0.00333365797996521
dress,B003YKZ42W,B007959ZSW,73,0.18911291658878326,B006GHAY4S,0.3425494134426117,0.01343497633934021
dress,B005HQ42E2,B0083M20HI,1,0.3018064498901367,B0083M20HI,0.3018064498901367,0.0043296217918396
dress,B0095JQTLQ,B006362580,6,0.2904331088066101,B004XDJIJE,0.3377987742424011,0.026643872261047363
dress,B002VLDSRS,B004IZRBDW,66,0.1969100832939148,B00BUVJTSC,0.3374651074409485,0.04825666546821594
dress,B007WA29BY,B00AFOM43W,20,0.23462171852588654,B0070TYH1M,0.28894609212875366,0.005988389253616333
dress,B005PHRKTW,B005PHZN7I,32,0.2160504162311554,B004BKI6YW,0.3067883253097534,0.018069714307785034
dress,B00ARMNY1I,B008XOXVBU,1,0.3481029272079468,B008XOXVBU,0.3481029272079468,0.03921443223953247
dress,B004Q9T840,B004V7KUQ2,852,0.0898488461971283,B0058BPMPO,0.3172951936721802,0.012799978256225586
dress,B00ENEC7K0,B00DR3TRJ2,2,0.35781610012054443,B002TYZD02,0.3627573549747467,0.0049412548542022705
dress,B00DEP9CUW,B00C12LOZU,19,0.2585534453392029,B00BP0WWBY,0.3410583734512329,0.006333380937576294
dress,B006WARFS2,B008CUM27O,229,0.1457470953464508,B005QYW7PG,0.3102036118507385,0.021054208278656006
dress,B00CGY6RKU,B00CGY7236,192,0.14797672629356384,B008RV6BC0,0.2904091477394104,0.0034789443016052246
dress,B008VFX1IE,B00F4GWI0U,184,0.17585131525993347,B00AWP99H8,0.3188495635986328,0.0034882426261901855
dress,B009KQVCAM,B00FHXBQFS,167,0.1504640281200409,B009CQNT6U,0.3012901246547699,0.011635065078735352
dress,B004QL3YBG,B0037PVUW2,5,0.28689610958099365,B0009VT6MI,0.3160765767097473,0.0011438727378845215
dress,B004BDP1BA,B007RLR0GC,145,0.1573023796081543,B006WM50PU,0.29763782024383545,0.0010525286197662354
dress,B007WAFUJW,B007WAE0SO,1,0.2706666588783264,B007WAE0SO,0.2706666588783264,0.017938315868377686
dress,B00CBBZOW0,B00CHICR3G,35,0.19400554895401,B0027BDMB4,0.3002126216888428,0.0447673499584198
dress,B00B2JJ15S,B00BSNJOS2,4,0.36357155442237854,B00AKTU30S,0.3845140337944031,0.014209896326065063
dress,B009HPIG00,B0097IXSGO,1,0.3653550446033478,B0097IXSGO,0.3653550446033478,0.09157469868659973
dress,B00BJGVXNW,B00AD11LB8,40,0.18563270568847656,B000MWSM6A,0.29257047176361084,0.010709553956985474
dress,B00A3PEX7S,B000FCY9XM,422,0.11100932955741882,B008RC9NQ0,0.27384108304977417,0.010006129741668701
dress,B007WPHD92,B007WPHQJ4,235,0.13261304795742035,B00F0W6US4,0.39943093061447144,0.03679358959197998
dress,B0091QI6KA,B006QSDAJS,5,0.3426283001899719,B003XQG930,0.365098237991333,0.0004138350486755371
dress,B00BNH7KVQ,B007N6L9UE,212,0.1393072009086609,B00ASK73A2,0.34617841243743896,0.0009644031524658203
dress,B007ZDYK2E,B00E3S6ERI,133,0.18566367030143738,B00EUVTLPK,0.3172668516635895,0.003430008888244629
dress,B003ILEHQG,B003ZLIWEW,4,0.30442512035369873,B00DNLI0A0,0.3309652805328369,0.022796422243118286
dress,B00GS6TTU2,B00E6X3Y1O,3331,-0.013346545398235321,B005917FDA,0.29517561197280884,0.008463740348815918
dress,B007P048TC,B007SV9A5A,53,0.22769221663475037,B004RKM1YW,0.35365962982177734,0.007607609033584595
dress,B002Z7FONO,B002HCNMTU,106,0.17501817643642426,B008HQKK1S,0.3062511086463928,0.0004169344902038574
dress,B00C17P8W0,B004MMF00W,20,0.2333456575870514,B005XC79VS,0.3131396770477295,0.00912564992904663
dress,B0027RAAUE,B0009VT6MI,311,0.1250540018081665,B007FFZT6I,0.37902265787124634,0.0173376202583313
dress,B00BXB7LRA,B00DOYX1VY,2,0.32864081859588623,B008A4OV4Y,0.33886754512786865,0.010226726531982422
dress,B006U07GW4,B00B5R9XQ4,998,0.06122339516878128,B006M40UZ8,0.3498624265193939,0.0236378014087677
dress,B00DU6GMRG,B00E7NYRRS,2,0.2757227420806885,B007H3JJHI,0.2794811725616455,0.0037584304809570312
dress,B00ENEI9FW,B00CR02CF2,36,0.21442779898643494,B005TM7S68,0.33899468183517456,0.024854302406311035
dress,B004MMF00W,B0084DQY14,1,0.39089810848236084,B0084DQY14,0.39089810848236084,0.030554234981536865
dress,B00FXAC5SM,B00GP5TL6I,7,0.3175286054611206,B00HFEBHD8,0.3801277279853821,0.021954596042633057
dress,B007KZHNY4,B005DWYYFC,14,0.2540091276168823,B00CORDX4W,0.3350263833999634,0.016067206859588623
dress,B008BYUH9Q,B005G8BDX4,4,0.32653260231018066,B00A2IKF6O,0.3571729063987732,0.00020486116409301758
dress,B00BJFXUBG,B007U3P8PC,3,0.31212472915649414,B00428MWP2,0.31745782494544983,0.0008849203586578369
dress,B00ABSUHMC,B00BCMGH6G,108,0.1474134922027588,B005FLWZCA,0.2577517330646515,0.000925213098526001
dress,B007B6WEA0,B007B98014,34,0.2611004710197449,B00CII3SYW,0.3435947299003601,0.006279706954956055
dress,B005QVUUR6,B00CF3TCRW,25,0.19117264449596405,B0094QXCKQ,0.24759677052497864,0.0027588605880737305
dress,B007EGKM5G,B007HSQM28,11,0.22215071320533752,B00AQZQDD2,0.337374746799469,0.07824724912643433
dress,B00CFEVLBQ,B007HWN10K,12,0.2847537696361542,B00CTA22JG,0.3583824634552002,0.007248193025588989
dress,B005FOPRRW,B00DP6SWJW,54,0.22163310647010803,B004LLIS6W,0.35153675079345703,0.02358853816986084
dress,B007XD6AMO,B0080E5BJS,2,0.3116815686225891,B008FY9HPW,0.32745879888534546,0.015777230262756348
dress,B004U88SW0,B0075N3XX6,37,0.24289841949939728,B0038HFFXY,0.33474695682525635,0.020087361335754395
dress,B007FWGBRW,B00B3VB34W,28,0.23235450685024261,B007RBZ3GQ,0.31079548597335815,0.005608856678009033
dress,B00CJQI0I2,B00BLCXBA2,75,0.1877460926771164,B00BJSECVA,0.3488808274269104,0.010317742824554443
dress,B00CI1ELFO,B00EPSQ458,24,0.2370179295539856,B00C1RFQA4,0.31104326248168945,0.011905908584594727
dress,B00E00GL86,B007FF4S10,2294,0.011930512264370918,B00D4B6OI4,0.26311856508255005,0.0020216703414916992
dress,B007VP2C7Q,B007VP2AIC,48,0.17554837465286255,B005GT73SC,0.26530203223228455,0.005999058485031128
dress,B00AOWQJZ4,B007P7CNYM,6,0.29627788066864014,B0017IY7SU,0.3371085524559021,0.010188043117523193
dress,B007KZHNY4,B0055TBJL0,988,0.060324523597955704,B008U4K4T0,0.37059348821640015,0.017525285482406616
dress,B004GBESAC,B0080646GU,354,0.10662120580673218,B007N6L9UE,0.2736878991127014,0.014549970626831055
dress,B008B2OOQK,B0067PIC3E,5,0.3401105999946594,B009C6OLCQ,0.3577658534049988,0.004607975482940674
dress,B002TYZGJ0,B0085F4XEG,1,0.3303975760936737,B0085F4XEG,0.3303975760936737,0.002265065908432007
dress,B005HP3HL2,B004XID1GA,165,0.1449732780456543,B00EA3WE9S,0.2989353537559509,0.004837930202484131
dress,B00GDSPIYQ,B00DKII46G,54,0.173214852809906,B002NVCPQ6,0.30047354102134705,0.03617304563522339
dress,B00ED49C12,B00CTSFCE0,13,0.2617352604866028,B008CB707K,0.29323840141296387,0.0006195306777954102
dress,B00CF5GD3Q,B00DBDCQ7I,8,0.31552931666374207,B00BXX6XBS,0.3661346733570099,0.011890619993209839
dress,B00CTT41D2,B00CHQCC42,8,0.2675613760948181,B00B50Y9CO,0.31162166595458984,0.009583234786987305
dress,B00BY6HLDI,B008ZYZ3EG,5,0.30688032507896423,B009COQELY,0.38325679302215576,0.04644826054573059
dress,B00EYSAIPG,B00EKZYLS8,5,0.25486427545547485,B00DW7O7U2,0.27772295475006104,0.0035569071769714355
dress,B00FRS3RDM,B004M6S636,986,0.07093258202075958,B0038KR31I,0.3459031581878662,0.028183162212371826
dress,B00CSQ15KS,B0056BKBN4,725,0.07911723107099533,B007HI6KPM,0.3333107531070709,0.0011136829853057861
dress,B009B8RMZI,B004RNZA9M,18,0.21721509099006653,B005TM7S68,0.3062707185745239,0.022921502590179443
dress,B00CQAJI7S,B00B79JENC,260,0.11389542371034622,B004L0XCUK,0.27116528153419495,0.011475920677185059
dress,B0084YMBQK,B00622HIMS,20,0.2633138597011566,B0043W9Z1Q,0.3367493748664856,0.00024431943893432617
dress,B008S0HK3Y,B007FG0AAM,23,0.2163134068250656,B00AFK163A,0.3122991919517517,0.020170629024505615
dress,B004RDQ97O,B0057WYVU6,929,0.061880722641944885,B00AW21NZC,0.34368711709976196,0.01998773217201233
dress,B008E6CKVY,B003A84EOM,2590,0.0073274909518659115,B005OORDSE,0.32208046317100525,0.0324731171131134
dress,B00B1G5SPY,B009Z3QZ6Q,10,0.2525521218776703,B00DMEFORK,0.30954986810684204,0.015521407127380371
dress,B005DNSQVY,B00COPGWRO,42,0.1877322793006897,B00CJHLQ3W,0.30473172664642334,0.001773059368133545
dress,B00E5YA82M,B00CPWOPJ8,516,0.10132129490375519,B002TUS8JO,0.3552738428115845,0.013664305210113525
dress,B00BB92J9E,B007GB2BZI,1,0.35509470105171204,B007GB2BZI,0.35509470105171204,0.01026850938796997
dress,B007M8PCAQ,B000X4TNTM,3441,-0.051306918263435364,B004XMED1I,0.25203877687454224,0.002498149871826172
dress,B008BYUH9Q,B005UA9538,2,0.3174419403076172,B004P67ZYE,0.32094746828079224,0.003505527973175049
dress,B00DJ7YYD0,B00AW80GO0,469,0.11624182760715485,B00CLGW2W0,0.3395366966724396,0.006029218435287476
dress,B007WA38BY,B008SOEUGK,26,0.19171427190303802,B00BFGBJ3K,0.2924388349056244,0.048751458525657654
dress,B00B0ANWFO,B00B0AO1GI,16,0.2695944011211395,B00AYXA3U0,0.3603017330169678,0.0461137592792511
dress,B007NKVTOQ,B0077H5AJU,769,0.07519663870334625,B004DCAVY6,0.290238618850708,0.016871750354766846
dress,B007GP6PME,B007GP6PMO,13,0.27073362469673157,B009VUUMBW,0.3254780173301697,0.001974940299987793
dress,B00E808KYQ,B007S7AX6Y,1374,0.035796161741018295,B00ENEI9FW,0.32799679040908813,0.03211560845375061
dress,B002W77AY8,B00575HZZG,1889,0.03127843141555786,B00CLF9APS,0.33888351917266846,0.03853362798690796
dress,B00E0ORPVY,B008OW6IYI,103,0.1550045907497406,B00CJHOUFI,0.3016391098499298,0.03037402033805847
dress,B004AY7K1Y,B004S35CWG,58,0.2055273950099945,B008GX3852,0.33984076976776123,0.0340004563331604
dress,B00CSQ15KS,B003L5BZSC,5,0.2850937247276306,B005GA9DEI,0.3228098154067993,0.01734524965286255
dress,B00B59UOBU,B004TM36ME,95,0.1635219305753708,B00BRV0A88,0.32674920558929443,0.0036679208278656006
dress,B006WQZGXC,B00ET5HWBM,6,0.2789115905761719,B005O0PARY,0.32047975063323975,0.010600149631500244
dress,B007RB7IJG,B004WI3TPY,97,0.18972623348236084,B00BXZJGRY,0.3329949378967285,0.018026232719421387
dress,B00A0I6GSC,B00CLF3JPA,80,0.1789824664592743,B003TJA7YS,0.298835426568985,0.008917123079299927
dress,B00139HWLC,B001NMKQRG,1,0.3286873698234558,B001NMKQRG,0.3286873698234558,0.001854628324508667
dress,B005DRAVT0,B004MDL5IC,820,0.09277419745922089,B00BXB7LRA,0.2945869266986847,0.00798991322517395
dress,B00BNVAH6M,B0043W9Z1Q,5,0.2715591490268707,B00DBD77LS,0.3101048171520233,0.02301773428916931
dress,B0076OCNJE,B00C4Q2RPO,1,0.3261476457118988,B00C4Q2RPO,0.3261476457118988,0.0033339262008666992
dress,B00E3HGLU4,B000MWSM6A,37,0.20731380581855774,B002FOR462,0.296690970659256,0.0020239651203155518
dress,B00CRNS11I,B00CD8JH9M,483,0.10750319063663483,B008LTHS16,0.2921128273010254,0.009280920028686523
dress,B00C1BSDBO,B00ELLYWL2,285,0.1155388206243515,B00DQHXEO8,0.3039822280406952,0.008958429098129272
dress,B00CC6WGQ6,B00DGNSEBK,21,0.24445536732673645,B0094PFDQS,0.3485336899757385,0.04857975244522095
dress,B00CF3TCRW,B00DDYWTP4,998,0.06189751625061035,B004TPRXLG,0.30574876070022583,0.0036835074424743652
dress,B00D3SCKPE,B00D6BYMK4,364,0.09508323669433594,B00CZ6G7SQ,0.20589953660964966,0.0
dress,B008BM17HY,B007FFZT6I,6,0.34492698311805725,B00999J7Q6,0.39122074842453003,0.030604243278503418
dress,B00EPC5D10,B00BP84R3C,108,0.2030245065689087,B004U88SW0,0.31081318855285645,0.010518908500671387
dress,B009B7MLZU,B00E62JLB2,1,0.297199010848999,B00E62JLB2,0.297199010848999,0.02013590931892395
dress,B00EVODFJE,B008BG6R0W,228,0.1277763694524765,B008XOXVBU,0.36115720868110657,0.024026036262512207
dress,B005AQCKBQ,B008VQ6NNI,52,0.2330985963344574,B0038HFFXY,0.3404839336872101,0.0237656831741333
dress,B003JH7YJ6,B005VZ8MWC,2458,0.010963041335344315,B0095JQQZK,0.35130947828292847,0.023271501064300537
dress,B00CPCMP0Y,B00AEW46F4,104,0.17835910618305206,B00BJSECVA,0.32524627447128296,0.04697456955909729
dress,B002X79Z72,B00CG5Q9XO,667,0.09568630903959274,B0091J17UI,0.2933082580566406,0.002347499132156372
dress,B00A784UKG,B004RKVGDY,1962,0.02570822462439537,B00466F2W0,0.2870802879333496,0.007093191146850586
dress,B00CY0CF0M,B008MJWKAE,317,0.11155782639980316,B004UJHMKS,0.2707253396511078,0.00214463472366333
dress,B009HK2P2A,B005X4RALA,291,0.12651914358139038,B005PHZN7I,0.31109312176704407,0.006828129291534424
dress,B00DV2P9ZA,B004FN1TTO,10,0.2778751850128174,B00C1CS34K,0.33578550815582275,0.026064395904541016
dress,B00AO9RH30,B00AEYZ35E,736,0.08462155610322952,B00A0TSV2U,0.3086225390434265,0.03298574686050415
dress,B00CTT41D2,B00CG70Y60,46,0.1717505156993866,B006J42TFU,0.2697243392467499,0.012220233678817749
dress,B00B3YPJY4,B00D8BR0ZQ,47,0.22153684496879578,B007WATKGG,0.33714374899864197,0.021088868379592896
dress,B00C45XM6S,B0071KR3QG,142,0.1454228162765503,B00CIEOL5Q,0.31380414962768555,0.014075517654418945
dress,B00DR3TPIA,B00DU5DJ8W,8,0.28469908237457275,B007WAETMG,0.33578139543533325,0.03481334447860718
dress,B0087PLHB6,B00AAPBVBW,46,0.2017182558774948,B006V9YA7I,0.28665879368782043,0.01745864748954773
dress,B00E95L22C,B008H1C5IE,206,0.15928062796592712,B00DH7DFXC,0.3594783544540405,0.010584235191345215
dress,B00B2JJ15S,B007ZDHJ3G,65,0.21913883090019226,B007TUE48S,0.36219173669815063,0.003793179988861084
dress,B00AGC26WM,B008G0ERA0,16,0.2089492678642273,B0088A1HL0,0.2646995186805725,0.005544126033782959
dress,B007JS1Y7Y,B002Y2X7NE,1562,0.04143800958991051,B006FRRQLS,0.36099037528038025,0.014055341482162476
dress,B006603WEE,B00BYRIGD6,76,0.20882943272590637,B009Q25IYG,0.3374970555305481,0.025724679231643677
dress,B009Q25IYG,B00DUFCJCY,1446,0.06194794178009033,B0073WBRYQ,0.32247424125671387,0.010341763496398926
dress,B00DN2F1YM,B0074W1CWC,398,0.11023755371570587,B00DW5EJB6,0.3257686495780945,0.006072521209716797
dress,B001JDGNS0,B003BKX12K,243,0.1336258053779602,B009F90MHS,0.2863526940345764,0.001628279685974121
dress,B00DW475WC,B00B7Q9ZDO,3141,-0.004679650068283081,B00ENEI9FW,0.2877046763896942,0.014264553785324097
dress,B00BH9R3US,B00E1CASRI,6,0.3056952953338623,B0082BBVI4,0.3462986350059509,0.010132044553756714
dress,B00E6RBFFC,B007WA38BY,54,0.2535902261734009,B005068OS4,0.3794134259223938,0.03567022085189819
dress,B009LEFR4A,B004988IIU,4,0.27109649777412415,B00CH50182,0.3201160132884979,0.028374940156936646
dress,B00C1BSDBO,B00C2LP2A8,2689,0.008253021165728569,B009KJACYG,0.24857114255428314,0.013543829321861267
dress,B004VM5W1K,B00DJ7YYD0,1,0.2938711643218994,B00DJ7YYD0,0.2938711643218994,0.008444488048553467
dress,B0089XW7OC,B007R1YUI8,65,0.1908324956893921,B004NAU4G8,0.2804187834262848,0.0013845562934875488
dress,B007OVUV9S,B00DI6AZAI,8,0.25665420293807983,B00B8DNOM4,0.3432275056838989,0.0523681640625
dress,B00F4WI9H0,B00A76UFK2,128,0.1700362265110016,B008ATJYUU,0.3232685327529907,0.046818673610687256
dress,B000PUGW8O,B0046Q2FCK,17,0.26292020082473755,B002H0URKO,0.3151502311229706,0.009367287158966064
dress,B00466ICP4,B0051N2MOI,464,0.10120972990989685,B004T6S8ZK,0.29495126008987427,0.018651247024536133
dress,B008MB4OI8,B00A7DR1M0,129,0.17798422276973724,B002JM4VHA,0.3287208378314972,0.0090961754322052
dress,B00CY8S5WG,B0060JCWO2,2612,-0.015290875919163227,B0080E53WI,0.30623751878738403,0.011994600296020508
dress,B004H4WHVA,B0014IKPTS,210,0.14544354379177094,B003WT11KY,0.3168833553791046,0.01309618353843689
dress,B004LGXB0K,B00297BG7I,9,0.29233258962631226,B007OX0MXG,0.31893378496170044,0.0002937912940979004
dress,B002G5GHCM,B002QB70BI,263,0.13360273838043213,B00HFEBHD8,0.29614126682281494,0.004142880439758301
dress,B0052B66GY,B009LJJZS4,16,0.20789961516857147,B00E7XDGSY,0.27070748805999756,0.02808716893196106
dress,B003WT11KY,B007JTP2SA,215,0.13522066175937653,B00B2JI3K2,0.2883966863155365,0.025281965732574463
dress,B00CGY6RJ6,B009JY6AIE,27,0.2652343511581421,B0072C6X28,0.3830261528491974,0.009338140487670898
dress,B0023D5Q4W,B004EWG5WW,504,0.09673763811588287,B00BJSECVA,0.33011019229888916,0.00894176959991455
dress,B00BL9DCM2,B005S9W2FE,39,0.21738535165786743,B008S1W49I,0.3194802701473236,0.023016542196273804
dress,B004FPYVO2,B005X4RMW2,35,0.2450735867023468,B008GSAEPO,0.32066285610198975,0.017303049564361572
dress,B004DVT2SI,B000AY2892,329,0.10675431787967682,B007FDOMTK,0.36547255516052246,0.01208406686782837
dress,B00A4FQ4PG,B00A7049XW,58,0.2294885367155075,B00AOAQ2JO,0.320026695728302,0.0007630884647369385
dress,B008596V88,B00CLDVNSC,10,0.26819294691085815,B007WA3CUQ,0.326266348361969,0.006208240985870361
dress,B001TA2J9K,B0050JZTKW,663,0.08093967288732529,B004DIXOR6,0.2837826609611511,0.010008156299591064
dress,B00DUFRTQA,B0080ICEQC,31,0.23453399538993835,B005OOR6BI,0.3192122280597687,0.013220340013504028
dress,B0073MVVPQ,B00BG5TRZ2,1,0.3080439269542694,B00BG5TRZ2,0.3080439269542694,0.01485663652420044
dress,B007EGKM5G,B00D8JB44G,401,0.09603884071111679,B005FOPRRW,0.34476518630981445,0.020544052124023438
dress,B003AI6LNY,B00BYRKJIQ,1215,0.05821280926465988,B00DJHSWI8,0.23490116000175476,0.00365486741065979
dress,B002M3TVJ4,B00DNRAX5E,1,0.3063121438026428,B00DNRAX5E,0.3063121438026428,0.026128768920898438
dress,B00DEP9CUW,B006G3YVBE,190,0.14304718375205994,B00CPGUHAU,0.2808265686035156,0.013130426406860352
dress,B00C01N5K4,B0071NHF5W,15,0.3142136335372925,B00EOW7882,0.37874558568000793,0.002382129430770874
dress,B00EUVTLPK,B008MWER8E,92,0.1850646734237671,B00F0W6US4,0.3658275306224823,0.02797594666481018
dress,B00AWKKHOC,B0087YZ0S8,258,0.13295581936836243,B00AOJVGYQ,0.3248477280139923,0.023253172636032104
dress,B0080ICEQC,B0050SCUXC,40,0.22174714505672455,B007UZSPC8,0.32106494903564453,0.014156639575958252
dress,B005QYW7PG,B0076R807A,176,0.16051331162452698,B007ECBLXW,0.3375123143196106,0.011374473571777344
dress,B00DR3TRJ2,B00DU6GJJC,99,0.18260458111763,B00E7NYRRS,0.34522005915641785,0.0017600953578948975
dress,B004E9SNTS,B00FHLNHK2,167,0.1437697410583496,B009LGLIIC,0.2602798640727997,0.006135851144790649
dress,B005NXMDTU,B007F7PAOC,4,0.309081107378006,B005FOPRRW,0.336945116519928,0.020112991333007812
dress,B002OEYH3Q,B007FDOMTK,847,0.06805706024169922,B009XNN37W,0.25513917207717896,0.0010869503021240234
dress,B005KMQPS4,B0060Q8032,728,0.08375823497772217,B008MC8438,0.3054208755493164,0.03335210680961609
dress,B008HQKK1S,B00AZE7306,218,0.13612040877342224,B005UX57P0,0.34536731243133545,0.04657268524169922
dress,B0046Q4K6E,B00316G2DE,152,0.17326529324054718,B0070TYH1M,0.3698330521583557,0.010813295841217041
dress,B009P83GT0,B008PG0SOO,5,0.26510846614837646,B00BSEUTZI,0.2940182089805603,0.016932785511016846
dress,B00BPBCKQK,B003TAJUM2,2327,0.024909310042858124,B00B8DNOM4,0.24261227250099182,0.0050466060638427734
dress,B004BDP1BA,B0065W6F5Q,2,0.3475647270679474,B004L2KKBW,0.3543451428413391,0.006780415773391724
dress,B0016LHFE6,B00CF2VVJK,6,0.27224111557006836,B00DH8YAE4,0.3171704411506653,0.003825068473815918
dress,B00BTUULCC,B00CMLUHF8,15,0.22651025652885437,B00F5DPMIM,0.2807808518409729,0.020723462104797363
dress,B00FHXBQFS,B00ABXKO02,179,0.1416473090648651,B00E9OR326,0.3003710210323334,0.03425869345664978
dress,B005VTKJWO,B00AWMNYG8,215,0.1480611264705658,B0069J4NX6,0.3808765709400177,0.049996376037597656
dress,B0060VUQ0C,B00AQUBNWI,4,0.3300236463546753,B00D4BURP0,0.34550344944000244,0.003590881824493408
dress,B005GYSR64,B00BV46E9K,5,0.26154568791389465,B009E6XPGW,0.3307077884674072,0.029614925384521484
dress,B0094QXCKQ,B00CLDNZ1K,173,0.15443702042102814,B00EJYPULM,0.26273399591445923,0.016661837697029114
dress,B007NG77PU,B006M40UZ8,10,0.24233758449554443,B005ZG5MQG,0.30487513542175293,0.040173083543777466
dress,B007UDBI3S,B007LTUAUS,97,0.17553386092185974,B00925D1UU,0.313539981842041,0.020157575607299805
dress,B008OVCJ0Q,B004TA9PVW,2884,-0.011407285928726196,B008MGCDCM,0.3012896180152893,0.01669064164161682
dress,B009NW4TW6,B0076RQLLW,98,0.15779030323028564,B00A2IKF6O,0.2839779853820801,5.662441253662109e-06
dress,B004AM5K4K,B004AM5KA4,1,0.2962062358856201,B004AM5KA4,0.2962062358856201,0.013930469751358032
dress,B00A16KWZ6,B00AYXA5D0,1,0.36279720067977905,B00BEJ34Q8,0.36279720067977905,0.0
dress,B007XD6AMO,B0094DYEJC,26,0.22841757535934448,B008BDJDE2,0.3016812205314636,0.014128446578979492
dress,B00C2BIUXO,B00DEO5N8I,13,0.2436000108718872,B00A784UKG,0.28969016671180725,0.014330148696899414
dress,B005278U3U,B0019IIQYY,63,0.16595201194286346,B000YXD4R4,0.28708916902542114,0.02485424280166626
dress,B00EDS3BRO,B007457CVE,2954,-0.007395186461508274,B00B7QRPHC,0.2803642153739929,0.004721105098724365
dress,B003BKNUVC,B006X6XGT2,20,0.27284640073776245,B00A784UKG,0.37469762563705444,0.027283668518066406
dress,B00AG3Y2JG,B00DEP9CUW,47,0.23211991786956787,B003ZJ6GCO,0.2941705584526062,0.0010744333267211914
dress,B00CRNS11I,B008F48P7S,70,0.18991705775260925,B0070L9U6M,0.31029295921325684,0.0033622384071350098
dress,B00AYXA3G4,B006JDHC8A,138,0.15583032369613647,B00ASI7TQM,0.3670383393764496,0.014371305704116821
dress,B00BUVAI5K,B00AODCC9U,117,0.17723757028579712,B00C3U8K0M,0.34045925736427307,0.016032099723815918
dress,B007IWO80Q,B008BWOCGC,97,0.16908356547355652,B00CE2GUYM,0.32721275091171265,0.012142419815063477
dress,B00405RUW2,B008500HGE,626,0.084099680185318,B008XOX6M4,0.29865556955337524,0.007579624652862549
dress,B00CLGVWLM,B00D61Z5Y6,11,0.2750609219074249,B008AM8NEA,0.33701273798942566,0.0015912353992462158
dress,B00C7SQQJW,B001J2HRRW,2,0.32555824518203735,B00CZ4VFI0,0.33965492248535156,0.014096677303314209
dress,B003BKNUVC,B001JDGNS0,240,0.14926446974277496,B0009VT6MI,0.35084396600723267,0.018567979335784912
dress,B00AT8CQIM,B009XNN37W,281,0.13646042346954346,B008HDBAOC,0.31293171644210815,0.007020860910415649
dress,B0094QXCKQ,B008VJ0Q2Y,10,0.2833977937698364,B00FHFMMMW,0.34466058015823364,0.0050029754638671875
dress,B002YX0KZ6,B005CMMWYI,338,0.11332201957702637,B005HP3HL2,0.2934785485267639,0.004210948944091797
dress,B00EPFMQWQ,B00FZVANC4,625,0.0858064740896225,B001IS0PYE,0.31107038259506226,0.02302652597427368
dress,B008FPXR3Y,B00AESNPGY,193,0.15151968598365784,B007G1015U,0.30613189935684204,0.0040798187255859375
dress,B005KOYZWU,B00BJFXX54,16,0.2791518270969391,B00ARAXLSG,0.32551106810569763,0.0005719363689422607
dress,B009DI5YSS,B004BH166A,2659,-0.001624895492568612,B00824GAP0,0.2724583148956299,0.001355886459350586
dress,B008E7IA0I,B00FRS3RDM,49,0.18528416752815247,B00CD9LXD4,0.277286171913147,0.01217237114906311
dress,B008TKM790,B00APER4ZK,2180,0.02476535551249981,B007CU5A7E,0.2885425388813019,0.00030800700187683105
dress,B004E9SNTS,B0076R5V0E,154,0.14250214397907257,B00E00IM92,0.3399842381477356,0.004851639270782471
dress,B00AKLK08G,B00AFDH25I,6,0.27715909481048584,B00CMU6HIK,0.34098193049430847,0.055743396282196045
dress,B0073M5RKG,B00BBU6R46,34,0.2996254563331604,B007XPS2M8,0.369454562664032,0.0024066567420959473
dress,B00CE4GUC2,B00CF1RK6Y,9,0.3488144874572754,B007OZNQF0,0.37104564905166626,0.008983790874481201
dress,B00DFN4MSU,B00806NEIQ,1339,0.05578010901808739,B00756WDYI,0.2863936722278595,0.021322280168533325
dress,B007GSGKOO,B00CY914W8,2,0.2827613353729248,B008OKGFF2,0.2912479639053345,0.008486628532409668
dress,B00AU1U2PC,B00BQZBG4W,35,0.21187256276607513,B009MIRC6Q,0.27218955755233765,0.004878878593444824
dress,B00297BG7I,B0063BBIEM,11,0.2913689613342285,B007W3O0UE,0.3731943368911743,0.0340120792388916
dress,B005278U3U,B00A9TA2XM,12,0.2990528643131256,B007H3JJHI,0.3395973742008209,0.013291627168655396
dress,B003XCNN3I,B004HSN6W0,931,0.0525502972304821,B006ZIN6S4,0.3120914697647095,0.0021474361419677734
dress,B00CJHLQ3W,B00ANT6K0M,12,0.23355633020401,B00EP49AYY,0.286079466342926,0.020465224981307983
dress,B0032FOQUU,B006YNDYF0,117,0.15089212357997894,B008OY9QUE,0.2941160798072815,0.0025777220726013184
dress,B00D3V29MA,B009S3GIV0,3,0.30428755283355713,B00BAHV7K4,0.3424692153930664,0.023099631071090698
dress,B0091SFTVC,B00E21AEUY,31,0.21026116609573364,B008GX3852,0.2779483199119568,0.007864892482757568
dress,B000BL6VJM,B007OZSTY8,1561,0.07338805496692657,B00ECTDN7M,0.26299023628234863,0.001323997974395752
dress,B00AIBYV1K,B008UEW5RO,29,0.20635336637496948,B00FBRGJKM,0.32498103380203247,0.015743106603622437
dress,B00DY3XR1O,B008VIXCL2,279,0.12489403784275055,B007RBYUO2,0.26049694418907166,0.006994098424911499
dress,B003ILG26E,B0083UY0LY,38,0.23586416244506836,B008BDRDPI,0.3381960093975067,0.0017265379428863525
dress,B00525WBU0,B002ZLOQGQ,1,0.34953975677490234,B002ZLOQGQ,0.34953975677490234,0.003336787223815918
dress,B005NXMDTU,B008GQ3BVK,8,0.2986820340156555,B004LKRWGA,0.33952853083610535,0.011429429054260254
dress,B00CBWGQVM,B0091SH4H4,36,0.25388604402542114,B005Z2P8NC,0.3409428000450134,0.01195824146270752
dress,B00D4E8ZW4,B009XJMTSA,4,0.27327704429626465,B00C2BIUXO,0.29060786962509155,0.002021968364715576
dress,B00ELLYWL2,B00CCPYPYI,1482,0.038807447999715805,B004I3VIFG,0.27662432193756104,0.00791555643081665
dress,B007Z24BC4,B00COYGYPU,427,0.11568348109722137,B008E7IBDO,0.3711899518966675,0.043197423219680786
dress,B00F4MZ144,B00F4MX4SE,1,0.35627830028533936,B00F4MX4SE,0.35627830028533936,0.017328321933746338
dress,B003WT11KY,B008GRR6II,130,0.18449702858924866,B009LDY5S0,0.32254183292388916,0.004338741302490234
dress,B00C97ISFG,B00A8VHMRK,23,0.2502270042896271,B00BGK4WH0,0.31816399097442627,0.0037229061126708984
dress,B00CN46SMU,B00BTUULCC,46,0.21413114666938782,B00BDGMRGA,0.2918967604637146,0.004848837852478027
dress,B008MZS5Y8,B008H78T6K,185,0.1596771776676178,B006BFNE3I,0.32593464851379395,0.011600136756896973
dress,B009MIRC6Q,B009G8FXPY,35,0.19864295423030853,B009ND8UKC,0.2999178171157837,0.0339188277721405
dress,B00CP80N3O,B00EYNTEYW,154,0.13862945139408112,B00DUH21KW,0.28456857800483704,0.011068224906921387
dress,B00466F2W0,B0098BW31Q,208,0.13686539232730865,B00AEW4384,0.2977411150932312,0.005671024322509766
dress,B00530FEEY,B0017LUFJM,441,0.10380439460277557,B00CXAP5HS,0.2697107791900635,0.0025740861892700195
dress,B008DH1ZEM,B00CX0GGUI,48,0.1857260912656784,B004IZRBDW,0.3072482645511627,0.0013681352138519287
dress,B00CQSPPLS,B009815VKG,161,0.17165759205818176,B00EYPOU6C,0.37992873787879944,0.021488994359970093
dress,B00ANSYKPA,B00DHP4U0Q,2,0.30534273386001587,B003ILRVZU,0.31495141983032227,0.009608685970306396
dress,B000BL6VJM,B00DC01APO,36,0.2345752865076065,B00CAVQK74,0.36178985238075256,0.05658403038978577
dress,B00C7Z4VGU,B00CJHLBFK,128,0.1840830296278,B005XKDZ5Y,0.3494572043418884,0.03263464570045471
dress,B00CTT51MC,B00CTT4N7G,2132,0.022100921720266342,B00BW7Z49M,0.29450035095214844,0.0024651288986206055
dress,B0069IWITS,B00428MWP2,8,0.2849636673927307,B0074W1CWC,0.36079731583595276,0.007921606302261353
dress,B003ILEHQG,B00GATDMUK,336,0.11897251009941101,B00CFD6ZBI,0.3092336058616638,0.013903617858886719
dress,B00DSME58U,B00BJZA08M,1,0.3436688184738159,B00BJZA08M,0.3436688184738159,0.04331451654434204
dress,B00BJSECVA,B008D6LE3A,15,0.21249721944332123,B00ED0XSF2,0.2683209180831909,0.00284615159034729
dress,B00428MWP2,B00DH7E7IE,124,0.15567731857299805,B00CGYK3AK,0.30787211656570435,0.032783836126327515
dress,B007FG0AAM,B00A7Z5MKQ,5,0.30910730361938477,B00EYPOU6C,0.32929331064224243,0.01641637086868286
dress,B00EFE9MII,B00AXL6E3I,12,0.2509128451347351,B007AAP4TK,0.29092562198638916,0.008203864097595215
dress,B005RYO18G,B006ZWEMWE,25,0.24435336887836456,B005I6D1DY,0.33091074228286743,0.004633188247680664
dress,B007FO27IW,B008LRQUW6,10,0.25906702876091003,B00CPGUHAU,0.28487443923950195,0.0053435564041137695
dress,B006361ONM,B00EDSJG2I,23,0.2558855414390564,B004VSDS2Y,0.31012821197509766,0.0018535852432250977
dress,B00BTUXSYA,B00CN46SMU,8,0.2732475996017456,B008GSAEPO,0.34351223707199097,0.017249107360839844
dress,B008TYS0C4,B005O0PARY,58,0.1867416948080063,B008LCUUEK,0.3171188235282898,0.0027908682823181152
dress,B00A3PEX7S,B0033PRQ2Y,267,0.12695439159870148,B00DNVUBK2,0.29262232780456543,0.0050754547119140625
dress,B007FO27IW,B002ZCXTA4,16,0.3322928845882416,B005QN26TE,0.395580530166626,0.01656365394592285
dress,B005OOUCLE,B00CJJD4S0,41,0.19117368757724762,B003U9VJRG,0.31468820571899414,0.04300200939178467
dress,B00D4B6OI4,B004XYPAL8,19,0.26514288783073425,B00DWPDCGY,0.3260273337364197,0.010234057903289795
dress,B00D993JHA,B000EC58G0,507,0.10866795480251312,B00F150ZXQ,0.3042682409286499,0.0037239789962768555
dress,B005OOUCLE,B000YXD4R4,13,0.29392221570014954,B0058ZB4L6,0.3481515645980835,0.023312628269195557
dress,B007IWOBBC,B0081V3WPU,34,0.2624780535697937,B007NJY9XA,0.3701884150505066,0.01649615168571472
dress,B000BL6VJM,B00AIWGKY0,779,0.10424371063709259,B00870V5CW,0.3178679049015045,0.03755927085876465
dress,B007FDYS62,B004VM5W1K,255,0.13527148962020874,B008BHSSMG,0.29103410243988037,0.0015653371810913086
dress,B00D9E1SSW,B00E1SPJR6,15,0.2443215250968933,B005QN26TE,0.3171103894710541,0.0013843774795532227
dress,B00EJYPULM,B006PAT5EQ,68,0.20177128911018372,B00A16VH28,0.28635600209236145,4.7534704208374023e-05
dress,B00B5VXRTO,B009DMGQM2,4,0.2483520656824112,B0091E4ND6,0.2880309820175171,0.036797165870666504
dress,B005JDB3UO,B00A787OEA,2863,0.011392774060368538,B008UWENTO,0.3010841906070709,0.024522215127944946
dress,B002Z7FWB8,B009LIFAV6,38,0.23659731447696686,B002TUS8JO,0.3840969502925873,0.0604003369808197
dress,B004TM36ME,B009UJ5M7S,18,0.2441607415676117,B00G9WJ09A,0.30885049700737,0.0019120872020721436
dress,B00CFYDMM2,B00DONTLP0,36,0.2500796914100647,B00DN7KGRO,0.3383372724056244,0.0023153722286224365
dress,B00CFXUI4S,B008U8XP06,4,0.2982158660888672,B005EOD18K,0.3082681894302368,0.005747020244598389
dress,B007FHE5IY,B007FHD0FI,26,0.2489456832408905,B008YIG3DI,0.3322683870792389,0.0024937987327575684
dress,B007KHTV24,B00ASI7TQM,35,0.17112651467323303,B008AIKK04,0.272308886051178,0.017763197422027588
dress,B00BI5R31U,B008R4XZ0I,188,0.14442342519760132,B008OY9QUE,0.32036101818084717,0.02538120746612549
dress,B00BBOI64Q,B009P83GT0,54,0.2020760476589203,B00BWRLQUS,0.2888071835041046,0.0012733638286590576
dress,B007FWGBRW,B00E1MEKLI,14,0.2860303521156311,B008595HNS,0.34093642234802246,0.005862712860107422
dress,B00GDSPIYQ,B004ISKT38,357,0.11280078440904617,B002NVCPQ6,0.36546939611434937,0.05079883337020874
dress,B007UYY43I,B00BI5R31U,41,0.2103910744190216,B00AEDCDZ8,0.30164992809295654,0.030624419450759888
dress,B00DEP9CUW,B004PEB1KU,3224,-0.02603348344564438,B006W2OZ6A,0.2538336217403412,0.01440480351448059
dress,B00CL0VWTA,B00C1BSDBO,15,0.284704327583313,B00EOW7882,0.3507082462310791,0.0037420690059661865
dress,B00CW6HT7W,B00ENCGGZY,1,0.29243195056915283,B00ENCGGZY,0.29243195056915283,0.0014955401420593262
dress,B005KMQQFQ,B00DBS04F4,1,0.3070918917655945,B00DBS04F4,0.3070918917655945,0.02541351318359375
dress,B006UT2TPY,B00BYD7DDO,1516,0.05615117400884628,B003Z5DN8I,0.25915586948394775,0.028685837984085083
dress,B007OX0MXG,B006YZLWSE,43,0.23233196139335632,B009COQELY,0.35451483726501465,0.0073812007904052734
dress,B006DYG6PA,B009DMEAL6,447,0.11529888212680817,B007WAETMG,0.3015870153903961,0.019295215606689453
dress,B008GQ3H50,B00CFD6ZBI,3486,-0.04962600767612457,B008VPO0V6,0.32724529504776,0.002436310052871704
dress,B004LVNVDC,B001HK23KM,62,0.20495933294296265,B00DEP9CUW,0.3218556046485901,0.01740163564682007
dress,B00EEERGP0,B00DMEFORK,6,0.2201324999332428,B002TKJL40,0.26805275678634644,0.027076363563537598
dress,B007WAETMG,B00AFOMEMI,12,0.23163500428199768,B00BPYQ25M,0.2726168632507324,0.009504377841949463
dress,B007959ZSW,B007ECAZPM,188,0.16039277613162994,B008OVCJ0Q,0.2897718548774719,0.0029065608978271484
dress,B00E3HDPMQ,B00DRCZHJC,103,0.15180043876171112,B0076ODRNU,0.29355189204216003,0.026228874921798706
dress,B006361YUA,B00CJF48D4,16,0.23260776698589325,B008AM8NEA,0.31538087129592896,0.029060006141662598
dress,B0058ZB4L6,B00BBOI64Q,18,0.20650863647460938,B00428LYOM,0.2782774567604065,0.006227016448974609
dress,B00A7049XW,B005WY5LAS,244,0.14152583479881287,B00A784UKG,0.38983261585235596,0.04173961281776428
dress,B007HCAEKU,B00726HLP2,91,0.17014391720294952,B007NJY9XA,0.31179726123809814,0.04483664035797119
dress,B00ALGUAOO,B00ALGUEXG,8,0.2595389187335968,B00CGYJXJ2,0.3217815160751343,0.009139478206634521
dress,B00DWPDCGY,B00DR3TPIA,499,0.09395169466733932,B008DS1E6K,0.32854074239730835,0.006159365177154541
dress,B009PXRLIW,B00C7P935E,297,0.1358901858329773,B00EJYPULM,0.3191332221031189,0.03158515691757202
dress,B00AOWQJZ4,B00G73FUGI,14,0.2374793291091919,B007B2HS78,0.2998755872249603,0.007541000843048096
dress,B00DR3TPIA,B00EQ1PPEK,66,0.17178800702095032,B00FS3EAOQ,0.3138428330421448,0.02354055643081665
dress,B008DH1ZEM,B006MWV676,1586,0.05191897600889206,B00BL9DCM2,0.32365578413009644,0.020523637533187866
dress,B008H86H1I,B0041AF33Y,1427,0.05976054072380066,B007IWOBBC,0.2640347480773926,0.0013416111469268799
dress,B006361YUA,B00CMU5O7K,2,0.31910139322280884,B008596SUO,0.33250564336776733,0.013404250144958496
dress,B003725DKU,B00B71U376,2,0.3374541401863098,B007FNGLZI,0.3629521131515503,0.02549797296524048
dress,B008W46FMS,B00FE0G1OU,29,0.2404974400997162,B00A785B5Y,0.3201780915260315,0.0020835399627685547
dress,B007ZDYK2E,B00BG4M4BM,131,0.18463461101055145,B007XCS81G,0.38151848316192627,0.0820121169090271
dress,B00BKUTYWO,B00B1OKIRO,4,0.34651726484298706,B0097J0RVC,0.3577958941459656,0.0007269382476806641
dress,B0099DCINQ,B00AHOYKVO,16,0.2103792428970337,B009S3GXWY,0.27342623472213745,0.0017383098602294922
dress,B00766RTT6,B00F0W6US4,609,0.0926775187253952,B00G2J5UJO,0.2915935218334198,0.01235651969909668
dress,B00CY90TWE,B0091CXMOE,9,0.28753846883773804,B00BY3GO0C,0.3345915675163269,0.018544316291809082
dress,B00AD11LB8,B00AD11VKO,3,0.2954813838005066,B00BWRLQUS,0.31725013256073,0.018950223922729492
dress,B0090NZVZC,B0065U35CY,5,0.3216310739517212,B007CU5A7E,0.36898791790008545,0.026478737592697144
dress,B004RDQ97O,B009F90MHS,2410,0.008292783051729202,B006TAM4CW,0.25881922245025635,0.0016703009605407715
dress,B0093K54X6,B003WT19PQ,12,0.2748432755470276,B007R9TGIO,0.30070960521698,0.003210127353668213
dress,B009DMCMNO,B0098BVPIS,62,0.2086009532213211,B0070L9U6M,0.36753708124160767,0.004477739334106445
dress,B00BBXX6LU,B00756WDYI,359,0.13423344492912292,B000R362L6,0.3005768358707428,0.018956393003463745
dress,B008VJ0Q2Y,B008BDRDPI,139,0.1580793261528015,B00CTT41D2,0.32970091700553894,0.0193120539188385
dress,B00F2MA1FK,B00A7N4DC6,39,0.222550630569458,B00CR02CF2,0.29988980293273926,0.006850332021713257
dress,B005JDB3UO,B008GX3852,3216,-0.010899568907916546,B00DB9S5B8,0.325303852558136,0.001652061939239502
dress,B00C01N5K4,B00AN8LRX8,49,0.22106626629829407,B001QCXH4W,0.3402392864227295,0.001875072717666626
dress,B00AXX83YE,B0047SD9WC,1628,0.03771555423736572,B00AYXA3G4,0.3372723162174225,0.03840377926826477
dress,B00D75WT4U,B00APLSSLC,516,0.08618158102035522,B006ZIN6S4,0.30219149589538574,0.005895256996154785
dress,B008JI0MX0,B0046ECPGI,225,0.1517447829246521,B004S0SSDY,0.34289419651031494,0.01767587661743164
dress,B009CCW1XG,B0094U99S6,71,0.1963130533695221,B002JZIO02,0.3523631691932678,0.004964053630828857
dress,B007ADFRHQ,B00D68DXCA,426,0.11280600726604462,B00CFUEL3K,0.31274914741516113,0.0029788315296173096
dress,B00DDX15TG,B00CHSE4V4,151,0.1200743317604065,B008UC9MGS,0.32802629470825195,0.011298894882202148
dress,B009HIH1S0,B001UHFV7O,430,0.09875327348709106,B00919G258,0.38473230600357056,0.044854938983917236
dress,B007RB7IJG,B009PYP9WQ,34,0.23779195547103882,B003TJA7YS,0.32020020484924316,0.004548847675323486
dress,B008006CXG,B00575VZM0,1,0.38385626673698425,B00575VZM0,0.38385626673698425,0.005348950624465942
dress,B0092PKPKE,B0092PKYNM,221,0.13396915793418884,B006BQAHTG,0.3446669578552246,0.011892259120941162
dress,B00DSI8WYW,B00BYI7ZQO,20,0.2337220013141632,B00A76UFK2,0.3130013644695282,0.033271342515945435
dress,B005YB2S5K,B007WSD2CQ,33,0.20764115452766418,B00B5KOBPY,0.3326168656349182,0.021533966064453125
dress,B008G0ERA0,B005XKDZ5Y,2,0.2795734405517578,B00C181SNM,0.28076106309890747,0.0011876225471496582
dress,B0060MFHH8,B00F4MYMJO,741,0.08920066803693771,B004IZRBDW,0.24415752291679382,0.003504723310470581
dress,B009TM8IG8,B008A4N1YK,537,0.11046692728996277,B00CA8PP7S,0.3041971027851105,0.007230162620544434
dress,B00AA6F0GI,B006VA06KW,201,0.12800168991088867,B00DQDQUNE,0.31359991431236267,0.0435737669467926
dress,B00BYHHYCA,B00CEJW206,90,0.16798630356788635,B00DN7KGRO,0.3267187476158142,0.015987813472747803
dress,B006361YUA,B00CQNXR7W,11,0.20894400775432587,B00CSNDFDG,0.275909960269928,0.031168043613433838
dress,B005278U3U,B004GGSFK6,434,0.1061798483133316,B005FMSW3U,0.2837461233139038,0.014982908964157104
dress,B00B4GJODI,B009NCHDG0,2074,0.01380068063735962,B0083UY0LY,0.29377055168151855,0.0008849501609802246
dress,B004EPXWK2,B009NJQCO2,288,0.136354461312294,B007KJ2M5K,0.30907803773880005,0.014997810125350952
dress,B0064J5JPC,B00DGTZ7XM,440,0.11928263306617737,B00A8KYZSK,0.30106860399246216,0.0004087686538696289
dress,B004Q9T840,B005P7BK84,42,0.2431197613477707,B00AOAQ2JO,0.35345470905303955,0.008880436420440674
dress,B0087PLHB6,B00CP5NEFG,224,0.14831139147281647,B007OX0MXG,0.32718658447265625,9.429454803466797e-05
dress,B00C1RFQA4,B00CIAHQVG,1,0.28022336959838867,B00CIAHQVG,0.28022336959838867,0.020469218492507935
dress,B006GF739E,B007RJP2SM,37,0.22200262546539307,B00CHS82BC,0.31629133224487305,0.007181048393249512
dress,B008F48SKC,B00CJHOUFI,161,0.14129582047462463,B00E3XBZOA,0.3191547691822052,0.010709911584854126
dress,B006J7DBTK,B00DSSHIX8,6,0.2520422041416168,B002TUS8JO,0.27896246314048767,0.007859796285629272
dress,B009HMQOP2,B004AVK514,1,0.35569000244140625,B004AVK514,0.35569000244140625,0.08185288310050964
dress,B005VTJH4K,B006TALRY8,42,0.22820591926574707,B0071N15E4,0.34884127974510193,0.058180779218673706
dress,B004U8YYZU,B005QYW7PG,42,0.2446131706237793,B00B5ZSGL4,0.3595163822174072,0.026950955390930176
dress,B00B3Y6GNM,B004EPXD9M,58,0.21321547031402588,B004RNZA9M,0.34032726287841797,0.0036781728267669678
dress,B00EPC5D10,B005278ZUI,34,0.2219228744506836,B004G8PJFI,0.324726939201355,0.00024276971817016602
dress,B00BG4M4BM,B0091QVR0G,487,0.10263171792030334,B006BQAHTG,0.36245423555374146,0.02923104166984558
dress,B005644KAG,B00BUC1QUA,59,0.20400312542915344,B00C97JLZ2,0.3165624737739563,0.03979101777076721
dress,B0030EHJCU,B00BY3GO0C,7,0.3474601209163666,B007CDYKB8,0.3843415081501007,0.021281719207763672
dress,B0073HKUWG,B007TC5ICW,4,0.2878040671348572,B00C6355S6,0.3056597113609314,0.005543798208236694
dress,B0036ME5BE,B002WV0S6G,1183,0.06568103283643723,B008VIU7QA,0.34855538606643677,0.008481144905090332
dress,B0059817JQ,B00D8ICJNM,1779,0.0396183580160141,B004SESXGC,0.30562543869018555,0.0011161863803863525
dress,B00C2D4XA6,B00C2DDJXI,233,0.11727292835712433,B008CV6AN0,0.30659419298171997,0.020326197147369385
dress,B00DSSIGXO,B00BDGMRGA,753,0.08800368010997772,B008DS1E6K,0.3115832209587097,0.020630866289138794
dress,B00EXMSRW4,B0071MSFCU,567,0.08986688405275345,B00C6PP86S,0.36466658115386963,0.006655871868133545
dress,B00CAMJMRS,B00DMZFD7K,31,0.24486373364925385,B005KMQQFQ,0.32884979248046875,0.02180856466293335
dress,B00CJRV3Z8,B00AX1SATY,1,0.2998729944229126,B00AX1SATY,0.2998729944229126,0.04263550043106079
dress,B005SGZXTY,B007R9JNPU,16,0.2932559847831726,B005KOYB1A,0.3564438819885254,0.014980137348175049
dress,B009E73G1U,B0084Y2V6A,1,0.2858647108078003,B0084Y2V6A,0.2858647108078003,0.021798759698867798
dress,B00BEJ34Q8,B00AWKKMWE,171,0.1454325020313263,B005PHRKTW,0.2982748746871948,0.003917396068572998
dress,B007B2HS78,B009DI5YSS,71,0.21787764132022858,B009XJMTSA,0.3244503140449524,0.011003434658050537
dress,B006YNDYF0,B004748I22,41,0.2684653103351593,B005ES247K,0.3588075041770935,0.020378828048706055
dress,B000NB1FAU,B00CDJZYA2,615,0.09288389980792999,B004O3CSF4,0.25106877088546753,0.04328998923301697
dress,B0063BBIEM,B006D8SSOS,17,0.28209683299064636,B00GHD7GDI,0.40381789207458496,0.0492173433303833
dress,B00FFDZT8K,B007WAFYU2,286,0.1349041908979416,B005DVLQCC,0.33004239201545715,0.04378393292427063
dress,B00BJGW386,B00DW475WC,2911,-0.012002293020486832,B00CJHOUFI,0.25935429334640503,0.007581949234008789
dress,B00B8QSAY8,B0088AAXUG,74,0.16605858504772186,B006J42TFU,0.3251967430114746,0.040336787700653076
dress,B008Z1TX2M,B00C11R13U,73,0.21744424104690552,B00EA30H56,0.2949182689189911,0.0017878711223602295
dress,B005WQCHPI,B00BM279C2,262,0.13323171436786652,B00CIZZ6EK,0.264549195766449,0.0023125112056732178
dress,B006VRT354,B006UCQXRG,29,0.2634202837944031,B0076IN1MI,0.34307825565338135,0.00594291090965271
dress,B009AUQVS6,B00ATPE8CW,1,0.3726557493209839,B00ATPE8CW,0.3726557493209839,0.04969632625579834
dress,B0083QFE0Y,B00AO3SNGQ,3,0.32538726925849915,B004FPYVO2,0.3358663320541382,0.004348456859588623
dress,B00BUVAI5K,B006PDVQQI,268,0.1332480013370514,B009COQELY,0.3120642304420471,0.00469246506690979
dress,B0017LUFJM,B00530FEEY,24,0.2380412518978119,B008BRM2FA,0.29825496673583984,0.010328173637390137
dress,B0033UVILO,B007C4CF7I,2126,0.014689857140183449,B00AOBCAXA,0.3080848455429077,0.053780972957611084
dress,B00DP6RHIO,B008PG3FP8,10,0.28928881883621216,B004JU0ARU,0.3213423490524292,0.00231209397315979
dress,B007678MDM,B009YKCYZ6,1,0.3484210968017578,B009YKCYZ6,0.3484210968017578,0.002185046672821045
dress,B007XD4IMS,B007WA29BY,1,0.28901129961013794,B007WA29BY,0.28901129961013794,0.021144777536392212
dress,B006WBA2JK,B008BYUH9Q,1239,0.060436248779296875,B003B00592,0.3047042489051819,0.004048347473144531
dress,B004DTTRA8,B0048OYGF4,878,0.08802101016044617,B00A7HGI8Y,0.2863255441188812,0.019427210092544556
dress,B001NIYDSS,B00ANC7QIY,986,0.06531655788421631,B002G5GHCM,0.26661741733551025,0.016596585512161255
dress,B008PG0SOO,B006WARFS2,47,0.20792673528194427,B00F5DPMIM,0.2971024513244629,0.00030726194381713867
dress,B00AKB3VPA,B008E4O6TU,165,0.17538776993751526,B006TALF54,0.35123175382614136,0.008090078830718994
dress,B007M8PCAQ,B0062GQFX2,131,0.13859416544437408,B00ANR3NSQ,0.2734249234199524,0.01484254002571106
dress,B0088Y02XA,B00A2X398A,1,0.2944429814815521,B00A2X398A,0.2944429814815521,0.0021499693393707275
dress,B005KOYZWU,B00BY045C4,1478,0.04288453608751297,B009TM8WL4,0.29426899552345276,0.008354336023330688
dress,B0074W1CWC,B002B55PES,51,0.20821118354797363,B005GYSR64,0.3775671720504761,0.09513062238693237
dress,B0066CUZ6A,B0078JAST4,1033,0.0684322863817215,B0076ODRNU,0.22129487991333008,0.005892276763916016
dress,B007WAFYU2,B009SBBLNM,2855,-0.00228225439786911,B00DJTS67S,0.31975051760673523,0.004476308822631836
dress,B008P3DTZC,B0061IQ32E,336,0.12020307779312134,B00C5168K8,0.3233569860458374,0.034044742584228516
dress,B006ZO54SI,B008LE9FLM,2,0.3430935740470886,B007PKECMA,0.34861600399017334,0.005522429943084717
dress,B008PC5DGG,B004I3UFKK,38,0.24111858010292053,B007XD18IK,0.2995446026325226,0.005929768085479736
dress,B00CZC6JIS,B007J6W358,543,0.08535756170749664,B00BSN0JOA,0.3479229807853699,0.04314380884170532
dress,B004Q9T840,B00A2X6J78,734,0.08441408723592758,B005I63HRY,0.3325214385986328,0.04754358530044556
dress,B005VZ8MWC,B005VZ8RFO,40,0.21902784705162048,B0037PVUW2,0.3098604083061218,0.0048736631870269775
dress,B0084Y6UQC,B0076OEBY4,29,0.24940098822116852,B007PMC8AG,0.4131619930267334,0.04981648921966553
dress,B008PRJ394,B006OR8A6E,703,0.07994353771209717,B006WBA2JK,0.32105064392089844,0.0019043684005737305
dress,B00D83ENMC,B00FM7EAQQ,258,0.11725378781557083,B00A36NC88,0.3418176770210266,0.03188326954841614
dress,B007SYWE00,B004AZLVJK,583,0.0864933431148529,B008H78T6K,0.292026162147522,0.0022654831409454346
dress,B00ED49C12,B008B6QCH0,3136,-0.009980471804738045,B004U4R8IE,0.2822796404361725,0.002780020236968994
dress,B009OCNXE0,B006CR20VW,5,0.2838316857814789,B00D8ICJNM,0.322065532207489,0.00910341739654541
dress,B003YYRKSE,B00BJ8J4NQ,2152,0.021872766315937042,B004S0SSDY,0.2948684096336365,0.010016113519668579
dress,B0038KR31I,B009T74R2C,2240,0.023012707009911537,B007SYWDWO,0.29651302099227905,0.016103386878967285
dress,B00AFV75CU,B00DSME58U,28,0.26631391048431396,B008UWENTO,0.3882761597633362,0.02056744694709778
dress,B009IE33SU,B0091F39QC,1133,0.05133417621254921,B00GWQHKC2,0.25968366861343384,0.005725592374801636
dress,B008HSGOKC,B0060C8RXE,222,0.14762535691261292,B0074H8CXE,0.32131844758987427,0.024839848279953003
dress,B00ARFW8JE,B00ARFVZ3Y,4,0.33110472559928894,B0026IAOWI,0.36556872725486755,0.02772533893585205
dress,B0084DJO1Q,B007V0B9UC,108,0.16337653994560242,B00BEZTESO,0.2533600926399231,0.005706578493118286
dress,B00E9QQU46,B0097IWC3Y,11,0.32801857590675354,B001NMKQRG,0.3572797179222107,0.009761452674865723
dress,B00BJ75S8C,B00C12KACS,42,0.20413726568222046,B003I62TM0,0.299716055393219,0.01157677173614502
dress,B00AJ1P6XQ,B00AEW4384,68,0.1850084662437439,B00EZKUPPQ,0.30093634128570557,0.005022555589675903
dress,B003VXVGRY,B005KILV0A,6,0.21480992436408997,B004CZ7WUU,0.23965954780578613,0.0010770559310913086
dress,B00BBXX6LU,B002VLJSQI,1247,0.06465686857700348,B00BSN0JOA,0.3395645022392273,0.022386133670806885
dress,B008MNM7Y4,B00ECTI3SG,326,0.12352018058300018,B00BUVJTSC,0.2700105905532837,0.0037117302417755127
dress,B009K7C2CS,B0015SKXG2,35,0.25118371844291687,B008GQ3BVK,0.3244682550430298,0.01581639051437378
dress,B00715FFX4,B007UNTT6G,29,0.27346572279930115,B007XD18IK,0.3781638741493225,0.019770652055740356
dress,B005XW2EJK,B00E3S6BS0,1,0.3550519347190857,B00E3S6BS0,0.3550519347190857,0.009842097759246826
dress,B00DZUQHSQ,B00DZURB9K,67,0.1947982907295227,B00BR20TRY,0.2824784517288208,0.01145637035369873
dress,B0058BPMPO,B009HMQOP2,287,0.13709756731987,B007677TBI,0.34325915575027466,0.014303863048553467
dress,B00G1ZZDL4,B004LGXB0K,35,0.2685149013996124,B00BG5TRZ2,0.35594820976257324,0.00123673677444458
dress,B003BT62A4,B006WM4LYG,1,0.3252084255218506,B006WM4LYG,0.3252084255218506,0.015361368656158447
dress,B00CGY6RJ6,B004XGY21K,11,0.32181695103645325,B007XD18IK,0.3729870319366455,0.01121947169303894
dress,B00CI08M00,B00BUVJTSC,46,0.18812133371829987,B00715FFX4,0.2962796092033386,0.03315919637680054
dress,B00GP5TL6I,B00FBRGJKM,7,0.30615338683128357,B006361YUA,0.3294939398765564,0.011078447103500366
dress,B002TXI512,B00DRF4NGW,51,0.18380126357078552,B002OEYH3Q,0.26052361726760864,0.010835111141204834
dress,B007ZOGQIO,B008A54HPG,758,0.07772545516490936,B00AXX86TG,0.2579825818538666,0.001968681812286377
dress,B004HSN6W0,B008E7IBDO,3,0.3064720630645752,B00D61ZCGW,0.3284364342689514,0.004565179347991943
dress,B008YF4VAS,B008HH26XM,177,0.1585274636745453,B005JD4SRO,0.3544854521751404,0.01646551489830017
dress,B00G6TRZE8,B00CO7ZRNM,13,0.2413988709449768,B003ILRVZU,0.27565228939056396,0.0037665963172912598
dress,B009NW4TW6,B00A3UT8GE,42,0.18569564819335938,B0048C7MMU,0.24822428822517395,0.0004032701253890991
dress,B0055TBPNC,B00BWKXOS2,1,0.296193927526474,B00BWKXOS2,0.296193927526474,0.00550726056098938
dress,B0029YQQYE,B004KB5HQW,1510,0.046783775091171265,B00FABRB4M,0.2972792387008667,0.005017280578613281
dress,B008QW7GOW,B005MGDYK0,23,0.22389870882034302,B00B2FEFNU,0.291934609413147,0.0045275092124938965
dress,B00CHH5C2K,B00B29NXUC,4,0.25394344329833984,B008VIXCL2,0.2763281464576721,0.01654532551765442
dress,B005I63HRY,B00E4SYADC,1411,0.048042360693216324,B00BXZJGRY,0.3330725431442261,0.006190478801727295
dress,B00AD11FFU,B004W88GB6,41,0.21441102027893066,B00CCBVN1K,0.28748852014541626,0.00969204306602478
dress,B003TLO3R8,B008BOX1DA,80,0.18982329964637756,B00CF5GD3Q,0.34978407621383667,0.01927870512008667
dress,B003VTQA1K,B00BOPQZ86,70,0.16935795545578003,B00AXSHBCO,0.2784110903739929,0.009857207536697388
dress,B006Q6E4FO,B00B4KJV4G,141,0.17213307321071625,B008BRLWA6,0.3647816777229309,0.035060733556747437
dress,B0063TUIB8,B00ATEZA6Q,108,0.17003363370895386,B00C1CS34K,0.25879430770874023,0.0009045600891113281
dress,B00CTT41D2,B00E8157H8,285,0.12794527411460876,B00CQAJI7S,0.28089022636413574,0.002383023500442505
dress,B00DHD5322,B00B6C5H9K,35,0.23249199986457825,B0096L8FL0,0.27410688996315,0.0001437664031982422
dress,B00F20KR4M,B00FH7C5RC,437,0.09684251248836517,B00ENCGGZY,0.2889980971813202,0.015670210123062134
dress,B00FABRB4M,B006JVH5UC,35,0.23899680376052856,B008XOX6M4,0.32559889554977417,0.02506476640701294
dress,B00508YRGU,B004PKZWNG,1678,0.03836893290281296,B007HSQM28,0.2359396517276764,0.005229339003562927
dress,B00E5YA82M,B00740T5PK,63,0.23122140765190125,B00DEWU6AU,0.31262892484664917,0.010581135749816895
dress,B0087YZVNC,B00CIUH75Q,280,0.13537117838859558,B00B09IPN4,0.35449516773223877,0.003423154354095459
dress,B006TALF54,B006UAPPP4,719,0.08126034587621689,B0010VH27C,0.2937333285808563,0.01702749729156494
dress,B00DG7SOTS,B00DAUCYC4,490,0.12285511195659637,B00DZ3ZP72,0.2962713837623596,0.0030778050422668457
dress,B00CFYDMM2,B00CZ6XXF6,36,0.25004205107688904,B00DN7KGRO,0.3383534848690033,0.002333611249923706
dress,B004P67ZYE,B005IFCASW,100,0.1640089452266693,B007PKECMA,0.28785425424575806,0.009540826082229614
dress,B00ASI7TQM,B00BZ8FTB6,2689,0.015315258875489235,B004LLIS6W,0.27646157145500183,0.00851491093635559
dress,B008OW8EXQ,B0055OGJLU,22,0.26113495230674744,B0080E6RN2,0.3695222735404968,0.05559438467025757
dress,B0083QFSRS,B0083QEJL4,97,0.21322113275527954,B009AO2J6U,0.36774390935897827,0.004624903202056885
dress,B0067M3VO2,B00767PZZ0,6,0.30745822191238403,B0065W6F5Q,0.34969913959503174,0.0007933974266052246
dress,B00A13GLG8,B005E79D16,120,0.17443490028381348,B0063BBIEM,0.33474409580230713,0.019903093576431274
dress,B00D9OXNW6,B00BG40HUW,973,0.06470201909542084,B00BWKXQI0,0.3421236276626587,0.012567341327667236
dress,B00BLLQCIQ,B00CW94CSS,17,0.22822460532188416,B001J53R8W,0.2893661856651306,0.009813964366912842
dress,B005GLSA0A,B008E7IA12,6,0.20756793022155762,B004CZ7WUU,0.24798062443733215,0.005684256553649902
dress,B0097BCW4U,B008B8461W,84,0.17980115115642548,B002EAJ79E,0.3342955410480499,0.013167113065719604
dress,B008EPZKJE,B007UA3ZYQ,2186,0.0317818857729435,B005X6WEK0,0.32051461935043335,0.011476188898086548
dress,B004MMF00W,B002JZIO02,17,0.2778491973876953,B0072CEQ5Y,0.3854806125164032,0.03742283582687378
dress,B00297BG7I,B00A0AAD20,7,0.25195783376693726,B0009VT6MI,0.2838665544986725,0.012059330940246582
dress,B0082825YQ,B007CU5A7E,164,0.1577230840921402,B0087YZPJ2,0.3148357570171356,0.008939415216445923
dress,B007Y0UKN6,B008EQ6AM4,87,0.2109208106994629,B004RKWXGI,0.3269048035144806,0.009403586387634277
dress,B00CC6WGQ6,B005ES247K,152,0.15339405834674835,B0058BWBJY,0.34498316049575806,0.03719407320022583
dress,B007H3JLBM,B007W3ZR2E,37,0.22552821040153503,B009P5A9FW,0.3061668276786804,4.363059997558594e-05
dress,B007ZOGQIO,B0071MJI0S,28,0.2290506362915039,B008GSAEPO,0.3027656674385071,0.00312688946723938
dress,B008BHSSMG,B009W328K6,52,0.19373302161693573,B00EEERGP0,0.2919078469276428,0.026083707809448242
dress,B0075AV660,B00ED0XSF2,737,0.07604780048131943,B00F0W6US4,0.27869945764541626,0.0185968279838562
dress,B007FPDWDU,B007RM21BU,36,0.17464329302310944,B007H12PCG,0.2819680869579315,0.01637551188468933
dress,B009HK2P2A,B002TUT4UG,27,0.2180221825838089,B007TUPWAC,0.30865007638931274,0.002753317356109619
dress,B00DVPOZNY,B00BR20TRY,52,0.2391834855079651,B008VIRN62,0.33210837841033936,0.012125372886657715
dress,B002HCNMTU,B002G5TF3A,2,0.23688070476055145,B008OVRK0U,0.24199388921260834,0.005113184452056885
dress,B008FY9HPW,B008OW8EXQ,426,0.10043401271104813,B007WA4020,0.301386296749115,0.007950842380523682
dress,B008ODSF7U,B005LJDKHA,260,0.12483905255794525,B00CIAE21S,0.32453078031539917,0.002904146909713745
dress,B00763VJ6S,B0051BZ6HK,55,0.21816033124923706,B009AMQ2WY,0.3365909159183502,0.004021137952804565
dress,B006QSEC4K,B007P0Q796,94,0.2124583125114441,B00CTA22JG,0.3661929965019226,0.006485253572463989
dress,B000PUGW8O,B00EKDGVL0,51,0.19281339645385742,B00B8QSAY8,0.31141066551208496,0.011729121208190918
dress,B009M56HNS,B002VECPU6,55,0.24880561232566833,B005XW2EJK,0.3670600950717926,0.012411683797836304
dress,B005AQCKBQ,B00DM2GBQK,59,0.2303791642189026,B008S1W49I,0.36721038818359375,0.019090920686721802
dress,B0075BQQ82,B009MB17B4,44,0.2398400455713272,B00AXX86TG,0.36701780557632446,0.028756022453308105
dress,B002RHPBO4,B0082825YQ,624,0.08737850189208984,B009XNN37W,0.2848120927810669,0.005499333143234253
dress,B00D61ZCGW,B008W46FMS,14,0.22491125762462616,B00CF2VVJK,0.2913971543312073,0.005368977785110474
dress,B00BM8Q3NW,B00A4A8PRQ,220,0.12583868205547333,B00DB20MFM,0.24690595269203186,0.02870643138885498
dress,B009X6E9E0,B0051E7IYQ,8,0.23107972741127014,B00FS3EAOQ,0.33205413818359375,0.007572352886199951
dress,B008VQWBRK,B00H2FUGOQ,107,0.1452016532421112,B007U92OLM,0.22610525786876678,0.005523115396499634
dress,B00C6PP86S,B008VIRN62,344,0.11464139819145203,B00ARFWBTG,0.30266937613487244,0.019811004400253296
dress,B007314UDM,B007WPHLTE,522,0.07655476033687592,B006J42TFU,0.33113300800323486,0.02396833896636963
dress,B005MN4RLS,B00F4MY4OW,90,0.15369421243667603,B0076IKR66,0.2967566251754761,0.022459089756011963
dress,B00C7Z4VGU,B00BISLTIK,32,0.26949650049209595,B003ILW9PM,0.37015217542648315,0.03413069248199463
dress,B00FFDZT8K,B0018PWU7C,125,0.17389889061450958,B005KOYB1A,0.3750428557395935,0.0013799667358398438
dress,B00CJGAPIU,B00AHOYUPA,1,0.3667578399181366,B00AHOYUPA,0.3667578399181366,0.02470758557319641
dress,B0093K54X6,B007BV3XGE,16,0.27239978313446045,B005QYW7PG,0.34243059158325195,0.01474866271018982
dress,B006WM4LYG,B006W8T1UO,158,0.13345867395401,B006J42TFU,0.2730380594730377,0.03665146231651306
dress,B00EEAOUCQ,B00CRH9V0Y,40,0.1826150119304657,B004NIF7KS,0.24592363834381104,0.00011733174324035645
dress,B00AXX83YE,B00CL0USIG,125,0.15106667578220367,B00A3UTXAK,0.292398601770401,0.032930612564086914
dress,B006WWY8YE,B00D67853S,78,0.16232627630233765,B00B8QSAY8,0.31445449590682983,0.034068018198013306
dress,B007ZDYK2E,B00BFPGDHI,131,0.18468111753463745,B007XCS81G,0.38146358728408813,0.08194279670715332
dress,B00BL9DCM2,B006MPVW4U,1634,0.028019793331623077,B004AZKU92,0.332852303981781,0.028496980667114258
dress,B0080E6RN2,B00EU8NZ8W,252,0.13336220383644104,B00DAUCYC4,0.31889933347702026,0.01241368055343628
dress,B00CDJZYA2,B007TYKJ42,9,0.2955425977706909,B00368BJZI,0.37223565578460693,0.049965739250183105
dress,B005VU87VI,B008X711D2,914,0.06920218467712402,B006FRRQLS,0.3640402555465698,0.0036855340003967285
dress,B00EYDNSHG,B008ZE09GI,68,0.18549835681915283,B00CZ6XXF6,0.29177412390708923,0.0
dress,B00BTMWMYU,B00DD7B30S,65,0.1434745490550995,B00A9VAS2K,0.260790079832077,0.014556527137756348
dress,B00E3HDPMQ,B00E3HGLU4,1,0.32961565256118774,B00E3HGLU4,0.32961565256118774,0.028969645500183105
dress,B004OP7MI0,B00H1Z5KKC,128,0.17601338028907776,B008GQ3BVK,0.36458486318588257,0.005676090717315674
dress,B006PA7Q4M,B00BWKXQI0,255,0.12753954529762268,B00CTT51MC,0.3306942880153656,0.043738752603530884
dress,B007SOULGY,B0007WIZYE,2262,0.007522160653024912,B004XDJWZE,0.2874995768070221,0.030543893575668335
dress,B004NAU396,B00B3P7MVG,29,0.2256467342376709,B00AV9DXIG,0.297571063041687,0.01920187473297119
dress,B00BEM2JB6,B00B903O7G,213,0.1461910605430603,B00AGC26WM,0.3143889904022217,0.002993643283843994
dress,B008BM17HY,B00BL9EE4C,13,0.3003087043762207,B00BYFESVM,0.36868810653686523,0.01000058650970459
dress,B002AQSPL8,B007HI6KPM,2584,-0.007053956855088472,B0048C7MMU,0.23592886328697205,0.0019919127225875854
dress,B00DDX15TG,B00EKQSAES,1471,0.03580564260482788,B008G3LD6S,0.26704713702201843,0.001008749008178711
dress,B00FXAC5SM,B00AODC7BS,1553,0.03191317245364189,B008FG57UE,0.28912368416786194,0.003958344459533691
dress,B00ANR3NSQ,B008BA7MPW,135,0.1497184932231903,B005ZXS03G,0.2972618341445923,0.015166223049163818
dress,B0058BPLPK,B0058BPMPO,638,0.07517793029546738,B009QW3VSQ,0.34491363167762756,0.029012709856033325
dress,B0058BPMPO,B0091S4XXC,20,0.2600775957107544,B0084DQY14,0.3446623980998993,0.030021697282791138
dress,B0051UT6AY,B001G8HWQA,59,0.177827388048172,B0038KR31I,0.3155076503753662,0.014644324779510498
dress,B0071GD9D6,B00378LCPE,87,0.1893484890460968,B00BCMG8A6,0.29099178314208984,0.0
dress,B007OZSTY8,B005JD4SRO,1,0.34465640783309937,B005JD4SRO,0.34465640783309937,0.02513059973716736
dress,B00FTA0HUE,B00CY0CF0M,672,0.09325115382671356,B004FPYW7I,0.32382655143737793,0.006110727787017822
dress,B008S0HK3Y,B00BTJXG66,10,0.23793470859527588,B00801W1H6,0.26714566349983215,0.004465311765670776
dress,B004O6LVY0,B002YX0KZ6,21,0.207633376121521,B0046XRKNM,0.2992386817932129,0.014079540967941284
dress,B00AZE6UV4,B0095T312Q,471,0.11418446153402328,B00CLF3JPA,0.336531400680542,0.003377199172973633
dress,B00DEP9CUW,B00FABRB4M,154,0.17621493339538574,B00AFV75CU,0.3387744128704071,0.0050314366817474365
dress,B00BXX6PM0,B00C97JLZ2,51,0.21648353338241577,B00B67ELUG,0.4393622875213623,0.09303116798400879
dress,B003DIWQNA,B004VJ217Q,17,0.24405810236930847,B004988IIU,0.3169972598552704,0.02462819218635559
dress,B007WSD2CQ,B00CM3595Y,430,0.09278897941112518,B0094PFDAY,0.38363564014434814,0.0031843185424804688
dress,B00CWSNY24,B00B9U19BY,235,0.1283482164144516,B00AFOMEMI,0.34858667850494385,0.007152915000915527
dress,B0080646GU,B00AYLAFOG,2461,0.02176740951836109,B00CEHP214,0.32394111156463623,0.02401667833328247
dress,B00BUIF4YS,B00428MW7A,19,0.2362813800573349,B009LDY5S0,0.297313928604126,0.016557127237319946
dress,B005JDB3UO,B0095JQQZK,2006,0.04281068593263626,B007FFZT6I,0.3573242127895355,0.01009407639503479
dress,B005EYTFS0,B00AFDIN42,49,0.19496867060661316,B00DAUCYC4,0.3040582537651062,0.01901531219482422
dress,B009QW3VSQ,B00CTIEB2O,969,0.063725046813488,B005GT73SC,0.2945287227630615,0.03959503769874573
dress,B0072QWT2M,B00AOWQJZ4,437,0.11776508390903473,B007SOULGY,0.35984864830970764,0.09635350108146667
dress,B008KPIBWQ,B0072NLS9U,707,0.07836644351482391,B00BL9DCM2,0.31680721044540405,0.008299052715301514
dress,B00BL9DCM2,B008LRERE4,154,0.16879725456237793,B006QSDAJS,0.3227802515029907,0.005239367485046387
dress,B00ED49C12,B009ZGNP5W,9,0.25501546263694763,B005FMSW3U,0.2850016951560974,0.006228744983673096
dress,B005VZ8RFO,B003JH7Y46,77,0.1807500123977661,B00CF5GD3Q,0.3544999361038208,0.04905232787132263
dress,B005KMQQFQ,B003KQ9LWE,22,0.19840794801712036,B00A0AAD20,0.2634844183921814,0.00935274362564087
dress,B0061RGQEU,B007NKVTOQ,79,0.19561491906642914,B00BG5TRZ2,0.35913312435150146,0.005958974361419678
dress,B007JLP1DE,B00BEU0S8E,135,0.1717512160539627,B0040JGTJS,0.3295787274837494,0.010252207517623901
dress,B00ANOMIQ2,B009TM8ML4,2,0.3271823525428772,B004V2ON5Q,0.3317188620567322,0.0045365095138549805
dress,B00B5859Z2,B00C2MGB6G,256,0.11207491159439087,B00B7W1NXI,0.26268529891967773,0.021307185292243958
dress,B007GP6PMO,B00BQX4A2O,16,0.20208919048309326,B007UYY43I,0.25695276260375977,0.012035965919494629
dress,B005GQPE4K,B004YHIH28,1217,0.06040926277637482,B0080E5BJS,0.23631551861763,0.002866998314857483
dress,B006WM4LYG,B00BG3NQE2,66,0.21388468146324158,B007C4CF7I,0.37837472558021545,0.005839318037033081
dress,B0091W2E9S,B00G0PONNY,79,0.20771808922290802,B007NJY9XA,0.354434072971344,0.014853119850158691
dress,B00C12LOZU,B00EW6JZ4A,378,0.09956181049346924,B00AO1VVB2,0.2624327540397644,0.0
dress,B00A17JXDC,B0063ASXFA,26,0.23253756761550903,B009T66KQY,0.3394501209259033,0.02545371651649475
dress,B00BPYWKO4,B00C1RQBBM,4,0.25242364406585693,B0048C7MMU,0.2842339873313904,0.016493618488311768
dress,B00CXAP5HS,B00CLZMWUI,65,0.24015644192695618,B002H0URKO,0.35252001881599426,0.009930908679962158
dress,B00BG4M4BM,B00CE579WG,36,0.19780802726745605,B0097BCW4U,0.2982214093208313,0.0055214762687683105
dress,B007HCAEKU,B007IWOH1Q,83,0.14705000817775726,B004I3ZDSO,0.22676049172878265,0.008463695645332336
dress,B0055TBPNC,B005DWYMPO,185,0.15161943435668945,B00938DX2W,0.33884963393211365,0.0035678446292877197
dress,B00DEPBDBI,B006N02HTS,20,0.18577386438846588,B00CQNXR7W,0.2641705274581909,0.011712193489074707
dress,B0071MSFCU,B00AFDIUWM,657,0.08148708939552307,B00BWPEAP8,0.30842962861061096,0.0062614381313323975
dress,B00FXAC5SM,B00AJ1P6XQ,373,0.11621007323265076,B00GWQHKC2,0.3027745485305786,0.013187885284423828
dress,B00EPC65FS,B0051UT6AY,321,0.11820447444915771,B00A4MVJMW,0.2749646008014679,0.0008592307567596436
dress,B005VCC2MQ,B00EPA3DFA,503,0.09291791915893555,B0095T312Q,0.26335176825523376,0.0035361051559448242
dress,B00D9SL7JI,B00CTT41D2,18,0.24192431569099426,B008DBP4Z4,0.33407777547836304,0.03585520386695862
dress,B0026IAOWI,B006UAJT60,334,0.13318443298339844,B009AEQD3A,0.30383574962615967,0.004975825548171997
dress,B00FFDZT8K,B0079F8A8I,211,0.13396406173706055,B00F55FSWK,0.31998011469841003,0.00696912407875061
dress,B008BHSFOW,B005JR0XW4,54,0.2233843356370926,B006362580,0.3423123359680176,0.015893757343292236
dress,B0016CHUWW,B00762YDYO,135,0.14917075634002686,B00DAC5BIQ,0.3090997338294983,0.038931310176849365
dress,B006J7DBTK,B00B79JOJG,18,0.23779171705245972,B009HMQOP2,0.3026160001754761,0.029529452323913574
dress,B007EGKM5G,B00AEDCDZ8,26,0.2300260066986084,B008R8BGT6,0.31575363874435425,0.0002632439136505127
dress,B004PZHXZG,B007PENSBC,327,0.10443197190761566,B00E1SQHY0,0.28031206130981445,0.019827425479888916
dress,B00BISLTIK,B00AKGFCY8,1094,0.08851480484008789,B00C1CS34K,0.291164755821228,0.00645783543586731
dress,B005NXMDTU,B008GQ3H50,80,0.23613029718399048,B005VCC2MQ,0.3641541600227356,0.006780892610549927
dress,B005JDB3UO,B00CSNDFDG,1,0.31121116876602173,B00CSNDFDG,0.31121116876602173,0.016829609870910645
dress,B008H78T6K,B0087AYQ7I,42,0.1988433301448822,B00CTA22JG,0.3100460469722748,0.023941755294799805
dress,B003ILRVZU,B00ATFWZ04,148,0.14349651336669922,B00E3WETFI,0.3536608815193176,0.07430964708328247
dress,B00ALGUAOO,B005MUYI2Y,73,0.17616787552833557,B0084Y6UQC,0.29973936080932617,0.013863205909729004
dress,B004RKVGDY,B00BL9CN0E,762,0.07677312940359116,B004XDJWZE,0.3342626988887787,0.013074129819869995
dress,B007TUECJ4,B007XCGZNY,109,0.15096746385097504,B009P1MYNQ,0.3376922607421875,0.049348384141922
dress,B008PG0SOO,B007ZYW246,2410,0.01883915811777115,B005LURFWK,0.2703724801540375,0.016583770513534546
dress,B00DDQX05A,B00BTHR98E,435,0.10475737601518631,B00936I6J4,0.2904466390609741,0.019779860973358154
dress,B007C3MKYC,B00DJVPZYS,81,0.17026035487651825,B007SYWE00,0.3240985870361328,0.023360610008239746
dress,B009KM5FUE,B007ZFHT1Q,140,0.1530817449092865,B00BWRLQUS,0.3412405848503113,0.07228356599807739
dress,B0087YZVNC,B0091GR3HC,3,0.3263471722602844,B00CKV707I,0.33902472257614136,0.0047432780265808105
dress,B0098BW31Q,B007CL8W1O,5,0.24665825068950653,B004NAU4G8,0.26503294706344604,0.003569185733795166
dress,B008VJ0Q2Y,B00D6Y5VWY,1793,0.02170533314347267,B00CTT41D2,0.28048187494277954,0.0030042827129364014
dress,B007KHTV24,B00BOEMLWQ,2989,-0.01842748560011387,B005LURFWK,0.26905518770217896,0.004187881946563721
dress,B00A7Z5MKQ,B00B4Z2I28,2962,-0.01946839690208435,B00FM7EAQQ,0.2781468629837036,0.03543294966220856
dress,B0071KR3QG,B002DIBXH6,7,0.2997005581855774,B00BYFESVM,0.3348478078842163,0.016975075006484985
dress,B005KILV0A,B00CFMMG8K,68,0.1841597557067871,B0043RSVPM,0.296175479888916,0.008446216583251953
dress,B009NXZXDO,B00CKV707I,110,0.15340620279312134,B009NY3PH4,0.3260190486907959,0.04849487543106079
dress,B006J42TFU,B005F32V6I,37,0.20363909006118774,B0067QBFD2,0.3474501073360443,0.003316521644592285
dress,B00BSMLF1M,B004EHON6W,1712,0.03510143607854843,B007RUZ66E,0.2907576560974121,0.017387330532073975
dress,B005WQCHPI,B005WNQOQ4,330,0.12408371269702911,B00870V3OM,0.3165004253387451,0.026558279991149902
dress,B009NQUQBA,B00FN7SME6,165,0.1300148069858551,B007XD4IMS,0.2622925341129303,0.021920859813690186
dress,B000BL6VJM,B00D5UJAOY,51,0.2231687307357788,B008R9FAD8,0.3126732409000397,0.0027954280376434326
dress,B007PENSBC,B004YKU3F4,1360,0.05416763201355934,B008K7V5PE,0.2716659605503082,0.03734597563743591
dress,B005DN88YY,B007EY9NEE,412,0.10976463556289673,B003ILW9PM,0.36779850721359253,0.0005009174346923828
dress,B008YF4VAS,B008S1W49I,83,0.1931731104850769,B0084DQY14,0.32616090774536133,0.010311484336853027
dress,B007C3MKYC,B00A52LQXI,729,0.06761132180690765,B00EBZUV0Y,0.32256096601486206,0.014642804861068726
dress,B002HCNMTU,B0076IKR66,3,0.27521002292633057,B00BAHT21U,0.30278411507606506,0.024518877267837524
dress,B009P5A9FW,B00B0ANWFO,1171,0.06875710189342499,B00GOJRKI6,0.32388827204704285,0.021740436553955078
dress,B005LC87SO,B00BBKYD9C,834,0.0810927078127861,B002DIBXH6,0.26163870096206665,0.012963324785232544
dress,B0043W9Z1Q,B00DR0LRRK,180,0.12942874431610107,B007PPHY70,0.23362022638320923,0.002091333270072937
dress,B00B2JJ15S,B008E65YXU,707,0.08770015090703964,B00C5XWX0K,0.3101903200149536,0.006045341491699219
dress,B008XKC00W,B00ATFWVKI,503,0.10062564164400101,B00DY3XR1O,0.2503456771373749,0.012204885482788086
dress,B0084YK2UW,B00BQVAVRY,26,0.27386265993118286,B0055KXHNM,0.35912126302719116,0.007493644952774048
dress,B0076R807A,B004U8YYZU,5,0.28326791524887085,B00D7LZ89M,0.3056122660636902,0.00310555100440979
dress,B00A0I87AM,B00B8V4P9C,533,0.09900665283203125,B00C5QNIGK,0.2513361871242523,0.01708388328552246
dress,B00DM03I72,B008YQVT6Q,9,0.280097633600235,B00CJ1LFAW,0.3427581489086151,0.0219154953956604
dress,B005RYO18G,B0052KMSYY,162,0.15401899814605713,B00AWMO2PU,0.2941835820674896,0.014044791460037231
dress,B008986NRY,B00BMTI2S0,43,0.23102399706840515,B00EIQK2XM,0.3802281618118286,0.03779566287994385
dress,B006W8T474,B002AQSPL8,61,0.1827632188796997,B00BP0WWBY,0.299010306596756,0.0036326944828033447
dress,B00BQVAVRY,B007U3Q6U8,505,0.09115534275770187,B00B9BFL4E,0.27673453092575073,0.023203790187835693
dress,B00AYWXQ9Q,B004TOUSQY,2190,0.008984719403088093,B004FPYW7I,0.2871460020542145,0.0030077993869781494
dress,B007314UDM,B0072QWT2M,230,0.14297476410865784,B00DAUCYC4,0.2794031798839569,0.014498889446258545
dress,B00AOJVGYQ,B00967OFKE,62,0.22737792134284973,B0072CEQ5Y,0.3303772211074829,0.006144523620605469
dress,B00APFQNP6,B007ZWR7RK,166,0.1412142515182495,B00C3I0548,0.3354582190513611,0.018694937229156494
dress,B007HWN10K,B00CFIKMZ8,1885,0.02639373019337654,B008E6CKVY,0.3030182719230652,0.00338861346244812
dress,B00AHOY8H0,B006VRT354,3588,-0.04737657308578491,B008JI0MX0,0.30465012788772583,0.0033821165561676025
dress,B00BHPLQSC,B0073Y4HDW,2454,0.007478954270482063,B009QAIXR2,0.24692583084106445,0.006109088659286499
dress,B0084YK2UW,B006WAQ3TE,3524,-0.039683353155851364,B009G8FXPY,0.3022339344024658,0.007403045892715454
dress,B00EPFMQWQ,B00B8RAZE0,1,0.2701755166053772,B00B8RAZE0,0.2701755166053772,0.022740602493286133
dress,B005FW6A4S,B0025T0WUW,2488,0.020096557214856148,B005H6XSQA,0.32931870222091675,0.0010731220245361328
dress,B007904PDM,B007RKKZPG,92,0.18072670698165894,B0096ME19E,0.30539390444755554,0.0224168598651886
dress,B00A3PEX7S,B002FOCY5I,13,0.21632257103919983,B0036Z2T3C,0.2881258726119995,0.004422247409820557
dress,B00DH8X2OI,B00CWGF6JK,2,0.30952686071395874,B002JZIO02,0.3199385702610016,0.010411709547042847
dress,B00ALSQQKY,B006GZN7TO,16,0.3007107675075531,B00D3ZMYE4,0.3496500253677368,0.0017179250717163086
dress,B008GSMCEA,B00A6GXVJK,54,0.20805349946022034,B004VQBVOI,0.31609827280044556,0.008467435836791992
dress,B009IFOBF8,B008R8BFFG,29,0.2096063792705536,B007XD6RYK,0.26140493154525757,0.013494223356246948
dress,B001DXL1WY,B00AMDI86S,632,0.08766515552997589,B007VZ35MM,0.3310200572013855,0.04878753423690796
dress,B0070IN282,B004OP7MI0,9,0.24828428030014038,B00APFDIYK,0.2838079035282135,0.009734660387039185
dress,B00DQHXEO8,B0083Z1PAI,18,0.28118160367012024,B00AXDA432,0.3324817419052124,0.01185530424118042
dress,B00AYR2L4M,B006JXMU0U,121,0.18745696544647217,B005P7BK84,0.33932042121887207,0.0032871663570404053
dress,B007NCIGQ8,B008RMIF5A,161,0.145673930644989,B008MGCDCM,0.2842380106449127,0.0056549906730651855
dress,B004RDQ97O,B004YVOPX4,2685,0.0011570751667022705,B00BAHT21U,0.27138084173202515,0.009395599365234375
dress,B007GMNK7U,B00749VA8Q,244,0.09462812542915344,B002G5TF3A,0.2738800048828125,0.07233965396881104
dress,B0054N0S6E,B0077KMLT4,285,0.12935909628868103,B003B00592,0.2780909538269043,0.002724170684814453
dress,B002SNAIWC,B0036MEL0O,414,0.10926291346549988,B00ALSDNIM,0.2566329836845398,0.014779865741729736
dress,B007L3WP5W,B007L3W3FE,365,0.11165714263916016,B00833D3MI,0.3239017724990845,0.062231212854385376
dress,B00BXBCUQW,B005XDCT7G,19,0.2551954686641693,B00GOJRKI6,0.31835782527923584,0.00830066204071045
dress,B00A8CDCD2,B006VNCKJE,62,0.18816089630126953,B00428MW7A,0.3025979995727539,0.041451722383499146
dress,B000AY2892,B008BBCXB4,553,0.09224193543195724,B00CA38COQ,0.2503153085708618,0.0011446774005889893
dress,B00DR8UEZ8,B00897AQ9G,172,0.159039705991745,B00DMZU3WA,0.3253360986709595,0.015183568000793457
dress,B008N05A40,B003AKZMXM,84,0.17795118689537048,B009COQELY,0.30375003814697266,0.0025533437728881836
dress,B00ATEZA6Q,B0091EGPXW,2040,0.03861834108829498,B007C4CF7I,0.36150988936424255,0.008955210447311401
dress,B00BPRK674,B0074578MW,4,0.3406835198402405,B00AYKTOLM,0.36437803506851196,0.0018948614597320557
dress,B009NXZXDO,B00B7QRPHC,11,0.2548966407775879,B005F32V6I,0.34756776690483093,0.010223865509033203
dress,B00DG7SOTS,B005ZWBSMM,147,0.1529526263475418,B00DEP9CUW,0.35060781240463257,0.009952396154403687
dress,B00B5R9XQ4,B00G3NAFFS,139,0.16561727225780487,B003L5BZSC,0.3781391680240631,0.01908150315284729
dress,B00E00GL86,B00CB73QNI,490,0.08801920711994171,B005QN26TE,0.3042415380477905,0.007373124361038208
dress,B00CN46SMU,B00387EZGM,18,0.22674942016601562,B006UR05S4,0.33028802275657654,0.008268147706985474
dress,B0094QXCKQ,B003WE9TNA,259,0.13614310324192047,B00BAHY9B8,0.2673427164554596,0.01691851019859314
dress,B005QYY8F8,B0043RSVPM,552,0.07785823941230774,B00GS6TTU2,0.2604621648788452,0.010931238532066345
dress,B00B7Q9ZDO,B00DERHT5A,54,0.20253777503967285,B0055KXHNM,0.2927210032939911,0.0032246410846710205
dress,B00CRTE6OS,B00DH7DFXC,11,0.30081021785736084,B005QN9ET4,0.36820608377456665,0.03450533747673035
dress,B00CY0CF0M,B00EAYWKNC,18,0.23674210906028748,B00DMEFORK,0.3242959678173065,0.051540881395339966
dress,B00997L4QE,B00EUGDI5O,25,0.2788105010986328,B00CLZMWUI,0.340695858001709,0.0030739903450012207
dress,B008AM8NEA,B00EQSG6M8,87,0.15847890079021454,B009S3GXWY,0.23936279118061066,0.005791231989860535
dress,B008BM1A0I,B00DII4VBU,478,0.09043697267770767,B007AAP4TK,0.2944348156452179,0.005497246980667114
dress,B004TM36ME,B0058FOPLC,8,0.255598783493042,B005GLSA0A,0.3274533152580261,0.013786137104034424
dress,B00ARAY3OC,B00C3LJ93S,41,0.22704359889030457,B00AKCGNP4,0.3018302023410797,0.01630750298500061
dress,B004HD4V1K,B00405RUWC,161,0.15260343253612518,B0053ABO1Q,0.3000192642211914,0.009239375591278076
dress,B00ELLYWL2,B007VL6D9S,95,0.1558271199464798,B008BHSSMG,0.2708035707473755,0.007167428731918335
dress,B00A7HGI8Y,B00D8YT7LS,60,0.19642597436904907,B00CFMMG8K,0.3173983097076416,0.00948268175125122
dress,B00746EJBY,B006PDUYHU,20,0.2157188057899475,B009B8RMZI,0.2930651307106018,0.011158943176269531
dress,B008G0E9UI,B009414WQO,61,0.19167464971542358,B008G0CUO0,0.3455907702445984,0.026583313941955566
dress,B008VPX9BS,B007ZPXMXA,25,0.2459181547164917,B005I63HRY,0.30758747458457947,0.005438745021820068
dress,B007XD6SPI,B008VIR88U,10,0.3012734651565552,B00CK2LIXY,0.3340079188346863,0.005786001682281494
dress,B00CQLOKM0,B00DWGK5FO,54,0.20846158266067505,B00C5168K8,0.30534958839416504,0.012489378452301025
dress,B008MA8UJI,B008GS77UO,1,0.3416418135166168,B008GS77UO,0.3416418135166168,0.026749402284622192
dress,B009HK2P2A,B00BXZ1PW8,75,0.201565682888031,B008S4C8JG,0.30619609355926514,0.018862605094909668
dress,B00AEDCDZ8,B00CBBZOW0,67,0.20771990716457367,B0099N7EA8,0.3400425612926483,0.028050094842910767
dress,B008P5453U,B008AEEHA2,4,0.28776514530181885,B007WA3RBK,0.3352928161621094,0.01004791259765625
dress,B00ASPCIF2,B0040JGTJS,3150,-0.03937143087387085,B00DOYXMA4,0.2875911593437195,0.023222416639328003
dress,B001PLDUT6,B0043M5PCY,566,0.09506887197494507,B00CDJZYA2,0.311720609664917,0.007093101739883423
dress,B006W5VWJU,B007G4ZTTK,122,0.16098488867282867,B004EHYFLK,0.2902609407901764,0.007444858551025391
dress,B008R8BGT6,B008SLY504,5,0.257845401763916,B00E4S3XGW,0.331808477640152,0.0437716543674469
dress,B004QF0KN2,B004QVWTHQ,66,0.21255061030387878,B007B86AF8,0.3361692428588867,0.007732361555099487
dress,B008AEDVTU,B00CII3SOM,352,0.11833298206329346,B00DR8ZWAU,0.31447190046310425,0.011186391115188599
dress,B00CTT51MC,B00CYSO06G,12,0.24823571741580963,B00749VA8Q,0.29026567935943604,0.00023806095123291016
dress,B00AEMHDIG,B008FD9MG2,155,0.15040694177150726,B009C6OO8C,0.36787545680999756,0.02683103084564209
dress,B005KILV0A,B0055KXHNM,13,0.2875758409500122,B0040JGTJS,0.3488476872444153,0.009950041770935059
dress,B00F4M41J0,B00CJQI0I2,26,0.23121105134487152,B00A8VHMRK,0.30787163972854614,0.01091921329498291
dress,B004HX2DYW,B004HX0CP4,1,0.3856697678565979,B004HX0CP4,0.3856697678565979,0.11967271566390991
dress,B009COQRZW,B00E6RBFFC,227,0.15138818323612213,B008BHSFOW,0.29888442158699036,0.02180391550064087
dress,B008K3SX7G,B0055TBPNC,16,0.20690125226974487,B008M0M9BS,0.26446399092674255,0.0027485191822052
dress,B0097IXSGO,B00CEO4ETI,14,0.3019537031650543,B00GTNC0G4,0.35505253076553345,0.009337693452835083
dress,B00BBXX6LU,B009157FFI,34,0.21531301736831665,B00CZ6G7SQ,0.289673388004303,0.0
dress,B00CH50182,B00EAK3D8C,49,0.1986372172832489,B005GA9DEI,0.3127017915248871,0.0016956031322479248
dress,B00F150ZXQ,B008CPNZ5W,612,0.08239665627479553,B009LDY5S0,0.2912822961807251,0.009907066822052002
dress,B00BQX461E,B00E1XOZ3K,94,0.18128615617752075,B0087COXNS,0.4033213257789612,0.037096381187438965
dress,B007ZDYK2E,B00EKTNDAQ,50,0.20269781351089478,B00FZ00I7U,0.31506460905075073,0.007486075162887573
dress,B005917FDA,B003K170GI,137,0.1503109186887741,B004Z56IPC,0.29166263341903687,0.00234830379486084
dress,B009C6OMMK,B009C6OLCQ,3,0.30610138177871704,B0071UXLDK,0.31796956062316895,0.010830342769622803
dress,B005VTJH4K,B0058XPHQG,1,0.3561215400695801,B0058XPHQG,0.3561215400695801,0.02629268169403076
dress,B008YIG3DI,B0088A1FWG,2807,0.00030401721596717834,B00DESMJKE,0.2954217195510864,0.008403241634368896
dress,B00DBDCQ7I,B00DSSIGXO,185,0.14412347972393036,B008OJZLSA,0.3651435375213623,0.02311071753501892
dress,B002X79Z72,B00BG3HJKY,28,0.22555339336395264,B00DG7SOTS,0.2947814464569092,0.0018453598022460938
dress,B006WY8INO,B00AOBCAXA,30,0.22201615571975708,B00DBLNFWU,0.32443952560424805,0.009646713733673096
dress,B008W46FMS,B00AO9RH30,7,0.24453319609165192,B009CQNT6U,0.2807994782924652,0.00042894482612609863
dress,B0099DCINQ,B007WATTEE,110,0.15196385979652405,B006V9YA7I,0.27100059390068054,0.009747952222824097
dress,B007ZDYK2E,B007RBZ3GQ,146,0.16869401931762695,B00DH8YAE4,0.34580522775650024,0.0017461180686950684
dress,B006ZR3WK2,B006W20H0I,13,0.2807718813419342,B00BG5TRZ2,0.34534797072410583,0.007952123880386353
dress,B008HRLQ60,B00AEJR8E8,25,0.21766576170921326,B004I3ZDSO,0.31154367327690125,0.01438179612159729
dress,B00GP5TL6I,B00EKVHEWM,4,0.30771151185035706,B007WAETMG,0.36529967188835144,0.041159242391586304
dress,B004S0O8HO,B00EKH5ZFY,13,0.2469736635684967,B008R8BGT6,0.33429044485092163,0.008404374122619629
dress,B00CLZMWUI,B00A7FRP10,830,0.08825010806322098,B00CA8PP7S,0.29193782806396484,0.013356447219848633
dress,B0046XRKNM,B006MQRRAW,41,0.1939055323600769,B006J42TFU,0.35909342765808105,0.028164595365524292
dress,B0097IWC3Y,B00C9796UC,11,0.3522365093231201,B00BG5TRZ2,0.3806404173374176,0.007844537496566772
dress,B0070SSWKK,B007REBDNK,27,0.20956823229789734,B005X4R4CU,0.26656782627105713,0.001449286937713623
dress,B00CFUEHAW,B009W66L92,425,0.10083034634590149,B00662GT3I,0.2945178151130676,0.003928840160369873
dress,B00CJRV3Z8,B0074H854A,3208,-0.03950541839003563,B008D6LE3A,0.2746303677558899,0.008075237274169922
dress,B00CDJZYA2,B008L0GPLY,30,0.2361380159854889,B007ZYW246,0.32655709981918335,0.013474643230438232
dress,B0084Y2V6A,B00BSMLF1M,1750,0.041959136724472046,B005KOYB1A,0.3002166748046875,0.0036851167678833008
dress,B008OZV6II,B006BFNE3I,12,0.24407699704170227,B007B2HS78,0.33168864250183105,0.0014421343803405762
dress,B00DB20MFM,B0073Y4KA2,723,0.08295181393623352,B007S7AX6Y,0.30060744285583496,0.02038663625717163
dress,B006C4GIS6,B0076ZZ0DE,1,0.3951191306114197,B0076ZZ0DE,0.3951191306114197,0.022364497184753418
dress,B009CC9GUC,B0081TB10A,1332,0.04642287641763687,B008HSGOKC,0.28003987669944763,0.00872310996055603
dress,B007WPHQJ4,B006UCQYMA,467,0.0966760665178299,B00BFGBJ3K,0.2852139472961426,0.006966888904571533
dress,B008UH8MY6,B004KKXNOQ,197,0.1515597552061081,B00AWP99H8,0.3560221195220947,0.011914730072021484
dress,B008KPIBWQ,B008Z1TX2M,43,0.22061917185783386,B00A785B5Y,0.33508408069610596,0.028708577156066895
dress,B007IGI8D0,B004T7XD4U,8,0.29762598872184753,B002XUY8SA,0.3607620894908905,0.025650769472122192
dress,B005OOUCLE,B007U6KS0Y,135,0.15848031640052795,B00DW5EJB6,0.35252660512924194,0.023858964443206787
dress,B001TA2J9K,B000YLE1XM,51,0.16263699531555176,B003VQRQ66,0.2637494206428528,0.02103133499622345
dress,B001DXL1WY,B008006CXG,165,0.1408969908952713,B00B7DONTI,0.2600323557853699,0.013837575912475586
dress,B007WA3E8Q,B00925CYOY,65,0.2342856526374817,B006V9YA7I,0.3907802104949951,0.03914541006088257
dress,B008YF4VAS,B00AFV75CU,45,0.24515864253044128,B0084DQY14,0.3591100573539734,0.005864381790161133
dress,B0061RGQEU,B007OX0MXG,13,0.2809748947620392,B009817FR8,0.33724546432495117,0.0029817521572113037
dress,B004CHGS2G,B00CMVCTZ4,1550,0.031103331595659256,B00DBS04F4,0.25924599170684814,0.012548267841339111
dress,B0090JSF7W,B00A0IE1X4,1,0.3930357098579407,B00A0IE1X4,0.3930357098579407,0.017657339572906494
dress,B007RM21BU,B0099N7EA8,11,0.2519776225090027,B0098JSNIU,0.2965976893901825,0.01960933208465576
dress,B0043D2HME,B00CAAADZU,2086,0.021632816642522812,B006FRRQLS,0.3431565463542938,0.01635262370109558
dress,B007F7PAOC,B007F7OJ8K,15,0.2770674228668213,B005TM7S68,0.3845510482788086,0.04960978031158447
dress,B008D5A9W8,B00B22FA14,3,0.31355953216552734,B00D8CY56W,0.3313242793083191,0.01660493016242981
dress,B0017RAI9S,B00CZ8W7UQ,115,0.17701947689056396,B008LCUUEK,0.3383028507232666,0.007190704345703125
dress,B005N4KUIA,B00FMLS7PW,78,0.20060685276985168,B008E6CKVY,0.3465306758880615,0.005817681550979614
dress,B007SX36PI,B002YX04ZW,199,0.13732686638832092,B008CO7MGQ,0.3370945453643799,0.012172102928161621
dress,B00AT9JFQC,B00AWM5REK,37,0.23807629942893982,B0097J2PVM,0.341447651386261,0.015218019485473633
dress,B0068Z9QUQ,B009TYL08E,959,0.08345495164394379,B00CY9H4U4,0.31846415996551514,0.032603561878204346
dress,B005QYY8F8,B00DY3XR1O,111,0.15722058713436127,B00BB92J9E,0.3441692888736725,0.031458526849746704
dress,B005TM5U7C,B00BSONSN8,31,0.2967267632484436,B006FRRQLS,0.37831035256385803,0.00036326050758361816
dress,B00DB20MFM,B00AWAZPS0,3,0.3177105784416199,B0097IX9NQ,0.3437868356704712,0.0236014723777771
dress,B0017RAI9S,B004NG9V2U,529,0.11244896054267883,B00DGP6YP6,0.2978673577308655,0.03448981046676636
dress,B00CM7JH80,B001M072KS,19,0.30706140398979187,B00C5168K8,0.39632174372673035,0.01532939076423645
dress,B006GHAY4S,B008S4C8JG,46,0.24147242307662964,B00B2JIJNI,0.3247787356376648,0.009885221719741821
dress,B001TA2J9K,B0009T8KS6,19,0.2174331545829773,B004DIXOR6,0.3992668390274048,0.08921265602111816
dress,B00EDSJG2I,B004O3CSF4,54,0.20019936561584473,B00BPBCKQK,0.29504913091659546,0.004068493843078613
dress,B00DUL8IWS,B00B8PYBII,694,0.08661462366580963,B00BCMG8A6,0.24932631850242615,0.0
dress,B004BDP1BA,B00AO1VEBO,12,0.33639198541641235,B00APYBFPK,0.34759557247161865,0.0
dress,B009AO2IP2,B00BKV2MH2,2772,0.00447104312479496,B004J3492O,0.3145042359828949,0.0443977415561676
dress,B008MGCDCM,B004PYESUA,1604,0.04361199215054512,B007B84G6I,0.2809591293334961,0.007764875888824463
dress,B00C2G1HCA,B00CH5GHJE,1,0.30356311798095703,B00CH5GHJE,0.30356311798095703,0.0036243200302124023
dress,B00A16VH28,B007423G7Q,476,0.10978862643241882,B008BDRDPI,0.3422674834728241,0.026325374841690063
dress,B006ZO5GC2,B00CIE7XWO,5,0.28180816769599915,B007PDWREC,0.3182891011238098,0.018493592739105225
dress,B0058FOPLC,B00766RTT6,23,0.21728897094726562,B007TC5ICW,0.30054062604904175,0.01268613338470459
dress,B007IGI7UO,B007IGI8D0,187,0.14634905755519867,B007XCS81G,0.3636366128921509,0.019146263599395752
dress,B00CL0VWTA,B008SF8A56,757,0.07574298977851868,B004W88GB6,0.30110985040664673,0.04905956983566284
dress,B00BM82UCK,B0097B5ABC,125,0.15971508622169495,B00DXWDJT6,0.3052794635295868,0.012652218341827393
dress,B00CZ6G09C,B008ICQU24,142,0.1480138599872589,B001J53R8W,0.3209550678730011,0.007533133029937744
dress,B005WQCHPI,B008IGT1TY,2004,0.019671199843287468,B0017RAI9S,0.31587493419647217,0.03164350986480713
dress,B007L3W3FE,B0082BI7WC,1,0.28365063667297363,B0082BI7WC,0.28365063667297363,0.018930256366729736
dress,B006TALF54,B004CR6DEY,79,0.20229271054267883,B002JZIO02,0.35687124729156494,0.024409949779510498
dress,B0080ICEQC,B0050SAMUK,1,0.3226025104522705,B0050SAMUK,0.3226025104522705,0.018586546182632446
dress,B00CIZZ6EK,B007YBDKZK,871,0.07957504689693451,B00DXWDJT6,0.32374030351638794,0.017278045415878296
dress,B008ZAD996,B00D8GZNH8,2970,-0.008100058883428574,B0036SHD1W,0.3394041061401367,0.018899470567703247
dress,B0073Y4KA2,B00BHPLQSC,62,0.20693199336528778,B0017IY7SU,0.31254303455352783,0.014730095863342285
dress,B005F6NAWE,B008OY314G,105,0.14017963409423828,B00824GAP0,0.3288782835006714,0.016459792852401733
dress,B00FN4A7QA,B008CBA3RE,1396,0.0561617836356163,B0083M20HI,0.2800162732601166,0.02009260654449463
dress,B006YOU8HG,B005C8DASY,83,0.187040776014328,B0059BCNOG,0.3627796769142151,0.015882432460784912
dress,B003N17E7U,B006GV3N56,136,0.15278151631355286,B0075AV660,0.35783320665359497,0.005913287401199341
dress,B0036SHD1W,B00FGBX5HI,8,0.23213106393814087,B0078XZV10,0.26633211970329285,0.004192531108856201
dress,B006M49D42,B00A2IKF6O,27,0.23453009128570557,B007P048TC,0.35280367732048035,0.021689683198928833
dress,B00AA6F0GI,B006VA5H1K,18,0.2741468548774719,B00DQDD6L8,0.3141250014305115,0.003346741199493408
dress,B006LQCT6K,B00AYWQV4I,8,0.2887227535247803,B008E4O6TU,0.31025418639183044,0.002321213483810425
dress,B00DVG348U,B009S3H54Y,7,0.29923513531684875,B00C1DFY0U,0.3301183581352234,0.0007340312004089355
dress,B00A8CDCD2,B008CV6AN0,6,0.3006809949874878,B005KMQQFQ,0.34949275851249695,0.027970880270004272
dress,B007VZ35MM,B00C2CTQPE,11,0.27254921197891235,B008PG0SOO,0.32832926511764526,0.032295942306518555
dress,B002Z7FONO,B00BPIUJCA,2,0.2718179225921631,B006J42TFU,0.32500216364860535,0.05318424105644226
dress,B007RB7IJG,B0070QMT24,15,0.31975996494293213,B0088Y02XA,0.358163982629776,0.005363792181015015
dress,B00BXS8A3M,B0098JSNPS,298,0.133049875497818,B00CJHLQ3W,0.3689228892326355,0.021596968173980713
dress,B009DMFX6M,B005TRZ9W8,1,0.3646007478237152,B005TRZ9W8,0.3646007478237152,0.037700265645980835
dress,B0016CFU3I,B0072CEQ5Y,363,0.10534645617008209,B00C1RQBBM,0.3307395577430725,0.006380975246429443
dress,B004HSN6W0,B004HSQXPM,187,0.131365567445755,B009Z3QZ6Q,0.24012809991836548,0.017741769552230835
dress,B00BM279C2,B00CFGYOE0,2829,-0.00792915653437376,B00CD0N4JO,0.3172141909599304,0.015180796384811401
dress,B007W9ZSEA,B00EEAOUCQ,13,0.25429749488830566,B007PKECMA,0.3774638772010803,0.019465744495391846
dress,B0051UT6AY,B007XD55T8,519,0.08081331849098206,B00766RTT6,0.2495707869529724,0.0070632994174957275
dress,B008AYJC2K,B003AI6LNY,45,0.18092912435531616,B00G9WJ09A,0.27267682552337646,0.013262391090393066
dress,B005SSNE0C,B00EFYI5U4,354,0.11470302939414978,B00B3PUH4U,0.3180742859840393,0.016182363033294678
dress,B00ASIFVDU,B0079G1GL0,573,0.10753273963928223,B008S4C8JG,0.28559234738349915,0.013727039098739624
dress,B0046XRKNM,B004O6LVY0,38,0.24587500095367432,B00CP3BTKU,0.3859447240829468,0.03324204683303833
dress,B003AQB1CM,B0035WTC0O,593,0.10001690685749054,B0069IWITS,0.29357457160949707,0.005930900573730469
dress,B00BQX3Z0M,B00CIQD2MW,1,0.389043927192688,B00BEJ34Q8,0.389043927192688,0.0
dress,B009D5TCY8,B00C2BIUXO,730,0.07630156725645065,B008K7V5PE,0.283410906791687,0.025287389755249023
dress,B00DZ02CJY,B00AMRNYLS,11,0.25307220220565796,B00A0I87AM,0.31370848417282104,0.024607449769973755
dress,B0060RMLPO,B00E0EOUF8,21,0.2483948916196823,B00DC6UJ0K,0.3037290573120117,0.016613245010375977
dress,B005GQPE4K,B007E778LQ,1440,0.05330768972635269,B005JU13OS,0.28285324573516846,0.04861825704574585
dress,B0091E3MCE,B00AWMO2PU,4,0.30282384157180786,B00EIQK2XM,0.349189817905426,0.013434946537017822
dress,B00ANC7JCW,B009HIH1S0,3,0.2976873517036438,B008BM17HY,0.34231990575790405,0.01714789867401123
dress,B00BG3HJKY,B00CG5QJF2,52,0.23907262086868286,B0072C6X28,0.3942231237888336,0.04780659079551697
dress,B004OHYU4M,B00AIHGCMU,7,0.2944059371948242,B0029XRJXM,0.33672910928726196,0.0077430009841918945
dress,B005FMSW3U,B00BF73EO6,18,0.2840423583984375,B009Q1IQBO,0.32648590207099915,0.017036765813827515
dress,B00D1A2XZQ,B00C7BSFX4,196,0.1356116682291031,B00DVFJ2UK,0.3220834732055664,0.009065896272659302
dress,B00DZUQHSQ,B00BYFESVM,1,0.387095183134079,B00BYFESVM,0.387095183134079,0.03355574607849121
dress,B00DJJILJQ,B0067G1KQY,316,0.1270066648721695,B0076IMUF2,0.3080899715423584,0.023730456829071045
dress,B00C12LOZU,B007REFDFO,1034,0.06520698964595795,B00378LCPE,0.30174165964126587,0.011647462844848633
dress,B00DEPBDBI,B00B92B2JG,88,0.16085302829742432,B009PKDTEA,0.28814029693603516,0.01596522331237793
dress,B007XTIENG,B009LM5RLA,1662,0.04243338853120804,B00801W1H6,0.3291029632091522,0.019506841897964478
dress,B00715FFX4,B00518957K,41,0.21711036562919617,B006WM4KBU,0.3186510503292084,0.007380843162536621
dress,B0075AW63M,B00CTA22JG,1,0.3650083839893341,B00CTA22JG,0.3650083839893341,0.018360644578933716
dress,B00F9KUL8W,B00AW7ZRM2,39,0.22153541445732117,B00FB7N4I2,0.34138014912605286,0.015606671571731567
dress,B00B2UEOEK,B00CEM8AHC,142,0.15087473392486572,B007F7OJ8K,0.28887104988098145,0.00372391939163208
dress,B002M3TVJ4,B00A8KYZSK,6,0.2622167468070984,B0052KMSYY,0.2932136058807373,0.00995790958404541
dress,B003XCNN3I,B0081TBB1O,4,0.26798540353775024,B00756WDYI,0.2752866744995117,0.002114802598953247
dress,B00CE2GUYM,B004ZY06UQ,223,0.1189744770526886,B007SYWE00,0.30499935150146484,0.0033216476440429688
dress,B005PMRES4,B00BNH7KVQ,163,0.14446517825126648,B0069J4NX6,0.2846687436103821,0.003523021936416626
dress,B00A787OEA,B005KMQPS4,272,0.11138846725225449,B00D4E8ZW4,0.34506136178970337,0.0066568851470947266
dress,B00CFEVLBQ,B0043D2HME,121,0.17003682255744934,B006FRRQLS,0.35866671800613403,0.015339076519012451
dress,B00F4M41J0,B00DAN7QBK,2,0.28743094205856323,B00E90LE3Y,0.2908746600151062,0.0034437179565429688
dress,B00ANT6K0M,B00CPCMP0Y,258,0.1330603063106537,B00FTA0HUE,0.31828561425209045,0.02134224772453308
dress,B00E0OSMS4,B00CL14N3Q,88,0.18579867482185364,B0083Z1PAI,0.3115692734718323,0.014814496040344238
dress,B0036Z2T3C,B00EZITMBQ,42,0.21098561584949493,B00ATPE8CW,0.31733083724975586,0.023187339305877686
dress,B0094QX5SK,B00G9WJ09A,37,0.19428697228431702,B0095QLSJW,0.288118839263916,0.015561848878860474
dress,B004MW4Y9A,B004S4ZD1K,50,0.24621327221393585,B00B09IPN4,0.3255099058151245,0.007961392402648926
dress,B00DO9M2VE,B00AAD6KOM,9,0.30201736092567444,B006R1FJOS,0.37212762236595154,0.01748630404472351
dress,B003ZJ6GCO,B007O056R6,72,0.19036313891410828,B00BTHRN76,0.29272884130477905,0.009466737508773804
dress,B00CL0UK0C,B00F4MZ144,33,0.25138020515441895,B00HFEBHD8,0.3558156490325928,0.02728751301765442
dress,B005WQCHPI,B007JFW33Q,1,0.3093453049659729,B007JFW33Q,0.3093453049659729,0.05517694354057312
dress,B00BY3GO0C,B0030EHJ66,163,0.1612550914287567,B0071N15E4,0.3315901756286621,0.023770809173583984
