category,query_id,target_id,target_rank,target_score,top1_id,top1_score,top1_top2_margin
shirt,B00CZ7QJUG,B005AD7WZI,284,0.1627107858657837,B00A0OC4BY,0.33557724952697754,0.006411373615264893
shirt,B0083I6W08,B00BPD4N5E,70,0.2356845736503601,B0062B5JQQ,0.3221904933452606,0.001722484827041626
shirt,B0083WOL16,B008VNAKSU,141,0.16569262742996216,B002UFT5JA,0.35147011280059814,0.013122916221618652
shirt,B005Y4KFPM,B005Y4JJ0Y,92,0.2342047393321991,B0087J58OE,0.3631821870803833,0.003597438335418701
shirt,B006QHPYIY,B005NYBUF2,167,0.16786068677902222,B008O7SX5U,0.2654203176498413,0.0027034878730773926
shirt,B001OATAN8,B001OAN6BK,1,0.35519206523895264,B001OAN6BK,0.35519206523895264,0.051996320486068726
shirt,B0075G2YFG,B007A4H2IW,23,0.25241199135780334,B005HIQ9KA,0.3018588423728943,0.01468050479888916
shirt,B005XIGOL8,B003IB71I2,1,0.32477086782455444,B003IB71I2,0.32477086782455444,0.004540562629699707
shirt,B009LM1ZJS,B00B4EF1AA,1,0.4342982769012451,B00B4EF1AA,0.4342982769012451,0.06738203763961792
shirt,B00EW84RMS,B00BGVUTBC,117,0.20754873752593994,B006AJXW0A,0.3421121835708618,0.007282644510269165
shirt,B0073OGKDW,B004PLN0DO,2,0.27904975414276123,B00842GS3O,0.29550063610076904,0.016450881958007812
shirt,B00AZLY7QM,B009MB8Q7C,1,0.37768179178237915,B009MB8Q7C,0.37768179178237915,0.009427696466445923
shirt,B008TP27PY,B004WSVYX8,316,0.13786593079566956,B007UOM818,0.30514925718307495,0.001107543706893921
shirt,B00CFZQIUE,B0062UCEE2,44,0.23687385022640228,B006CS7RIC,0.3633837103843689,0.0522194504737854
shirt,B003WESSNM,B008LK6OUQ,768,0.12405630201101303,B001N2QH4M,0.3214336037635803,0.013198792934417725
shirt,B002P7569Q,B009ZI10CK,38,0.22298049926757812,B0084A8JCO,0.3120464086532593,0.02377256751060486
shirt,B003X7AFR0,B00EU03D1E,80,0.23805004358291626,B00DCXXZQ8,0.33982956409454346,0.015812695026397705
shirt,B007POL3U0,B008XDHOEQ,208,0.17474159598350525,B00CZ6L9XO,0.3239271938800812,0.0026785433292388916
shirt,B007X2DHT4,B0090YV46G,82,0.21667635440826416,B001C1I46S,0.3545686602592468,0.016753017902374268
shirt,B00AYJ94AE,B004ZIJQVM,16,0.24429771304130554,B004UR1R2Y,0.34518158435821533,0.02040576934814453
shirt,B004J1JDH2,B0012C826O,5120,-0.011082503944635391,B00613EZ8S,0.28167617321014404,0.0031504929065704346
shirt,B0051D0X2Q,B003INE0Q6,18,0.32549166679382324,B008TOOBWW,0.38268107175827026,0.006610304117202759
shirt,B008VRA3AG,B008JBOODG,1730,0.0651816874742508,B006Q8U9D8,0.22751235961914062,0.014448374509811401
shirt,B00C51HF46,B00BSGTYMA,31,0.2340257167816162,B007WGBT1O,0.3119700849056244,0.007405668497085571
shirt,B006SDZ0JY,B004M17G1Y,45,0.25809043645858765,B004YO7H3G,0.3439851403236389,0.005614042282104492
shirt,B00AYU2QZ8,B00E3QGVFU,34,0.25381579995155334,B0099694TE,0.3553610146045685,0.004160165786743164
shirt,B005LCVMIG,B00073GAX6,33,0.288573294878006,B003TWOPKW,0.3545472323894501,0.003484785556793213
shirt,B0081ZLSWU,B0013EKE3K,319,0.13655337691307068,B0068YW1EA,0.3576592206954956,0.043162792921066284
shirt,B001SN7NRQ,B004OP2J56,278,0.16428977251052856,B004HHO2DI,0.3436036705970764,0.015952110290527344
shirt,B00ALRS9OG,B00EABHQPC,116,0.18477188050746918,B00EMN9GXI,0.3107483983039856,0.01006770133972168
shirt,B0081V2U6C,B00B8XSUSW,137,0.16346365213394165,B00BE3Z99O,0.2862613797187805,0.015725404024124146
shirt,B00853SE8E,B004IP8H7Q,64,0.1849023550748825,B004V4RYX2,0.32235652208328247,0.04264840483665466
shirt,B006TTQX6G,B009JOTMXY,36,0.22678016126155853,B007TXNVVG,0.2979624271392822,0.005776524543762207
shirt,B003OUWT0W,B0014UCUXU,550,0.10835173726081848,B00BCA2ORE,0.2846580147743225,0.011303961277008057
shirt,B008YCX6KC,B008R7FM1A,52,0.29029297828674316,B007GF53EK,0.3962160646915436,0.005096137523651123
shirt,B0038PZMTI,B000BFH7FA,218,0.14051508903503418,B004AYV3U8,0.31973886489868164,0.0018172264099121094
shirt,B000QHCNV6,B00G6UFA94,115,0.20452368259429932,B0057XC4P4,0.34862202405929565,0.0015575587749481201
shirt,B001KBZ1QQ,B004XASV0O,23,0.2981199622154236,B000RN76GG,0.37881040573120117,0.01830238103866577
shirt,B001XWTNGQ,B00BQ3R3CI,635,0.11122624576091766,B004L0KZOQ,0.3170900344848633,0.007377743721008301
shirt,B0059A4A5C,B004BGYQPO,11,0.2987484335899353,B00B4EF1AA,0.3774718642234802,0.010207176208496094
shirt,B009NUR66O,B00DJ3UPPA,485,0.12874490022659302,B008I5ZL4Y,0.30885159969329834,0.0005492568016052246
shirt,B00BK77UC8,B00D6G9NX0,4770,-0.003502701409161091,B006R1IWZQ,0.2956344187259674,0.016328901052474976
shirt,B00EABHQPC,B00ALRS9OG,86,0.18993517756462097,B000FEIJ2C,0.3001583218574524,0.008524596691131592
shirt,B007HZ9C6Y,B004XJDKCO,33,0.2774084806442261,B00861KWY4,0.3523028492927551,0.01383274793624878
shirt,B001CWN1A6,B001VAF1G6,7,0.3494207262992859,B008LK7CAW,0.37777090072631836,0.011491477489471436
shirt,B008HO2HZ2,B0099S89HA,31,0.2635122537612915,B0031WU9F0,0.3062061071395874,0.017549842596054077
shirt,B002NCIATQ,B008J4E76W,107,0.1870308518409729,B00865CPJ0,0.32650691270828247,0.027467429637908936
shirt,B007ZGZ80E,B0060K7LLU,119,0.2060854732990265,B009QEERZK,0.327850341796875,0.010193169116973877
shirt,B009VZW24C,B004ZITRGQ,1361,0.08551645278930664,B007F85FQO,0.23942425847053528,0.013551473617553711
shirt,B0013FPI8K,B001GHIUDK,17,0.321402907371521,B0013FJWT6,0.3867480754852295,0.0
shirt,B003TWOPKW,B001A92CC4,9,0.262630820274353,B008CXZBG0,0.28659671545028687,0.005464911460876465
shirt,B003TSDPJI,B0062VX9YA,41,0.29263097047805786,B007TXSQ6G,0.3808138370513916,0.02110961079597473
shirt,B003XCKD3G,B0061SL9LO,183,0.16566240787506104,B006H6V636,0.30479368567466736,0.009723871946334839
shirt,B003Z6OPF2,B00BARY35A,83,0.18231475353240967,B00B1P3ANC,0.33686715364456177,0.01869189739227295
shirt,B00AREPLXK,B0081K48FY,17,0.2604629099369049,B0046RDF00,0.331647664308548,0.006032794713973999
shirt,B00449EW9S,B0035GKKEM,39,0.2668722867965698,B00BUIZB1O,0.3761279582977295,0.012396425008773804
shirt,B004ZC2HIC,B00BV2SB20,132,0.18815334141254425,B0085XLJZO,0.2878195643424988,0.0008943676948547363
shirt,B004BO6CXA,B003I7CZ8C,2551,0.05370457470417023,B00470CH6O,0.3328186273574829,0.0013241767883300781
shirt,B009G0S8CM,B005OQ0QDG,171,0.15804670751094818,B00CMTB5GU,0.31696128845214844,0.012941867113113403
shirt,B000BQ09GS,B0046R0BDE,227,0.1437584012746811,B00BMPMJ6U,0.24455155432224274,0.002811715006828308
shirt,B00BT0JNWQ,B00ADZ1H8G,2278,0.06723355501890182,B0064POSPI,0.29509252309799194,0.018762022256851196
shirt,B005TGMERW,B002SBOJHY,829,0.10138176381587982,B006RI31XW,0.4281930923461914,0.031301677227020264
shirt,B003FGW8MO,B00GHN6XLY,296,0.14052338898181915,B005Q0B9ZY,0.2865419387817383,0.013393521308898926
shirt,B0029529MG,B0098ZHBY6,49,0.2749239504337311,B00B7Q8HK6,0.33388838171958923,0.001046210527420044
shirt,B0098GE9GI,B00589BQSI,103,0.16650980710983276,B003WHN082,0.29462411999702454,0.039530664682388306
shirt,B000JM3A1A,B000QGPYP4,237,0.1755969375371933,B005TF2WUM,0.33670827746391296,0.0245838463306427
shirt,B007V9SM0S,B005AONB34,454,0.11477538198232651,B00B4EF1AA,0.3356974124908447,0.030319809913635254
shirt,B00B71D7E2,B00394FK5E,5040,-0.022878428921103477,B007PY6E40,0.32362720370292664,0.014957159757614136
shirt,B0099AHZXW,B002TEW3IM,617,0.13541057705879211,B007SZNT8A,0.2968568205833435,0.023581326007843018
shirt,B004SBSY3W,B008CS4MZ6,324,0.15604454278945923,B0041O2UJK,0.3105536699295044,0.03067755699157715
shirt,B00G6UFA94,B0086F6HIK,63,0.2756845951080322,B0067F9J1I,0.3503900170326233,0.009129166603088379
shirt,B005ILK060,B007PYE17M,108,0.1881641149520874,B00AX0Q7FE,0.2980400323867798,0.0035179853439331055
shirt,B0014J7Y8W,B000U0PPXC,1610,0.065067358314991,B009VI0H7S,0.3010749816894531,0.025595515966415405
shirt,B003T70M3G,B00AOCAELE,259,0.1482923924922943,B0048KPWFG,0.3181329369544983,0.003364771604537964
shirt,B007FGYDAK,B0051VBW7S,2704,0.03825012594461441,B00DV0BIE8,0.278679758310318,0.008323639631271362
shirt,B00A9IW94I,B00A9IVY5I,45,0.2559654116630554,B00B40E1K0,0.3453141152858734,7.298588752746582e-05
shirt,B0073PSC3M,B00DEIUVB8,215,0.1779424548149109,B0059002HW,0.3432369828224182,0.013483554124832153
shirt,B001U239PU,B007JES6SI,1104,0.07353413850069046,B0041TFD80,0.26676398515701294,0.014330416917800903
shirt,B005W44GZO,B007VN04BO,35,0.276965856552124,B009CI5IL2,0.36617979407310486,6.288290023803711e-06
shirt,B008588ZPQ,B00FPBE0X2,4619,0.015411467291414738,B00687SPR4,0.2967545986175537,0.0030555129051208496
shirt,B004APGLNG,B00BLL79L0,695,0.09217121452093124,B005IZUOOE,0.36053645610809326,0.013582348823547363
shirt,B0051GDT4M,B0027EBMU4,9,0.29546642303466797,B00BMR73SC,0.38734468817710876,0.044392943382263184
shirt,B00926S118,B008H6R3UY,46,0.25624409317970276,B00BIXSATQ,0.33180108666419983,0.0001614987850189209
shirt,B00B88ZKXA,B00EZUKCCM,495,0.11944366991519928,B00C6QJ8EA,0.2569076716899872,0.0043354332447052
shirt,B00923GT8S,B00844FELO,64,0.20582367479801178,B0091VAKBI,0.3917883634567261,0.06977611780166626
shirt,B0045KCG7Q,B006JPU6JA,107,0.20396912097930908,B006TG84O8,0.3237319588661194,0.007098674774169922
shirt,B00461228C,B00C5RAHMW,8,0.2791902720928192,B002XUMZN0,0.31041139364242554,0.007691621780395508
shirt,B0093OQBCK,B0071BYF0M,2234,0.06332482397556305,B00B0DNZ5S,0.2771458327770233,0.006265372037887573
shirt,B005344CDE,B000HRTB60,181,0.1599617302417755,B000WK5FXK,0.3197522759437561,0.01604163646697998
shirt,B00BRB2H8O,B00BRB29YQ,2885,0.04797453433275223,B00DR5TW2M,0.3437107801437378,0.04565829038619995
shirt,B000XK9KKI,B005IR27EC,799,0.09800660610198975,B0065K71Z6,0.32507675886154175,0.024045228958129883
shirt,B004CO39EO,B006Z8HHGQ,4,0.34296715259552,B000BZGDDM,0.3513360321521759,0.0029322803020477295
shirt,B0067OAL7U,B00C68VOYA,20,0.23512884974479675,B005CXDOA8,0.2801971435546875,0.014226555824279785
shirt,B000TYT49U,B007IRLCPU,1163,0.08900947868824005,B008XDHOEQ,0.294822633266449,0.003575563430786133
shirt,B001QL8NVA,B008Z398FC,2218,0.05493583530187607,B000XK9KKI,0.24573644995689392,0.0034408271312713623
shirt,B007SH2NT4,B004KF9LM4,633,0.11791089922189713,B006RI31XW,0.3651823401451111,0.008817523717880249
shirt,B000QGPYP4,B0083Z6QDO,13,0.31830480694770813,B009YQF6B4,0.3770977854728699,0.006956666707992554
shirt,B0072D8DD4,B004LTR2XY,1,0.3740481734275818,B004LTR2XY,0.3740481734275818,0.0057517290115356445
shirt,B0012NBP4O,B0051IRDJC,84,0.22400596737861633,B007U6TYUY,0.3684699833393097,0.024095267057418823
shirt,B0041IY8I2,B007TW76EU,85,0.20620039105415344,B0081QK3A2,0.3272485136985779,0.02367103099822998
shirt,B005BLUUJY,B00305G9I4,22,0.27127349376678467,B0062UCEE2,0.31034719944000244,0.0021129250526428223
shirt,B008K644U8,B008K66VG8,19,0.26415014266967773,B004QYHZ6I,0.3491244316101074,0.04550489783287048
shirt,B002PY6O0E,B000W34L2I,369,0.13617239892482758,B00BCWHW2E,0.3737826943397522,0.018234074115753174
shirt,B000W7YJP8,B0096F6D6U,18,0.2537475824356079,B003WER4FK,0.3369002044200897,0.004552096128463745
shirt,B00CWVIPQ6,B00AFC4VDA,209,0.15292143821716309,B00AA0UOBK,0.34129029512405396,0.0071506500244140625
shirt,B003EKOBTY,B001KUGM6U,160,0.1751287579536438,B00FDW5WNK,0.357429176568985,0.01698574423789978
shirt,B004WU17MY,B0046CZBPM,77,0.21058781445026398,B007ZTRDBI,0.33841419219970703,0.012995302677154541
shirt,B006N1KIHK,B006N1KCB2,22,0.28939539194107056,B007VR5ELU,0.35824596881866455,0.0008116960525512695
shirt,B007M68RR8,B009ELWRYS,28,0.27201732993125916,B0096UD3FO,0.3414174020290375,0.02017471194267273
shirt,B000VSHLSK,B005588YAA,55,0.2541799247264862,B005JQ2IFK,0.3970625102519989,0.042040735483169556
shirt,B0033EFCIK,B004FTPTR6,7,0.3307062089443207,B004VPBZ8G,0.351063072681427,0.00040590763092041016
shirt,B005XIGCYW,B009Q7CK8I,4917,0.00766409607604146,B005CTFBAI,0.3407726585865021,0.025250673294067383
shirt,B00844FELO,B00CH1JZ92,39,0.2567065954208374,B002GUA5P2,0.391269326210022,0.0035397112369537354
shirt,B007TM9B70,B009G0S8CM,143,0.21198901534080505,B002QEBQ3I,0.33185774087905884,0.002964526414871216
shirt,B000W8UAR8,B00B4YHCJS,2379,0.0611838698387146,B00164ITHU,0.3044372797012329,0.005691230297088623
shirt,B009L80RS2,B0089HEOHG,5009,0.004355572164058685,B002AH1PSC,0.29775112867355347,0.01488909125328064
shirt,B005JQ5YBU,B0013HD6MS,200,0.1979508101940155,B00605YPSC,0.3380318880081177,0.013281106948852539
shirt,B0032HJXKG,B0043DWIR8,235,0.17172205448150635,B00C9GENNS,0.3811649978160858,0.02363380789756775
shirt,B00CZ6OWA6,B00CYJT2VS,35,0.2584356665611267,B0085OX8LQ,0.3569769859313965,0.03359222412109375
shirt,B00A81ZUWO,B00DD63R4E,605,0.09649617224931717,B009EB1WBW,0.22723634541034698,0.007433906197547913
shirt,B0094KCP96,B009YQF6B4,1,0.3787463307380676,B009YQF6B4,0.3787463307380676,0.03511935472488403
shirt,B00BQ71QVI,B00ANLQM44,17,0.31024104356765747,B000BZGDDM,0.3706861436367035,0.016282588243484497
shirt,B00B80RFOA,B008DBTWIY,239,0.1646622270345688,B004DR1834,0.30391156673431396,0.01947540044784546
shirt,B007ZNLENM,B00ARJ65AI,2483,0.05377625674009323,B008GY5K5C,0.2786519527435303,0.005231976509094238
shirt,B0013FJWT6,B00A6JE1C8,4,0.35138726234436035,B007C3JKJA,0.37012696266174316,0.002930879592895508
shirt,B0048KUVYS,B002PY6O0E,147,0.19506323337554932,B00E6355S4,0.3650702238082886,0.01236763596534729
shirt,B004AM0XUQ,B00BY87U8W,12,0.2984548807144165,B00C8660N0,0.3540671765804291,0.023494958877563477
shirt,B005ILK060,B007AEUC98,2,0.35895484685897827,B009VCN7IA,0.3826942443847656,0.023739397525787354
shirt,B002TUTMCG,B008UXAEF0,288,0.16083568334579468,B00606OMNO,0.3276161849498749,0.010252684354782104
shirt,B001KQ3YDS,B00EIKWHN6,921,0.10016573220491409,B00AY0K6N2,0.3433196544647217,0.017772555351257324
shirt,B007Z8W47C,B0077RZYKA,29,0.22845597565174103,B00CHROXXE,0.37362799048423767,0.0494140088558197
shirt,B003H3B9ZM,B00CTSBLU4,879,0.08163808286190033,B00DUEF8LY,0.358867347240448,0.003495633602142334
shirt,B000MX1M98,B002DYJC3M,473,0.1254841536283493,B000HEC75U,0.29660743474960327,0.00898250937461853
shirt,B005AJ1Q7M,B00AEMT5Z0,106,0.16812345385551453,B007PZQYV2,0.30653613805770874,0.00830814242362976
shirt,B00BOHU9ZE,B00AFZ38RM,245,0.176479309797287,B009VMTQGC,0.3599552512168884,0.004127085208892822
shirt,B00B6E7IHW,B0011RLPW8,5,0.33623552322387695,B008PDB7JM,0.3508375883102417,0.006772756576538086
shirt,B00166XERS,B00GXF7CCK,490,0.12153816223144531,B005ERXK06,0.3393040597438812,0.0008288919925689697
shirt,B008C72B7S,B00CWJ5K16,148,0.1952650249004364,B003IWOUS0,0.3025767207145691,0.014400690793991089
shirt,B009NBSZOU,B00AOJHF8M,46,0.2531219720840454,B007ENCGTY,0.3513357937335968,0.002401381731033325
shirt,B007SJE6RE,B000XK9KKI,13,0.24831093847751617,B007ZT9PVO,0.32689177989959717,0.024788260459899902
shirt,B00DE1BDLC,B0030BG78U,11,0.2501414120197296,B00726ORDQ,0.29391151666641235,0.014544576406478882
shirt,B004TNLWVA,B004LTL34S,997,0.09995981305837631,B0071NRKF2,0.29736849665641785,0.00427660346031189
shirt,B004K2NSGM,B00B0R0JZ8,1,0.3537542521953583,B00B0R0JZ8,0.3537542521953583,0.03557160496711731
shirt,B006H4KOTA,B00EHYJ2EU,1520,0.0667988583445549,B0092UH97G,0.33826178312301636,0.002704918384552002
shirt,B00AY2FULS,B0075G2YFG,338,0.1514579951763153,B003BJXWX4,0.3246459364891052,0.007496654987335205
shirt,B000EGBBTE,B00C7QLO00,1075,0.08964367210865021,B004V4AH7M,0.3380116820335388,0.029020965099334717
shirt,B003INE0Q6,B00BQ4IATW,146,0.19985288381576538,B005DIJSPM,0.31639373302459717,0.011034667491912842
shirt,B00563EGWE,B007KREYFI,1,0.3211548924446106,B007KREYFI,0.3211548924446106,0.04801750183105469
shirt,B008MATL6Y,B004VSEBNY,188,0.1668158620595932,B00C9W3VE4,0.30126091837882996,0.011262178421020508
shirt,B006ZZHEU8,B00AOI54L8,278,0.1679394245147705,B00B2ZMJOM,0.4078942835330963,0.029023855924606323
shirt,B00BSN9X6K,B00EBUFSAW,17,0.2722971439361572,B000BWRD66,0.3210715651512146,0.0011177659034729004
shirt,B005HJPL0I,B00CDRJ54A,2136,0.06454919278621674,B00345LEIK,0.36258718371391296,0.01869949698448181
shirt,B004CVDPAA,B00AYXZ7S8,68,0.17834994196891785,B00BGJ4OQA,0.29076284170150757,0.020545512437820435
shirt,B004GIZYTE,B004JZWH0I,13,0.26805058121681213,B000Q53KRE,0.3261706829071045,0.024672269821166992
shirt,B00BYQH3D6,B0081QK3A2,212,0.17259100079536438,B004YO9IVU,0.3245413899421692,0.01628047227859497
shirt,B005ESA9SG,B0068ETQWA,138,0.18094292283058167,B00B7E2L8W,0.33492517471313477,0.033558398485183716
shirt,B001U9DJ0I,B000WK6SDQ,488,0.12729598581790924,B00BOO7OLO,0.3352234959602356,0.023408234119415283
shirt,B00AOJE63E,B00138MPS8,3529,0.032523252069950104,B00B8ACUXQ,0.3050995469093323,0.004357576370239258
shirt,B005DIJSPM,B00A8D13CI,11,0.3617296516895294,B00CU8PDPW,0.4070964455604553,0.004886925220489502
shirt,B006SHCSEU,B007Y8L4VK,125,0.23277992010116577,B0048KRAWE,0.3599998950958252,0.03200572729110718
shirt,B005FYKZ8I,B005OCJOEC,101,0.19982784986495972,B00865CPJ0,0.31941306591033936,0.005710184574127197
shirt,B004Y9NQ1S,B009EUI4G4,162,0.20584043860435486,B00AA2BC0U,0.39516347646713257,0.004122257232666016
shirt,B008MO9EY4,B00EPDU2PG,323,0.13871991634368896,B00B4DXN4W,0.31948322057724,0.03325122594833374
shirt,B0024FAZ4A,B0044R8CE6,231,0.1545153707265854,B000NZW3JI,0.3303373456001282,0.004902541637420654
shirt,B002XGG0AS,B001HYRKS8,663,0.12193456292152405,B00CAVN1LM,0.3605436384677887,0.0015945136547088623
shirt,B000Z3V2JA,B003X46ZKO,28,0.22155407071113586,B0094I4IOI,0.29344385862350464,0.0030671358108520508
shirt,B0048KPWFG,B00D6KCEI2,3214,0.03746587038040161,B007TMU7Z0,0.30773529410362244,0.0025840699672698975
shirt,B0069IQPPQ,B00028I7R8,2,0.3092658519744873,B000M12Z28,0.3113686144351959,0.002102762460708618
shirt,B0020Q11LE,B000WB6WTU,52,0.23871898651123047,B007CM1XC8,0.3334295153617859,0.01296156644821167
shirt,B002HNSH80,B0072Y3CWK,20,0.2635127305984497,B007WTSTVY,0.30808019638061523,0.01472097635269165
shirt,B00AZWLNV8,B005KGF70M,1619,0.0637071430683136,B007QQ3E8G,0.33675771951675415,0.01770344376564026
shirt,B0075BECBK,B007CM1XC8,29,0.2857765853404999,B000Z7DTWE,0.3463450074195862,0.010240733623504639
shirt,B005588YAA,B0002FHIMQ,6,0.30117976665496826,B0031TVNNK,0.3408612906932831,0.0048292577266693115
shirt,B00C9T317O,B00BFA20GG,54,0.21399231255054474,B004D39JI4,0.35541290044784546,0.023874640464782715
shirt,B004ZC5RL6,B004ZC5PXG,1,0.3757898807525635,B004ZC5QLC,0.3757898807525635,0.0
shirt,B007VYS9I8,B000N9FHLU,30,0.2776285409927368,B007N7LX86,0.3478626608848572,0.01793527603149414
shirt,B0089ODSU8,B0086YNVVM,105,0.20881855487823486,B00BARYBBG,0.3575916886329651,0.055459052324295044
shirt,B006KNW59K,B003H3B9ZM,472,0.11732974648475647,B00CQ9P4Q8,0.3358636498451233,0.011772900819778442
shirt,B00BWTZIC8,B008QPAUAG,94,0.1817602515220642,B006RI34ZC,0.27136459946632385,0.0019045770168304443
shirt,B00B9DYVZC,B005LXFXIA,4030,0.00867094099521637,B00613EZ8S,0.36968034505844116,0.005718231201171875
shirt,B005JQ4WEK,B0013HB3KK,24,0.29455944895744324,B004VN5X72,0.36107367277145386,0.008536845445632935
shirt,B0064SJ6EI,B00164ITHU,45,0.23597382009029388,B001SERZCS,0.3797300159931183,0.04017433524131775
shirt,B000GA5YPK,B00075ZVH0,59,0.25381818413734436,B00EV75J9U,0.3424142301082611,0.014153778553009033
shirt,B004FN2OYI,B005XIFIRO,1262,0.07506553828716278,B008UYXL90,0.33640214800834656,0.022112637758255005
shirt,B0098GE6OI,B003XF2ULG,55,0.20913805067539215,B0081365S4,0.37117329239845276,0.021384507417678833
shirt,B00BCXL3QE,B004YJVIQS,1,0.3515188694000244,B004YJVIQS,0.3515188694000244,0.02984282374382019
shirt,B00DX7P1IS,B004GSOVXO,449,0.12723684310913086,B006JGXIVC,0.3655891418457031,0.0018501877784729004
shirt,B00AOJG07E,B009LIZU52,234,0.1576862931251526,B007IRL1VA,0.27844953536987305,0.0020681023597717285
shirt,B005ISINDU,B005LU36LY,2960,0.03878704458475113,B00BT0JKAQ,0.34686803817749023,0.006502926349639893
shirt,B006JATIK8,B00BC41R46,211,0.17329423129558563,B0019QUS92,0.32256561517715454,0.015032351016998291
shirt,B006RI34ZC,B00DR4IZTE,7,0.2617182433605194,B00699EPO8,0.3218977451324463,0.04081377387046814
shirt,B0084UUHB0,B009LJCL8A,178,0.16383159160614014,B0038FT02S,0.3207094669342041,0.011499881744384766
shirt,B004OKFF7K,B009ZYPCQO,28,0.2797584533691406,B000EXUEZ4,0.36158475279808044,0.01918002963066101
shirt,B0012GILRK,B005YUZ678,431,0.14769262075424194,B008CQKIX8,0.29796433448791504,0.0031336545944213867
shirt,B005B6ZIE6,B00ACDAOGU,3,0.3079532980918884,B006QHPYIY,0.3290291428565979,0.020816057920455933
shirt,B007WMC41C,B00BXRE5UU,61,0.26208797097206116,B00AJ9EZMG,0.37478798627853394,0.021125704050064087
shirt,B001OQYE24,B0031TVNNK,1,0.3639569878578186,B0031TVNNK,0.3639569878578186,0.0006244182586669922
shirt,B000783TCQ,B007IRL1VA,1514,0.0729704424738884,B0047BJE0K,0.3717944025993347,0.019328415393829346
shirt,B007CBS7OG,B004SWYOZI,1,0.3546082079410553,B004SWYOZI,0.3546082079410553,0.03502216935157776
shirt,B00APU4KE2,B006AN59CA,4449,0.017582610249519348,B007PYDLD2,0.3589836657047272,0.022623002529144287
shirt,B000X74R7C,B003RW8XFW,1192,0.08918090164661407,B0059DQYU8,0.36581146717071533,0.014901518821716309
shirt,B007T5JNJ8,B00GQWTJ6C,2930,0.038333624601364136,B002MXY19Y,0.32838815450668335,0.01346355676651001
shirt,B00A758348,B00FBBN4EW,2,0.3604819178581238,B00DBDYW3Y,0.3991100788116455,0.03862816095352173
shirt,B0094D2LWE,B007QAPB1A,66,0.21775561571121216,B00C6NS0BK,0.3384535610675812,0.017663627862930298
shirt,B00AR0ARLK,B00AYJNE3M,28,0.27845728397369385,B003WE90FW,0.3383829593658447,0.019829124212265015
shirt,B008LDGQK6,B00BLL7CB2,627,0.11923521012067795,B00AK46JK6,0.31090864539146423,0.006889671087265015
shirt,B008Z0FTB2,B007BLNDLO,117,0.1910800188779831,B004DJ0A0Y,0.34653240442276,0.006857573986053467
shirt,B0020Q11LE,B0030EX7Z8,649,0.12317049503326416,B005980IJG,0.30348464846611023,0.03438577055931091
shirt,B00112FYQG,B005JQN9C6,44,0.2597317397594452,B00AJWOFY6,0.3282504379749298,0.006523817777633667
shirt,B004QYHZ6I,B005UL02C0,6,0.2958420515060425,B00729P2UA,0.3224974274635315,0.007486492395401001
shirt,B008F39HRQ,B000ZN8Z3G,688,0.12862396240234375,B00AJ9EZMG,0.2821926772594452,0.006445080041885376
shirt,B00827XZUK,B003XGPATY,101,0.2257302701473236,B009L80RS2,0.3220568895339966,0.004979461431503296
shirt,B0002X4OES,B0050OFMB8,9,0.3770657181739807,B0012FRM2G,0.41009366512298584,0.003160536289215088
shirt,B006N1KCB2,B00F3YS42Y,57,0.1946873962879181,B00006NQ0N,0.27187347412109375,0.007288753986358643
shirt,B006WFFTTO,B00F3SJQ72,240,0.1521252542734146,B0065ZE500,0.3458775281906128,0.003113776445388794
shirt,B005S6YGO2,B005N56BXW,456,0.1260908842086792,B0083JEAWY,0.36510008573532104,0.01898247003555298
shirt,B005AJNKEE,B001M0MWSK,80,0.22475548088550568,B007VN04BO,0.35181957483291626,0.020869970321655273
shirt,B004TMGDME,B000WNEK7Y,78,0.24621090292930603,B005IYLOYE,0.4054567813873291,0.010330140590667725
shirt,B003H7RKB0,B00AQFAWU2,31,0.21122831106185913,B00861KWY4,0.26314640045166016,0.008366972208023071
shirt,B00BY24W7K,B003AQQ370,30,0.26942795515060425,B0006GH2C2,0.3540501594543457,0.0059404075145721436
shirt,B008T3V1YO,B00E9JZ6D4,105,0.18049150705337524,B00AEYXOX2,0.3254578113555908,0.03524297475814819
shirt,B00ARF686S,B00CL08O0A,347,0.15240831673145294,B00CFP6098,0.31488236784935,0.020817071199417114
shirt,B0060EYIU8,B005XS00E0,21,0.2547934651374817,B00AEJQ7SQ,0.35219934582710266,0.010220497846603394
shirt,B0057V76WM,B001ET7HSE,5,0.30236947536468506,B001ET7H66,0.36257970333099365,0.03978168964385986
shirt,B006N1KIHK,B008YF7M2M,1,0.3773915767669678,B008YF7M2M,0.3773915767669678,0.03317883610725403
shirt,B006ID7VIC,B00FZ57788,39,0.2879406213760376,B005HWTURA,0.36594170331954956,0.009004175662994385
shirt,B00AY9O4WC,B005ZCA5PI,8,0.3253024220466614,B0045MS86W,0.3581441640853882,0.011176347732543945
shirt,B00680JY4O,B0068YW1EA,1,0.34213951230049133,B0068YW1EA,0.34213951230049133,0.01943233609199524
shirt,B0092UH97G,B000N4U0LC,536,0.12810908257961273,B00B92J932,0.3654491901397705,0.023286521434783936
shirt,B001L0ZVIE,B0086WETGU,37,0.25760090351104736,B0009G3YQW,0.35525697469711304,0.004808753728866577
shirt,B0009MIGVO,B00BOY9EWQ,97,0.24302539229393005,B00A7BR9XS,0.347562313079834,0.00604739785194397
shirt,B003TQ05QQ,B006IZI2H4,8,0.31646841764450073,B0045VQCWA,0.3708919286727905,0.024035215377807617
shirt,B0064IPVGK,B0083SDC9M,1971,0.06732896715402603,B006ONQTF2,0.2749154567718506,0.025187432765960693
shirt,B00CC2O4PQ,B00B4BAP2M,101,0.2260066568851471,B00BCWHW2E,0.33673346042633057,0.014503419399261475
shirt,B003DQKR1A,B0079085BA,358,0.13321663439273834,B008BSWMFE,0.2892771363258362,0.007782787084579468
shirt,B003TW4V2Y,B006OWP8GO,4501,0.031552672386169434,B002Z8VH7K,0.2810099720954895,0.0008687973022460938
shirt,B0095XTJNW,B00GM38ZBK,20,0.2838808298110962,B0046Q4F28,0.36143767833709717,0.022607028484344482
shirt,B007Y5A38I,B0051EPWF8,2,0.36856764554977417,B0012FRM2G,0.37670642137527466,0.008138775825500488
shirt,B000N4TP72,B004TMPIWK,231,0.154036745429039,B00C5KIT1A,0.3102540969848633,0.011618852615356445
shirt,B005ESA9SG,B009P9OF9O,3,0.3034447431564331,B005VN36Q6,0.30865490436553955,0.0030306577682495117
shirt,B00ALRS9OG,B00DW88CA2,387,0.11835972964763641,B009CLF22E,0.317487895488739,0.018986105918884277
shirt,B00812S67S,B005Y4L6KK,417,0.12921753525733948,B00018A9XO,0.2728152275085449,0.015250205993652344
shirt,B004YO7ZNS,B004JJVF48,2178,0.06124430522322655,B00FMZNOFQ,0.35630685091018677,0.0050234198570251465
shirt,B00AZIB0ZG,B004LWZE54,3,0.30692604184150696,B00A8D1YMC,0.33535391092300415,0.012943685054779053
shirt,B00E89R5KC,B000NPJ9H2,58,0.19583821296691895,B007XJBQCM,0.297294557094574,0.0011705756187438965
shirt,B00398WXHI,B00D83U984,288,0.1284950077533722,B00CQ9P4Q8,0.33736491203308105,0.011553287506103516
shirt,B00B31W2TC,B00C0CMGOY,39,0.26467472314834595,B00B2JDNHU,0.32787376642227173,0.0020637810230255127
shirt,B003Y5LY76,B005XIGH92,3,0.34720098972320557,B005CZM4XE,0.37303197383880615,0.017436355352401733
shirt,B00DGA6TWY,B006YE9WLY,155,0.19021834433078766,B00D0XI5LA,0.3136938512325287,0.013086527585983276
shirt,B004EDHI0Y,B00263KHX4,54,0.22716975212097168,B001CMIN4K,0.36651259660720825,0.05721667408943176
shirt,B009YFB2Q8,B007LHVZJK,3636,0.021023690700531006,B00380DSDU,0.2660461664199829,0.01801493763923645
shirt,B009DLYLS4,B00A1WCYXS,25,0.22430256009101868,B007WGBT1O,0.28646793961524963,0.004705339670181274
shirt,B00ECY8GWO,B002PUSVT0,465,0.11466164886951447,B00B3VCRMY,0.3138595521450043,2.7507543563842773e-05
shirt,B002NCIATQ,B000JI5NY6,171,0.16990554332733154,B007MEZRC8,0.2957422733306885,0.0073871612548828125
shirt,B009REO9Q6,B00C6AVPXS,26,0.25805920362472534,B00B4DX3XI,0.34611600637435913,0.04187476634979248
shirt,B003IT639C,B00AMD5I7U,1,0.3261556625366211,B00AMD5I7U,0.3261556625366211,0.001692652702331543
shirt,B00C26O5DS,B00B89J29W,548,0.12273675203323364,B005TGFWE4,0.27449920773506165,0.0026489198207855225
shirt,B004KF7JM8,B00354MXJY,334,0.14699475467205048,B001GX4VQO,0.271537184715271,0.0006379485130310059
shirt,B00B88ZKXA,B00B88TB9O,340,0.1417464017868042,B00A6C6SS0,0.3577808737754822,0.016163408756256104
shirt,B00A3OSBJ0,B0007UBWPK,27,0.3108106255531311,B008IHM2V2,0.34978723526000977,0.0015408992767333984
shirt,B00BAQ74CA,B004R89JYO,185,0.20722535252571106,B003JY6WY2,0.3255341053009033,0.01783779263496399
shirt,B004OKFF7K,B00BFTMTJA,3638,0.032230351120233536,B004N8SX1I,0.26466891169548035,0.001006096601486206
shirt,B0048KPZO4,B004YO7H3G,2,0.34744155406951904,B00AHAH5BA,0.3514356017112732,0.00399404764175415
shirt,B00BT0JNWQ,B007DJ2XQA,2461,0.059650398790836334,B0065RNL94,0.30095022916793823,0.010906308889389038
shirt,B00CU8PDPW,B00D7N1178,41,0.20126894116401672,B0085IG1NY,0.2812051773071289,0.005749762058258057
shirt,B008LOSNCE,B0019SBBPK,820,0.10136029124259949,B0007L1ZGK,0.3038390278816223,0.009100496768951416
shirt,B004Z21SHS,B008SAGOWW,24,0.24241334199905396,B005F0NY26,0.3604313135147095,0.05680441856384277
shirt,B009RUTFV4,B006Z2HG0Y,1,0.33361929655075073,B006Z2HG0Y,0.33361929655075073,0.023336559534072876
shirt,B006VY6A12,B007JQKAFI,8,0.32093149423599243,B003V75YYQ,0.33976930379867554,0.0018951892852783203
shirt,B00ANR1M8Y,B006MHJB1O,111,0.16275028884410858,B00DYA9R5M,0.3659141957759857,0.014148324728012085
shirt,B007X2DHT4,B006TTQKU0,20,0.2685895562171936,B0048KPWFG,0.3314661383628845,0.004564374685287476
shirt,B000XEBDA4,B00AKR3VPO,5663,-0.01823556423187256,B009CI5IL2,0.3250383734703064,0.011703342199325562
shirt,B0015GIECO,B005XXYY2O,2,0.36434170603752136,B00BUIZB1O,0.40160003304481506,0.0372583270072937
shirt,B0084NYYRK,B0084TQIUA,15,0.26175349950790405,B000A1OIUM,0.32099655270576477,0.0005417168140411377
shirt,B0046Q4F28,B00CP5TV58,15,0.2583409547805786,B0051VMI3K,0.31731241941452026,0.013211965560913086
shirt,B007P28IKK,B004OOXD6G,2,0.3247315287590027,B00C4YRJKO,0.33123016357421875,0.0064986348152160645
shirt,B004UR1MY2,B003MCOPWW,192,0.16063040494918823,B006G28OXG,0.44115668535232544,0.09357035160064697
shirt,B0098AWTUW,B000P47ZAE,34,0.1913280338048935,B004P40LX8,0.26550835371017456,0.00742456316947937
shirt,B006NCQPYO,B00C6BN2CO,57,0.24664947390556335,B007ZNLENM,0.3367832899093628,0.011184632778167725
shirt,B002GP7QO0,B002GP7QNQ,1,0.327970415353775,B002GP7QNQ,0.327970415353775,0.052851587533950806
shirt,B00DYR63RK,B00A8Q37YC,3,0.31766682863235474,B005ERXK06,0.3499050736427307,0.032163262367248535
shirt,B000G1FDF0,B002WYUFIY,10,0.3645661771297455,B002QLE37C,0.40665876865386963,0.02223879098892212
shirt,B007MD9MN4,B001U0F5QI,366,0.16505976021289825,B006VE8IQC,0.3193123936653137,0.013947755098342896
shirt,B00AZUNPNE,B0058XVNC8,2143,0.04850172623991966,B006Q8U9D8,0.31007522344589233,0.014213085174560547
shirt,B004ZC7H0K,B003C7NPA0,3,0.35376104712486267,B0083V1912,0.37136709690093994,0.010984301567077637
shirt,B0094D2LWE,B00863JI88,77,0.25706467032432556,B00C9GENNS,0.38502317667007446,0.027246475219726562
shirt,B00AESNT5Q,B008447TR6,23,0.23826786875724792,B00AXOZ1XO,0.30280137062072754,0.012459397315979004
shirt,B00DSY5UOQ,B0090E0GLA,400,0.12304040789604187,B00E45CCJO,0.3258577585220337,0.008546680212020874
shirt,B001PJ6ZX6,B001PIWUZ4,4,0.26397380232810974,B005KMKG9S,0.26782363653182983,0.002004861831665039
shirt,B000CAZVI4,B007JWZZIO,172,0.19252118468284607,B00DEE3LC8,0.35655584931373596,0.006973952054977417
shirt,B00A21JW60,B004L63QNW,28,0.29468756914138794,B00C7T6J4I,0.3738499581813812,0.010062456130981445
shirt,B005OCFG3K,B00A3HIN6I,1492,0.0829920545220375,B004NDW9RC,0.33477088809013367,0.016230374574661255
shirt,B00AZLH99O,B00AK47K0E,2658,0.0446537584066391,B006CS7RIC,0.31009915471076965,0.028495877981185913
shirt,B009G0SO62,B002PZHYQ6,13,0.29154518246650696,B003WER4FK,0.3556695282459259,0.021126896142959595
shirt,B000VTMXZU,B003HEYFBG,98,0.2347082793712616,B002PUSVT0,0.35049283504486084,0.0011759400367736816
shirt,B00140FIFC,B0045889NS,80,0.23000302910804749,B00B4EF1AA,0.41039568185806274,0.044989168643951416
shirt,B00BGJ4OQA,B005F0JPDI,393,0.11273987591266632,B00G96C2NC,0.29932886362075806,0.00372391939163208
shirt,B005MV78O8,B00313Y4BY,268,0.16121330857276917,B009HGZMVA,0.3636758029460907,0.0030450522899627686
shirt,B00AZ0180G,B005MGDZ04,26,0.28310978412628174,B009LM1ZJS,0.3734980821609497,0.0019254088401794434
shirt,B004C43LO2,B001KAN812,340,0.127337247133255,B007JLDPPA,0.3325601816177368,0.015049010515213013
shirt,B00714Q6LA,B007RJG5J2,288,0.1341799795627594,B003ZL943A,0.35830157995224,0.0015500783920288086
shirt,B00B4DXN4W,B00BNBFJ7E,8,0.3591623902320862,B00E8IO0VA,0.3831520676612854,0.005754798650741577
shirt,B007C3IEOC,B00804T1HQ,14,0.31759345531463623,B003Y74AOI,0.37412455677986145,0.024625271558761597
shirt,B00AO1T42U,B008CP94U2,5,0.3057002127170563,B005F0NY26,0.3734123706817627,0.05429321527481079
shirt,B005MV78O8,B005HMPACO,129,0.20344138145446777,B002RXBEOO,0.34285789728164673,0.0034125447273254395
shirt,B007JFCWQY,B003IT639C,14,0.2804805636405945,B0084SUJ92,0.326168954372406,0.0020666122436523438
shirt,B005G3VM80,B008RMD5HS,1,0.42178773880004883,B008RMD5HS,0.42178773880004883,0.04278436303138733
shirt,B003FWLRD4,B001G8UIZW,478,0.1298791468143463,B00519PPCS,0.2686217427253723,0.002997159957885742
shirt,B000OM3WSQ,B00ANR01C2,1908,0.06467204540967941,B005NYB9HG,0.29572346806526184,0.005926996469497681
shirt,B003U4T928,B00EQ85MY6,38,0.2642670273780823,B008RMD5HS,0.34819692373275757,0.0016682744026184082
shirt,B0053DV6AW,B00AA13RN6,14,0.2654079794883728,B00A8D1Q8Y,0.3234163522720337,0.006695091724395752
shirt,B002UFT5JA,B00CCR7O1C,2962,0.04155572131276131,B00G8QCD50,0.29425811767578125,0.0116959810256958
shirt,B005IR27EC,B006OIVJCK,1,0.35161107778549194,B006OIVJCK,0.35161107778549194,0.013451904058456421
shirt,B004UIOL3K,B004UTATIU,7,0.2437058687210083,B007FX9LAA,0.25308752059936523,0.003122866153717041
shirt,B0081FLAGO,B00AAJ67QW,17,0.27961963415145874,B00B27IIPE,0.3187106251716614,0.012265622615814209
shirt,B00AREHSMM,B006N7NITO,33,0.25199079513549805,B00FRGP0CA,0.31410640478134155,0.005547881126403809
shirt,B00B7HVJZA,B008NAGF26,839,0.10598747432231903,B000A38K4A,0.3064361810684204,0.011637270450592041
shirt,B007TXNW9M,B006SDZ0JY,236,0.15604770183563232,B002SH08KA,0.3721510171890259,0.014143377542495728
shirt,B0046IFV6K,B006405WPI,47,0.23329001665115356,B007WNRED4,0.3235281705856323,0.019207298755645752
shirt,B001PIWUZ4,B001TSZPM0,5,0.31181246042251587,B00EUSPSUA,0.3430972695350647,0.016249775886535645
shirt,B008447TR6,B004G4G00K,2,0.3716850280761719,B00BXXX3PM,0.37377220392227173,0.0020871758460998535
shirt,B009T5NMS4,B004VFHTL8,3,0.3393639326095581,B004VDCRW6,0.350966215133667,0.0023732781410217285
shirt,B0013F2JGE,B000H84DIA,4,0.311775267124176,B000EMROT4,0.36025434732437134,0.0258619487285614
shirt,B00CRZ1D66,B00BYEA52Y,256,0.15902605652809143,B00DEI25ZI,0.35030657052993774,0.019506514072418213
shirt,B004SWYOZI,B007G03S2Y,585,0.1295332908630371,B00BSXLX9U,0.30248159170150757,0.009297013282775879
shirt,B00AX2ZUCS,B0081SF8AU,3290,0.02770804613828659,B008X7AQSI,0.3504278063774109,0.0026041269302368164
shirt,B00DTIO7G8,B002SK8VGK,1506,0.08802139759063721,B0024FAZO0,0.33823615312576294,0.02809321880340576
shirt,B00DTIO7G8,B00AYJA4G2,30,0.27552086114883423,B00A9IVY5I,0.41125673055648804,0.07122635841369629
shirt,B00EQV08XS,B004UKNYZ4,7,0.3357449471950531,B002YGT08G,0.3645550608634949,0.016179561614990234
shirt,B006G2Z1W8,B00FM6HAQY,3357,0.029951883479952812,B00851M3YW,0.2622091770172119,0.012596026062965393
shirt,B00CD7L1WY,B0009RIYES,108,0.2611519694328308,B00BBSZEQ0,0.381112664937973,0.000903010368347168
shirt,B00BAXTUN4,B009QR8QAE,3170,0.027640514075756073,B003J5CFXS,0.3309953212738037,0.0012792348861694336
shirt,B00BWDCPUW,B00BJPLEYG,24,0.2398442178964615,B007XJBQCM,0.3133010268211365,0.010455906391143799
shirt,B005FS7LEK,B00BP47QWK,34,0.23517940938472748,B00BJJJNS6,0.3486066460609436,0.011829137802124023
shirt,B004RRB10U,B007R1NWEG,5042,-0.004233879037201405,B000GG5PDK,0.2988664507865906,0.012993156909942627
shirt,B00CXMYX2E,B00DAMLQKS,246,0.15435545146465302,B00DG934QE,0.3528817892074585,0.0028015971183776855
shirt,B0013FJWT6,B002C6FOII,14,0.28925246000289917,B00C5RC12G,0.33880680799484253,0.0
shirt,B009QR8VNQ,B00DB5ERM8,3733,0.02020513266324997,B004BNNGUS,0.31431442499160767,0.007901430130004883
shirt,B008447TR6,B00AEF5VKA,3,0.40117448568344116,B00DEKLOYO,0.4053943157196045,0.0041283369064331055
shirt,B00B4WT108,B002KG6OOS,296,0.1537589281797409,B0085HCN82,0.33841490745544434,0.003276348114013672
shirt,B003R4ZLE6,B007TFPS3S,6,0.34723740816116333,B006042IYG,0.3669927716255188,3.069639205932617e-06
shirt,B00DE1BDLC,B004RDY5LQ,146,0.19896343350410461,B004G09EE8,0.3205902576446533,0.005209505558013916
shirt,B00CXMYX2E,B004LTGJYC,204,0.15324096381664276,B002DYJC3M,0.2887260317802429,0.009588956832885742
shirt,B0073PSC3M,B007MY9PUI,337,0.15214256942272186,B00380DSDU,0.3289165794849396,0.05161091685295105
shirt,B008VTKSMM,B008P8A022,1,0.3470238447189331,B008P8A022,0.3470238447189331,0.02329885959625244
shirt,B003JZCDFS,B005H9ZP8Q,39,0.23116491734981537,B008ILTI24,0.3221932053565979,0.026218712329864502
shirt,B005LB3I6G,B005BNN1U2,220,0.1825728714466095,B00644PHPO,0.34093284606933594,0.014740824699401855
shirt,B00BL5C9FM,B008ACDRIC,82,0.20162898302078247,B0095X7ENO,0.32731014490127563,0.02205204963684082
shirt,B001XWTNGQ,B00563EO9O,332,0.1527995467185974,B00018A9XO,0.3024136424064636,0.025116920471191406
shirt,B0042RUEJY,B00AZIN2P2,7,0.3683058023452759,B0068YW5MI,0.40119311213493347,0.021378308534622192
shirt,B000V999DY,B004TEMWHC,452,0.13994087278842926,B00853SE8E,0.3149881958961487,0.0010037720203399658
shirt,B00AY9O4WC,B004APGLNG,19,0.2673206329345703,B00BCLT7PU,0.33503544330596924,0.012435764074325562
shirt,B0085O4Q7Q,B008AFYG9I,2490,0.05269279330968857,B004H4WSBE,0.25400015711784363,0.011615991592407227
shirt,B004JXAKD6,B005NYBNEU,400,0.11230595409870148,B00916YLW2,0.26774662733078003,0.001237720251083374
shirt,B004MYFR3K,B005KXL6TQ,1360,0.09195615351200104,B00FM5WA1K,0.3326190412044525,0.011637777090072632
shirt,B0085UCF3M,B001V3ST94,1376,0.09327813982963562,B006MZQT20,0.3574211597442627,0.0
shirt,B000KHDKJQ,B00642IYH4,185,0.18795683979988098,B002AT6HYM,0.34670859575271606,0.01557248830795288
shirt,B00GA1Q00M,B00820LZAO,78,0.2338942289352417,B000E22CFA,0.3147971034049988,0.007015407085418701
shirt,B004J1HDHE,B004J1HFKE,28,0.30854904651641846,B004J1JDH2,0.35944926738739014,0.00758671760559082
shirt,B0046ICFPU,B002CJ7O2Y,22,0.25260597467422485,B003WE90FW,0.2989612817764282,0.006584614515304565
shirt,B0083Z6QDO,B0051VMCEK,443,0.13596150279045105,B0080FV3BW,0.3538248836994171,0.030874937772750854
shirt,B003TYLO3G,B005LJJ9AC,173,0.1703115999698639,B007DJAQDC,0.3105567693710327,0.0119437575340271
shirt,B00F3KMWX0,B005OODLGW,4536,0.022157728672027588,B009LI97P6,0.33676886558532715,0.033752769231796265
shirt,B005344CDE,B00AUV3TQQ,25,0.24317896366119385,B004R0XJM0,0.2990986704826355,0.011358857154846191
shirt,B008351BMA,B007U6TYUY,4,0.32071876525878906,B008LOSIZ6,0.35362154245376587,0.008821576833724976
shirt,B009R8P6QO,B00GOGK2SO,308,0.16158203780651093,B00CD7L1WY,0.3244600296020508,0.015655100345611572
shirt,B0001TP9FG,B0015N1DYI,201,0.13852180540561676,B00943FZTA,0.2758824825286865,0.024563759565353394
shirt,B007TB59A4,B00FK45MG8,120,0.1763930767774582,B003JVH5ZK,0.2797048091888428,0.01692831516265869
shirt,B003QCGEVS,B003QD1Q3I,31,0.28824934363365173,B005GQEYVO,0.387653112411499,0.008075058460235596
shirt,B004VG7H4G,B00B7SB6RA,84,0.2076752483844757,B00DCUQA7M,0.33750465512275696,0.010759025812149048
shirt,B004D39JI4,B007B8MGMY,217,0.16893024742603302,B007TXNVVG,0.2911851108074188,0.001004546880722046
shirt,B000LUIBH8,B00826ZXF6,36,0.21243368089199066,B003U9V4OO,0.27909356355667114,0.018559128046035767
shirt,B0059DQYU8,B005N1I9TK,2110,0.06945084035396576,B00AR0ARLK,0.3294301927089691,0.00832819938659668
shirt,B007VHEYAM,B00GUQOCLQ,100,0.2511034905910492,B009UTVW3Q,0.3725753128528595,0.019640177488327026
shirt,B0012FNHIO,B001MD8CZ4,231,0.178727924823761,B0000ANEC9,0.3575921654701233,0.0073822736740112305
shirt,B00AWQ7KG4,B004PEMI7U,325,0.13316744565963745,B004NN9K9C,0.3592774271965027,0.014341294765472412
shirt,B004XQF8FE,B004QY6QKY,903,0.09654746949672699,B00BXQTGGY,0.32875120639801025,0.013764679431915283
shirt,B007DJ3EYA,B0046JZMOK,5604,-0.02857072837650776,B007KDGECS,0.2937008738517761,0.008974045515060425
shirt,B0016LURJ6,B00184FGT2,16,0.28632739186286926,B0009EMQQI,0.3280640244483948,0.016162395477294922
shirt,B004FN2OYI,B001UHMZHI,32,0.22612228989601135,B00AO7K6TE,0.2971128821372986,0.010519027709960938
shirt,B00AN9K6DE,B00AE16OLO,31,0.25293606519699097,B00EQI4GYS,0.3387295603752136,0.01872846484184265
shirt,B00AQR2JM4,B004J8I4VQ,1,0.42296600341796875,B004J8I4VQ,0.42296600341796875,0.003687947988510132
shirt,B00G5N5VPK,B002INKDGI,277,0.1273636370897293,B0006SCZYA,0.3111072778701782,0.019066423177719116
shirt,B006C6XSFA,B00A7O1W0G,9,0.24697689712047577,B00DHX3Y5U,0.28282856941223145,0.0035167038440704346
shirt,B005O76TKE,B00A8KZAIE,1020,0.0858202576637268,B00BF9Z6HC,0.34938621520996094,0.02311110496520996
shirt,B000L7G8OY,B000MXQ7CA,123,0.1582731008529663,B008CONWCO,0.257051944732666,0.011648401618003845
shirt,B009NBSZOU,B00BFG8QL8,250,0.14005868136882782,B00AH830F2,0.35681021213531494,0.0001856684684753418
shirt,B0091RIIRA,B00DXZ2S5E,603,0.12332203984260559,B007WNRED4,0.3552584648132324,0.0015270709991455078
shirt,B00501BIXW,B001LZV83Q,3128,0.03959451615810394,B00CS6RC4Q,0.32980653643608093,0.011526525020599365
shirt,B002EEP43I,B001E2PNT6,95,0.16370275616645813,B002H0SQT8,0.2397068738937378,0.014246553182601929
shirt,B009WVA51M,B007ENCGTY,3,0.3391745090484619,B004V93LYI,0.3565862774848938,0.013517916202545166
shirt,B00EKT8ASG,B00822FD2I,2,0.27678704261779785,B0028K37TG,0.2768647372722626,7.769465446472168e-05
shirt,B00B31W2TC,B00B2JD2CQ,12,0.3041722774505615,B00BS7FFQ8,0.34606003761291504,0.01947203278541565
shirt,B00AJSWYI4,B007IF36VA,71,0.26224467158317566,B003T5IXUC,0.3711978793144226,0.003389686346054077
shirt,B001ELCD7M,B0024V5VKM,5,0.27856379747390747,B001F6KQF2,0.33018893003463745,0.0044516921043396
shirt,B0013HB3KK,B005L9UW26,3300,0.05433012545108795,B003ZHH2MY,0.3507888615131378,0.011171430349349976
shirt,B00BW5K82C,B007VDLVSE,5343,-0.030778441578149796,B006ID7VIC,0.29225319623947144,0.0036402344703674316
shirt,B00AOJG2QS,B0014480CG,93,0.2379581332206726,B001MT5QAM,0.35364824533462524,0.01715528964996338
shirt,B0081SF8AU,B009E6STY0,2883,0.037696532905101776,B00CLWETHU,0.2607562243938446,0.007034957408905029
shirt,B00BTYJGY2,B00AASO2OM,5,0.3486671447753906,B007Y4P08W,0.37518730759620667,0.006876856088638306
shirt,B009RVTT4G,B003T70M3G,28,0.2259010374546051,B009XE5M0C,0.2836015224456787,0.017376840114593506
shirt,B000PNTVAC,B000VT8W7S,19,0.2818196415901184,B0088OX7ZA,0.3144380450248718,0.009328454732894897
shirt,B00EJRN3HM,B006GCKVK0,389,0.13341020047664642,B000BQSZBY,0.31101542711257935,0.008744597434997559
shirt,B006XD31RC,B00B0ZBOTA,67,0.2012242078781128,B004KB7T18,0.30047330260276794,0.0021441876888275146
shirt,B00ASK9HGA,B000GHTGHK,99,0.16813743114471436,B001MG8S82,0.359579473733902,0.07670709490776062
shirt,B00AZIN2P2,B005A22HD6,114,0.24478363990783691,B00A2NMCV0,0.39278388023376465,0.000287860631942749
shirt,B004OYVAIY,B00CR90T2Q,23,0.2854911684989929,B0013KWSK6,0.3658726215362549,0.01490718126296997
shirt,B008BTI85Q,B005KN1S9Y,6,0.3586169481277466,B00C8660N0,0.40193790197372437,0.01706540584564209
shirt,B00B0QP1XY,B009XP1HUA,15,0.24466761946678162,B008BHSGWS,0.34041595458984375,0.04886177182197571
shirt,B004PP120I,B00BFLIM6M,212,0.16784605383872986,B009Z3XPBY,0.3742925524711609,0.014739573001861572
shirt,B007R1OJ7A,B00BAXTUN4,668,0.11317163705825806,B00AOO0HMS,0.35844969749450684,0.00475543737411499
shirt,B004GGUA9U,B009LIZAES,5,0.3089258074760437,B0051D3GF2,0.36161988973617554,0.03306195139884949
shirt,B001H8TM80,B00BB50XXM,9,0.3208857774734497,B00DCUQA7M,0.3580758273601532,0.009320259094238281
shirt,B00DEO56HQ,B0052U6EBC,261,0.13842067122459412,B004HZQTXG,0.33020472526550293,0.002776503562927246
shirt,B00EZLD1NI,B00D83J282,25,0.20183159410953522,B006DI2W36,0.2577275335788727,0.01075047254562378
shirt,B0072ZCRLQ,B00GJ1N5AG,23,0.2270900160074234,B000BTMG0C,0.31802308559417725,0.03868547081947327
shirt,B003I86JVK,B0097TBXCE,4237,-0.0018337198998779058,B0024FAZO0,0.3443147838115692,0.0004616677761077881
shirt,B003ITZNYS,B00BQVW6PY,14,0.23608359694480896,B00865CPJ0,0.30525925755500793,0.02315935492515564
shirt,B007IF36VA,B008QT38YW,14,0.236436128616333,B004UG6Q0S,0.2591799795627594,0.007103472948074341
shirt,B003XMOFP8,B001GQZNQS,50,0.2767171859741211,B008O4N4DO,0.3650273084640503,0.007019102573394775
shirt,B000BO1R2K,B00512NGTY,2430,0.05338282138109207,B006RI34ZC,0.38555729389190674,0.001728057861328125
shirt,B00CWJ5K16,B00CVJFQ2K,5165,-0.028837136924266815,B00A5JAR86,0.28107333183288574,0.002828657627105713
shirt,B0074AWK4S,B009SDCLNY,202,0.16347140073776245,B00294F366,0.30563676357269287,0.003167450428009033
shirt,B00EZAK902,B00AAG5H5C,1336,0.0751284807920456,B001TY9VCY,0.27203112840652466,0.021831929683685303
shirt,B0094KCP96,B009PQRI82,262,0.15529628098011017,B002KQ6MY0,0.3343895673751831,0.02483975887298584
shirt,B008CP95LA,B003YLJOJU,991,0.11532320827245712,B005NYBNEU,0.3014870285987854,0.004109233617782593
shirt,B00CL0541M,B008MC2KTC,79,0.15017107129096985,B0077DT5SG,0.28866246342658997,0.017317205667495728
shirt,B007VHEYAM,B009P73OCK,892,0.10899674892425537,B00C3TWRM0,0.3158694803714752,0.005404382944107056
shirt,B008TOOBWW,B00FRGP0CA,7,0.3008246421813965,B00APU4PO2,0.33810150623321533,0.006135851144790649
shirt,B00CFZQIUE,B007Q3HCSC,3,0.30195873975753784,B0024YV8R4,0.33330416679382324,0.025064200162887573
shirt,B0006SCZRM,B00BWTZIC8,3843,0.009839415550231934,B004SBSY3W,0.2747035026550293,0.011564373970031738
shirt,B005UQ9WKI,B00AL8I7E2,105,0.2146959900856018,B0043RJLWY,0.32917630672454834,0.0032924115657806396
shirt,B006QSYMFO,B006HT1XRC,87,0.23992322385311127,B00BCWHW2E,0.39830678701400757,0.02578800916671753
shirt,B0006SCZRM,B00AYOY3BO,23,0.278816819190979,B007JGEFZY,0.3413713872432709,0.0098055899143219
shirt,B00DV4AIL8,B007CGS5HK,12,0.3162461519241333,B009IRQ98S,0.348108172416687,0.008661210536956787
shirt,B007POLATE,B00C0CNKTE,43,0.24088242650032043,B00926S118,0.34773778915405273,0.006438910961151123
shirt,B00BJO34NG,B00006NQ0N,12,0.31536757946014404,B00B4X5XLI,0.33864837884902954,0.006516814231872559
shirt,B0002X4R18,B00075ZWR4,22,0.24753621220588684,B005LLE270,0.3489450216293335,0.049510836601257324
shirt,B00468PEQC,B009FTYOCM,2,0.3360895812511444,B005Y5C7PC,0.3399342894554138,0.003844708204269409
shirt,B000NCVT3M,B00383VNX4,305,0.1351839005947113,B007VKX0J0,0.27373531460762024,0.00044077634811401367
shirt,B00AFR24ZW,B008EIXL38,581,0.12845689058303833,B008N67V8W,0.3490489423274994,0.0014970600605010986
shirt,B00ARF686S,B004MKMG1U,216,0.15848293900489807,B00BXEQ132,0.31346040964126587,0.004013717174530029
shirt,B005IZUOOE,B007YVZFYY,32,0.22649742662906647,B004OAOJOU,0.2964058220386505,0.005248695611953735
shirt,B00BK77UC8,B00G46E9CY,19,0.2958275079727173,B007JR86O4,0.345786452293396,0.0028012990951538086
shirt,B008BSWH22,B008BSWM4K,1227,0.08753921836614609,B0087B04FU,0.30579042434692383,0.0005246996879577637
shirt,B00597L3W8,B005HJPL0I,72,0.27392271161079407,B006HT3WBC,0.3773222267627716,0.002807527780532837
shirt,B0089ODSU8,B005TX2N6M,464,0.1371186077594757,B00844FELO,0.33400052785873413,0.04005676507949829
shirt,B0026GQET2,B004ZBM5OY,63,0.2382194697856903,B008EF1L5G,0.35861262679100037,0.02458253502845764
shirt,B0090OIMUW,B00A9OC50U,4778,-0.00546267069876194,B0094PKRXM,0.29980921745300293,0.015238374471664429
shirt,B00D0XHGGA,B007V9SGZE,43,0.23346154391765594,B0081ME1GI,0.33541327714920044,0.010792315006256104
shirt,B00CMQ8ZXO,B009SREU1G,241,0.1462743729352951,B00G96C2NC,0.3642064332962036,0.0055945515632629395
shirt,B00C2CZTYG,B00BPDHMCU,14,0.2222999632358551,B000S8Y834,0.27871471643447876,0.03539182245731354
shirt,B00GGR9BSS,B004DCCKBI,175,0.1892676055431366,B0053WWJWC,0.42751216888427734,0.01154625415802002
shirt,B005BN2YN2,B0064DPOAS,60,0.28047770261764526,B00B3PNS5K,0.3840901851654053,0.005307823419570923
shirt,B005EJDQ0S,B006R1IXXW,1,0.33715400099754333,B006R1IXXW,0.33715400099754333,0.020512789487838745
shirt,B005LBXRWQ,B005B4MD0K,1410,0.08424484729766846,B004NIZR44,0.35201168060302734,0.012375414371490479
shirt,B00DOYXAVA,B007R1OAP6,3054,0.028112294152379036,B001CVLKWS,0.2956787347793579,0.0002937912940979004
shirt,B008V2JXTS,B005Y0FUKQ,1298,0.08404122292995453,B000XK9KKI,0.26197299361228943,0.0059701502323150635
shirt,B00AOCAUEK,B00B2ZMJOM,2,0.30050191283226013,B005G4XMFK,0.3120635449886322,0.01156163215637207
shirt,B001FO5LAY,B008X8YET4,1526,0.0683244988322258,B000LBF01C,0.29720544815063477,0.011468201875686646
shirt,B00B92J932,B00DEKLOYO,138,0.2068827748298645,B005DIJSPM,0.35585111379623413,0.00830775499343872
shirt,B001H0F2J6,B004LDLLG4,134,0.19451108574867249,B003K1MIYW,0.3764156103134155,0.038822829723358154
shirt,B00F6FD5UG,B000TUTVXS,2884,0.03430448845028877,B000LVSFX2,0.28084999322891235,0.04428669810295105
shirt,B007QAPB1A,B007EC5YKI,1028,0.08540065586566925,B00BUR8KXQ,0.2738184630870819,0.002912193536758423
shirt,B00AKOIQDE,B00BBFV80E,9,0.2947706878185272,B005VN36Q6,0.3134366571903229,0.002197831869125366
shirt,B003LNPB70,B00FEQ60KY,215,0.1814759075641632,B005CZM4XE,0.367715448141098,0.013945668935775757
shirt,B00A4770HK,B003ZL943A,92,0.22565259039402008,B009B62UIY,0.31297606229782104,0.004959076642990112
shirt,B00DX7Q8O4,B009Z3YN4W,99,0.23220469057559967,B007IJZ2KO,0.3330267369747162,0.0014407634735107422
shirt,B004YO7CFY,B0094IVR2E,2,0.39591073989868164,B00B2ZMJOM,0.4063946604728699,0.010483920574188232
shirt,B003AU61WI,B004AHL5DU,357,0.1579287052154541,B008TOOBWW,0.36817049980163574,0.004135549068450928
shirt,B0046IB5PQ,B0046VB9PE,8,0.2225046455860138,B002BOUBHK,0.2512551248073578,0.002699136734008789
shirt,B0084TQIUA,B0084NYEPW,6,0.3086118996143341,B004ZC5QLC,0.3478279709815979,0.0
shirt,B009CCS6JO,B00G0IUSB2,332,0.12995637953281403,B003TYLO3G,0.32515519857406616,0.029989123344421387
shirt,B00AWK9TGE,B00AX0SS24,1,0.4077385663986206,B00AX0SS24,0.4077385663986206,0.012480705976486206
shirt,B0096LL2W4,B0099MIZH0,28,0.28208374977111816,B005DHVF4U,0.3360474109649658,0.010634005069732666
shirt,B006VJXGAU,B0046IB5JW,683,0.11013177782297134,B004UHPEU0,0.3128543496131897,0.017916977405548096
shirt,B005HWY12E,B007ZTL5US,27,0.26336485147476196,B00B8A4SK4,0.34134361147880554,0.00856482982635498
shirt,B00BHKFFAW,B0015D0PWY,24,0.31819021701812744,B0075MPQLE,0.3698573708534241,0.012441515922546387
shirt,B002NCIAU0,B000PNTVAC,12,0.25179803371429443,B005228AX0,0.316139817237854,0.026186048984527588
shirt,B003L4LYB6,B000RQO9S6,13,0.2685238718986511,B00B1NCXKA,0.3113744258880615,0.009973406791687012
shirt,B00AO1FBBS,B004YWBYNW,464,0.1343172788619995,B00AJ9EZMG,0.3540218472480774,0.0035320520401000977
shirt,B00EOYR308,B000VTMXZU,521,0.12087628245353699,B0081JANLI,0.322013258934021,0.027849972248077393
shirt,B009MMPFOS,B0090UWAVI,31,0.2685657739639282,B005DHVF4U,0.3543931841850281,0.02406325936317444
shirt,B00C5RC12G,B00EI584U6,2508,0.04420007765293121,B00816SVKQ,0.33924371004104614,0.006744384765625
shirt,B00CR90T2Q,B009NI9M3Q,1191,0.09219348430633545,B00CIPIY3K,0.3614891767501831,0.037606894969940186
shirt,B008GXHZ7O,B005G6MYK2,13,0.32795006036758423,B006Z8FZ06,0.3826182782649994,0.008541345596313477
shirt,B00BMR73SC,B00517FPKC,333,0.1611698865890503,B0055D4PBW,0.3423822522163391,0.014861702919006348
shirt,B001S9X34W,B007X5PGQS,20,0.2603202760219574,B008BZANP8,0.3382248282432556,0.02061784267425537
shirt,B00611XBS0,B0001TOMJA,111,0.1977110356092453,B0074AWK4S,0.3226044476032257,0.012924790382385254
shirt,B005W44GZO,B0013L5KI2,277,0.13647203147411346,B00DCUQD7Y,0.28997278213500977,0.034076571464538574
shirt,B007VYRFX8,B000REM4EE,46,0.21497058868408203,B001LNWGDE,0.3237462043762207,0.009435653686523438
shirt,B003T70M3G,B007CCWITA,50,0.22604788839817047,B0081365S4,0.3645298480987549,0.01122504472732544
shirt,B004QMA13O,B00AJJRKLY,175,0.1798962652683258,B005QCQTOI,0.2861616015434265,0.0058438777923583984
shirt,B004QZ9T9I,B007IOX6N4,5797,-0.03503158316016197,B008823MBQ,0.3175274729728699,0.025703847408294678
shirt,B00ELPU4J2,B0094S068A,20,0.299543559551239,B00CYMFFVQ,0.41008877754211426,0.04182744026184082
shirt,B003TP2GXM,B000PHI5L4,44,0.2688167691230774,B0084NYEPW,0.4046853184700012,0.025910526514053345
shirt,B009B5O3NK,B005S2A9SI,1,0.4045552611351013,B005S2A9SI,0.4045552611351013,0.036148130893707275
shirt,B001DDPIKA,B009ZOJJ9K,2409,0.04831510782241821,B00B7E2L8W,0.35481685400009155,0.04200899600982666
shirt,B00DE4GBUM,B007FHZL7S,58,0.22325411438941956,B007ZT9PVO,0.3137063980102539,0.002138972282409668
shirt,B005QCMXCU,B003MS2424,26,0.25393420457839966,B002PDJJ0M,0.3132660388946533,0.0015138983726501465
shirt,B007OXEFOI,B0084DEKW4,1768,0.05842330679297447,B008XMD3BA,0.2776840329170227,0.0030611157417297363
shirt,B007G2OMP4,B00DDPTNS4,2,0.3532187342643738,B0059BIC00,0.36155036091804504,0.008331626653671265
shirt,B0083FXVDC,B00CRVW3LY,1953,0.06754904240369797,B004QZ9T9I,0.39632225036621094,8.183717727661133e-05
shirt,B00CN6W5YI,B0040B640K,5851,-0.052398547530174255,B00B80RFOA,0.3023567795753479,0.0039193034172058105
shirt,B007PCKWDQ,B00DFJODD8,4,0.33192670345306396,B00BR23BMO,0.368766188621521,0.005700737237930298
shirt,B000LQVB9W,B00AWYU432,1479,0.07290954887866974,B00DR2643A,0.3242132067680359,0.009370654821395874
shirt,B0071LPNY4,B000CQXJJ6,1319,0.07554887980222702,B005UQ9WKI,0.3221524953842163,0.0010807216167449951
shirt,B000OTT8N2,B002V4QF9S,646,0.12174753844738007,B008Z9F8UK,0.2867305278778076,0.010680913925170898
shirt,B00337XRJS,B005H98Z9W,105,0.2018558531999588,B004QQJAF0,0.3483640253543854,0.022055387496948242
shirt,B00D01V4OC,B0085UCF3M,635,0.13862544298171997,B004LVO3HA,0.33902785181999207,0.01816067099571228
shirt,B0099694TE,B00580DVJO,8,0.2701921761035919,B0019TVN1Q,0.3182915449142456,0.031185775995254517
shirt,B0084UUHB0,B004Q8J39Q,141,0.17623941600322723,B007TYWH74,0.3161408305168152,0.01160496473312378
shirt,B00686R8MS,B005EJFXKY,50,0.1674022376537323,B004L6HJK8,0.21158510446548462,0.0015097856521606445
shirt,B001SN7QH8,B003WE9084,20,0.23971408605575562,B008UAI8II,0.32518523931503296,0.03187215328216553
shirt,B001TPFF0U,B004JHP10E,47,0.21709653735160828,B006RI31XW,0.3588672876358032,0.0065520405769348145
shirt,B0081D7C7W,B004LE9P8E,3157,0.03848780691623688,B004JKDNB0,0.2621670067310333,0.011277705430984497
shirt,B002U4LDZK,B00CLCERMC,17,0.2954081892967224,B0084OPRIO,0.3414841890335083,0.004236131906509399
shirt,B005K7SZGO,B000NJGSWW,2932,0.030394524335861206,B00A28UVWW,0.29531073570251465,0.006020665168762207
shirt,B00DG9ISYM,B003R50LA4,5,0.295417845249176,B00B1NCXKA,0.30751127004623413,0.0032725632190704346
shirt,B00D6KCEI2,B00642S27Q,17,0.22068879008293152,B007L5BY9S,0.26113077998161316,0.003553032875061035
shirt,B0013FI8JQ,B007XJBQCM,15,0.27496200799942017,B00B4EF1AA,0.3328781723976135,0.007319808006286621
shirt,B007XX6790,B0040I9L12,744,0.09999748319387436,B006NPNCBA,0.28258463740348816,0.010084062814712524
shirt,B006Y5SM2I,B006Y5SYO4,150,0.1867331862449646,B006RI34ZC,0.3199882507324219,0.00700688362121582
shirt,B0012O8DC0,B0084UXV86,109,0.23942109942436218,B0003216GM,0.36614394187927246,0.0007863640785217285
shirt,B00E9M1M5C,B008T3V1YO,18,0.3311557173728943,B005JQ2GP2,0.3763091564178467,0.007062971591949463
shirt,B000OM3WSQ,B00AMBW9MO,2334,0.05965125560760498,B00A8KZAIE,0.29263266921043396,0.025808483362197876
shirt,B00BS7FFQ8,B00BEDXZAY,30,0.27588629722595215,B0078J5W9A,0.3322798013687134,0.008514195680618286
shirt,B004R9DY4E,B002SAV10S,497,0.12227019667625427,B007SO7J46,0.29753538966178894,0.009075790643692017
shirt,B009G0S8CM,B007UNXLB0,27,0.30126404762268066,B00DGLZD7A,0.3903779983520508,0.007083415985107422
shirt,B002HNSH80,B0072ZB1A4,17,0.26576000452041626,B000BNSGDY,0.32376641035079956,0.0003743171691894531
shirt,B000EMLDNC,B00GNCQQ34,187,0.1704956591129303,B00E5OOLKM,0.3227745294570923,0.01819431781768799
shirt,B0087KODVM,B007GB06WI,1,0.2864949107170105,B007GB06WI,0.2864949107170105,0.0064664483070373535
shirt,B0060EYIU8,B00827XZUK,379,0.14639464020729065,B004VPW5Y4,0.3208678960800171,0.009315460920333862
shirt,B003BAEVJ2,B00CWRLCV0,48,0.22902768850326538,B008TOOBWW,0.31502991914749146,0.01483231782913208
shirt,B0001TOMJA,B007FBKECQ,327,0.14456459879875183,B004KVK7H6,0.3390139937400818,0.0022609829902648926
shirt,B00BLQFUX4,B008J8FDAM,8,0.30061668157577515,B00EOYR308,0.37998342514038086,0.005253612995147705
shirt,B0093OQBCK,B00294F366,309,0.14239174127578735,B005KMKG9S,0.270574152469635,0.0004353821277618408
shirt,B000FFB8D8,B004M45KQ4,5,0.25459185242652893,B0071BJQVU,0.29228198528289795,0.01149219274520874
shirt,B00DE1BDLC,B006ID8WAI,1037,0.09659762680530548,B008D567PG,0.2691291272640228,0.0036766529083251953
shirt,B003MSNCM0,B00AR0ARLK,75,0.19062122702598572,B000ODWQK0,0.2985434830188751,0.009035825729370117
shirt,B00AVMPTQM,B007ENRNDI,10,0.2609061002731323,B003XT6BD0,0.31101951003074646,0.025975793600082397
shirt,B00BPXKESE,B0084A8JCO,1,0.33733487129211426,B0084A8JCO,0.33733487129211426,0.013985216617584229
shirt,B007VYS9I8,B005PJSVJS,16,0.30792033672332764,B0085709D8,0.3438429534435272,0.0028007328510284424
shirt,B003GWWK7K,B004S7ERQ4,64,0.29500138759613037,B008FVT2Y6,0.3822100758552551,0.0024379491806030273
shirt,B00CB3D1MS,B001DTIOFU,34,0.22641469538211823,B000BPUVQC,0.2803826630115509,0.011513084173202515
shirt,B005CZM4XE,B00931VPYM,90,0.22655072808265686,B004Q8J39Q,0.31765085458755493,0.01093795895576477
shirt,B00E3OW73M,B00EQV0784,5,0.3282170295715332,B001MG8S82,0.36303555965423584,0.007479310035705566
shirt,B004XMVOPQ,B005OCBIX2,192,0.15369993448257446,B004VE4GF6,0.2649809718132019,0.002869844436645508
shirt,B001DIQ02K,B000JM3A1A,9,0.31667226552963257,B00B1P3ANC,0.35908040404319763,0.02794039249420166
shirt,B003YPJTGY,B0079K5NVK,167,0.18281139433383942,B00ACL9LA2,0.3356434106826782,0.004473835229873657
shirt,B006PGF5HQ,B006JI53NQ,101,0.2021878957748413,B002S0NVEW,0.3466423749923706,0.005406796932220459
shirt,B0055KYMCW,B000F5K9ZQ,342,0.177109956741333,B0013F2JGE,0.3436949849128723,0.0009881854057312012
shirt,B0083SDCOC,B00G37DN5S,27,0.2557123303413391,B00931JHSS,0.3433193862438202,0.005646020174026489
shirt,B00A353SXI,B008OUP3RS,170,0.18133261799812317,B006ZP4SU2,0.3469754755496979,0.02352091670036316
shirt,B00DSY5UOQ,B007679AJ2,97,0.22195762395858765,B009OFQJPW,0.39435601234436035,0.023820459842681885
shirt,B00AJML1ZM,B00CFP6098,1147,0.09525486826896667,B0072HYUT6,0.3221423029899597,0.03973788022994995
shirt,B008B8NS0C,B00B97REHU,1,0.34953680634498596,B00B97REHU,0.34953680634498596,0.00027248263359069824
shirt,B000YDCP06,B000BNZCZ4,18,0.247121661901474,B000P3IFRM,0.34339702129364014,0.03400981426239014
shirt,B005MZ1V4C,B000Y1FWB2,5,0.24031969904899597,B009CYLW52,0.26463979482650757,0.010594367980957031
shirt,B005TL7L5W,B008K7ZNRU,1398,0.0860147476196289,B004R871ZS,0.2787848711013794,0.0017127394676208496
shirt,B008WFQVVW,B008KGWOHS,28,0.3273121118545532,B00006NQ0N,0.3857303857803345,0.0021920204162597656
shirt,B003SZXF3S,B004TTHNIA,974,0.08970095962285995,B00BLS4998,0.3336336612701416,0.013834655284881592
shirt,B0047HKIYU,B006428WQ2,1040,0.09279154241085052,B003PVIL0W,0.2643478810787201,0.0022209584712982178
shirt,B009E9J5HC,B0038OVKR2,148,0.1679481565952301,B00BUIZB1O,0.3221805691719055,0.01707431674003601
shirt,B0020Q11LE,B00CIYDP94,6,0.25383952260017395,B002S788KM,0.2761671543121338,0.007677674293518066
shirt,B007HZ9C6Y,B005EG1LE4,36,0.30217084288597107,B005XHQC8Y,0.35099244117736816,0.0036614835262298584
shirt,B0036XODB0,B0036XMY5M,22,0.29630327224731445,B003WEPEAC,0.3566938042640686,0.0007306933403015137
shirt,B00D6URY78,B0062B5JQQ,45,0.23565921187400818,B003BQTQPA,0.31060561537742615,0.0032070279121398926
shirt,B0012XKATA,B001GEHX1I,426,0.14467138051986694,B0072HYUT6,0.32641810178756714,0.007393240928649902
shirt,B006ID8WAI,B00ARFOX60,16,0.2899484634399414,B00BEDXZAY,0.36515551805496216,0.019711554050445557
shirt,B005TON8VA,B00C03UNC0,358,0.13944393396377563,B00AEJQ7SQ,0.3554084599018097,0.03904932737350464
shirt,B007TXNXA0,B009PXV0JS,61,0.22619642317295074,B00C3EZPK6,0.3473532199859619,0.034051597118377686
shirt,B00CPSDPCU,B001EAQHV6,27,0.28456345200538635,B0019QUS92,0.3868400454521179,0.00377732515335083
shirt,B005HIQ9KA,B005409ELW,339,0.1251496821641922,B007FX9LAA,0.26415497064590454,0.01016324758529663
shirt,B009P73OCK,B00CIBHIO0,318,0.1366046518087387,B005VF64V8,0.3222695589065552,0.03403392434120178
shirt,B005JQ5YBU,B005JQ4WEK,189,0.2035658359527588,B00BCWHW2E,0.36685970425605774,0.022794455289840698
shirt,B0046Q4F28,B00CAAJSYC,182,0.20408211648464203,B0085VJ4Y4,0.35742396116256714,0.023935317993164062
shirt,B003Z6Q7YY,B0059A4A5C,2,0.30469420552253723,B000YVF33Y,0.3240043520927429,0.01931014657020569
shirt,B008LJZV0G,B001RXMRKU,918,0.10448026657104492,B0077DT5SG,0.27036604285240173,0.001989036798477173
shirt,B00AWA4LW6,B006N1KIHK,1,0.354371041059494,B006N1KIHK,0.354371041059494,0.008987456560134888
shirt,B0091VAKBI,B005MKSBAE,1,0.4034181237220764,B005MKSBAE,0.4034181237220764,0.033722370862960815
shirt,B007VHEYAM,B008IJULM2,277,0.16494335234165192,B0012FRM2G,0.3548877239227295,0.0055901408195495605
shirt,B009L4NRSS,B007SH2NT4,20,0.3018171191215515,B005TGMERW,0.4200235605239868,0.0009596347808837891
shirt,B001SN7NRQ,B001BZ6ILS,314,0.15505582094192505,B004GGUA9U,0.377067506313324,0.009307861328125
shirt,B0061S0348,B00AIAIO46,5104,-0.012865551747381687,B00H0DGEQE,0.3036533296108246,0.000506967306137085
shirt,B00AZIAZK2,B001LY2VLK,324,0.13397608697414398,B001S2PQ4O,0.37153542041778564,0.03280198574066162
shirt,B00AZLZ8UQ,B001QVJ6PM,13,0.3245631456375122,B0014QR9QM,0.37961864471435547,0.009993195533752441
shirt,B003ZAH3AM,B004YOA0EE,37,0.22435012459754944,B0085X31DC,0.3160548806190491,0.003538846969604492
shirt,B00BOHU9ZE,B00AKYDNFA,38,0.24827979505062103,B004QY6QKY,0.30187028646469116,0.00292322039604187
shirt,B00BCXL3QE,B007KDGECS,589,0.11232829838991165,B004JHRX5A,0.3635270297527313,0.024172186851501465
shirt,B004U9F624,B003NUSAVU,16,0.29186922311782837,B00AAST0WQ,0.3360741138458252,0.00031426548957824707
shirt,B00CIYDP94,B00BYINGXK,568,0.11771691590547562,B009N517QE,0.3172028660774231,0.0006173849105834961
shirt,B005MKSBAE,B00DUEF8LY,2328,0.049030110239982605,B00CL08O0A,0.30092012882232666,0.0008397698402404785
shirt,B00AX0SS24,B008MJI77Y,40,0.2692194879055023,B008VRQ42C,0.3557969331741333,0.007946640253067017
shirt,B001DYFD6S,B00BMV7WYI,463,0.14020028710365295,B00DM8KA7U,0.31023645401000977,0.01244327425956726
shirt,B004NIZR44,B004RDZ39E,10,0.3347804844379425,B004LVO5KA,0.390164852142334,0.006952613592147827
shirt,B00509BTHY,B00018A9XO,457,0.1299128532409668,B00C26O5DS,0.32757967710494995,0.03748565912246704
shirt,B000J0M6BC,B008TSM9CW,3731,0.019629500806331635,B003SK9GCC,0.31787192821502686,0.018331587314605713
shirt,B00AZ020X0,B006ICWAWA,846,0.09898827970027924,B003CSPUES,0.35213345289230347,0.007967710494995117
shirt,B004W75SW2,B0030DG7TC,39,0.32212400436401367,B00729O5LM,0.39210692048072815,0.009962618350982666
shirt,B001E6GK8K,B0059XUITG,6,0.26075810194015503,B00686QH8E,0.30428940057754517,0.024870634078979492
shirt,B001GEHX1I,B001L4TRKS,1237,0.07845143228769302,B00906L8L0,0.3283630311489105,0.010080277919769287
shirt,B00AQR2JM4,B004OYVAIY,157,0.18269678950309753,B00C68VOYA,0.3564821183681488,0.0003425180912017822
shirt,B004JJVF48,B005OCHMO6,221,0.18349891901016235,B00F96M5LC,0.35395947098731995,0.01300022006034851
shirt,B009T6010U,B009T5NMS4,2,0.3579128384590149,B006P0GUR6,0.3771250247955322,0.019212186336517334
shirt,B005MV00ES,B001L17S0C,95,0.1959272027015686,B0035YJVGM,0.31089407205581665,0.0035021305084228516
shirt,B007T4JJ5W,B00A0UW5HG,13,0.3033371567726135,B0085TF48G,0.3629724979400635,0.01866629719734192
shirt,B0007R8KA8,B0007R8KCQ,23,0.23390595614910126,B001AYANYI,0.32675909996032715,0.0012104511260986328
shirt,B00A74AOSM,B004JF5VJW,477,0.11920403689146042,B004Z5EMUK,0.3584684133529663,0.010639339685440063
shirt,B0089SVHFW,B003BSOLP8,24,0.25081712007522583,B00926S118,0.35447704792022705,0.03025534749031067
shirt,B00AYU2QZ8,B00CBEYFHW,7,0.26841774582862854,B00EW46JWS,0.3081846535205841,0.006448656320571899
shirt,B00CMQ8ZXO,B00765MFB4,38,0.2107260525226593,B0077DT5SG,0.28524982929229736,0.0040843188762664795
shirt,B00D3DB5KU,B005FOP470,81,0.22254128754138947,B004WO12CK,0.3136322498321533,0.011394798755645752
shirt,B00542QOFE,B0091HI4VK,107,0.2115427702665329,B00CRMP2YS,0.35110658407211304,0.010894596576690674
shirt,B002EQ9C8O,B002KGFNS6,583,0.11412323266267776,B004ZC5QLC,0.3554658889770508,0.0
shirt,B002M11IU6,B003QCBBJI,1179,0.07323741912841797,B004ZC5QLC,0.2824174761772156,0.0
shirt,B00BRB2H8O,B00BU7BST4,504,0.10277611762285233,B00C865IWY,0.3313833475112915,0.015859931707382202
shirt,B00AH7QE2Y,B00B2NNXBM,16,0.3307437598705292,B00C9VY1XU,0.3522149920463562,0.0066058337688446045
shirt,B0057XC4P4,B00APU4PO2,4090,0.021616255864501,B00AZUNPNE,0.3122189939022064,0.03227442502975464
shirt,B00816NL4M,B005C1QMSQ,3,0.38884085416793823,B0010B16GA,0.40914618968963623,0.020162850618362427
shirt,B004VG7H4G,B00CRMP2YS,260,0.15198184549808502,B00BFWJK0S,0.3635558485984802,0.010004997253417969
shirt,B00164GQDY,B009D63E2I,89,0.20066815614700317,B008IHM2V2,0.3235645294189453,0.012309134006500244
shirt,B0091GJHGW,B009OX7692,107,0.22135666012763977,B003MRQ37M,0.374061644077301,0.007245242595672607
shirt,B006YYY8UO,B008H7I2L2,8,0.33165013790130615,B005PGGSQ4,0.35634851455688477,0.011471539735794067
shirt,B003HM7PT2,B00640IQFQ,30,0.2101496458053589,B001SN7QH8,0.3414531648159027,0.05423137545585632
shirt,B004VUFJK6,B004B3T6R0,184,0.17956484854221344,B005TF2WUM,0.30344104766845703,0.0025808215141296387
shirt,B000RQO9S6,B00CTPTNKW,1,0.365178644657135,B00CTPTNKW,0.365178644657135,0.07509970664978027
shirt,B006C25WGM,B00DBE0UI4,6,0.2803724408149719,B00BCXLU30,0.3064289391040802,0.007825314998626709
shirt,B00B7SA29S,B00B9DUBMY,355,0.12060414254665375,B00BN3RDDA,0.36181098222732544,0.015911638736724854
shirt,B00B1FCGFU,B000OMGLDY,11,0.28476518392562866,B0083J832W,0.3240617513656616,0.0015038549900054932
shirt,B001F23NH4,B00CACXSU0,120,0.17485347390174866,B004L0KZOQ,0.2854613661766052,0.0027382969856262207
shirt,B000297JN0,B001S2PP5E,104,0.19776350259780884,B009L4ZBNM,0.3154195547103882,0.0049485862255096436
shirt,B009EUI4G4,B007CL304I,48,0.2621842622756958,B00644PHPO,0.37175410985946655,0.05158233642578125
shirt,B0080SUGWQ,B0080SUGXU,4,0.320322185754776,B007XJBPT6,0.3374468684196472,0.00880780816078186
shirt,B00BCWHW2E,B007JGEFZY,40,0.2858678698539734,B0085HBOPA,0.34033793210983276,0.0008041858673095703
shirt,B0059BG2SE,B0056FTFB4,181,0.19252997636795044,B0078KLOH8,0.32535722851753235,0.016628623008728027
shirt,B0041D811M,B00A2CR8R4,601,0.13479921221733093,B00CUA9J5A,0.3221806287765503,0.006979227066040039
shirt,B00BY6SGZA,B0064SJ6EI,1162,0.07633648812770844,B00EABHQPC,0.30579090118408203,0.0014826655387878418
shirt,B005TVEOKW,B005L50K6I,5010,-0.0063318777829408646,B005C6B9UW,0.3799351155757904,0.01985830068588257
shirt,B008JVJI00,B009G81G82,54,0.2816387414932251,B00ALKO5RI,0.34112823009490967,0.007282853126525879
shirt,B00BT0JNWQ,B008YF3AE6,1834,0.07191156595945358,B003XT6BG2,0.32691872119903564,0.0015335679054260254
shirt,B004CTW2HY,B00BE3Z99O,9,0.3081779479980469,B008IHM2V2,0.33046311140060425,0.0005443096160888672
shirt,B00AJML1ZM,B00BJKVKQS,238,0.16808374226093292,B00ALS5IM6,0.3630126118659973,0.00798332691192627
shirt,B00CRVW3LY,B005XI84F2,141,0.20678944885730743,B003P2WHL0,0.36915886402130127,0.010205894708633423
shirt,B00AZLZ8UQ,B006X23XXK,3906,0.023004334419965744,B00CL08O0A,0.2601471245288849,0.010662123560905457
shirt,B00BGVUTBC,B00A42QEE0,292,0.13403618335723877,B00D9JU09A,0.3541540503501892,0.0223158597946167
shirt,B005OK1YZQ,B001UQULU2,841,0.08328898251056671,B000IZRUG4,0.23193660378456116,0.0015883296728134155
shirt,B000GA5YPK,B008HTLHSK,1067,0.10662195831537247,B001LGEQ9I,0.3751254081726074,0.05051732063293457
shirt,B00AZIB77W,B003INE18S,29,0.2649543285369873,B008B10SOS,0.33165132999420166,0.0006498098373413086
shirt,B00DCUQD7Y,B00C2CZTYG,1688,0.05766534432768822,B004U7HY8U,0.3400214910507202,0.023341476917266846
shirt,B00G37DN5S,B00C4RULCE,25,0.262895405292511,B009DI9CIQ,0.322139173746109,0.0009028911590576172
shirt,B0061SL9LO,B00ACE0CD4,32,0.24263694882392883,B003OUW9KW,0.35046273469924927,0.004489153623580933
shirt,B00AZUNPNE,B007E6M3UI,25,0.2895519733428955,B003JY6WY2,0.39217519760131836,0.04237505793571472
shirt,B006Y8Q79U,B005GQC97U,66,0.1989140510559082,B004T5TDKU,0.3183723986148834,0.009756356477737427
shirt,B004QL7B9C,B0078J5Y2U,4,0.3649052679538727,B0028K388G,0.385097861289978,0.01623949408531189
shirt,B0051EPWF8,B008LJZV0G,1,0.3541027307510376,B008LJZV0G,0.3541027307510376,0.03779244422912598
shirt,B000LQVB9W,B006WRED6W,204,0.15706239640712738,B000O5K8LC,0.3286646604537964,0.0055074989795684814
shirt,B000S3P946,B000KOU8E4,56,0.23550289869308472,B003DWGTRA,0.3562629818916321,0.014531075954437256
shirt,B0040B640K,B0059D0Q9I,10,0.2694666385650635,B00CX6BDFU,0.3088836967945099,0.007616609334945679
shirt,B0045MS86W,B005X0QH9A,194,0.15882548689842224,B001SERZCS,0.34878844022750854,0.03627753257751465
shirt,B004VFHTL8,B00605YPSC,583,0.1216890811920166,B001UFVNI2,0.3802453279495239,0.023276805877685547
shirt,B008X6WIBC,B0094D2LWE,942,0.10592223703861237,B007ZL7H62,0.32069718837738037,0.03122076392173767
shirt,B005JQ4FEM,B005LH4FEY,90,0.2623456120491028,B00B7M1O32,0.3636225461959839,0.008601665496826172
shirt,B0083Z6QDO,B007R0I1UC,3021,0.04011869803071022,B008823MBQ,0.2957378029823303,0.0059194862842559814
shirt,B001JTDJZY,B0055AWQSO,2565,0.0366002656519413,B007Q3TXRA,0.27947235107421875,0.003146529197692871
shirt,B00C2DBEY4,B00BNPCQ58,348,0.13410359621047974,B003R4ZAII,0.34601324796676636,0.019605815410614014
shirt,B000JVKHLW,B001U239PU,6,0.26478084921836853,B0060ODA3O,0.29575037956237793,0.006414651870727539
shirt,B004R1RB3M,B004GIVMZO,21,0.2568257749080658,B00CBMGV4O,0.32969361543655396,0.02788996696472168
shirt,B006YDMYCY,B00DH8E2F6,151,0.17996907234191895,B002AT6HYM,0.3126954734325409,0.020093679428100586
shirt,B000GA5YPK,B0002VN7CA,2,0.35517147183418274,B008LK7CAW,0.4014137387275696,0.04624226689338684
shirt,B005HGTEPY,B00AP5DK20,121,0.17675375938415527,B008KYREYS,0.27590733766555786,0.00412142276763916
shirt,B007POLATE,B006ZQH11E,154,0.18682703375816345,B004VEDMJM,0.3565737307071686,0.004098743200302124
shirt,B009DEGOSG,B005TF98AE,48,0.23509803414344788,B005F0NY26,0.36190560460090637,0.06120869517326355
shirt,B0081V2U6C,B00AIXUCG6,330,0.1303715854883194,B005PGGSQ4,0.2885824739933014,0.003239065408706665
shirt,B00BS7FFQ8,B00066ZKS0,715,0.10972321033477783,B001761XAM,0.3601393699645996,0.01778993010520935
shirt,B00AFEOREQ,B009UWZ8H4,59,0.20325005054473877,B006QMKAUQ,0.28403133153915405,0.009020417928695679
shirt,B004KF9LM4,B0049J1RZA,5717,-0.043747685849666595,B005P7DL7W,0.2671274244785309,0.00932919979095459
shirt,B002TUTM4Y,B00877MORU,833,0.09539450705051422,B006PKHQTM,0.2757647931575775,0.005040973424911499
shirt,B006QMKAUQ,B0094JWU0G,91,0.18991731107234955,B0085288EA,0.28872519731521606,0.01164919137954712
shirt,B0077PMHIO,B002NCIAU0,39,0.22988146543502808,B0051VMCEK,0.32053181529045105,0.012333065271377563
shirt,B008HO2HZ2,B00B1DVMN4,128,0.15671920776367188,B00A7ZSCNU,0.28607213497161865,0.021551132202148438
shirt,B0032CO7IO,B0017QFRF4,906,0.08703652024269104,B003QRH0CA,0.2639211118221283,0.013697713613510132
shirt,B00CIYDP94,B007Z8W47C,54,0.22183427214622498,B00CHROXXE,0.31858718395233154,0.009210377931594849
shirt,B001JP5KAA,B0013WHNO0,401,0.12637990713119507,B0083Q0GE8,0.2983536124229431,0.004546821117401123
shirt,B000BQ09GS,B00ASK99IQ,958,0.09278778731822968,B0012M4VB4,0.25829029083251953,0.005639195442199707
shirt,B009E5ZBBU,B005G7QM5E,200,0.156924307346344,B00G8QCD50,0.294868141412735,0.015325039625167847
shirt,B006Z8HHGQ,B0053WWJWC,32,0.2342163622379303,B0026GXEZY,0.31288331747055054,0.013825207948684692
shirt,B007RGHP1W,B009BBDBGY,570,0.12663273513317108,B0084G4OKO,0.279442697763443,0.04116261005401611
shirt,B001GU03DC,B00106YNM4,45,0.20000892877578735,B007MP2BW6,0.2905679941177368,0.002981513738632202
shirt,B00FFKQ3LK,B00006M7NJ,1723,0.07981488108634949,B00CMTB5GU,0.40166175365448,0.07432353496551514
shirt,B000VTIH5A,B008LOFIVS,287,0.13530276715755463,B009VI0H7S,0.27086666226387024,0.011829555034637451
shirt,B00D3T6XG0,B00E5G71Z2,181,0.1726130247116089,B00BIXSIIO,0.3319595456123352,0.01661127805709839
shirt,B00G3ZMAJU,B00D9ZW3I0,1445,0.08460383117198944,B00AF66GQG,0.38026726245880127,0.006264388561248779
shirt,B003J5CFXS,B005XQRSBU,1,0.36966174840927124,B005XQRSBU,0.36966174840927124,0.021698832511901855
shirt,B004ZM3VVY,B00EW46JWS,2,0.33143550157546997,B008LWSZX8,0.3459863066673279,0.01455080509185791
shirt,B004G71M28,B005XHQC8Y,27,0.2672750949859619,B005CZM4XE,0.334111750125885,0.013416826725006104
shirt,B000NZW3JI,B0036UG48S,3,0.3033924698829651,B001AYANYI,0.34058648347854614,0.03600221872329712
shirt,B008075ZCS,B004BHYA9U,2016,0.0652487725019455,B001E2038M,0.30369120836257935,0.015864968299865723
shirt,B007UNXLB0,B003674EUQ,3844,0.02097257412970066,B005DVRUNQ,0.3533981442451477,0.0040753185749053955
shirt,B00642IYH4,B0050YAQ6O,102,0.15650196373462677,B00A6ZEW5S,0.28659528493881226,0.020165950059890747
shirt,B008MWGSHM,B005MZ1V4C,34,0.21798518300056458,B001VAF1G6,0.28323453664779663,0.015160828828811646
shirt,B006ID8WAI,B00AFU8P2K,55,0.24767909944057465,B00E1HXBHM,0.3421648144721985,0.005877315998077393
shirt,B006ZU9X16,B009EB1WBW,135,0.19844099879264832,B006042IYG,0.39428460597991943,0.006224691867828369
shirt,B00C28CCQS,B005X0RQ2C,37,0.23677362501621246,B00B4EF1AA,0.3966827988624573,0.06870469450950623
shirt,B009ZYQ8RQ,B0037OBZT6,204,0.15753695368766785,B003BZ8D8M,0.31620118021965027,0.008562684059143066
shirt,B00C4RULCE,B008YCX5DK,8,0.3191925883293152,B003XRDBAS,0.3615524172782898,0.018774092197418213
shirt,B00B92J932,B0041I3CNO,2952,0.032912589609622955,B00380DSDU,0.3037354350090027,0.005673408508300781
shirt,B002TUTMCG,B0015IP9XO,6,0.3042221963405609,B002WYKF02,0.33578234910964966,0.01807922124862671
shirt,B006Y5SM2I,B007X2DKWS,53,0.2445189207792282,B00B4EF1AA,0.37967389822006226,0.029476165771484375
shirt,B0045MS86W,B00563YWUA,2049,0.05317055061459541,B0077DT5SG,0.30452996492385864,0.00595894455909729
shirt,B00E80PTRC,B009F7NHDQ,41,0.2778182029724121,B0058XU98M,0.36294281482696533,0.006606996059417725
shirt,B00ELPU4J2,B00AXOZ1XO,33,0.27132219076156616,B004G54QUK,0.33816415071487427,0.003793090581893921
shirt,B00CXGH84A,B00CL5IDQK,38,0.23213139176368713,B007JLDPPA,0.36052894592285156,0.033760786056518555
shirt,B0053DV6AW,B008N67V8W,52,0.22966574132442474,B00GXF7CCK,0.3098999559879303,0.0019126832485198975
shirt,B009X6CURI,B00BWJ8T5G,86,0.21835747361183167,B000BZGDDM,0.3531761169433594,0.024180233478546143
shirt,B0014C09VI,B0039OO0R8,57,0.2090359628200531,B000YDGG60,0.32341429591178894,0.005356013774871826
shirt,B0046RDF00,B008UA22US,140,0.25032398104667664,B008FVT2Y6,0.3968704342842102,0.01980087161064148
shirt,B002ZWYQ74,B0072D8384,47,0.21969377994537354,B001SERZCS,0.32429295778274536,0.029277145862579346
shirt,B00DOV9UJY,B00DYY7QO2,52,0.25795477628707886,B003JY6WY2,0.3646085262298584,0.03650164604187012
shirt,B003IBGLN8,B003BGKDA2,43,0.20336973667144775,B008SF207K,0.30740758776664734,0.013457834720611572
shirt,B00AAQT6ZY,B00EM2ITEG,112,0.19868029654026031,B00B80K0K6,0.30108505487442017,0.007227718830108643
shirt,B004UIOL3K,B00389XFCA,1,0.28392690420150757,B00389XFCA,0.28392690420150757,0.01674860715866089
shirt,B005LLE270,B007FBL1ZA,1798,0.07280723750591278,B009RVTT4G,0.31293725967407227,0.006771862506866455
shirt,B007PIYT8O,B00BWJXU2S,966,0.08890996128320694,B005S6YGO2,0.3169589042663574,0.015375375747680664
shirt,B007WMC41C,B006LM75XG,434,0.1583455502986908,B008SAGOWW,0.3187814950942993,0.001644045114517212
shirt,B005XO5K3U,B00CIAX7WS,18,0.21861419081687927,B008HK470O,0.4034309983253479,0.014931142330169678
shirt,B005LA76RO,B00BU12D0I,104,0.2669311761856079,B008Y0WFHE,0.3792540729045868,0.0057434141635894775
shirt,B0080F3536,B006NR72OQ,5,0.3065987229347229,B00A353T14,0.32751700282096863,0.013759523630142212
shirt,B005E7KJPK,B00BEIGTTI,5970,-0.05721081793308258,B005F0NY26,0.3042033314704895,0.06102219223976135
shirt,B000E22CFA,B00DEO35PQ,230,0.12603937089443207,B002UKTZM2,0.3591170907020569,0.0051923394203186035
shirt,B0047WT8AK,B00BPETZV0,76,0.2532058358192444,B009ZHNKGA,0.3475673794746399,0.012205541133880615
shirt,B000PHI5L4,B008B5HO2S,7,0.2819136381149292,B008EF1L5G,0.3621990978717804,0.04336652159690857
shirt,B00B28FJ1E,B00B7PLEUM,4,0.31497395038604736,B00BE3Z99O,0.3507813513278961,0.012578099966049194
shirt,B007DJ3436,B0035MGPW2,2454,0.05635048821568489,B00BLQH30W,0.387468546628952,0.020143896341323853
shirt,B0089681FI,B00C6A4LL6,1,0.32728201150894165,B00C6A4LL6,0.32728201150894165,0.010493278503417969
shirt,B00305G3QC,B002MO7EAQ,103,0.22876010835170746,B0002FHIMQ,0.38036441802978516,0.012252360582351685
shirt,B0053DV6AW,B00AQOFCBW,8,0.3208003640174866,B00BUIZB1O,0.35410380363464355,0.00021922588348388672
shirt,B00CDL2BX8,B00CP1XSRO,32,0.2893594801425934,B0085O4Q7Q,0.3745731711387634,0.022979557514190674
shirt,B0017ZBREA,B004Y9NQ1S,603,0.1172122210264206,B00BCWHW2E,0.31978827714920044,0.021685421466827393
shirt,B003MU9OB6,B009WN94IK,152,0.21608369052410126,B008A5FYBW,0.40532368421554565,0.0013835728168487549
shirt,B001M0MYCE,B007HRO9B0,173,0.19685642421245575,B002OV5EJU,0.3758615255355835,0.015035152435302734
shirt,B00BMPMJ6U,B009B0QAV8,579,0.11212478578090668,B00AWA4JPA,0.2819156050682068,0.0015890300273895264
shirt,B00AWDQ1P8,B009WVK4OA,138,0.17759601771831512,B003AU631M,0.2749040126800537,0.0007418990135192871
shirt,B0083F5810,B00BCWHW2E,48,0.21567748486995697,B007RJG5J2,0.3378083109855652,0.014331132173538208
shirt,B009A87P9W,B003DQKR1A,888,0.10779976099729538,B009F7NHDQ,0.3483501672744751,0.037568628787994385
shirt,B002PA0BWK,B006VK77MM,50,0.26104235649108887,B005JFAIQ2,0.3488198220729828,0.002849400043487549
shirt,B00BD2XFGK,B00FPT2XU6,239,0.18961048126220703,B009DCZT8Y,0.30863726139068604,0.0017081499099731445
shirt,B007907Y6W,B00BN9YLZ2,979,0.11176887154579163,B003FWLRD4,0.2698364555835724,0.0015384256839752197
shirt,B0016LURJ6,B006MORDT4,129,0.19874337315559387,B0039AYRU2,0.36523714661598206,0.05456271767616272
shirt,B0094IWPZM,B001G0QZ16,209,0.15936614573001862,B00BP47QWK,0.3164478540420532,0.014010190963745117
shirt,B0080F3536,B00D61JOKM,65,0.20894503593444824,B005LBX3C0,0.3498668968677521,0.011348515748977661
shirt,B004KSSKXW,B00B40E1K0,76,0.23567578196525574,B00B8Y7ZAK,0.34835004806518555,0.022267580032348633
shirt,B00D2VY082,B00BDH4Q4A,48,0.20013821125030518,B007DJ2UK4,0.306999146938324,0.04579043388366699
shirt,B000JVKHLW,B004D8FPRS,550,0.12220863997936249,B00ERD11QS,0.33409345149993896,0.02329656481742859
shirt,B0085IG1NY,B004NNUWDK,20,0.2752815783023834,B00BEZ7YU4,0.35553330183029175,0.006777048110961914
shirt,B006R1IWZQ,B0095STQ6C,88,0.1896248459815979,B000PW38Y8,0.30571800470352173,0.008926451206207275
shirt,B0098YLOJK,B00C9T2WBA,3721,0.02335246093571186,B00ARCXAHG,0.24319623410701752,0.004134044051170349
shirt,B004QQ5IMO,B004GEC9V4,686,0.11779594421386719,B007R1OJ7A,0.35542744398117065,0.05517706274986267
shirt,B00CDT7FHM,B00DCUQD7Y,121,0.17404694855213165,B000WK5FXK,0.2790292799472809,0.000486522912979126
shirt,B009GFMPIU,B000TPFU2Y,257,0.14659976959228516,B000Q53KRE,0.3534082770347595,0.012009263038635254
shirt,B00DQDA9HC,B00DE0P8GO,190,0.1657889485359192,B003RG34W0,0.2928769588470459,0.013261526823043823
shirt,B00D2VC7VY,B006HT4EF0,182,0.17528505623340607,B00D6URY78,0.29150229692459106,0.012888312339782715
shirt,B007JSCBD0,B000KD42BK,25,0.26329106092453003,B008P07SDE,0.32753685116767883,0.007057368755340576
shirt,B00C2RX5QU,B00E4AE148,47,0.19926753640174866,B002W8LPOI,0.26875242590904236,0.01076894998550415
shirt,B0036XOP54,B000NX7JM6,8,0.324720561504364,B000TPFU2Y,0.3547529876232147,0.009481102228164673
shirt,B003E6UMPK,B00AB6Z3TQ,703,0.09184069186449051,B00AAF3N22,0.32930752635002136,0.01050671935081482
shirt,B00CBU9L4I,B004DTCFCA,172,0.14859706163406372,B007TXNXA0,0.23988454043865204,0.0028530359268188477
shirt,B009RQPIQ4,B005GHBKNI,151,0.17343677580356598,B00DR2643A,0.27486687898635864,0.018013596534729004
shirt,B008CLE0RI,B003SE6GY4,92,0.1891748309135437,B00DBFAZB0,0.33757686614990234,0.014554053544998169
shirt,B000I2Y16Y,B002Z2SFZ8,1767,0.0770476758480072,B001BWCHLG,0.2863944470882416,0.02422359585762024
shirt,B0051GDT4M,B002KG4U7G,422,0.12871643900871277,B0045889NS,0.2821669280529022,0.010633617639541626
shirt,B00EFZ786K,B008T479JO,4,0.3185575008392334,B004R0XJM0,0.33027756214141846,0.0005620718002319336
shirt,B004IUXQMM,B00A9PLAEG,3,0.27050328254699707,B00706XMX4,0.3298689126968384,0.04257670044898987
shirt,B0045VQCWA,B003TQ05QQ,41,0.20983892679214478,B00DCUQA7M,0.27937495708465576,0.011262714862823486
shirt,B007SYAVNC,B00BI886DG,2573,0.05107569694519043,B00DEI25ZI,0.36833351850509644,0.0182836651802063
shirt,B003HNA8WW,B0000ANEC9,1,0.390337198972702,B0000ANEC9,0.390337198972702,0.02397105097770691
shirt,B00018A9XO,B0019IT79C,18,0.22125297784805298,B00ALKO5RI,0.2780640125274658,0.013277649879455566
shirt,B00BF7T4C2,B00FEJEM6K,3391,0.03929230198264122,B009SOQ788,0.28519222140312195,0.012777239084243774
shirt,B005FS7LEK,B007GF53EK,141,0.26185309886932373,B005LA7MRI,0.40425652265548706,0.003698498010635376
shirt,B003IRMJYW,B009QR9DT2,343,0.13066470623016357,B00AIITKFK,0.3227492570877075,0.04112088680267334
shirt,B007KDGECS,B004BHVIDQ,2265,0.0562320202589035,B001MIMB1A,0.3587319850921631,0.042640864849090576
shirt,B005OQ0QDG,B00A6VKWEW,1,0.3364253640174866,B00A6VKWEW,0.3364253640174866,0.044978439807891846
shirt,B00EYGE7X2,B005IGB4TC,24,0.26507046818733215,B008CXW8CK,0.34163326025009155,0.022494912147521973
shirt,B000JILAW0,B00B07YQLG,5,0.38946783542633057,B00DEKLOYO,0.40282750129699707,0.007517009973526001
shirt,B00C6AOL2K,B00B2QC36K,527,0.1135881245136261,B0081ST50O,0.32022514939308167,0.007282048463821411
shirt,B0015GOC66,B0015IJ5MU,22,0.28353121876716614,B0014C09VI,0.3573981523513794,0.005850553512573242
shirt,B0087VDBP0,B0041A4L8C,1069,0.08599694073200226,B00ASK99IQ,0.31761878728866577,0.03568437695503235
shirt,B00CMI6PSY,B005NYC4NE,242,0.16720795631408691,B00AN9K6DE,0.3691664934158325,0.034475117921829224
shirt,B002Y7ABEC,B004QS6S12,103,0.22079455852508545,B00FG2XIR4,0.3606300354003906,0.0066567063331604
shirt,B008ES82T6,B007908AME,2,0.31491735577583313,B002DP8NB8,0.3197394609451294,0.004822105169296265
shirt,B0041EIXIM,B0000C2VLK,7,0.3012358546257019,B004GEC6G2,0.3238173723220825,0.0019440650939941406
shirt,B0016BI1P8,B004ZSHZ42,49,0.18811935186386108,B0024V5VKM,0.32276320457458496,0.0079287588596344
shirt,B001LQG1N2,B00CBMGV4O,4248,0.012083839625120163,B000INV8FK,0.33163660764694214,0.005780577659606934
shirt,B0089681FI,B00BIKAEUW,305,0.1480410099029541,B008QT38YW,0.33616089820861816,0.014868289232254028
shirt,B003V1W8G4,B004I0F0LW,660,0.12572604417800903,B005MZ1V4C,0.3107856512069702,0.02752995491027832
shirt,B004M5I1R8,B005FOSOPY,776,0.10536268353462219,B00C518TIM,0.3025723695755005,0.01265379786491394
shirt,B00CIA7QKW,B009NB1DH6,35,0.2254210114479065,B00BMR73SC,0.3217523694038391,0.028773248195648193
shirt,B004Q3PSU4,B004EHYK5G,203,0.17565730214118958,B004NIZR44,0.36071595549583435,0.01431456208229065
shirt,B0083I6W08,B001CK7TGA,6255,-0.08338768035173416,B006U6ENVK,0.31184929609298706,0.027427315711975098
shirt,B007T4JJCK,B004M8RY82,191,0.16688668727874756,B008OTOM12,0.3380405902862549,0.015049666166305542
shirt,B003I86JVK,B0095WFOW8,164,0.2124551236629486,B00C8660N0,0.36418449878692627,0.008321583271026611
shirt,B000JI5NY6,B00A8YTGJE,2,0.3341209292411804,B007U6TYUY,0.3346264362335205,0.0005055069923400879
shirt,B009UWZ8H4,B00AB2NZN6,76,0.18381769955158234,B004BHYA9U,0.27026280760765076,0.00081634521484375
shirt,B009P8QMWS,B0052YY01E,1680,0.06955131143331528,B00851M3YW,0.2978883981704712,0.006519705057144165
shirt,B006VJXGAU,B00A64UD4I,702,0.10018163919448853,B0031M42SK,0.2889696955680847,0.005030930042266846
shirt,B004B2XMPI,B005Q0B9ZY,28,0.29926127195358276,B003QCGEVS,0.404729425907135,0.008441030979156494
shirt,B0085X1DLE,B009XE4MIA,240,0.14658117294311523,B008K1QJ5G,0.2799168825149536,6.321072578430176e-05
shirt,B007IDFV9M,B00A0NDRUC,45,0.2734193801879883,B007BMSSW2,0.34565794467926025,0.005987077951431274
shirt,B004VFHTL8,B004D99N4S,1334,0.07422716915607452,B0083V1912,0.35245221853256226,0.0030385851860046387
shirt,B000HEC75U,B00BWUD43W,2883,0.042754851281642914,B003CNVMH2,0.3131462335586548,0.011185318231582642
shirt,B0052IW6MU,B00C2RX5QU,2,0.2914432883262634,B0071BTE94,0.2964339852333069,0.004990696907043457
shirt,B004RL9ZEU,B00593FR24,54,0.25954294204711914,B0092KSEB6,0.3224566578865051,0.00236433744430542
shirt,B0028TS5X0,B00EYYBPSO,160,0.17126405239105225,B00DGCXJ0W,0.32747387886047363,0.03218996524810791
shirt,B001M0MWSK,B005AJNKEE,1118,0.08239085972309113,B008LOSIZ6,0.34448301792144775,0.006949663162231445
shirt,B00C4YRJKO,B00DL7PRD4,2791,0.05071214586496353,B008CP95LA,0.2743891477584839,0.007310152053833008
shirt,B002RADJQS,B002RIPC92,46,0.24049900472164154,B00C3TELTM,0.32438066601753235,0.016080230474472046
shirt,B00BXQTGGY,B004UIOL3K,9,0.3012467324733734,B000EMLDNC,0.3730282187461853,0.011407017707824707
shirt,B004M8R9O6,B004M8R9MI,1,0.3655153512954712,B004M8R9MI,0.3655153512954712,0.05912142992019653
shirt,B004UJ14RU,B00AU4OKW0,1708,0.06602586805820465,B002YGT08G,0.34859466552734375,0.0004222989082336426
shirt,B005967P9Y,B007QPA6M4,2110,0.06739101558923721,B003HM7PT2,0.30343958735466003,0.008134394884109497
shirt,B000YHF5K4,B003HLWPOI,30,0.22104588150978088,9789814259,0.3073744773864746,0.020451873540878296
shirt,B001713ND2,B004Z1828C,5973,-0.021987397223711014,B007TM9B70,0.31027841567993164,0.0008198022842407227
shirt,B001PJ6ZX6,B001PIQSDY,1,0.36186206340789795,B001PIQSDY,0.36186206340789795,0.02721315622329712
shirt,B003INE18S,B00AZIB77W,1,0.3708688020706177,B00AZIB77W,0.3708688020706177,0.0030731558799743652
shirt,B005I4MIO4,B004FOCCA8,110,0.22834044694900513,B00GXFHVYE,0.4105151295661926,0.027297675609588623
shirt,B007Y2VXGW,B004A0BU3C,72,0.2565472424030304,B002M11IU6,0.34203869104385376,0.00017881393432617188
shirt,B00CQ3O38Y,B005C91FL2,21,0.2570588290691376,B007VYSBSG,0.3135921061038971,0.011158496141433716
shirt,B008LWT8L6,B003IWGZQA,7,0.34954920411109924,B00DN6JHNE,0.37174028158187866,0.0061175525188446045
shirt,B005FSPIQS,B0092KSEB6,91,0.2405470907688141,B004A0BU3C,0.34878969192504883,0.013408392667770386
shirt,B007CCUJQE,B003YGUW6E,188,0.1820397675037384,B0098ZHBY6,0.29635804891586304,0.003792703151702881
shirt,B005X71DGK,B003VTZ82C,3,0.35512834787368774,B008JY0X4W,0.3596341013908386,0.0013502240180969238
shirt,B001J7LLOC,B002IL3QHS,33,0.21508222818374634,B00DDM88R4,0.2737795114517212,0.003923952579498291
shirt,B00CJLMHKO,B0032FPQ5E,437,0.1205676794052124,B0041I3CNO,0.24730774760246277,0.007845178246498108
shirt,B00C2B0ESS,B00EDT0SME,25,0.3303866386413574,B007BMSSW2,0.35637208819389343,0.003118366003036499
shirt,B0036XL2XW,B00GTTLEZQ,5,0.33313196897506714,B000TPFU2Y,0.3552263379096985,0.002726256847381592
shirt,B000783T2Q,B0002X4OES,15,0.284903347492218,B004W0ZVA8,0.3303886651992798,0.022825300693511963
shirt,B003TMYVMO,B000KW4LIA,328,0.15397033095359802,B00B2ZMJOM,0.344381719827652,0.0027711093425750732
shirt,B006ZJUB8G,B001KAFI6U,9,0.3137701749801636,B00926S118,0.36389997601509094,0.0337698757648468
shirt,B00AREH9TO,B007GQ060K,237,0.15233132243156433,B008QV2Z76,0.3650243878364563,0.03126215934753418
shirt,B000QGPYP4,B008GNPWNI,6072,-0.05263904109597206,B0077DT5SG,0.31149059534072876,0.0012108087539672852
shirt,B0042RUEJY,B00BXEQ132,64,0.2868663966655731,B0085709D8,0.3883626461029053,0.00770452618598938
shirt,B005AJ1Q7M,B007E9T5EC,2,0.2903467118740082,B00BT90QDW,0.3303065598011017,0.039959847927093506
shirt,B001CWN1A6,B001L0ZVIE,2,0.3632699251174927,B008EF1L5G,0.3743003308773041,0.011030405759811401
shirt,B00B02JOHM,B00B1OE4T2,1688,0.05812206119298935,B002AT6HYM,0.27268341183662415,0.004938244819641113
shirt,B008QU0HJ0,B008CXZBG0,15,0.25072789192199707,B00BV2QEV0,0.2984357476234436,0.0036293864250183105
shirt,B008MATL6Y,B001FBEFFY,103,0.2368200123310089,B0002FHIMQ,0.381102979183197,0.012899696826934814
shirt,B00542QOFE,B00347D72Y,183,0.17769834399223328,B004KVK7H6,0.36310166120529175,0.004409193992614746
shirt,B006YOPUME,B00DV0BIE8,56,0.2311597466468811,B00CN9LEQK,0.31388479471206665,0.007475316524505615
shirt,B008P4ZQMU,B00BYIUQXS,33,0.2157135009765625,B0007T4JBU,0.2814224064350128,0.0024473369121551514
shirt,B001B14H6K,B00B4A2D6Y,33,0.20312142372131348,B007JR83CE,0.26385390758514404,0.010711669921875
shirt,B005XS00E0,B007XT82VU,6,0.3066336512565613,B0098GE6OI,0.3440166711807251,0.019308388233184814
shirt,B00DEO56HQ,B005518UFQ,39,0.20087170600891113,B00D0XI5LA,0.26942530274391174,0.001348346471786499
shirt,B003CMJKGI,B00C518TIM,1,0.3389434814453125,B00C518TIM,0.3389434814453125,0.006781339645385742
shirt,B008J8MLD4,B0062QVQEK,18,0.2976643443107605,B004J1MPFE,0.3482576012611389,0.0008392333984375
shirt,B00AZLZ8UQ,B00008JPSN,13,0.32981204986572266,B009MECX5U,0.37839093804359436,0.007434278726577759
shirt,B007I6HU02,B0089MUPWO,55,0.26130375266075134,B004ZC5RWK,0.34929388761520386,0.0
shirt,B004Q8J39Q,B0051VMI3K,992,0.09680603444576263,B007JQKD7S,0.33436083793640137,0.0009338259696960449
shirt,B004UIOL3K,B007984YLM,105,0.19155016541481018,B009QR8VNQ,0.3236788213253021,0.008197575807571411
shirt,B001FBQ8L8,B004GIYGBQ,27,0.3271782696247101,B007TXSQ6G,0.38244539499282837,0.024750113487243652
shirt,B00AKAD912,B00D6QT5II,2,0.3186618685722351,B001B14H6K,0.34929099678993225,0.030629128217697144
shirt,B00C2WTGEU,B00A7ZSCNU,22,0.23536831140518188,B006ID8WAI,0.2954622507095337,0.02382752299308777
shirt,B001G2AEEI,B00ELWDOV0,770,0.09684568643569946,B007ENRNDI,0.2889977693557739,0.005335509777069092
shirt,B005F0NY26,B00DSNQSNY,132,0.207759827375412,B0099MJ7M2,0.3167453408241272,0.002037644386291504
shirt,B0077UO9PS,B0077SXLPO,34,0.2506581246852875,B000EXUEZ4,0.33365073800086975,0.0025499165058135986
shirt,B0047ERHJM,B0041EM9NM,44,0.1982089877128601,B00ASK9HGA,0.30385327339172363,0.02460584044456482
shirt,B005K7SZGO,B003SSVYXI,12,0.28215715289115906,B001SN7QH8,0.3776237368583679,0.02104640007019043
shirt,B005KXL6TQ,B00FJW4OGK,337,0.14188385009765625,B00DR2643A,0.26073789596557617,0.01789948344230652
shirt,B007W4YUFI,B00BJHF36O,5254,-0.008970491588115692,B000L3XSBY,0.29032158851623535,0.0023064017295837402
shirt,B009XDKZ3M,B00CJR3NUQ,14,0.3164767622947693,B0062AMFPA,0.35292309522628784,0.013767659664154053
shirt,B003YOPRJS,B003R4ZLE6,31,0.26841139793395996,B009W84IN6,0.36274588108062744,0.007628262042999268
shirt,B009R7SGQW,B00CPOQX1Y,5,0.26007145643234253,B00CJS9W7S,0.2993013858795166,0.02752932906150818
shirt,B0051PMW8W,B003LMVYRW,177,0.18685093522071838,B00CQLJ1Y2,0.3647409677505493,0.033057570457458496
shirt,B0038OVKR2,B005TDPITQ,212,0.1818547397851944,B009DI9CIQ,0.35736793279647827,0.011456787586212158
shirt,B00AHEZ29I,B004T5TDKU,37,0.2024882435798645,B000YICIYE,0.3442484140396118,0.032699018716812134
shirt,B004F9QDFS,B008KAC0E6,4,0.31354162096977234,B003QCGEVS,0.34522145986557007,0.026564836502075195
shirt,B0085IFWRA,B003LNPB70,262,0.15590563416481018,B009SF0J1I,0.33568376302719116,0.005275368690490723
shirt,B005XXYY2O,B0015GIECO,73,0.2447224259376526,B004W75SW2,0.4028092622756958,0.000771939754486084
shirt,B0038R5UDE,B00325MG16,1,0.3366748094558716,B00325MG16,0.3366748094558716,0.03264138102531433
shirt,B005TG0JTW,B007IDM3B6,15,0.2430533468723297,B00BPXKESE,0.2974843978881836,0.014561325311660767
shirt,B000QHEOR2,B00AEJP21E,59,0.26900041103363037,B004GTM7I4,0.3711685836315155,0.023988664150238037
shirt,B00AJML1ZM,B0081MAU7M,20,0.24424150586128235,B00018A9XO,0.3312622606754303,0.012263178825378418
shirt,B007SO7J46,B0089H17MG,100,0.16123101115226746,B0077DT5SG,0.272552490234375,0.003358393907546997
shirt,B00BYQDJH0,B006FKPRU2,304,0.14681220054626465,B00CR90XDG,0.35061973333358765,0.013723880052566528
shirt,B00ELPU4J2,B00CJLPB9I,4313,0.0030816253274679184,B0015GMX80,0.29560109972953796,0.005443751811981201
shirt,B003RW8XFW,B001TPFF0U,249,0.15272942185401917,B009XEA5C2,0.29042282700538635,0.0014922618865966797
shirt,B007907Y6W,B005KQX65U,100,0.20368683338165283,B00C0CNKTE,0.33135461807250977,0.001591801643371582
shirt,B0085X1RZQ,B008F39HRQ,38,0.24924929440021515,B006ZP4OZQ,0.32400649785995483,0.002655506134033203
shirt,B002WE9S7I,B00D1G6Y2S,30,0.24350446462631226,B005U70DK0,0.2977871894836426,0.01413041353225708
shirt,B004D99N4S,B00A0HWUY2,38,0.1882888376712799,B0014C09VI,0.2587070167064667,0.0017549395561218262
shirt,B007IGKR52,B009EOYYNW,25,0.31086111068725586,B0068YW1EA,0.3844967782497406,0.010141253471374512
shirt,B005C91IGE,B00AEJPB7O,74,0.19178327918052673,B009X97PHK,0.36084944009780884,0.040716588497161865
shirt,B00EKT8ASG,B002CWNJXY,34,0.2699732482433319,B008EIXL38,0.32913458347320557,0.009387820959091187
shirt,B009XE4MIA,B0068OOI0A,704,0.1031312346458435,B007KDGECS,0.3169907033443451,0.010921239852905273
shirt,B00AKR3VPO,B001C1I46S,5,0.33035004138946533,B0092UH97G,0.3914026618003845,0.04230833053588867
shirt,B00E3MZ286,B00F8D1UQM,393,0.1436862349510193,B0090WZV4E,0.36291182041168213,0.01229715347290039
shirt,B00B7P6FBK,B007K3JLUU,170,0.16185826063156128,B003R4ZAII,0.34056106209754944,0.007279783487319946
shirt,B00EDOCC82,B001C4AYBI,2,0.3157189190387726,B004HZFI9C,0.3661614656448364,0.05044254660606384
shirt,B00BP4RT2C,B003FGW8MO,1,0.3708620071411133,B003FGW8MO,0.3708620071411133,0.047350674867630005
shirt,B008K1QJ5G,B00B296GYC,150,0.17421889305114746,B00GGNHQ4S,0.2917248606681824,0.0013994574546813965
shirt,B007JQL71E,B00CHVAB5E,57,0.26243090629577637,B008P07SDE,0.36208397150039673,0.01251077651977539
shirt,B008K1QJ5G,B00B8ACUXQ,1010,0.09655402600765228,B0081TJWXI,0.3446144461631775,0.0010314583778381348
shirt,B00BSY0YQC,B0085FSWVQ,2243,0.03254922479391098,B000PNTVAC,0.3359665274620056,0.025760889053344727
shirt,B00517ABLA,B00517AX5O,25,0.24054595828056335,B006Y5SM2I,0.31982988119125366,0.009930193424224854
shirt,B008AOZ2B0,B000LUSGD2,111,0.1781262457370758,B00CGBYK1Q,0.32884472608566284,0.019616305828094482
shirt,B00ELPU4J2,B00F0DU0HK,27,0.20998956263065338,B000M12Z28,0.29813510179519653,0.012128770351409912
shirt,B0065ZE500,B00C4O1JSW,19,0.24119868874549866,B00BV2Q7NK,0.3286575376987457,0.025883406400680542
shirt,B00BAXTUN4,B001COZVCU,197,0.1625925600528717,B0081TUBCY,0.32401931285858154,0.002520322799682617
shirt,B004YWBYNW,B006Z8EV4W,33,0.3106458783149719,B000BZGDDM,0.3771514296531677,0.014029383659362793
shirt,B0012GILRK,B003ZHH21A,43,0.29520246386528015,B00CIZI8Y0,0.380936861038208,0.002947866916656494
shirt,B00ABU0V4Y,B003RG34W0,44,0.19197261333465576,B008AOZ2B0,0.2504846453666687,0.002431154251098633
shirt,B00BIFZU4C,B004Q3PSU4,2,0.3931865096092224,B007TXSQ6G,0.3967348337173462,0.0035483241081237793
shirt,B00A4LJAG0,B009A3N3T8,1053,0.10671888291835785,B0080PN3RY,0.3298230767250061,0.0011083483695983887
shirt,B00FCM3K6C,B0067EWIK8,45,0.24062775075435638,B004OWANWA,0.34060537815093994,0.010884463787078857
shirt,B008RMD8M0,B0060EYIU8,126,0.20268473029136658,B0081ME1GI,0.3179224729537964,0.0030969977378845215
shirt,B000V999DY,B002Z8VH7K,2722,0.05964699387550354,B00018A9XO,0.2896995544433594,0.004975825548171997
shirt,B003OQTWS8,B008N67FVK,118,0.20584917068481445,B005JQ3L4C,0.32167690992355347,0.0019913315773010254
shirt,B007P1GLKA,B0035YJVGM,10,0.2535366117954254,B006RI34ZC,0.3216765820980072,0.0016283690929412842
shirt,B00FEET2J2,B009UTVW3Q,26,0.3205118179321289,B005CZM4XE,0.39326590299606323,0.029608041048049927
shirt,B009N29AO8,B002RCLYEK,3382,0.044540394097566605,B00B4DX3XI,0.28296515345573425,0.02524113655090332
shirt,B008VTKSMM,B0084ANB7C,50,0.24034634232521057,B0084YXY9S,0.3281034529209137,0.006549924612045288
shirt,B0058YVMDM,B008LWT8L6,268,0.15566280484199524,B00B5FTHIK,0.33450502157211304,0.0029698312282562256
shirt,B0081365S4,B007RBBGOE,96,0.18149763345718384,B0098GE9GI,0.34813740849494934,0.0069065093994140625
shirt,B0050TB14K,B003NUSB6O,813,0.10147320479154587,B0085X0R6Q,0.3797369599342346,0.040115535259246826
shirt,B0085428H6,B009ZYOM60,1562,0.06851047277450562,B00DYU2SJE,0.23969802260398865,0.013622060418128967
shirt,B004HEX7WI,B0033AG7DS,71,0.23329006135463715,B00B2JMDRQ,0.32854247093200684,0.005070328712463379
shirt,B0086F6HIK,B007IL1XJG,308,0.133729487657547,B002GKSLYE,0.265267550945282,0.024726033210754395
shirt,B007E9SJSU,B007E9WZ12,17,0.30069810152053833,B005LU3JFC,0.3684382438659668,0.005540609359741211
shirt,B003OBAWTG,B001H9FPA8,81,0.1842808574438095,B003ITZNYS,0.26888301968574524,0.008385151624679565
shirt,B005KQX65U,B0039Q9USU,5098,0.002089744433760643,B00DW88CA2,0.2698877453804016,0.006928682327270508
shirt,B009SNIEGW,B003IRY0XA,750,0.11936492472887039,B00EOWIV9M,0.33154362440109253,0.011511027812957764
shirt,B001O883VU,B00BQ31IIS,82,0.18255889415740967,B009L354J4,0.28520986437797546,0.010663896799087524
shirt,B005F0JPDI,B006BEONRA,960,0.08671347051858902,B002EEP43I,0.2575395703315735,0.014956772327423096
shirt,B0098ZHBY6,B0093JO492,119,0.19574150443077087,B002IDD3BU,0.31703639030456543,0.00033524632453918457
shirt,B002HEWWVW,B008EYOK2S,5,0.3426527678966522,B004EPXT78,0.3775039613246918,0.02228441834449768
shirt,B008MWJ5PO,B004ISKVRW,38,0.25600671768188477,B0017WRLYI,0.333923876285553,0.006927579641342163
shirt,B004K2NSGM,B00DQELFQA,280,0.13304875791072845,B009ZYNH84,0.2760089635848999,0.009276509284973145
shirt,B000LM7S2K,B0002JUEKU,34,0.27236005663871765,B003ITWM56,0.33279988169670105,0.006092846393585205
shirt,B005HJPL0I,B004N86414,36,0.24937891960144043,B001IYHL5E,0.33919715881347656,0.014163970947265625
shirt,B0081GBULS,B006VJXGAU,195,0.20718514919281006,B00853SE8E,0.3505023717880249,0.0021181702613830566
shirt,B005F0JPDI,B009CLF22E,99,0.2096523940563202,B005N55Z7K,0.3318164348602295,0.025140106678009033
shirt,B00BHKFFAW,B004X757OK,24,0.2640518546104431,B007CM1XC8,0.33460646867752075,0.010298877954483032
shirt,B00AQAZA68,B00BFA1TMC,179,0.1773306131362915,B006L2ZOXO,0.2938007712364197,0.011442959308624268
shirt,B0095BJB1Y,B005G4XMFK,59,0.27341532707214355,B00B31W2TC,0.36730584502220154,0.003243476152420044
shirt,B00C9T2MEW,B004DNXK0M,4,0.3502262830734253,B002S0NVEW,0.3668844699859619,0.00714641809463501
shirt,B001B2LL2W,B001KLJJNM,5,0.3368968367576599,B0009MDF9W,0.35319361090660095,0.00532945990562439
shirt,B00C6A28O8,B000F5IDAY,140,0.20133426785469055,B007T4JJ5W,0.3452821969985962,0.0005231797695159912
shirt,B004OKFF7K,B004P9806S,1208,0.07619302719831467,B004N8SX1I,0.37478581070899963,0.0019697248935699463
shirt,B00CBDH8EA,B005IYVEQC,503,0.1223982721567154,B008P07SDE,0.30237701535224915,0.005953043699264526
shirt,B00018AA74,B008T3X5CA,9,0.34431496262550354,B005CZM4XE,0.3712847828865051,0.0004832148551940918
shirt,B00BSJZ7HS,B0080WWFFS,3,0.3708295226097107,B000VTIGTC,0.3810047507286072,0.0038246512413024902
shirt,B0002I5T5G,B003RZVXA6,2131,0.0586986280977726,B000OTT8N2,0.27891695499420166,0.032877907156944275
shirt,B00B0R0JZ8,B0088OX7ZA,1066,0.07268933951854706,B009ZYNH84,0.36720532178878784,0.031406283378601074
shirt,B00DVMMVTW,B00BI6CNVY,90,0.20719698071479797,B0091VAKBI,0.36384695768356323,0.003014683723449707
shirt,B0007QCPPK,B001JDPUNO,1,0.3063611388206482,B001JDPUNO,0.3063611388206482,0.019878923892974854
shirt,B00A78V6NU,B00DRKJ8TY,17,0.29055455327033997,B007IGJC1M,0.35789474844932556,0.0013602077960968018
shirt,B0032FPQ86,B002Y2BX4O,972,0.08356612920761108,B000NZW3JI,0.3294551968574524,0.024186909198760986
shirt,B009ZOJX3W,B005HEV4YK,69,0.2284591794013977,B00DG934QE,0.32202738523483276,0.011552691459655762
shirt,B005518UFQ,B002WE9S7I,338,0.14473748207092285,B003QAKA2Y,0.3145108222961426,0.0004215836524963379
shirt,B007TRPF5W,B0055NSFRM,146,0.20388171076774597,B00BEDXZAY,0.3731420934200287,0.018835991621017456
shirt,B0037KMEPO,B00345ZL8O,1541,0.0900590568780899,B00B1OE4T2,0.3367530107498169,0.034248560667037964
shirt,B00DQDA9HC,B0053DP72A,1564,0.0787116140127182,B005LIXPPI,0.2876030206680298,0.009360253810882568
shirt,B0085VJ4Y4,B00A3XSIFS,139,0.18356086313724518,B00DAMLQKS,0.3357032239437103,0.007254451513290405
shirt,B0052U6EBC,B0096EHVTO,814,0.10443153232336044,B005FH3B6S,0.37007224559783936,0.0550597608089447
shirt,B0052YY01E,B000F71EC6,21,0.2459457963705063,B006Y2I7H6,0.32243186235427856,0.005945533514022827
shirt,B005IYMNY4,B00B1SXGIS,17,0.23360088467597961,B004RDZ39E,0.3090740442276001,0.025395750999450684
shirt,B008YCX5DK,B0068DJYAA,123,0.20316419005393982,B00A8D13CI,0.33491000533103943,0.008422225713729858
shirt,B005GFHSI6,B00AJODAOA,47,0.22575974464416504,B009UTVW3Q,0.2793615460395813,0.00036066770553588867
shirt,B004VSEBNY,B00842GUDM,83,0.23004835844039917,B00A758348,0.3166642487049103,0.02039352059364319
shirt,B0081ME1GI,B006TG7D2M,320,0.11710532009601593,B0037LPUV8,0.28966137766838074,0.007052332162857056
shirt,B008YCX5DK,B0062UBOOS,4151,0.014316610991954803,B00DBB2DRI,0.253938227891922,0.004110217094421387
shirt,B000BPUVQC,B0091RIIRA,61,0.20743216574192047,B006405WPI,0.29954928159713745,0.010423600673675537
shirt,B003JY6WY2,B0076F7NF2,155,0.2035137116909027,B003ICY3OQ,0.3857107162475586,0.009023189544677734
shirt,B007ENCGTY,B008AL4EXK,3990,0.029443461447954178,B009OMU5V4,0.3831709027290344,0.015486419200897217
shirt,B006RI34ZC,B004LOHEEQ,6,0.30471929907798767,B00699EPO8,0.3789820969104767,0.04844164848327637
shirt,B0067F9J1I,B000LQU2XS,1374,0.08527134358882904,B003AKZH5K,0.3073710501194,0.010227113962173462
shirt,B005CQAIYK,B001B14HE2,150,0.18986776471138,B000BZGDDM,0.36798256635665894,0.01236751675605774
shirt,B008MAIJBM,B008Y7GGGI,1882,0.05615827068686485,B00354MXJY,0.27830779552459717,0.007521867752075195
shirt,B0045EY35K,B00AES8W30,20,0.22257882356643677,B004JKDNB0,0.35952019691467285,0.0735357403755188
shirt,B00A0KOAUG,B00318DGJA,321,0.13852450251579285,B00BW9IQBS,0.2888242304325104,0.05335149168968201
shirt,B0094IWPZM,B00866FLXQ,586,0.11225206404924393,B004OP2J56,0.26549991965293884,0.004632025957107544
shirt,B002YE8R28,B00DE4GBUM,57,0.2096710503101349,B00CH50VBY,0.27099812030792236,0.0013811290264129639
shirt,B00AB9E3FI,B00BXMUFWC,4576,-0.009906887076795101,B00AA0UOBK,0.31907379627227783,0.003246784210205078
shirt,B007YHY634,B005IA9VO8,175,0.17302754521369934,B00AEYXOX2,0.35520410537719727,0.011245548725128174
shirt,B007TW76EU,B000LZO27G,66,0.2966422438621521,B0009X7URY,0.38388168811798096,0.00036603212356567383
shirt,B008BT8HRU,B0087KO9TS,22,0.24828824400901794,B005B4MD0K,0.35435330867767334,0.012342393398284912
shirt,B003YUBTBM,B0032HJXKG,176,0.19098450243473053,B004JQOLKG,0.3763422667980194,0.017648428678512573
shirt,B004W75SW2,B004885WYY,36,0.23865583539009094,B005FSOBZW,0.36560189723968506,0.07184228301048279
shirt,B00CJLPB9I,B00DD1J4S2,9,0.24221178889274597,B00AYJNE3M,0.3112538754940033,0.04187515377998352
shirt,B00ER9PWY4,B004QMA13O,361,0.1226368248462677,B004I3YHUY,0.2787543535232544,0.010399162769317627
shirt,B00BPETZV0,B001KQ3YDS,121,0.19942884147167206,B000LVSFX2,0.33111363649368286,0.018870949745178223
shirt,B0038N83ZK,B009QR94S2,616,0.09322170913219452,B000WK5FXK,0.3208125829696655,0.016206443309783936
shirt,B00BARYBBG,B004L627X2,207,0.17104867100715637,B00B2JMDRQ,0.3676135540008545,0.03169754147529602
shirt,B005LLE270,B005KN171I,4885,-0.0009041003067977726,B001C4AJ4K,0.3058757781982422,0.003785371780395508
shirt,B007JQKWGU,B00G96C2NC,1,0.3161647319793701,B00G96C2NC,0.3161647319793701,0.008966386318206787
shirt,B00CXV9H26,B001CP1LLY,1,0.32050979137420654,B001CP1LLY,0.32050979137420654,0.004079043865203857
shirt,B002UQJENQ,B004KPD8FA,86,0.18493443727493286,B002TSURL8,0.3296108543872833,0.03677922487258911
shirt,B004SFV0ZC,B005GQEYVO,64,0.2527923583984375,B006HT3WBC,0.3398452699184418,0.005611419677734375
shirt,B000NZW3JI,B004UR1R2Y,14,0.2880522608757019,B007KFQVGK,0.3328873813152313,0.002470642328262329
shirt,B00AKYDNFA,B007CCUJQE,372,0.16688969731330872,B009EXKQEY,0.27722302079200745,0.005236595869064331
shirt,B0093HZCAE,B00COXVGXQ,514,0.12195228785276413,B008AL3XB4,0.3315507173538208,0.05633684992790222
shirt,B00018A8ZI,B004LTJ0VG,624,0.09384141862392426,B002CJLUOW,0.3597397804260254,0.08428183197975159
shirt,B000WS6I56,B00COKA2CA,156,0.1564006209373474,B00AJML1ZM,0.3224322497844696,0.02673599123954773
shirt,B00BQ9SMYU,B00F5XVN9Y,5,0.34225937724113464,B0098GE6OI,0.3999207615852356,0.017912179231643677
shirt,B004VPW5Y4,B006QS2JEK,11,0.3170121908187866,B006Y5SM2I,0.37038248777389526,0.003955721855163574
shirt,B001CFA16A,B00B1I1H5M,1413,0.06629856675863266,B001F23NH4,0.28236204385757446,0.0027317702770233154
shirt,B002AH1PSC,B002SQQ7L0,4,0.24726992845535278,B007SYAVNC,0.2552047371864319,0.0058227479457855225
shirt,B00BWZI9M8,B00A77H928,67,0.20350360870361328,B00BGJ4OQA,0.29537713527679443,0.00614851713180542
shirt,B004B7PMVK,B001BZX2VM,10,0.2643795609474182,B00EFZ786K,0.3119960129261017,0.02010151743888855
shirt,B000CAZVI4,B0058KMS5W,103,0.22227340936660767,B005TF2WUM,0.34105730056762695,0.020396649837493896
shirt,B003CTM0JA,B008QUAX0S,29,0.24007916450500488,B001C1I46S,0.3238665759563446,0.040688127279281616
shirt,B008BSWH22,B00A2NMCV0,52,0.2798303961753845,B0054I421G,0.3487778604030609,0.006274133920669556
shirt,B005MKSBAE,B00ECGT5BI,784,0.09662307798862457,B0084UUHB0,0.3104097247123718,0.005141019821166992
shirt,B005VF6TK4,B008VRQ42C,995,0.1014631912112236,B0096HRRMM,0.2718935012817383,0.004129678010940552
shirt,B009XPC5GA,B001MI1HMY,348,0.15001384913921356,B0098ZHIGW,0.3156347870826721,0.0003713071346282959
shirt,B008BZANP8,B004XJ5L0I,79,0.21552567183971405,B005KNQ4J8,0.368500292301178,0.025671780109405518
shirt,B003UPUYIA,B00B4X5XLI,2,0.3503052592277527,B00DEKLOYO,0.3642333447933197,0.013928085565567017
shirt,B003TWOPKW,B00AZWLNV8,12,0.25438278913497925,B009L0QFEK,0.2783200442790985,0.006358414888381958
shirt,B004PEMI7U,B005XI83X0,129,0.22237856686115265,B00B3PNS5K,0.37159621715545654,0.0004184544086456299
shirt,B000EGBBTE,B001JTDJZY,448,0.11884686350822449,B0045AZ2O0,0.3435303568840027,0.017187118530273438
shirt,B000CS0UGY,B009KQ2S5U,97,0.2498411238193512,B004CK8Y5W,0.3405112624168396,0.0014291703701019287
shirt,B005HIQ9KA,B004O3ZBXU,2,0.3283771276473999,B005OCG61Q,0.32897520065307617,0.0005980730056762695
shirt,B008KGWOHS,B004UG6Q0S,3,0.32345008850097656,B00C7T6J4I,0.34658709168434143,0.01616615056991577
shirt,B000EOZGWE,B00BJ94VEC,22,0.2986181974411011,B00BT0JKAQ,0.34804844856262207,0.0022888779640197754
shirt,B003M6FD4C,B002KDYT70,53,0.21346113085746765,B001W2M4PE,0.3277691602706909,0.021353960037231445
shirt,B00G3ZMAJU,B00DT5P9N6,14,0.26958537101745605,B0099MO51U,0.30439478158950806,0.006148606538772583
shirt,B00DS3DXJQ,B00AOJHO56,3,0.30272358655929565,B007908AME,0.3256679177284241,0.009340405464172363
shirt,B003IWBTOS,B008EF1L5G,10,0.25308048725128174,B00A9PLAEG,0.3365545868873596,0.03333866596221924
shirt,B004TMGDME,B004D8QCN4,646,0.14285877346992493,B00BGDDY76,0.3152464032173157,0.01329272985458374
shirt,B0032HJXKG,B008473Q20,111,0.22277015447616577,B00A2NMCV0,0.38126230239868164,0.020607829093933105
shirt,B005GN4ATS,B0096HP0L2,1748,0.07742903381586075,B00EM2ITEG,0.37775492668151855,0.018297463655471802
shirt,B009DLYLS4,B007IDFV9M,3,0.33462122082710266,B002PDJJ0M,0.35697799921035767,0.01615244150161743
shirt,B007X22KSI,B003OQV4HA,23,0.22914278507232666,B001KAFI6U,0.2879546284675598,0.010463893413543701
shirt,B00B1FCGFU,B0071LPNY4,60,0.20692110061645508,B00BSJHY2E,0.2854123115539551,0.002307891845703125
shirt,B00B4X5XLI,B00CC02P5O,567,0.1229371428489685,B006XD31RC,0.30479806661605835,0.014944523572921753
shirt,B003NUSB6O,B002U4LDZK,1308,0.07847066223621368,B00974VG2G,0.40552836656570435,0.010995060205459595
shirt,B00EASVUOI,B0086EZ6WY,1,0.33980241417884827,B0086EZ6WY,0.33980241417884827,0.0012669861316680908
shirt,B006GJTLSG,B005MWDFGC,225,0.17668789625167847,B004VZIML4,0.37877294421195984,0.005581289529800415
shirt,B005ZAROU4,B00CTP399S,14,0.2583027184009552,B007F85LVI,0.29882168769836426,0.026057541370391846
shirt,B002HNSH80,B006G2Z1W8,3201,0.04640031233429909,B005GW1I2Q,0.32903534173965454,0.02576470375061035
shirt,B005JFAIQ2,B006HSCPUW,8,0.29223138093948364,B00E9K6MUO,0.3422433137893677,0.024489402770996094
shirt,B003QC9E24,B003QCESSE,272,0.13409662246704102,B003IT740Y,0.3264245390892029,0.0010289251804351807
shirt,B0085O4Q7Q,B005XK8LOE,33,0.27576401829719543,B009RQPIQ4,0.335774302482605,0.0027810335159301758
shirt,B006IZI2H4,B0047WT8AK,562,0.13184326887130737,B00BYINGXK,0.29374590516090393,0.00844678282737732
shirt,B0072Y3CWK,B00A2FC4ZW,1478,0.08139722794294357,B005CKEC1G,0.3339290916919708,0.015283167362213135
shirt,B002HNSH80,B005GW1I2Q,1,0.3386582136154175,B005GW1I2Q,0.3386582136154175,0.028810560703277588
shirt,B007CBS7OG,B0064EIM7E,527,0.1580992341041565,B003SK9GCC,0.32314878702163696,0.015134155750274658
shirt,B009G0S8CM,B00A2HPEZ2,464,0.1345980316400528,B0031U0W72,0.317416250705719,0.003123044967651367
shirt,B00CCDB4WG,B006HZH9MY,5035,-0.006860928609967232,B001AN3MOC,0.25222110748291016,0.012834355235099792
shirt,B002Y7ABEC,B0079K1R2E,2325,0.059469953179359436,B00DOL44JK,0.29675543308258057,0.001699000597000122
shirt,B006IJVUYW,B00BRB2H8O,159,0.1869211345911026,B006ONQTF2,0.37413489818573,0.011672228574752808
shirt,B00A4LJAG0,B001WSRW6Y,53,0.21000003814697266,B004A97HSA,0.28559744358062744,0.016391515731811523
shirt,B0071BYF0M,B009SOQ788,5078,-0.02623962238430977,B005KMKM38,0.2807854115962982,0.006617695093154907
shirt,B00B71EDRC,B00BRGFCJK,14,0.2404804825782776,B005CKEC1G,0.28693410754203796,0.016205161809921265
shirt,B007XX6790,B00FZRK0YE,453,0.11825547367334366,B001T29B8A,0.27913737297058105,0.02580145001411438
shirt,B005VM84X2,B004YO7ZNS,37,0.2375602126121521,B004MPQ8X2,0.39623939990997314,0.07478645443916321
shirt,B009QR9DT2,B003AOCZS8,2242,0.04363209381699562,B00926S118,0.2615145444869995,0.011593937873840332
shirt,B00DQDA9HC,B0044B0ZCE,16,0.2633795142173767,B009VI0H7S,0.3201620578765869,0.004236698150634766
shirt,B008RJTPT8,B007JR86O4,19,0.3327426314353943,B006KZXJ66,0.420579195022583,0.025938332080841064
shirt,B008H7I2L2,B008H7ND9I,11,0.3321542739868164,B005PGGSQ4,0.37508314847946167,0.01616007089614868
shirt,B004L627X2,B00BF9Z6HC,25,0.2826694846153259,B0085HBELO,0.3513492941856384,0.01069369912147522
shirt,B008EJ0MMU,B001MQBBQS,27,0.2827324867248535,B000R4LN32,0.3618618845939636,0.003134310245513916
shirt,B000JILAW0,B000JIPI5U,17,0.3508141338825226,B00DEKLOYO,0.3847649097442627,0.007590770721435547
shirt,B0087J58OE,B004UR1QJS,161,0.1485579013824463,B00EEKGR8Q,0.28328418731689453,0.003261655569076538
shirt,B00BU12D0I,B005LA7TKI,34,0.28066325187683105,B004LGT230,0.380227655172348,0.03937289118766785
shirt,B001CFA16A,B001XWTNGQ,5,0.2696903944015503,B004L0KZOQ,0.29076430201530457,0.0023910105228424072
shirt,B00AELH2JM,B00AF3Y0HQ,1048,0.08950179815292358,B00066ZKS0,0.3511069416999817,0.008775442838668823
shirt,B000LUIBH8,B007RJG5BU,704,0.12342356145381927,B0026GQET2,0.35922330617904663,0.035795658826828
shirt,B00DVX894M,B009LM1ZJS,1102,0.09132049977779388,B004I7KQY6,0.38120606541633606,0.0016879141330718994
shirt,B004GBM6N8,B00CMBWV0W,233,0.16622312366962433,B00BJ9HE2S,0.3262117803096771,0.024137556552886963
shirt,B0048KZ3FU,B001DIKL4I,5089,0.009270869195461273,B000VX6TAG,0.36579185724258423,0.012450814247131348
shirt,B0087J58OE,B00580L0YC,3578,0.037610266357660294,B00BFTSNAY,0.3127051591873169,0.009063094854354858
shirt,B00AK46JK6,B00C1EMHHW,1,0.3246496021747589,B00C1EMHHW,0.3246496021747589,0.014814138412475586
shirt,B0064R5VW0,B003UV4YRQ,63,0.25473612546920776,B000NZW3JI,0.37184810638427734,0.0028860270977020264
shirt,B00C4RULCE,B0064IPSMC,6,0.2976835370063782,B005F0NY26,0.3312232494354248,0.010278522968292236
shirt,B0095VZ8JI,B008MHFJIQ,2724,0.04071265459060669,B00CLXRI90,0.24381637573242188,0.012269541621208191
shirt,B000EJM6X6,B009VZWHYW,1724,0.07311022281646729,B0012FRM2G,0.3635476231575012,0.012728661298751831
shirt,B001FO5LAY,B006GBQMT0,3394,0.03482873737812042,B006FULMTC,0.27884435653686523,0.006690531969070435
shirt,B001U9DJ0I,B007OWVLFK,18,0.2571868896484375,B00B27IIPE,0.3484600782394409,0.020296454429626465
shirt,B003TW4UT8,B0020IQZ04,194,0.17184871435165405,B006VE8GR8,0.2886342406272888,0.01782667636871338
shirt,B003FSSOA2,B0040Z0XYO,50,0.21804922819137573,B00G3ZMAJU,0.2998628616333008,0.008154064416885376
shirt,B00AZWLNV8,B0098YLOJK,132,0.22548829019069672,B00AOLMMLK,0.33861592411994934,0.002858787775039673
shirt,B001TB6OR2,B000VX05IS,3726,0.03508945554494858,B0046IFV6K,0.26324284076690674,0.0015650391578674316
shirt,B0078KLOH8,B0063MJBZE,1847,0.07727429270744324,B007GFLYF2,0.26414889097213745,0.01018059253692627
shirt,B00E9KI4K0,B00DOL44JK,135,0.17143553495407104,B0081V2U6C,0.28388291597366333,0.0011400580406188965
shirt,B002BOUBHK,B00AHTLYVI,28,0.24901190400123596,B00563EGWE,0.3245944380760193,0.011115938425064087
shirt,B0079085BA,B00CO5FLLW,31,0.21270789206027985,B00DW88CA2,0.30552780628204346,0.004819244146347046
shirt,B000783TCQ,B009M023QI,25,0.29338333010673523,B0038MNN7E,0.37523454427719116,0.022052645683288574
shirt,B00CC2O4PQ,B000V3MZNG,33,0.2685350775718689,B002WM7FEI,0.3436211347579956,0.00035572052001953125
shirt,B00BSXLX9U,B00D2KGGOE,76,0.21488027274608612,B00B2NNXBM,0.3084191679954529,0.01956421136856079
shirt,B008CP95LA,B002TUTMCG,41,0.24765795469284058,B009SF0J1I,0.35017460584640503,0.005701184272766113
shirt,B007IJZ2KO,B0077DM1JQ,40,0.2785147726535797,B009IH5M86,0.35771769285202026,0.0005830824375152588
shirt,B007JWZZIO,B000CAZVI4,49,0.19739070534706116,B0086EK1TM,0.30363929271698,0.014368593692779541
shirt,B00AOJHO56,245600258X,44,0.27718058228492737,B004P8CIT4,0.3659410774707794,0.019975990056991577
shirt,B0024FAZ4A,B00BCXLU30,1394,0.0740075632929802,B000NZW3JI,0.3294413685798645,0.0040305256843566895
shirt,B000PW38Y8,B0096A37SW,51,0.22650067508220673,B0079085BA,0.31300559639930725,0.027219951152801514
shirt,B00AREPLXK,B006VE8GR8,16,0.25195688009262085,B0081K48FY,0.34939926862716675,0.05715826153755188
shirt,B000LQVB9W,B004O95B0W,1610,0.07193460315465927,B008EYOK2S,0.373720645904541,0.025821805000305176
shirt,B0085428H6,B00BCXNBA0,81,0.19905400276184082,B008F5K2DC,0.30862680077552795,0.0031158924102783203
shirt,B009MB8Q7C,B000VIMKXG,9,0.2818952798843384,B001283N58,0.3179823160171509,0.012621372938156128
shirt,B0042AOT8S,B002612YSW,38,0.2443723976612091,B00BMR73SC,0.3450022339820862,0.0029648244380950928
shirt,B00AWA4RF2,B00C61GXEI,2,0.2696542739868164,B00AWA4JPA,0.28273582458496094,0.013081550598144531
shirt,B004M488W2,B001AYANYI,4375,0.004275389946997166,B00CLXRI90,0.3361383080482483,0.0041425228118896484
shirt,B0015N1DYI,B005Y5C7PC,7,0.32651638984680176,B00699EPO8,0.36059659719467163,0.010467767715454102
shirt,B000UZCE2M,B00BYQH3D6,778,0.10636457055807114,B00FN9J26Q,0.27142786979675293,0.011981964111328125
shirt,B0046JZMOK,B00EBH4ALI,84,0.20001447200775146,B00CC0TY1W,0.3273106515407562,0.010005921125411987
shirt,B007X6BEF4,B004AQ5O0Q,551,0.10258924216032028,B003SHLOH0,0.315742164850235,0.002803027629852295
shirt,B005JQ2IFK,B0002FHIWQ,2,0.33036887645721436,B008EF1L5G,0.36711788177490234,0.03674900531768799
shirt,B00383INJQ,B0037OJRTQ,159,0.14733457565307617,B00B7PLEUM,0.26548996567726135,0.0023657679557800293
shirt,B00BGLZK2K,B00639ED32,375,0.1302623301744461,B005DVRUNQ,0.3947904109954834,0.023924678564071655
shirt,B004YO8QCC,B00426DRYO,37,0.31792086362838745,B003Y74AOI,0.40561771392822266,0.015199065208435059
shirt,B000JIPI5U,B002N8P7MI,1,0.34399861097335815,B002N8P7MI,0.34399861097335815,0.001984715461730957
shirt,B00CGSITX4,B008J83O62,23,0.29566875100135803,B008FX8P8S,0.3757009208202362,0.0017273128032684326
shirt,B0036SQCKK,B003ZHH2MY,49,0.27312690019607544,B006HT3WBC,0.36055755615234375,0.01569885015487671
shirt,B00GOGK2SO,B0051VNAJG,326,0.13935601711273193,B003BQTQPA,0.29295095801353455,0.001358121633529663
shirt,B007T4JJ5W,B008GS195S,38,0.28643012046813965,B004V93LYI,0.3582340478897095,0.00973433256149292
shirt,B006QNB1M6,B0088LMPCY,212,0.18671828508377075,B00BZJ5TRE,0.325489342212677,0.0031867027282714844
shirt,B007R1NWUU,B007R1OKNS,79,0.2632063925266266,B00A2BE440,0.3640590310096741,0.013378381729125977
shirt,B000KOU8E4,B00FDLENDQ,58,0.21782317757606506,B0084YZBAI,0.3265491724014282,0.02102595567703247
shirt,B00DEKLOYO,B00CBQ9V0G,42,0.2353866696357727,B007X626QU,0.3704119324684143,0.011572003364562988
shirt,B009M9PACI,B00AZIAZK2,137,0.21264243125915527,B009MECX5U,0.36974310874938965,0.03311049938201904
shirt,B009P9TQ5M,B008RAOF42,654,0.10797421634197235,B00AYKAO02,0.2792136073112488,0.01375490427017212
shirt,B007CBS7OG,B003IROW6K,37,0.2465161383152008,B001761XAM,0.33140745759010315,0.013393312692642212
shirt,B00C865HBQ,B0091G8YOI,31,0.2629530727863312,B00C4YRJKO,0.36477401852607727,0.005692034959793091
shirt,B00644P0N8,B004R0XJM0,67,0.22818723320960999,B00AZIB77W,0.32226866483688354,8.207559585571289e-05
shirt,B00018A8ZI,B00DGXRR8Q,265,0.1397809535264969,B003IBGLN8,0.28573065996170044,0.012051373720169067
shirt,B005FR87IA,B005L385PI,15,0.27118992805480957,B004QWYYV4,0.37345442175865173,0.044177353382110596
shirt,B00GUQOCLQ,B001AGEBZI,1112,0.10227598994970322,B00AMUMQGY,0.3077477216720581,0.0015302300453186035
shirt,B00B9DYVZC,B00CPRKNNA,65,0.2531907856464386,B00470PR98,0.3364407420158386,0.013116300106048584
shirt,B009OMU5V4,B00AWJT5LY,15,0.30998694896698,B00C96U8RI,0.36706316471099854,0.010596424341201782
shirt,B0081GBQFS,B00B91705M,446,0.1321672797203064,B0077DM1JQ,0.35974109172821045,0.03627625107765198
shirt,B001YIOAOE,B008AGL136,287,0.13287444412708282,B005UQ9WKI,0.25753262639045715,0.02362401783466339
shirt,B006W79ZGA,B00452WXMC,55,0.21376940608024597,B004JHM9E0,0.3388581871986389,0.02507510781288147
shirt,B002RL87FK,B00CJSTVJC,3415,0.034413259476423264,B00CDL2BX8,0.29202377796173096,0.010344147682189941
shirt,B000OMGLDY,B0050OVVCM,12,0.27833127975463867,B007ZTJDZC,0.3215342164039612,0.005512714385986328
shirt,B00CIYDP94,B000FVAR52,1310,0.09426318109035492,B00GGYKWFW,0.32458585500717163,0.005933523178100586
shirt,B00GOGK2SO,B0047QYJOQ,968,0.08594876527786255,B008AYNE38,0.3008538484573364,0.009505093097686768
shirt,B004LYG40Q,B0083J832W,28,0.25731223821640015,B00DCUQA7M,0.3550592064857483,0.030823498964309692
shirt,B0067PC8OS,B000BO1R2K,759,0.11085264384746552,B005Q0YSU2,0.30799734592437744,0.0016522407531738281
shirt,B00BCX4MWG,B00CL5HKPK,150,0.16784313321113586,B0084YZBAI,0.3236725330352783,0.007317602634429932
shirt,B00DAMLQKS,B006EKJJ1G,389,0.11533188819885254,B00553SDEW,0.2687075138092041,0.0033469200134277344
shirt,B004ZC5RWK,B004ZC5QLC,1,0.3757966458797455,B004ZC5QLC,0.3757966458797455,0.0
shirt,B002CJLUOW,B005X0A2UU,6047,-0.06822959333658218,B002S788KM,0.3043716549873352,0.00790494680404663
shirt,B003OPUWH4,B005BW2RE4,3,0.31422585248947144,B002IL3QHS,0.3604237735271454,0.02990439534187317
shirt,B004K2NSGM,B009ZGNJ6W,3,0.32700034976005554,B004BNNGUS,0.3852408528327942,0.05268526077270508
shirt,B006VE8IQC,B00AREPMT8,83,0.26023271679878235,B00DYRNJTK,0.39898014068603516,0.008099615573883057
shirt,B00DI5GTNG,B00E1Z10FE,38,0.23671941459178925,B00A5JAR86,0.3405425250530243,0.022912055253982544
shirt,B006MHJB1O,B00ANR1M8Y,352,0.14266282320022583,B009LO2YZU,0.28683221340179443,0.0032712221145629883
shirt,B003O0NXZ2,B000GOSLJW,3,0.4009883999824524,B00DYRNJTK,0.424267053604126,0.010066837072372437
shirt,B004UHPEU0,B00D8HJ3C8,449,0.11940319091081619,B009F1TRTK,0.2953210175037384,0.013011962175369263
shirt,B008H1MLOW,B002RS6IWW,3427,0.03619396314024925,B009SF0J1I,0.27222713828086853,0.013845592737197876
shirt,B00F6S5GUK,B00BW9IQBS,166,0.1788840889930725,B00B80RFOA,0.3588009476661682,0.008772969245910645
shirt,B00CMAHVE4,B00AO9UKDO,61,0.26189374923706055,B00B2856XA,0.35264480113983154,0.008965939283370972
shirt,B008JVJI00,B003IRS13K,24,0.2564457654953003,B005RSUR44,0.3142750859260559,0.013274133205413818
shirt,B002VK1EZM,B000R4LN32,8,0.24242517352104187,B009EWW5VC,0.27432793378829956,0.001302957534790039
shirt,B00C4RULCE,B003Y8Z3SY,3,0.40333622694015503,B0091E2NRY,0.40775197744369507,0.003357231616973877
shirt,B007VHEYAM,B004EGSXHI,2269,0.047859497368335724,B00BOO7OLO,0.33870404958724976,0.005870461463928223
shirt,B0058P5XHM,B00D2XJ5SA,3535,0.01684570498764515,B007XJBPT6,0.3233236074447632,0.015200197696685791
shirt,B00383INJQ,B002PA0BWK,12,0.2758480906486511,B0085TF48G,0.32623040676116943,0.009627044200897217
shirt,B00BPIA3QW,B001SR5OYQ,29,0.2934527099132538,B00BF7AK9I,0.35167747735977173,0.006312459707260132
shirt,B003TYLO3G,B000AT8GEI,255,0.13844603300094604,B0093NPKO6,0.34799790382385254,0.0011579394340515137
shirt,B0002H6ZUU,B00D8GIBYU,2,0.3031637370586395,B00ALRS9OG,0.3382079601287842,0.03504422307014465
shirt,B0044NVJEU,B00853KHV6,117,0.18160811066627502,B003U02384,0.27957427501678467,0.0018901526927947998
shirt,B001S2PP5E,B009K1O7XG,127,0.1700838804244995,B007LHVZJK,0.2884570360183716,0.009063720703125
shirt,B0050CFTU4,B007GDNXWG,1191,0.11175774037837982,B00AY0K6N2,0.3045443296432495,0.01620304584503174
shirt,B002QEBQ3I,B007T4JJCK,16,0.2820301651954651,B003OXUOW4,0.3551168441772461,0.02205038070678711
shirt,B006MV5MV8,B004UHP3IS,4577,0.009257165715098381,B00AES8W30,0.3656451404094696,0.043906956911087036
shirt,B000X74R7C,B001UZ7IHM,35,0.22008195519447327,B008L42W3U,0.288429319858551,0.015926271677017212
shirt,B00BOHU9ZE,B009SRQAF0,2,0.3120301067829132,B00C6NS0BK,0.32968994975090027,0.01765984296798706
shirt,B0091V9DR0,B00CP77EEG,3,0.3047064542770386,B000Z7DTWE,0.3317793011665344,0.02367261052131653
shirt,B00FZRK0YE,B006TXXE46,383,0.14356788992881775,B001B783IM,0.337211012840271,0.016338706016540527
shirt,B007DJ2UK4,B008EYEBMM,45,0.2138357162475586,B001GW13QG,0.3147479295730591,0.02282238006591797
shirt,B0041EIXIM,B00AHNV18U,267,0.1600772589445114,B0083WQ3MQ,0.310960054397583,0.0034058690071105957
shirt,B00DT5P9N6,B004B70D8M,2,0.29748600721359253,B004TEMXTY,0.33268243074417114,0.03519642353057861
shirt,B00BW9IQBS,B005XIGCYW,78,0.19275349378585815,B00DG9ISYM,0.2916088104248047,0.0061050355434417725
shirt,B00B5FTHIK,B009XDKZ3M,73,0.23981818556785583,B0084ERQFG,0.3242074251174927,0.010280311107635498
shirt,B00B1FCGFU,B000F5LTXW,24,0.3050779700279236,B009ZYNH84,0.3656824231147766,0.008415430784225464
shirt,B002DESA4E,B0054419WA,35,0.1983090341091156,B004VSE9CM,0.2640329599380493,0.009321510791778564
shirt,B00DR4IZTE,B00380DSDU,4295,0.02787335216999054,B005F0NY26,0.2981722354888916,0.001611471176147461
shirt,B005Y8684K,B004CS0IZS,68,0.20296600461006165,B005NK3GCG,0.31113165616989136,0.013906985521316528
shirt,B0045Y0YKS,B00D3OTP5Q,583,0.136442169547081,B004NIZR44,0.3385586142539978,0.03919875621795654
shirt,B00DFJODD8,B00CC0TY1W,4,0.3160545825958252,B00A163X02,0.388028621673584,0.06798923015594482
shirt,B0041FZUL4,B00C45IEES,1478,0.0808209478855133,B00D2LTABY,0.28273844718933105,0.009882211685180664
shirt,B0006MUZLG,B00F91Q5T0,13,0.25896525382995605,B008EF1L5G,0.33454352617263794,0.018652737140655518
shirt,B00028I7R8,B000ULN7H2,4,0.32187792658805847,B00C7P5QGY,0.33700597286224365,0.012436926364898682
shirt,B009DLYLS4,B004E77QOS,111,0.20827531814575195,B00EQG6D0A,0.33015382289886475,0.0012280642986297607
shirt,B0058YVMDM,B006RDOWRQ,28,0.28960663080215454,B0011RLPW8,0.3834962844848633,0.003926962614059448
shirt,B005GN4ATS,B00BEEF04W,18,0.23193395137786865,B00EM2ITEG,0.3098233640193939,0.04777085781097412
shirt,B005G4XMFK,B002DYJG74,5,0.3458782136440277,B0085HCN82,0.370371550321579,0.01242402195930481
shirt,B004VZIML4,B00B9ALKF4,180,0.18749092519283295,B008R7FE2W,0.3820993900299072,0.03278452157974243
shirt,B009ADCOP2,B006ZP77FK,920,0.11610393226146698,B008PHCDA0,0.318043053150177,0.005693674087524414
shirt,B00CR90B0Q,B004VDCRW6,27,0.31433242559432983,B004R8O83Q,0.3844369053840637,0.006381869316101074
shirt,B00DDXR4QO,B005B6ZIE6,80,0.21686767041683197,B008LK6OUQ,0.3375071883201599,0.0019120275974273682
shirt,B004LTR2XY,B004LYSV9I,393,0.11641393601894379,B00AES8W30,0.2789532542228699,0.002053976058959961
shirt,B0027EBMU4,B006DI2W36,67,0.25261354446411133,B001C1XWNI,0.35290467739105225,0.005208134651184082
shirt,B003XEFOQK,B003YLOVQ6,33,0.2541716694831848,B00C3EZPK6,0.35846230387687683,0.03657063841819763
shirt,B006ZPQ0EY,B006ZP4OZQ,9,0.30081427097320557,B0009EMQQI,0.32777002453804016,0.008509010076522827
shirt,B001LY2U70,B002GCGLOE,64,0.24092623591423035,B004GIZYTE,0.3578340411186218,0.010749459266662598
shirt,B003YOPRJS,B003R4ZS8U,664,0.11254885047674179,B001UFZIJ2,0.3301179111003876,0.0029281675815582275
shirt,B004UIOL3K,B003HEYHV4,9,0.28815701603889465,B000NBOIZE,0.3657090663909912,0.014581561088562012
shirt,B0051SN0LC,B004REC7ZQ,1863,0.07176108658313751,B008533N2Q,0.2691690921783447,0.005516171455383301
shirt,B0068RJFC8,B002TR4X6O,18,0.24452942609786987,B009LM4LYO,0.31974294781684875,0.01284104585647583
shirt,B000NZW3JI,B003XS78ZG,3034,0.01156938448548317,B00F6S5GUK,0.3491259217262268,0.021058619022369385
shirt,B00611XBS0,B005EQRGZW,78,0.22088786959648132,B00B4EF1AA,0.3776739835739136,0.014604568481445312
shirt,B0081V2U6C,B008BUX24C,1206,0.07342340052127838,B004B70D8M,0.28726473450660706,0.0012790262699127197
shirt,B007XCSP9G,B00962JHKC,934,0.10782401263713837,B005KGF70M,0.33392035961151123,0.023090898990631104
shirt,B004G09IXK,B00BQ9SS8U,9,0.31728595495224,B00C2O32A2,0.3798198699951172,0.007863134145736694
shirt,B00729P2UA,B0036XL7ZA,2302,0.05166275054216385,B007A3JVV4,0.24094006419181824,0.005622655153274536
shirt,B009ZZ7PYU,B00BQK0P7Q,30,0.2701037526130676,B005RSUR44,0.3450644612312317,0.01601928472518921
shirt,B0050OFMB8,B00B4DXN4W,170,0.1927032470703125,B00ARCXAHG,0.36599937081336975,0.012168675661087036
shirt,B005KGF70M,B005LCVMIG,33,0.23989805579185486,B0094J9WPM,0.3362419307231903,0.011048078536987305
shirt,B003OPUWH4,B00EQI4GYS,14,0.26061707735061646,B00G8QCD50,0.299032986164093,0.012176752090454102
shirt,B001O84MJC,B001O869LG,1,0.35243308544158936,B001O869LG,0.35243308544158936,0.00869441032409668
shirt,B00DV4AIL8,B00BY2VXU4,26,0.2489507496356964,B00BP47QWK,0.33999475836753845,0.03034767508506775
shirt,B005FS7LEK,B004V2UC9M,31,0.25494515895843506,B005DVRUNQ,0.33933064341545105,0.03446957468986511
shirt,B003HLWPOI,B00BAWW596,35,0.20889924466609955,B002FTNYVQ,0.34224173426628113,0.05841520428657532
shirt,B00CLZRTWE,B001TSAF2U,20,0.24012169241905212,B00CBEYFHW,0.3302597999572754,0.015764176845550537
shirt,B009B5OVU0,B00AAQTONI,33,0.29831841588020325,B004C43LO2,0.3422137200832367,0.0024240314960479736
shirt,B001R1TYSA,B004GC5XZU,54,0.2611863315105438,B001CWN1A6,0.38590413331985474,0.03070428967475891
shirt,B004XYGILO,B006VDYBG4,2564,0.05039013549685478,B0077DT5SG,0.28103408217430115,0.010172426700592041
shirt,B009DLYLS4,B00974VG2G,48,0.2684375047683716,B00DGCXJ0W,0.3320615887641907,0.008845865726470947
shirt,B007G03S2Y,B005KLXWRM,634,0.09771391749382019,B0062B5JQQ,0.39944326877593994,0.02333545684814453
shirt,B00BCX3BHI,B00AD5BU6U,99,0.20492495596408844,B00865CPJ0,0.315701961517334,0.004193514585494995
shirt,B004JQOLKG,B00CUXLRDE,556,0.12256231904029846,B007I6HU02,0.328433096408844,0.03268164396286011
shirt,B001AYANYI,B002X115DK,1533,0.07588501274585724,B00C5RC12G,0.2847592234611511,0.0
shirt,B004HTURAS,B006WO450Y,338,0.16631954908370972,B003ZHH21A,0.3448374569416046,0.015365630388259888
shirt,B0085X1RZQ,B008AKNGYY,4,0.35499972105026245,B006LGSFD6,0.391890287399292,0.002721846103668213
shirt,B00ABDT1II,B0056B0LFC,49,0.2628083825111389,B00606OMNO,0.36414092779159546,0.024990558624267578
shirt,B001S2PQ4O,B001S2PPF4,4,0.29641517996788025,B00470CH6O,0.32283321022987366,0.0016951262950897217
shirt,B002CWNJXY,B00A3BNT36,2561,0.0535651296377182,B001086JAQ,0.27391237020492554,0.03578200936317444
shirt,B0039228GK,B0040JZKSE,3134,0.039945125579833984,B005AJ1Q7M,0.3111414313316345,0.00611606240272522
shirt,B000LJASMK,B0029L3104,4,0.28279542922973633,B00BXXX3PM,0.2957499921321869,0.00204622745513916
shirt,B00493VVOS,B00F6FD5UG,171,0.17157036066055298,B008BSWMFE,0.3681159019470215,0.0034331679344177246
shirt,B005IZUOOE,B007YVZFRG,32,0.22649742662906647,B004OAOJOU,0.2964058220386505,0.005248695611953735
shirt,B00BFCV6A0,B001HKGHVS,56,0.23466640710830688,B006VY6A12,0.3235434293746948,0.017268061637878418
shirt,B006VE8IQC,B009RQPIQ4,100,0.1616514027118683,B00B67FK0G,0.28629612922668457,0.0222892165184021
shirt,B00CL08O0A,B00157I6DK,3,0.32692450284957886,B002GUA5P2,0.3487447500228882,0.02082657814025879
shirt,B001A5UHAW,B0076AQKM4,96,0.19147156178951263,B00DEE3LC8,0.31304216384887695,0.013331234455108643
shirt,B00DHN6WU4,B003WE90A2,183,0.15616561472415924,B006FSRHMA,0.37316471338272095,0.000273972749710083
shirt,B001B16GCS,B00BP71JV6,8,0.2915441691875458,B00C2O32A2,0.3595522344112396,0.0359748899936676
shirt,B008B5HO2S,B003TP2GXM,362,0.12983599305152893,B00AZIB77W,0.3395933508872986,0.005298972129821777
shirt,B005DIJKXW,B00EDF7U2Y,3,0.3198593854904175,B008EF1L5G,0.3620234727859497,0.009049832820892334
shirt,B006YDJJDG,B00B7Q8HK6,56,0.2829456329345703,B0067F9J1I,0.35548052191734314,0.0012305378913879395
shirt,B00A00772O,B006MHI8XQ,13,0.24808719754219055,B0046IHUPA,0.3016263544559479,0.009424716234207153
shirt,B004UHP3IS,B003SQ2YS4,966,0.09360471367835999,B009XE4O7E,0.36337316036224365,0.0207216739654541
shirt,B000EXU5VW,B00DGCXJ0W,3257,0.022328708320856094,B000LUV3NW,0.34101811051368713,0.007599204778671265
shirt,B00APU4KE2,B00EINT7N6,1114,0.09318095445632935,B00644PHPO,0.3116686940193176,0.018709450960159302
shirt,B000NRXXBS,B001T3UBVA,10,0.30284827947616577,B001C1XWNI,0.36012065410614014,0.0006105303764343262
shirt,B006NCQPYO,B005LBXRWQ,156,0.18787309527397156,B00D3OTP5Q,0.31793034076690674,0.029449284076690674
shirt,B001B2LL2W,B004VE4GF6,1714,0.07326988875865936,B001086JAQ,0.322934091091156,0.002043992280960083
shirt,B005K7SZGO,B0083J2RAG,3,0.27869218587875366,B006L74FRA,0.2825245261192322,0.0004722177982330322
shirt,B00AY7XJSO,B004SFV0ZC,9,0.3276311159133911,B005DHVF4U,0.3486088514328003,0.0005678236484527588
shirt,B00CJRW0LO,B00DWC9QL2,136,0.17511406540870667,B0076DPWJS,0.3151615262031555,0.007466673851013184
shirt,B00A7EQAWG,B00BEYS666,240,0.16383913159370422,B00CS75EQS,0.3389299511909485,0.03382578492164612
shirt,B00523OC9A,B004S92O7Q,2,0.31935930252075195,B004V2DJNI,0.3253275156021118,0.005968213081359863
shirt,B007T4JJCK,B002QEBQ3I,9,0.3305169343948364,B009X6CURI,0.3520132899284363,0.0002098381519317627
shirt,B007VN04BO,B008BSWMFE,1,0.3736860454082489,B008BSWMFE,0.3736860454082489,0.009102314710617065
shirt,B0016LURJ6,B0009GV35G,1630,0.07412749528884888,B00B7HVJZA,0.30378249287605286,0.009060055017471313
shirt,B0076ET5AY,B00A9J9VRA,5,0.2944961488246918,B00865CPJ0,0.3481447100639343,0.003955274820327759
shirt,B00D0XHGGA,B003URVV8A,7,0.28184378147125244,B004O0TS6E,0.30401551723480225,0.006041049957275391
shirt,B008UT67K0,B007WPJNBS,1451,0.07541509717702866,B009DLYLS4,0.28826045989990234,0.009495139122009277
shirt,B00BSXLX9U,B008FVT5FC,212,0.18852123618125916,B006SWNH8Q,0.3313343822956085,0.0027395784854888916
shirt,B005V4B9NM,B003FL7SME,500,0.13322898745536804,B005H3W7HE,0.2995641231536865,0.004061102867126465
shirt,B004K2NSGM,B0036F7QEY,24,0.22076359391212463,B004BNNGUS,0.30688220262527466,0.019236862659454346
shirt,B008E7RDYW,B005C6B9UW,632,0.12250123172998428,B00313Y4BY,0.2985067367553711,1.3679265975952148e-05
shirt,B006PKHQTM,B009ZPT41W,35,0.22699621319770813,B0035YJVGM,0.33282071352005005,0.012430906295776367
shirt,B002S788KM,B000GNYYDA,4057,0.014031216502189636,B002HR9OT2,0.3272607922554016,0.0032562613487243652
shirt,B00CDL2BX8,B00DIY0UJQ,119,0.17664864659309387,B00CMTB5GU,0.3746187388896942,0.02960255742073059
shirt,B007HB6JI2,B00BQX5XPM,102,0.2350090742111206,B004VLW43A,0.34271061420440674,0.01579800248146057
shirt,B00BI4R9V0,B000FON8K0,71,0.25964051485061646,B000N9FHLU,0.3533938527107239,0.020960569381713867
shirt,B00932CW0W,B00FFKQ3LK,1013,0.09915542602539062,B008VRQ42C,0.3268379271030426,0.0007351338863372803
shirt,B006Z2HG0Y,B008FPJHVK,441,0.12829548120498657,B00DM8KA7U,0.38198181986808777,0.07590225338935852
shirt,B009GFMPIU,B008HTCGMG,674,0.11678127944469452,B004KJFGBK,0.3190421462059021,0.014273464679718018
shirt,B003IWGZQA,B00B6EB530,12,0.29728883504867554,B005DIF4ZK,0.36276519298553467,0.008561760187149048
shirt,B00AAXIHXO,B000S3P946,14,0.26547151803970337,B0091RIIRA,0.31038975715637207,0.012466639280319214
shirt,B0071BYF0M,B001F8IK0S,1172,0.07437313348054886,B000NCVT3M,0.3144928216934204,0.03272354602813721
shirt,B0001TOU74,B006OW1I6I,13,0.2675606906414032,B005HIQ9KA,0.32743358612060547,0.011059850454330444
shirt,B0045VQCWA,B003R4PEN4,10,0.302465558052063,B00B97REHU,0.33662474155426025,0.0019187629222869873
shirt,B00EOYR308,B00C7YCQ04,9,0.3131954073905945,B003VW0VNK,0.34058770537376404,0.007189899682998657
shirt,B000EMUCTS,B000BTFW9E,91,0.1908508539199829,B000GDGQFY,0.32582342624664307,0.03687858581542969
shirt,B00680K0D8,B00CH59Q38,4,0.3044886589050293,B001DHFPB8,0.35414382815361023,0.02280786633491516
shirt,B00932CW0W,B0085709D8,10,0.36757925152778625,B00AZUNPNE,0.396335631608963,0.001598358154296875
shirt,B00AHEZ29I,B0080SY1T0,1577,0.08782228827476501,B000YICIYE,0.4176000952720642,0.04155972599983215
shirt,B007F85FQO,B004YO78VW,39,0.2429686337709427,B007CCUJQE,0.33198896050453186,0.021228104829788208
shirt,B009XE4O7E,B00509BT38,221,0.15191148221492767,B000X93L18,0.2990657091140747,0.0003095269203186035
shirt,B00DEKLOYO,B007VQG410,66,0.24085012078285217,B001KLJJNM,0.3369777798652649,0.01598474383354187
shirt,B004L6PSCO,B008WFQVVW,208,0.17234444618225098,B008QT38YW,0.405894935131073,0.006369233131408691
shirt,B007LIWE6C,B007G24YP2,4692,0.015178553760051727,B005C1QMSQ,0.33265551924705505,0.00238114595413208
shirt,B004U940JY,B002A9JVZE,375,0.1441296637058258,B00B8Y7ZAK,0.3298719525337219,0.0062871575355529785
shirt,B002R7U7Q6,B00906L8L0,5273,-0.008300267159938812,B005G3VM80,0.2536078691482544,0.009075909852981567
shirt,B00E40LJI4,B005ZNWKKU,135,0.1923864185810089,B00006NQ0N,0.3611457943916321,0.045800089836120605
shirt,B008AY9X6K,B0038MLMHC,1,0.41083359718322754,B0038MLMHC,0.41083359718322754,0.03952741622924805
shirt,B008EJ0MMU,B001MX8V8C,1391,0.0940912589430809,B000BNUBLE,0.2789105772972107,0.009912103414535522
shirt,B004ZC2HIC,B00EZLD1NI,102,0.23705559968948364,B000CANHZ8,0.3678569793701172,0.02940690517425537
shirt,B004FN2OYI,B00C865IWY,12,0.25019481778144836,B001SN7QH8,0.2887738049030304,0.005722910165786743
shirt,B003WF2ECW,B003YHF2BS,48,0.2362174242734909,B00B0ZBOTA,0.31889790296554565,0.004785478115081787
shirt,B000PHI5L4,B004B2PUWQ,125,0.1831628680229187,B007VR5ELU,0.3643723130226135,0.007292747497558594
shirt,B003U6HHS4,B007ISC8UM,205,0.15006987750530243,B00C2O32A2,0.2994268238544464,0.020102083683013916
shirt,B00BR2B6W6,B002FYW6HE,55,0.2432495653629303,B00791QBIS,0.3526749014854431,0.024195462465286255
shirt,B00DTIO7G8,B007FX9LAA,185,0.15623657405376434,B0038IVFZ0,0.29102379083633423,0.011269330978393555
shirt,B0025U4X5G,B002Q0QYZW,89,0.19933098554611206,B005V2J512,0.28642237186431885,0.020569711923599243
shirt,B0032HJXKG,B00BR2B6W6,44,0.26565736532211304,B008BSWMFE,0.38084155321121216,0.00695645809173584
shirt,B00F5XVN9Y,B00EQV0DC4,56,0.22428032755851746,B004M17G1Y,0.3455391526222229,0.008600056171417236
shirt,B003URVV8A,B004GB3XJ4,633,0.10254525393247604,B003FSSP8I,0.3006271719932556,0.03486895561218262
shirt,B003OQV4HA,B003AU61WI,202,0.18525543808937073,B005DVRUNQ,0.3151581287384033,0.010754168033599854
shirt,B006JATIK8,B006JARC9C,170,0.17409087717533112,B008P07SDE,0.36852529644966125,0.015891581773757935
shirt,B004DZAWJM,B00E3I72W4,80,0.21938586235046387,B0055NSFRM,0.3013434410095215,0.013111412525177002
shirt,B001TSZPM0,B001PJ6ZX6,2310,0.05440636724233627,B007UO4582,0.3058816194534302,0.01178354024887085
shirt,B00CX6BDFU,B005DIJJBK,52,0.21609041094779968,B00BCWHW2E,0.2800969183444977,0.004645019769668579
shirt,B002KQ6MY0,B008P07SDE,192,0.16432487964630127,B008N0G684,0.28768157958984375,0.004613339900970459
shirt,B00DLBJ18M,B005HT4N0M,555,0.12589819729328156,B005TF2WUM,0.3272392749786377,0.00037109851837158203
shirt,B00B67EIJK,B00A8YYHWK,79,0.23496951162815094,B008BHSGWS,0.3721436560153961,0.025229424238204956
shirt,B003EEN7MM,B0049EODT2,5,0.31309157609939575,B004KB7T18,0.33320751786231995,0.00033530592918395996
shirt,B00BYQDJH0,B004CR4ZC6,159,0.20194588601589203,B0041RSA7S,0.39961639046669006,0.002397388219833374
shirt,B002CNTSVA,B0006SL92Y,10,0.34875252842903137,B000ULN7H2,0.36266255378723145,0.00223580002784729
shirt,B00AECN92K,B009PTECLU,40,0.2637214958667755,B006MHJB1O,0.3742564916610718,0.013082146644592285
shirt,B00AFRC2EU,B006JVZCS4,694,0.1041402518749237,B00BH1F9B6,0.2773700952529907,0.017277568578720093
shirt,B004IAMEI4,B0096T97J6,76,0.1805678904056549,B001TB4NEI,0.27790361642837524,0.012513458728790283
shirt,B008YEKTO6,B008KKDN92,157,0.19398179650306702,B005AONB34,0.34154337644577026,0.02283298969268799
shirt,B00CH59Q38,B009OFPY8A,32,0.2812550663948059,B00CJR3NUQ,0.3653123378753662,0.0057701170444488525
shirt,B00BGVUTBC,B00AYHQDXC,701,0.11182334274053574,B00BARYBBG,0.30224040150642395,0.008857876062393188
shirt,B002G9UC1A,B003HNA8WW,50,0.2701655924320221,B00CP5TV58,0.34590989351272583,0.0005521774291992188
shirt,B009ZZ7PYU,B00AL1LOEE,185,0.1845518946647644,B003H7RKB0,0.29366594552993774,0.005798697471618652
shirt,B006NCQPYO,B006C25WGM,1,0.3728916049003601,B006C25WGM,0.3728916049003601,0.00863039493560791
shirt,B0071N0J8M,B004N8SX1I,3,0.3717062473297119,B000EXUEZ4,0.3935527503490448,0.01662304997444153
shirt,B004QS6S12,B000EGBBTE,58,0.19235578179359436,B0051VBW7S,0.28739842772483826,0.003026515245437622
shirt,B00AENLJ4E,B00AHTM05C,410,0.12639406323432922,B008YGPBJW,0.3602942228317261,0.0009495019912719727
shirt,B00AR19X1O,B00AREHPXE,25,0.2594589591026306,B001DIQ02K,0.37404945492744446,0.013350337743759155
shirt,B00ATQ60M2,B009CYLW52,4,0.38155755400657654,B00D6URY78,0.4154331088066101,0.015629053115844727
shirt,B0085428H6,B0033EFCIK,107,0.17607343196868896,B003QD1Q3I,0.27304768562316895,0.0015417933464050293
shirt,B008LJZV0G,B007EDJM6Y,29,0.2659386992454529,B003OXUOW4,0.34026116132736206,0.006369084119796753
shirt,B006SHCSEU,B004M5I1IW,77,0.24458526074886322,B0049U3VGW,0.4086163640022278,0.02508634328842163
shirt,B00931JHSS,B006X0AKYM,21,0.3057040870189667,B000BZGDDM,0.3737080693244934,0.010716050863265991
shirt,B00FD8I2HC,B0019RM524,437,0.1411636471748352,B00140FIFC,0.36398816108703613,0.01135563850402832
shirt,B005DIJKXW,B001CGKLJQ,122,0.19629356265068054,B00AX46SOA,0.38147348165512085,0.06608033180236816
shirt,B005IZUOOE,B00821C5SY,202,0.16327109932899475,B005HYYI2K,0.35743242502212524,0.010300874710083008
shirt,B001O883U6,B001O84MJC,1,0.4108831286430359,B001O84MJC,0.4108831286430359,0.0
shirt,B00CDT7FHM,B003LR3ES4,261,0.15307322144508362,B004JHM9E0,0.32528945803642273,0.023595541715621948
shirt,B0043RJLWY,B001SN7PB0,3,0.2648701071739197,B0046IFV6K,0.3137682378292084,0.032254159450531006
shirt,B002I00AE6,B0055KYMGS,1730,0.07205621898174286,B0091HI4VK,0.3425229787826538,0.00759512186050415
shirt,B0016LG70E,B00BOWT1E4,345,0.14385990798473358,B0007R8KA8,0.3442133069038391,0.01917436718940735
shirt,B0049CLHTS,B001XXTJIC,5980,-0.04016876965761185,B0085PJDJG,0.2626485526561737,0.0005092322826385498
shirt,B00B40E1K0,B00FFUSAD4,1196,0.08328041434288025,B000WS4J7A,0.3063417375087738,0.013337880373001099
shirt,B008OCFYYI,B009MMPFOS,221,0.1519455462694168,B00B5FT6IG,0.28279608488082886,0.02693319320678711
shirt,B001O84MJC,B001O883TW,7,0.3170880079269409,B002FTNYVQ,0.35367828607559204,0.005920350551605225
shirt,B00AZIN2P2,B00776LY8W,18,0.2929646968841553,B00B2ZMJOM,0.33498555421829224,0.003965646028518677
shirt,B002DZR9JK,B002Y7ABEC,48,0.23014715313911438,B001CP1N8U,0.304349422454834,0.007876843214035034
shirt,B000CS0UGY,B003FON3BG,232,0.16154734790325165,B007VYSBSG,0.29740089178085327,0.018686354160308838
shirt,B005I63XM8,B006C6XSFA,48,0.2369897961616516,B00CLJ18BS,0.33150339126586914,0.003909558057785034
shirt,B00F3KMWX0,B00641RTYE,5009,0.0018369229510426521,B007YM4OHC,0.29687365889549255,0.013910919427871704
shirt,B004Q3PSU4,B0057V76WM,48,0.2652665972709656,B006OYGCKS,0.3774090111255646,0.012167543172836304
shirt,B0072701PS,B000A35AMK,1312,0.08832504600286484,B001PIU042,0.3294585347175598,0.027014493942260742
shirt,B005BSLCWQ,B00BCCMELS,169,0.18010058999061584,B00B34NYSC,0.3231838345527649,0.0016241371631622314
shirt,B00AMD5I7U,B005LIXPPI,1078,0.09164199233055115,B008GE8R34,0.27444353699684143,0.003761798143386841
shirt,B005R961PM,B003Z9SNLG,810,0.0931244045495987,B005G3VM80,0.2524353861808777,0.012763530015945435
shirt,B003QR06EO,B0058KLRPE,134,0.19830919802188873,B000R4LN32,0.35527461767196655,0.010036110877990723
shirt,B00CWRLCV0,B003BAEVJ2,648,0.11912670731544495,B001UKA7O8,0.287173330783844,0.0007398724555969238
shirt,B00BRB29YQ,B00A6Y9C40,333,0.1354236900806427,B005VF6TK4,0.2803903818130493,0.01155543327331543
shirt,B00BQZ7OCK,B008K9C9Q6,19,0.2228623479604721,B007VYRFX8,0.3247375190258026,0.02584746479988098
shirt,B00112FYQG,B004T4M9E8,43,0.2073863446712494,B004B7PMVK,0.32787248492240906,0.042629897594451904
shirt,B002G9UC1A,B0081RM7XW,49,0.29101571440696716,B0047BJE0K,0.40542274713516235,0.03219074010848999
shirt,B009OKKA5W,B0076Z9GS4,77,0.2503860890865326,B00606OMNO,0.37456369400024414,0.024773091077804565
shirt,B001FQIYO2,B000JHQGVQ,1,0.37624233961105347,B000JHQGVQ,0.37624233961105347,0.0035552382469177246
shirt,B005KP3UPW,B008B18A8Y,124,0.20865429937839508,B004U940JY,0.33537614345550537,0.007359862327575684
shirt,B00EPDU2PG,B008EJ0MMU,2128,0.06163574755191803,B00BI4DTR8,0.31490516662597656,0.002827942371368408
shirt,B00BV2QEV0,B00BV2QNUM,1,0.37732404470443726,B00BV2QNUM,0.37732404470443726,0.06086605787277222
shirt,B003BWYEQ0,B0040M6G16,1459,0.07935293018817902,B00BXL2922,0.33471250534057617,0.032663583755493164
shirt,B000WEB0D0,B006BGJACQ,123,0.20844441652297974,B001738I5S,0.3971415162086487,0.007154703140258789
shirt,B007X6BEF4,B005CVKLWE,961,0.07781454920768738,B005FRXAJG,0.31101107597351074,0.008271336555480957
shirt,B006IJVUYW,B00CLIV9ZE,9,0.25594422221183777,B00BHA7IBG,0.3102719783782959,0.005740523338317871
shirt,B008H7I2L2,B006YYY8UO,3,0.3493196964263916,B006FPIY7U,0.35122522711753845,0.00012603402137756348
shirt,B00509NSFU,B009Z41GL4,747,0.1108023002743721,B009RU4I8E,0.31851279735565186,0.007475137710571289
shirt,B009L4NRSS,B007GYHINK,6,0.3106449246406555,B007ZTL5US,0.3373277485370636,0.009583801031112671
shirt,B00FDV30N0,B00A8D1Q8Y,36,0.2404545694589615,B00CL0CAEG,0.34754708409309387,0.002338230609893799
shirt,B002SVEJYC,B002SVEKNW,15,0.3620416522026062,B00DEKLOYO,0.3956981599330902,0.0029445290565490723
shirt,B00CJLPB9I,B008VHXGLY,269,0.1645309329032898,B00C6NS0BK,0.2982251048088074,0.0001952648162841797
shirt,B005TG0O6K,B007E4WL4S,513,0.10272912681102753,B003YCWEB4,0.2857397198677063,0.019017457962036133
shirt,B001KOUGCW,B00AO1T42U,92,0.2318483293056488,B00AZWLNV8,0.3630461096763611,0.0034284889698028564
shirt,B007HRO9B0,B006Y8Q79U,180,0.16981446743011475,B003MRQ37M,0.3524816632270813,0.03451418876647949
shirt,B00EBUFSAW,B00B1W6FWI,1238,0.08435424417257309,B004JHM9E0,0.3134795129299164,0.009711772203445435
shirt,B0039BE27Y,B001KFURAW,1,0.3316355347633362,B001KFURAW,0.3316355347633362,0.01545831561088562
shirt,B00EHN44IA,B00726ORDQ,4056,0.027706744149327278,B000BPUVQC,0.3620619773864746,0.0206642746925354
shirt,B00066ZKS0,B008ZBQYLU,25,0.3145863711833954,B0038MJA8U,0.4093380868434906,0.0023446977138519287
shirt,B000YHF5K4,B008RYZTWK,262,0.15148577094078064,B002UFT5JA,0.3442535996437073,0.00838923454284668
shirt,B009ADCOP2,B006ZP4SU2,189,0.18090879917144775,B003ZYYBO4,0.34469297528266907,0.04394063353538513
shirt,B004YO9IVU,B0048KRJ98,47,0.28216612339019775,B0067ECBDM,0.3507784605026245,0.004075050354003906
shirt,B00916YLW2,B007ZOLQGG,143,0.18036231398582458,B005LXHCFW,0.35742366313934326,0.008045077323913574
shirt,B006NCQPYO,B00DJBDZ6I,12,0.28151482343673706,B00D6G9NX0,0.3662618100643158,0.04216638207435608
shirt,B000JM3A1A,B007WGBT1O,376,0.14394812285900116,B005KMKG9S,0.337385356426239,0.01750248670578003
shirt,B0097YZI2K,B003OQTWS8,11,0.2773999571800232,B008BOX7T8,0.31174540519714355,0.008319854736328125
shirt,B000A38K4A,B000G7BCRW,377,0.1483125239610672,B00ANLQM44,0.28938114643096924,0.002270817756652832
shirt,B00BAQ3TWY,B00E9K6MUO,197,0.17188222706317902,B0050JP4PM,0.2987549304962158,0.003599822521209717
shirt,B00BT0JNWQ,B00AG3YJTY,121,0.21361438930034637,B0047BJE0K,0.36561715602874756,0.011024802923202515
shirt,B001PIXJTA,B005E0TR32,93,0.21312136948108673,B005TF2WUM,0.3486616015434265,0.014514416456222534
shirt,B00G6UFA94,B000QHHX2K,205,0.1699351966381073,B00DE4GBUM,0.32473891973495483,0.010111689567565918
shirt,B00C865HBQ,B004FN2OYI,1,0.34838616847991943,B004FN2OYI,0.34838616847991943,0.008729875087738037
shirt,B004I0C5XI,B00A21JW60,331,0.1536228060722351,B004U9F624,0.357607364654541,0.0008812546730041504
shirt,B007QPAWNM,B0017MXLL0,107,0.1711788773536682,B005SEDVRM,0.315761923789978,0.02230757474899292
shirt,B00GKENI2W,B009L4ZBNM,5544,-0.03062906488776207,B00A9WRDY0,0.2970854938030243,0.013728797435760498
shirt,B001WAL2PE,B004IWHEAU,1916,0.04848678037524223,B0052U6EBC,0.24002692103385925,0.0022721588611602783
shirt,B0070DEQP0,B00DXRW6DQ,5931,-0.038112446665763855,B004I0F0LW,0.2799672782421112,0.008266359567642212
shirt,B00CIYDP94,B00CJSTN5O,915,0.09945614635944366,B006VY6A12,0.3182486295700073,0.008338630199432373
shirt,B0098GE6OI,B002O1UMAG,830,0.0879388153553009,B0085UC7EY,0.3447868525981903,0.018453329801559448
shirt,B008AYYVVM,B005QS5P92,954,0.10129785537719727,B005LA7QII,0.26535552740097046,0.0011029839515686035
shirt,B005X0A2UU,B007RKULSW,30,0.2329762727022171,B00A7DWRC4,0.28118741512298584,0.0004857182502746582
shirt,B009BHF8XW,B0081GC3AK,265,0.14936497807502747,B003RWG8KO,0.3247264623641968,0.006157189607620239
shirt,B007DJ7XOC,B004LK9GZ0,1,0.3204624652862549,B004LK9GZ0,0.3204624652862549,0.005720168352127075
shirt,B00BIFZU4C,B004Q3PQYM,20,0.31437763571739197,B0047BJE0K,0.382112979888916,0.002638697624206543
shirt,B002TLTIA6,B005BU5OIM,182,0.15858523547649384,B004QL7C32,0.30067378282546997,0.005715161561965942
shirt,B001LQG1N2,B000VZOJG0,32,0.2840117812156677,B004V93LYI,0.35949212312698364,0.02391749620437622
shirt,B003IWGZQA,B004VMHQ8M,16,0.31441617012023926,B008LK7CAW,0.36125653982162476,0.0037897825241088867
shirt,B000MX1M98,B00A78V6NU,113,0.1737130880355835,B000EHL3WS,0.31713366508483887,0.04848212003707886
shirt,B008EYOK2S,B00GINTLRQ,115,0.19708994030952454,B0085TF48G,0.38208460807800293,0.010954856872558594
shirt,B0077RS0VU,B008K856DK,5,0.3210538625717163,B00BIQKAWS,0.3455004096031189,0.011269301176071167
shirt,B001WAL2UE,B003I86JVK,33,0.225923091173172,B001SERZCS,0.33375757932662964,0.023668736219406128
shirt,B009W2ETIQ,B005NH73N2,627,0.11233793199062347,B00997MHV0,0.37045708298683167,0.00548127293586731
shirt,B001GHIUDK,B0011MPO0M,41,0.2873944342136383,B00GTTLEZQ,0.3570443391799927,0.004869580268859863
shirt,B00BJO34NG,B002QEBQCO,3,0.34650230407714844,B00DEKLOYO,0.3625395894050598,0.012592732906341553
shirt,B005BSLCWQ,B0084YZBAI,16,0.28496402502059937,B002IL3QHS,0.31588679552078247,0.007287383079528809
shirt,B0084OPRIO,B003E420MU,107,0.17451591789722443,B007T5JNJ8,0.2825544476509094,0.0006317496299743652
shirt,B00599EYZY,B0059E5E80,43,0.27526694536209106,B005IYLOYE,0.3872753977775574,0.009425818920135498
shirt,B00DYY7QO2,B0048KPYFY,1,0.4400465190410614,B0048KPYFY,0.4400465190410614,0.016104847192764282
shirt,B009ADCOP2,B00483AQX6,92,0.24115940928459167,B008PHCDA0,0.393636018037796,0.06514456868171692
shirt,B005HGTEPY,B007CCWNBI,788,0.11263029277324677,B007E4SN6S,0.3375888168811798,0.007898002862930298
shirt,B0054PCK4U,B0049W8IGI,9,0.3168554902076721,B00AAX118C,0.3721383810043335,0.02889212965965271
shirt,B004QQJAF0,B00BJXOE36,228,0.16167747974395752,B001MG8S82,0.34626060724258423,0.010005921125411987
shirt,B00637KYVY,B003YQJFWG,323,0.13807259500026703,B001H3HVS8,0.3347613513469696,0.021270573139190674
shirt,B0083Z6QDO,B00CA33WFU,65,0.2148587703704834,B005ZCCRRW,0.3232996463775635,0.0015731453895568848
shirt,B00CE1SWLM,B00CMQWPS0,145,0.20530354976654053,B00AYU2QZ8,0.3319851756095886,0.012788444757461548
shirt,B004XWCRKC,B007JPU7G6,9,0.24415135383605957,B009GMTC2K,0.3242962956428528,0.02170461416244507
shirt,B0013KOIL8,B002QLE37C,4,0.38795483112335205,B004AYN4SW,0.4193888008594513,0.011903345584869385
shirt,B008V2JXTS,B00CI4EWXW,83,0.198264479637146,B00D6G9NX0,0.3175426721572876,0.004770427942276001
shirt,B005JFAIQ2,B000V5DSCG,12,0.31066611409187317,B0017I3MEU,0.3680250644683838,0.009373575448989868
shirt,B00DI9YY8O,B00CFPGOH6,502,0.10935614258050919,B004DCCKBI,0.3200567960739136,0.006517648696899414
shirt,B003URVV8A,B00F6BZOWM,413,0.11598499119281769,B00EQG6D0A,0.3024100363254547,0.00133591890335083
shirt,B0088B8CM6,B007YHY634,34,0.2604294419288635,B009ZHNKGA,0.3493829071521759,0.01951882243156433
shirt,B00BW9IQBS,B005X0895K,4857,-0.004027089104056358,B00GHN6XLY,0.31529179215431213,0.013914942741394043
shirt,B000RZ3L68,B001UFZIJ2,17,0.31652718782424927,B00CIYB66I,0.390794575214386,0.006358444690704346
shirt,B007N2RG00,B003WER4FK,1,0.35113030672073364,B003WER4FK,0.35113030672073364,0.014306575059890747
shirt,B000L9S5NY,B007TYWH74,20,0.20385947823524475,B00GJXS400,0.25238358974456787,0.008104518055915833
shirt,B007S41PRS,B00DGA6TWY,539,0.1543467938899994,B003ZHH2MY,0.3257649540901184,0.00967097282409668
shirt,B00ATREDFC,B007TMU7Z0,56,0.24524280428886414,B00C9GENNS,0.3893536329269409,0.03658652305603027
shirt,B00CJSA0L0,B00CJRUN9U,87,0.20822767913341522,B00APU4PO2,0.3774266242980957,0.03501629829406738
shirt,B001F23NH4,B00BGKZEKY,19,0.2833581566810608,B00AFRC2EU,0.3803597092628479,0.01594296097755432
shirt,B00A1W3NB0,B0072D9SJ2,6,0.3183155059814453,B0036YWMBM,0.33964186906814575,0.0012217164039611816
shirt,B007R78YK2,B008AOKHCE,2639,0.05361488088965416,B007BRMYGS,0.29275965690612793,0.003024578094482422
shirt,B008QT38YW,B000KK0O8S,4,0.2888396382331848,B0083Q0GE8,0.3235822916030884,0.022973060607910156
shirt,B00BARY35A,B006PGW58I,5,0.26607757806777954,B00CPSDPCU,0.2936426103115082,0.007938623428344727
shirt,B008K1QJ5G,B005A3Q2W2,5019,-0.0005024978891015053,B0013EG76S,0.26496362686157227,0.0032041966915130615
shirt,B007P28IKK,B001SN7QH8,144,0.16894392669200897,B00C4YRJKO,0.37487196922302246,0.008150696754455566
shirt,B0076Z9GS4,B006VWU4TI,1094,0.09656740725040436,B004SK95TA,0.3075263500213623,0.011615484952926636
shirt,B00BJHF36O,B0091600H2,59,0.2511061429977417,B00EVG3QOG,0.34665486216545105,0.017171621322631836
shirt,B004LAO7PE,B006HT40OK,17,0.30652880668640137,B004VFHTL8,0.3917645215988159,0.02625790238380432
shirt,B007TZ3DNA,B00CMQ8ZXO,111,0.19666841626167297,B00F6S5GUK,0.36736780405044556,0.020234107971191406
shirt,B00CAHM74S,B008STCL4I,70,0.21628379821777344,B007WPJNBS,0.348547101020813,0.011185050010681152
shirt,B00DG9ISYM,B008Y24H1E,24,0.26178738474845886,B00EDKMZ7Y,0.31616342067718506,0.003738105297088623
shirt,B000YHJDOI,B005H2CBC6,1545,0.0768217146396637,B000CP9TY6,0.3259730637073517,0.009941190481185913
shirt,B00BIQ1XCE,B007E82H7A,327,0.15674713253974915,B004M8R9MI,0.3715476989746094,0.0
shirt,B004IK83WU,B00590Q14U,3885,0.02595030888915062,B008B18A8Y,0.27285319566726685,0.008821487426757812
shirt,B0002NZ11I,B001086JAQ,26,0.2802819609642029,B000E9WBOK,0.3911789059638977,0.05222177505493164
shirt,B0091V9DR0,B00653QDEI,75,0.20309928059577942,B006CWV270,0.3656306564807892,0.02085980772972107
shirt,B009RVTT4G,B004HW68YY,807,0.10012227296829224,B006NR72OQ,0.3424462676048279,0.041075438261032104
shirt,B0085IGAU8,B00AOLMMLK,91,0.2400359809398651,B005HWOJD0,0.3575243055820465,0.004633098840713501
shirt,B007PVC4R4,B0038MJA8U,63,0.2287653088569641,B006Z8FZ06,0.31360924243927,0.006295382976531982
shirt,B0072701PS,B00GMRXOYY,547,0.10643307864665985,B0067EWIK8,0.2930253744125366,0.003977596759796143
shirt,B008G0SU26,B0077RS0VU,3551,0.0247897207736969,B0085PJDJG,0.25339972972869873,0.014777153730392456
shirt,B0087DW93S,B009YJ8O60,168,0.1672002673149109,B0041IVTJ8,0.30601954460144043,0.023493647575378418
shirt,B00542QOFE,B0050WOT9Q,70,0.21271869540214539,B001C4AYBI,0.36938339471817017,0.01949170231819153
shirt,B00F6S5GUK,B0058RUUH8,6183,-0.05524497479200363,B0075BDBSA,0.3226008713245392,0.021314889192581177
shirt,B00CSRZ7VA,B00C6AOL2K,3,0.2815455496311188,B003FGW8MO,0.3632824420928955,0.0330696702003479
shirt,B008N67FVK,B002KQ6H4U,22,0.3221205472946167,B00BUIZB1O,0.4122351109981537,0.008916258811950684
shirt,B00CJLPB9I,B007MI4PIG,83,0.1985437572002411,B00517ABEW,0.3034546971321106,0.003653287887573242
shirt,B00261C2V6,B00CKOR1GA,21,0.2542564272880554,B004G71M28,0.34007275104522705,0.016205698251724243
shirt,B009VE8P1C,B007E7R9ZQ,213,0.16071239113807678,B004MPQ8X2,0.3868858218193054,0.06711852550506592
shirt,B004MDLAF0,B007P3PMHQ,18,0.31705978512763977,B007VN04BO,0.37819117307662964,0.014504849910736084
shirt,B00CJSA0L0,B006H4LI7C,10,0.27810195088386536,B003JY6WY2,0.3131020665168762,0.010360002517700195
shirt,B0085OZ8HS,B0085O4Q7Q,3,0.39261436462402344,B00791QBIS,0.45404815673828125,0.04812049865722656
shirt,B003QCBBJI,B003QCGEVS,1,0.29107463359832764,B003QCGEVS,0.29107463359832764,0.014367759227752686
shirt,B0067K5MNC,B00AAJ687U,4642,0.012855809181928635,B00BLQH30W,0.3172749876976013,0.011077702045440674
shirt,B003IB71I2,B0016JD8PI,48,0.27646303176879883,B007DJAQDC,0.3848208487033844,0.01168912649154663
shirt,B005TL7L5W,B00A6ZEW5S,949,0.10554365813732147,B003AKZH5K,0.28487008810043335,0.0030150115489959717
shirt,B005H9ZP8Q,B000BTMG0C,100,0.18715375661849976,B0007T2NAO,0.3272135257720947,0.02241438627243042
shirt,B004TIH9N0,B00DII1AGO,9,0.3003631830215454,B004R6IQG8,0.3424040675163269,0.02865654230117798
shirt,B004B7PMVK,B004B0BAUY,6,0.29021546244621277,B00112FYQG,0.30761682987213135,0.001214832067489624
shirt,B006BZ8690,B0068RJFC8,53,0.24202989041805267,B007JQKD7S,0.3391458988189697,0.013592243194580078
shirt,B008E0UE6I,B00897ZREK,547,0.13802629709243774,B00B0ZBOTA,0.35858580470085144,0.004161566495895386
shirt,B000WNEK7Y,B005HWTURA,20,0.36070603132247925,B0009X7URY,0.3812090754508972,0.006316065788269043
shirt,B0081SF8AU,B006WUUQR4,224,0.1755554974079132,B00FFKQ3LK,0.302539587020874,0.008774042129516602
shirt,B00C2CZTYG,B00CJH05O8,594,0.12781575322151184,B001682VCU,0.3209112286567688,0.0230444073677063
shirt,B0089681FI,B00C69YVRG,68,0.23958036303520203,B00AZLY7QM,0.3006974160671234,0.007634639739990234
shirt,B0009MDF9W,B00A7BR9XS,269,0.16769708693027496,B006HT3WBC,0.35622602701187134,0.008130550384521484
shirt,B00C6AOL2K,B00CEJLS7E,2,0.37368977069854736,B00BMR73SC,0.403939425945282,0.03024965524673462
shirt,B005GT20QM,B007BYRUYW,15,0.3055608868598938,B007E9RDH8,0.36009877920150757,0.007028520107269287
shirt,B001QL8NVA,B00608DPQC,28,0.2613646388053894,B001AN3MOC,0.3266431987285614,0.003153890371322632
shirt,B009H420K8,B002QH4BLO,1585,0.056147489696741104,B0077DT5SG,0.4137462377548218,0.0814809799194336
shirt,B007APJQJY,B0011MNWSI,3721,0.028213970363140106,B007XJBQCM,0.286783367395401,0.0031609833240509033
shirt,B005J4C8HA,B00A5IQHAY,1,0.2872352600097656,B00A5IQHAY,0.2872352600097656,0.018032580614089966
shirt,B0063TRZD2,B009VCN7IA,124,0.16996672749519348,B007PYDN62,0.28706976771354675,0.002653956413269043
shirt,B003OPUWH4,B00F6886DY,1352,0.07316409051418304,B002IL3QHS,0.34835290908813477,0.052673548460006714
shirt,B0081ST50O,B007SWH4HK,48,0.26956266164779663,B0079NE124,0.3517589569091797,0.0010807812213897705
shirt,B002PZHYQ6,B00DHX3Y5U,118,0.22262170910835266,B00852W684,0.3596675395965576,0.004840075969696045
shirt,B006Q8U9D8,B009PIK8BY,47,0.2319393903017044,B009UWS7EK,0.3108956217765808,0.0014316439628601074
shirt,B009MB8Q7C,B00AZLZ8UQ,9,0.35648036003112793,B009MECX5U,0.3697895407676697,0.005447864532470703
shirt,B001LZKV6Q,B00451AT6U,4036,0.01824626699090004,B0077DF3DC,0.2992858588695526,0.02907291054725647
shirt,B00CH4QR7M,B00H9FBM5Q,39,0.221611887216568,B0019SH5P0,0.3248002827167511,0.010014265775680542
shirt,B007IJZ2KO,B00BHKFFAW,1,0.3423904478549957,B00BHKFFAW,0.3423904478549957,2.3245811462402344e-05
shirt,B003WE9084,B003ZZM6G8,65,0.2164033055305481,B005W8LMAC,0.3185044527053833,0.012260258197784424
shirt,B003X46ZKO,B00BLS4998,39,0.21275220811367035,B005KN1S9Y,0.2896791100502014,0.014409899711608887
shirt,B004YOAT9A,B0093OQBCK,430,0.12787708640098572,B004HHO2DI,0.3633002042770386,0.008395642042160034
shirt,B005B6ZIE6,B00CMS4SB0,43,0.2954200506210327,B00AK43YKO,0.3909599483013153,0.005941212177276611
shirt,B004AM0XUQ,B0036C4NFW,131,0.15461961925029755,B00E7YEAEM,0.26965659856796265,0.011442124843597412
shirt,B004QDCRZS,B00C7CCMEG,27,0.26392069458961487,B00B4EF1AA,0.41374868154525757,0.05461341142654419
shirt,B00AKYDNFA,B00943FZTA,3,0.2964138388633728,B001M1JBYW,0.30717432498931885,0.006155669689178467
shirt,B009RUTFV4,B008L40C7S,9,0.2539215385913849,B00FBBN4EW,0.31208372116088867,0.020332515239715576
shirt,B00DYA9R5M,B0094KCP96,3848,0.023116430267691612,B005OCFG3K,0.28738242387771606,0.023075252771377563
shirt,B0083WQ3MQ,B0009G3YQW,23,0.2834685444831848,B008EF1L5G,0.3640911281108856,0.008921563625335693
shirt,B008BSWM4K,B008BSWH22,22,0.26584842801094055,B00383VNX4,0.3246023654937744,0.0020602941513061523
shirt,B007IE40W0,B0033BGD0E,167,0.15521089732646942,B004S92OEE,0.33793872594833374,0.005527913570404053
shirt,B007SA6SZQ,B00AA2BC0U,13,0.31090977787971497,B008EIXL38,0.3577851355075836,0.005619078874588013
shirt,B004CVDPAA,B00030LHBS,616,0.1158708781003952,B005OCIGXW,0.29910582304000854,0.005377411842346191
shirt,B00BJHF36O,B004UJ14FM,260,0.1487790197134018,B00BF9FBJ0,0.26219993829727173,0.0038835108280181885
shirt,B00AAQT6ZY,B0085HCEL8,1601,0.06402065604925156,B00DRH9YR8,0.30968737602233887,0.003850013017654419
shirt,B00E3I72W4,B005ZMUZH6,214,0.18403352797031403,B00AK495TS,0.3336881995201111,0.0035995841026306152
shirt,B004YU7HNU,B007QPAWNM,1718,0.06662216782569885,B001S2PQ4O,0.30959242582321167,0.04372584819793701
shirt,B0074D0W68,B001B16GCS,113,0.2236596941947937,B0002UP9FO,0.3220018744468689,0.0044182538986206055
shirt,B007VYRFX8,B005KSBJL6,4,0.32643255591392517,B001S2HKS4,0.36208492517471313,0.012834876775741577
shirt,B009T5NMS4,B007TRPF5W,166,0.19710606336593628,B002ZCUXKI,0.3546503782272339,0.008948028087615967
shirt,B005KB7QSS,B00CLAZZOS,3,0.24068714678287506,B000P47ZAE,0.2828736901283264,0.01520627737045288
shirt,B00CEJEA8I,B006043E2Q,2,0.32638275623321533,B005LXHCFW,0.32920610904693604,0.002823352813720703
shirt,B00BYQDJH0,B008LTDW1G,253,0.14159996807575226,B003JSIR46,0.28128477931022644,0.02314785122871399
shirt,B000MYC2YG,B0057XC6S4,1,0.32408106327056885,B0057XC6S4,0.32408106327056885,0.011279940605163574
shirt,B00C51HF46,B00DPQ8FX0,126,0.17977072298526764,B003AKZH5K,0.3581100106239319,0.05381977558135986
shirt,B009L97W5M,B009QR8VNQ,71,0.20351162552833557,B00BJPS6BK,0.31592506170272827,0.010672271251678467
shirt,B00BFTS1DI,B004S92OEE,3394,0.04205435514450073,B000EGBBTE,0.2372761368751526,0.001302868127822876
shirt,B001GW13QG,B005JQ22DI,12,0.2845127284526825,B0087KODVM,0.36362817883491516,0.027084559202194214
shirt,B005UVPW5W,B005E7KJPK,220,0.14723078906536102,B004I7KQY6,0.3186653256416321,0.016598373651504517
shirt,B0086F6HIK,B00B2B9JJY,1982,0.06387530267238617,B009CG74DO,0.33066534996032715,0.017972201108932495
shirt,B00398WXHI,B0042FOL8Q,5765,-0.03782714158296585,B00CQ9P4Q8,0.3339858055114746,0.008828878402709961
shirt,B0039Q9USU,B008WJ68NY,198,0.16586822271347046,B00DAMLQKS,0.34614792466163635,0.004044234752655029
shirt,B002N8P7MI,B00B4WT108,1,0.3348499536514282,B00B4WT108,0.3348499536514282,0.02771937847137451
shirt,B004R1NSL6,B00B4WVJKI,5,0.2976105213165283,B00B4EF1AA,0.3243681788444519,0.0014000535011291504
shirt,B00DU9IRGC,B009ZRV3GY,618,0.1196911633014679,B00CMTB5GU,0.2934417128562927,0.02806028723716736
shirt,B00AFQ1JD6,B0025V4H4M,448,0.12474945187568665,B001PCBN9O,0.3164476752281189,0.010683000087738037
shirt,B00C40R3FY,B004YZINB0,635,0.11718564480543137,B004QF0F78,0.32751595973968506,0.006593763828277588
shirt,B00CB3EQDG,B00700WVBO,66,0.2351379096508026,B0006SCZRM,0.3135889768600464,0.00432160496711731
shirt,B003AU61WI,B00D8UCM00,97,0.17840027809143066,B00C9UTWZS,0.3031792640686035,0.032317012548446655
shirt,B004BOV7DK,B00FH65X5E,140,0.17069800198078156,B005C50YPY,0.27829235792160034,0.0027524232864379883
shirt,B006Y5SM2I,B00C9UU1D0,62,0.2323855608701706,B004MPQ8X2,0.3535464107990265,0.008601129055023193
shirt,B005LBXRWQ,B005LBWAV0,2534,0.04779178649187088,B008AL3XB4,0.34572046995162964,0.003078460693359375
shirt,B0084ERQFG,B0056EJG8M,21,0.31399857997894287,B007TXC0KO,0.3633824586868286,0.022135376930236816
shirt,B004ZC7YKI,B00CIZI8Y0,45,0.23148077726364136,B004ZC7Z7A,0.349260538816452,0.012174934148788452
shirt,B006ZZV0L2,B003S0W9EO,852,0.10480610281229019,B00CIBHIO0,0.33066678047180176,0.005148649215698242
shirt,B004R1CKX8,B00AFJK8E4,8,0.2644299864768982,B004OKFF7K,0.2997129559516907,0.010953128337860107
shirt,B0042AOT8S,B0091BZBHQ,26,0.2494821548461914,B00BQ3R3CI,0.32690781354904175,0.015799611806869507
shirt,B0042VK7GA,B00CBVC8GA,460,0.12105721235275269,B0058VGVX6,0.38026052713394165,0.004674971103668213
shirt,B002HNSH80,B00FV0FKXQ,15,0.2601769268512726,B002GUA5P2,0.303017258644104,0.011448681354522705
shirt,B00BBSZEQ0,B00AOI5DM8,160,0.16678683459758759,B00BF6L5HA,0.2985171377658844,0.005541950464248657
shirt,B006ZP78WC,B006ZP4RPI,39,0.23006880283355713,B00CBMHGQG,0.33429479598999023,0.0014949440956115723
shirt,B007OXCG1C,B009X6CURI,6,0.2806955575942993,B00006NQ0N,0.3246780037879944,0.01842677593231201
shirt,B00AK46JK6,B00C1ENRT4,11,0.2644079923629761,B00C2O32A2,0.3199175000190735,0.0189511775970459
shirt,B00F3KMWX0,B00BXVISC2,61,0.209616020321846,B0079B13RM,0.29506319761276245,0.002449542284011841
shirt,B00DQDA9HC,B0015SWA4A,169,0.15050417184829712,B00D0XI5LA,0.27635449171066284,0.01630982756614685
shirt,B006C5IY82,B00686QH8E,1,0.37321585416793823,B00686QH8E,0.37321585416793823,0.0718698501586914
shirt,B0083Z6QDO,B007BMSSW2,72,0.30035820603370667,B007IJZ2KO,0.3830668330192566,0.003885895013809204
shirt,B0028TS5X0,B00BEH3S48,1327,0.0853409394621849,B0077PMHIO,0.28887829184532166,0.031542062759399414
shirt,B009P8QMWS,B005HFBLQA,9,0.32259130477905273,B0085YPIXC,0.3829003572463989,0.016790688037872314
shirt,B002BOHPNS,B005J4CCRG,271,0.15228271484375,B007BRMYGS,0.29866862297058105,0.011487185955047607
shirt,B003TWOPKW,B008E5CDEO,365,0.13617700338363647,B00AAJ67QW,0.2579523026943207,0.006357848644256592
shirt,B00AFU8P2K,B004KIOM4S,93,0.19280189275741577,B00BIF2XDS,0.33791840076446533,0.015581786632537842
shirt,B0088YPBA4,B004I5NVL8,149,0.19308535754680634,B007I6HU02,0.3224075138568878,0.005252033472061157
shirt,B0096UD3FO,B001PTD0KM,93,0.2132575362920761,B006H4JR84,0.3116382360458374,0.009338527917861938
shirt,B00BLL7CB2,B004EDHI0Y,931,0.10368643701076508,B005XIGOL8,0.34143978357315063,0.013422936201095581
shirt,B0015GMX80,B00BEEF9OI,104,0.20932921767234802,B00BS7FFQ8,0.35884034633636475,0.01372462511062622
shirt,B001H0F2J6,B008RMEXKG,6,0.32627904415130615,B003QCGEVS,0.35987311601638794,0.0015243887901306152
shirt,B009DLYLS4,B001T4F46Q,41,0.2454283982515335,B006ID7VIC,0.3260044455528259,0.002619147300720215
shirt,B00DQDA9HC,B00DPOJCL6,2745,0.049638740718364716,B0050UBKNQ,0.29214048385620117,0.02822411060333252
shirt,B008VPIL52,B000KLV1CA,39,0.23933900892734528,B0078KLOH8,0.3126595616340637,0.014145255088806152
shirt,B00EAP7JAK,B0085428H6,11,0.33817076683044434,B00BUIZB1O,0.40781712532043457,0.019680529832839966
shirt,B00641VADU,B000TMDSOY,6330,-0.13685563206672668,B002CJLUOW,0.3266827166080475,0.01025882363319397
shirt,B002UQJENQ,B00CPSD8A4,3872,0.010842585936188698,B004IP8H7Q,0.34748512506484985,0.005782574415206909
shirt,B0085OX8LQ,B007RAZN6M,9,0.360562264919281,B00AOI54L8,0.40300047397613525,0.01903313398361206
shirt,B0089681FI,B004DLNRSE,561,0.10009033232927322,B00706XMX4,0.33476313948631287,0.011667639017105103
shirt,B004REC7ZQ,B007JQKD7S,3,0.3252626359462738,B007E6M3UI,0.35393738746643066,0.02239742875099182
shirt,B005Q0YSU2,B0067PC8OS,2,0.3784058392047882,B005TX2N6M,0.38378697633743286,0.005381137132644653
shirt,B004U7I0SI,B004OKFF7K,10,0.34248682856559753,B004U7HY8U,0.3951411545276642,0.00928911566734314
shirt,B003H8KK0M,B0013FPI8K,164,0.16817402839660645,B00B4A2GDE,0.3478431701660156,0.009637117385864258
shirt,B003OPUWH4,B003CHNXQQ,33,0.22795447707176208,B00BCLMPQS,0.31261205673217773,0.007877826690673828
shirt,B004QDCRZS,B004T3K0FE,300,0.15768977999687195,B007DJ3EYA,0.37964123487472534,0.05722120404243469
shirt,B008D6Q7DC,B007MEZRC8,1553,0.08443079143762589,B004QQJAF0,0.36616647243499756,0.0005529522895812988
shirt,B008K2HF6C,B009JD7XUO,228,0.16587132215499878,B009IULXXQ,0.3090336322784424,0.006173551082611084
shirt,B00CLCHVSY,B00E9LPGG4,63,0.2286238968372345,B005RSUR44,0.3346874713897705,0.012645542621612549
shirt,B004QDCRZS,B005J4C8HA,30,0.28313615918159485,B007IDFV9M,0.3533860445022583,0.00755763053894043
shirt,B000EOZGWE,B002R7U7Q6,614,0.10983520746231079,B00AES8W30,0.3299891948699951,0.010347843170166016
shirt,B0069UTN1W,B00B9ZFVJ0,3337,0.034723587334156036,B00AK495TS,0.30026665329933167,0.0069682300090789795
shirt,B004ASDKKA,B0007XMDL4,3,0.32496377825737,B00FOR7E6C,0.3413808345794678,0.01383429765701294
shirt,B00451AT6U,B0041IY8I2,83,0.1691294014453888,B00AOO0HMS,0.27575698494911194,0.00956714153289795
shirt,B003B2KVCQ,B00CYMFFVQ,121,0.17685860395431519,B0068UB0XC,0.2704422175884247,0.008254081010818481
shirt,B0032HJXKG,B000WLVLDW,3894,0.024940695613622665,B00706XMX4,0.33730173110961914,0.015598863363265991
shirt,B0038OVKR2,B001086JBK,109,0.19807961583137512,B001L95W7K,0.3306680917739868,0.003862529993057251
shirt,B004R1CKX8,B0015IMRNE,186,0.18109512329101562,B0053WWJWC,0.2912081480026245,0.0018649697303771973
shirt,B007LVJSW2,B002SG72FU,89,0.2077186107635498,B007TMU7Z0,0.3221609890460968,0.003913760185241699
shirt,B003ICY3OQ,B007BA6MNQ,117,0.21585813164710999,B008N83ZLC,0.35542017221450806,0.008370757102966309
shirt,B004KV0604,B00C7BNA66,695,0.13040214776992798,B008I5ZL4Y,0.28457173705101013,0.014850258827209473
shirt,B00008JPSN,B00AZLY7QM,16,0.29820817708969116,B0014QR9QM,0.3778061270713806,0.0222722589969635
shirt,B009R8P6QO,B0097OTU7Y,9,0.305794358253479,B005KMKM38,0.3489115238189697,0.0019947290420532227
shirt,B0071SPPAO,B00ADD03FG,1,0.3652009963989258,B00ADD03FG,0.3652009963989258,0.003936290740966797
shirt,B00DNI5GI2,B000EDM01A,231,0.16138049960136414,B008AXCUF2,0.2956293821334839,7.289648056030273e-05
shirt,B00DSOHOBI,B008G3KOC2,30,0.2676326334476471,B00AQ79LE8,0.4039626717567444,0.0025524795055389404
shirt,B004TNLWVA,B0074JA762,57,0.21728083491325378,B00164ITHU,0.3389323353767395,0.018542587757110596
shirt,B00AZLZ8UQ,B00DRG0TS2,61,0.2740992307662964,B00A28UVWW,0.3711804747581482,0.0034249424934387207
shirt,B008LK7CAW,B000RZ3L68,113,0.18485179543495178,B001DIQ02K,0.3996675908565521,0.037276893854141235
shirt,B00CPS2NE6,B001FBQ8L8,2669,0.029634589329361916,B00906L8L0,0.27568015456199646,0.02927577495574951
shirt,B0054419WA,B0093NHAQW,1333,0.09470587223768234,B00A2NMCV0,0.2975560426712036,0.008461415767669678
shirt,B009N29AO8,B00EYGE7X2,78,0.2944382429122925,B005CZM4XE,0.39001956582069397,0.01891985535621643
shirt,B008435IOI,B004B6NXIK,70,0.19539470970630646,B00D40JIBA,0.2975679636001587,0.005146682262420654
shirt,B000SJFEAE,B000RP49KK,5,0.2942112982273102,B00A0XKK98,0.3141985535621643,0.008363842964172363
shirt,B007VPMP8C,B000S97HBS,273,0.16576054692268372,B00BLR73XI,0.3218355178833008,0.0163002610206604
shirt,B00502EZX6,B004U28BBY,92,0.23465842008590698,B0062B5JQQ,0.37783998250961304,0.014183223247528076
shirt,B00A4LC2II,B006H6TYSK,4758,-0.008320040069520473,B009VI0H7S,0.39619874954223633,0.03714057803153992
shirt,B00DR4IZTE,B0078F2F80,41,0.23882438242435455,B0035YJVGM,0.38336077332496643,0.05420520901679993
shirt,B00BYIN01I,B006W969LW,127,0.19633840024471283,B002V4QF9S,0.30450665950775146,0.010728299617767334
shirt,B00861KWY4,B009P8QMWS,27,0.261442631483078,B00E7YEAEM,0.3368789553642273,0.004650026559829712
shirt,B007UP0B4S,B0088B8HBC,5,0.21927349269390106,B003R50LA4,0.25752976536750793,0.03295890986919403
shirt,B00009ETTU,B0002I5T5G,62,0.17771801352500916,B003BM95QY,0.3185351490974426,0.02152082324028015
shirt,B00G6UFA94,B00CBP45Q2,104,0.2175794541835785,B0091HI4VK,0.32546520233154297,0.005695819854736328
shirt,B001FBQ8L8,B0089CCDUQ,106,0.22511591017246246,B001CMIN4K,0.4182864725589752,0.005763262510299683
shirt,B00AECN92K,B00AECKNR4,57,0.2679905891418457,B007ZTE8NE,0.38127851486206055,0.009995520114898682
shirt,B009G0SO62,B0090WXH9K,117,0.21661123633384705,B0015VD154,0.32890772819519043,0.011338949203491211
shirt,B002RCLYEK,B006MHI516,3488,0.03802741691470146,B0050UBKNQ,0.3314104676246643,0.061782896518707275
shirt,B006C25WGM,B006ZYZFNM,16,0.30268269777297974,B004GTM7I4,0.3785358965396881,0.011045485734939575
shirt,B00CLZVGAA,B003TPUV0M,105,0.1925395429134369,B000A35AMK,0.33052727580070496,0.02080675959587097
shirt,B00B9JJY76,B0093NPKO6,4,0.3108970820903778,B00AY2FULS,0.3346189558506012,0.006244927644729614
shirt,B002EIMNY2,B0014C09VI,1,0.3679826259613037,B0014C09VI,0.3679826259613037,0.0065765380859375
shirt,B004OKFF7K,B00774HWNA,8,0.3507895767688751,B000EXUEZ4,0.3969042897224426,0.017921477556228638
shirt,B007T4JJ5W,B00BTJJVPQ,396,0.13604119420051575,B0094S068A,0.37029945850372314,0.004863768815994263
shirt,B00GOGK2SO,B009LM4LYO,7,0.27258163690567017,B0002VN7CA,0.30397310853004456,0.023038506507873535
shirt,B00B7SA29S,B00CUU350U,1,0.3513926863670349,B00CUU350U,0.3513926863670349,0.03973504900932312
shirt,B008T3V1YO,B00EUEB41G,384,0.12384933233261108,B005U1WRFK,0.25609374046325684,0.004776746034622192
shirt,B002O17HOU,B004QQ5IMO,246,0.17105738818645477,B004P9806S,0.3541618883609772,0.0023846030235290527
shirt,B003BWWH8M,B004BTX0GW,102,0.23973029851913452,B00CLJ18BS,0.3683444857597351,0.003759711980819702
shirt,B0002DQSS8,B002WOSLVM,39,0.2553027272224426,B0026GQET2,0.3422340154647827,0.0020968616008758545
shirt,B00CUA9J5A,B0065EBKS6,204,0.20521661639213562,B00729O5LM,0.43439579010009766,0.002738058567047119
shirt,B003BWRJ1C,B00CXSBQ8M,34,0.19826236367225647,B007QPAIZO,0.281469464302063,0.00919833779335022
shirt,B007F85LVI,B00D8GO1E4,1140,0.11635522544384003,B008ZBQYLU,0.3772745430469513,0.004721552133560181
shirt,B009LJCL8A,B00EW0UFUY,296,0.14607998728752136,B00BFTSNAY,0.28342685103416443,0.0008432567119598389
shirt,B006WFFTTO,B008JBP5L6,3328,0.02668585814535618,B001QVJ6PM,0.30511486530303955,0.02870875597000122
shirt,B008QUAX0S,B008PG61WM,5,0.29032623767852783,B0024YV8R4,0.32242342829704285,0.005288422107696533
shirt,B000BO1R2K,B0061S0348,62,0.24271634221076965,B006CWV270,0.3791167140007019,0.03683805465698242
shirt,B00CNE6EEW,B00BHA7IBG,3,0.336107462644577,B00CLIV9ZE,0.3984028697013855,0.02272409200668335
shirt,B002CMLPNK,B00BJV7YIA,930,0.10820893943309784,B0085288EA,0.3048715591430664,0.018952935934066772
shirt,B00EFZ786K,B0002KV5OS,124,0.1958899050951004,B004Y6L5IM,0.3526572585105896,0.02204442024230957
shirt,B0013FPI8K,B005X2NZ9S,11,0.3025241494178772,B0010B16GA,0.35451334714889526,0.021933287382125854
shirt,B00EA93IKQ,B009I1PKKC,1,0.2797684669494629,B009I1PKKC,0.2797684669494629,0.03511354327201843
shirt,B0038MHG18,B003POFQZM,16,0.2967976927757263,B003WER4FK,0.35905125737190247,0.026280254125595093
shirt,B005GL63X6,B006HAHZ7I,802,0.08433705568313599,B007TZ3DNA,0.2844512462615967,0.03733620047569275
shirt,B006AJXW0A,B008F061QO,2,0.29280591011047363,B00139C4CE,0.3090096116065979,0.016203701496124268
shirt,B000G1FDF0,B0013KOIL8,1,0.349284291267395,B0013KOIL8,0.349284291267395,0.002775251865386963
shirt,B0016BK4T4,B001L3GYSW,2,0.37217098474502563,B0016BG0A6,0.395704448223114,0.02353346347808838
shirt,B00C4AZVA8,B004WH0J58,89,0.20091602206230164,B00CDWRS2G,0.30473971366882324,0.0016512870788574219
shirt,B00CIYDP94,B0087J4VGK,1093,0.0832359790802002,B007FX9LAA,0.29897165298461914,0.0013032853603363037
shirt,B0012FNHIO,B00C4XARMM,494,0.1365818977355957,B0052OSDWG,0.29993975162506104,0.01795026659965515
shirt,B0054I421G,B005BN2YN2,132,0.19624276459217072,B0050TB14K,0.3203372359275818,0.0015768110752105713
shirt,B006WRED6W,B001TKTN1M,184,0.17164787650108337,B00AA2BC0U,0.3312693238258362,0.027907103300094604
shirt,B004CR4ZC6,B004SKM6SC,47,0.2681119441986084,B0088YPBA4,0.35252130031585693,0.005825668573379517
shirt,B004QQ5IMO,B002O17HOU,34,0.2752748727798462,B004RMP7P0,0.3635558485984802,0.011692166328430176
shirt,B00AJJJPNA,B00C5RC12G,19,0.2928842604160309,B00B2JMDRQ,0.35600221157073975,0.003026604652404785
shirt,B007JR83CE,B00192IJZG,8,0.23422980308532715,B0032HJXKG,0.2794110178947449,0.03178778290748596
shirt,B006TG84O8,B006TG7W3M,165,0.16356581449508667,B008MC25JM,0.37481796741485596,0.07866227626800537
shirt,B008BTI85Q,B004N5H9D4,48,0.2312413901090622,B006VY4S1Q,0.34213194251060486,0.017728149890899658
shirt,B009ZC3SAS,B003QMM0SO,45,0.24248652160167694,B00A2BE440,0.2956607937812805,0.013326764106750488
shirt,B0045VQCWA,B0045EY35K,110,0.24419185519218445,B00853EBJU,0.35905492305755615,0.021713048219680786
shirt,B005NK3GCG,B003IT740Y,65,0.2534959614276886,B006042IYG,0.36152130365371704,0.007742524147033691
shirt,B0048KZ3FU,B005REIERK,134,0.16531255841255188,B003OUX0MS,0.30533134937286377,0.004451274871826172
shirt,B004XMVOPQ,B001F6TDJW,69,0.23762212693691254,B0059DQYU8,0.36817145347595215,0.031474947929382324
shirt,B006XD31RC,B00A6YFYXS,29,0.26175785064697266,B001FBEFFY,0.33419525623321533,0.01757192611694336
shirt,B008VI65PW,B00092SAR4,71,0.21318620443344116,B007ZTRDBI,0.36227545142173767,0.0006099045276641846
shirt,B00A64TGV4,B00C96U8RI,5,0.3543359041213989,B007ENCGTY,0.4081461429595947,0.013048648834228516
shirt,B005CXDOA8,B006HT3WBC,317,0.14315113425254822,B006OYGCKS,0.4156542122364044,0.038261085748672485
shirt,B00BOHU9ZE,B00EHQR0FQ,52,0.22050443291664124,B009RQSINO,0.3097296953201294,0.00025841593742370605
shirt,B001E2038M,B00DDXIRV0,1451,0.07922954857349396,B00AAJ67QW,0.3282386064529419,0.03821754455566406
shirt,B0093OQREM,B00FDL73BK,3365,0.024272611364722252,B007UP0B4S,0.2970624566078186,0.007547706365585327
shirt,B00B7SA29S,B008OZKW56,1,0.373658150434494,B008OZKW56,0.373658150434494,0.005355536937713623
shirt,B001PFBE2C,B004O92RP4,362,0.1467420756816864,B001PIU042,0.3188932538032532,0.006616085767745972
shirt,B003XMOFP8,B000W6WB6I,60,0.2576225996017456,B00C7T6J4I,0.3668272793292999,0.010458678007125854
shirt,B003MSNCM0,B00DIAJ7Z8,271,0.16181117296218872,B00C2SRVXM,0.3313862383365631,0.04281213879585266
shirt,B004UJ14FM,B000L9S5NY,164,0.17100974917411804,B006FSRHMA,0.30400529503822327,0.010933727025985718
shirt,B001CFA16A,B002HNSH80,16,0.246557354927063,B001F23NH4,0.36239203810691833,0.0026321113109588623
shirt,B004CS0IZS,B005Y8684K,1149,0.0846945196390152,B0025U4X5G,0.2681758403778076,0.0037653744220733643
shirt,B00CQLJ1Y2,B00DN6JHNE,161,0.1470564752817154,B00BV2Q7NK,0.35255900025367737,0.017866671085357666
shirt,B003BAEVJ2,B006NPNCBA,5,0.27648648619651794,B000JM3A1A,0.3090839385986328,0.016430586576461792
shirt,B00AWA4RF2,B0098CQTP6,311,0.15051832795143127,B001AN1N9S,0.31431517004966736,0.03605765104293823
shirt,B00B7679FU,B009BHF8XW,117,0.24311961233615875,B0048E2BC4,0.35020869970321655,0.00029778480529785156
shirt,B009PTECLU,B00FYXXTY2,17,0.24696922302246094,B007JBFI4Q,0.29573094844818115,0.006312072277069092
shirt,B0087KODVM,B008BT8HRU,26,0.22570106387138367,B0016D7DRI,0.2971740961074829,0.014829814434051514
shirt,B0071FEZAI,B004XWCRKC,4,0.36292803287506104,B00CXGH84A,0.41779202222824097,0.008665919303894043
shirt,B008VI0ZP8,B005958LUC,44,0.23897719383239746,B0085TF48G,0.3770241141319275,0.005571961402893066
shirt,B009QR94S2,B005YJAP3O,455,0.11273228377103806,B001SN7QH8,0.28170162439346313,0.006956636905670166
shirt,B00BHA7IBG,B003C1R750,37,0.24491938948631287,B006IJVUYW,0.34589171409606934,0.021046161651611328
shirt,B0036C4NFW,B002OT93GM,2966,0.04707350581884384,B00D1FDE68,0.2954500913619995,0.032483458518981934
shirt,B007G03S2Y,B00B60JFFO,48,0.2508155405521393,B003R4ZAII,0.35532718896865845,0.022915899753570557
shirt,B00CDT7FHM,B00A5GM3RC,86,0.23016515374183655,B006L2ZOXO,0.35061243176460266,0.013776391744613647
shirt,B00F6886DY,B006YDMYCY,4918,0.003914519678801298,B0025V4H4M,0.29596298933029175,0.006284773349761963
shirt,B007E9SJSU,B00AF3YKSA,95,0.21834108233451843,B00AKAD912,0.3684064745903015,0.01124870777130127
shirt,B005EJDQ0S,B00AYVSZ4I,36,0.21163314580917358,B004QYK7I6,0.2731872797012329,0.003742903470993042
shirt,B003BP07R2,B00AEYXOX2,897,0.08481555432081223,B003NZKZQS,0.24576431512832642,0.005272582173347473
shirt,B004KV0604,B00DJ6QOUC,133,0.20139065384864807,B00C518TIM,0.3246663212776184,0.005202174186706543
shirt,B00D7SXFS6,B00CPHNAQ2,1400,0.058768726885318756,B008Y7GGGI,0.2843610346317291,0.011123090982437134
shirt,B003RW8XFW,B007ULMQO0,180,0.17976979911327362,B007KT2LXS,0.3231251835823059,0.0008604526519775391
shirt,B00166XERS,B00579E6JK,13,0.3381897211074829,B004S7ERQ4,0.41660261154174805,0.03564274311065674
shirt,B0013WHNO0,B001JP5KAA,93,0.1975696086883545,B003FGW8MO,0.36301326751708984,0.03825432062149048
shirt,B00BJ90X7Q,B001TYLKNM,12,0.2605583071708679,B00AAQT6ZY,0.3064899146556854,0.0002510249614715576
shirt,B009JJG3JA,B00D2CXAOG,1,0.3749596178531647,B00D2CXAOG,0.3749596178531647,0.05743497610092163
shirt,B00018A8ZI,B002CMLPNK,546,0.12142041325569153,B00BQ1QHVI,0.3243793845176697,0.03246021270751953
shirt,B005HF6TGW,B0053H927W,637,0.10024592280387878,B009I531XG,0.3425586521625519,0.011435121297836304
shirt,B00D8YF87U,B00DVHNG2I,301,0.16140104830265045,B0041FZUL4,0.382412850856781,0.03663206100463867
shirt,B006NR72OQ,B004NES8GW,153,0.14766207337379456,B00C4YRJKO,0.29402899742126465,0.006573379039764404
shirt,B009ZGNJ6W,B00A7BYWM4,1522,0.06521190702915192,B009ZGNERG,0.2776970863342285,0.006036520004272461
shirt,B0001TOU74,B0042AOT8S,169,0.1619553416967392,B0001TPBGI,0.3273549973964691,0.017202109098434448
shirt,B0081ST50O,B00865CPJ0,107,0.179549902677536,B00ATREDFC,0.2844488024711609,0.006317764520645142
shirt,B004TNLWVA,B00AAHPHQA,66,0.24039150774478912,B000RZ3L68,0.350151002407074,0.002923130989074707
shirt,B00AJODAOA,B006D40LJW,12,0.2815953493118286,B004HZFI9C,0.3789721429347992,0.0462629497051239
shirt,B000CP9TY6,B001QJ2EXA,301,0.13634245097637177,B0007R8KA8,0.29553788900375366,0.03652453422546387
shirt,B0085X31DC,B009XE4O7E,1,0.3596494793891907,B009XE4O7E,0.3596494793891907,0.023127079010009766
shirt,B001GW13QG,B000YHJDOI,82,0.23936691880226135,B0051UW60Q,0.3661841154098511,0.0021792054176330566
shirt,B00509NSFU,B00BOO7OLO,105,0.1945319026708603,B005TGMERW,0.31292158365249634,0.005396038293838501
shirt,B002YL3YQ0,B005TVEOKW,37,0.3043540120124817,B0045VQCWA,0.4050404727458954,0.03569677472114563
shirt,B002R7U7Q6,B00ABBX8FW,1439,0.06863836944103241,B003PVIL0W,0.296170711517334,0.002376735210418701
shirt,B006ZJUB8G,B003WF2ECW,12,0.28640833497047424,B00B2ZMJOM,0.32518070936203003,0.006382465362548828
shirt,B0064DPOAS,B00AR1XB9O,16,0.34340983629226685,B003ZAH3AM,0.38873809576034546,0.01227426528930664
shirt,B007QQVE7E,B00CIA7QKW,28,0.21987353265285492,B007PWXB1Q,0.28586629033088684,0.004784494638442993
shirt,B00B2HDZ98,B00B2FIHBQ,56,0.23166605830192566,B00428MH0C,0.35507214069366455,0.009726017713546753
shirt,B0085X31DC,B00BP4RT2C,17,0.322421133518219,B00CBDH8EA,0.36554157733917236,0.0065514445304870605
shirt,B00E3QSK2W,B006G7OC46,16,0.34225839376449585,B007CGRWWY,0.3766159415245056,0.0073136091232299805
shirt,B0085OX8LQ,B004G09EE8,5,0.3600873351097107,B008JY17D8,0.3748810589313507,0.00671115517616272
shirt,B008RJTPT8,B007JR83CE,4338,0.005082444753497839,B009XE4O7E,0.3129377067089081,0.022664546966552734
shirt,B009ADCOP2,B006ZP60QC,111,0.2069835066795349,B001GW13QG,0.3644225001335144,0.032353371381759644
shirt,B003BSOA0Y,B009IQIZA4,60,0.17368558049201965,B00C9TMASA,0.2547090947628021,0.004571735858917236
shirt,B007HRO9B0,B005DIJKXW,33,0.2848600447177887,B00A2NMCV0,0.33964407444000244,0.0024823546409606934
shirt,B00C51HF46,B007P885ZC,242,0.1601647138595581,B00C3TJJ9E,0.3481941819190979,0.02342665195465088
shirt,B003R4ZLE6,B0007QCPPK,1,0.2820664048194885,B0007QCPPK,0.2820664048194885,0.007776856422424316
shirt,B0071BJQVU,B000N4TP72,11,0.29559630155563354,B000EXUEZ4,0.34378328919410706,0.018651336431503296
shirt,B008FVT2Y6,B00E8IO0VA,110,0.23897866904735565,B002KHN3Z0,0.336969256401062,0.006851255893707275
shirt,B00BF9FBJ0,B00A8OL6PG,72,0.21487849950790405,B009LM1ZJS,0.31472644209861755,0.013948321342468262
shirt,B0051EPWF8,B00C6A3ODM,19,0.26876893639564514,B00BHIZILK,0.33143115043640137,0.003314793109893799
shirt,B008ILTI24,B00A2BD56I,203,0.139820396900177,B007A2ULQO,0.3155711889266968,0.04066544771194458
shirt,B000PHI5L4,B0049U3VGW,1537,0.0775926411151886,B00706XMX4,0.31378456950187683,0.0024347007274627686
shirt,B000NBOIZE,B002P7569Q,396,0.1312503069639206,B0072D7E0C,0.3141123652458191,0.004683494567871094
shirt,B003JY6WY2,B004JHRX5A,873,0.11612395942211151,B004G71M28,0.35156524181365967,0.003218352794647217
shirt,B001CFA16A,B0016KDSRU,4,0.35621532797813416,B004L0KZOQ,0.3636147975921631,0.004287540912628174
shirt,B005XI84F2,B00C7P5QGY,11,0.3637356758117676,B00B07YQLG,0.39446982741355896,0.005793541669845581
shirt,B000BQ09GS,B0068UBR1W,1074,0.09081875532865524,B0012M4VB4,0.22516807913780212,0.006763488054275513
shirt,B0064R5VW0,B00C9RVPME,156,0.18214446306228638,B007JFEWQW,0.38814759254455566,0.0493607223033905
shirt,B009F7NHDQ,B00EMT9N4E,191,0.1727268546819687,B0001TPBGI,0.3587946891784668,0.02674579620361328
shirt,B006X1BA90,B002S0NVEW,169,0.17928177118301392,B006MZQT20,0.3206539750099182,0.0
shirt,B00644P0N8,B00E7YEAEM,130,0.16871626675128937,B001MX8V8C,0.30319634079933167,0.022021561861038208
shirt,B0036XODB0,B00743YLR4,7,0.3110272288322449,B003BM95QY,0.33678874373435974,0.003006458282470703
shirt,B004JZY5H6,B0030ZR9TC,6,0.3536543548107147,B006Y5SM2I,0.3820573091506958,0.007716566324234009
shirt,B004FN2OYI,B00C865OS2,2391,0.06069295108318329,B008E0N29E,0.2747500538825989,0.003711521625518799
shirt,B00A9WRH00,B009K8BJJY,70,0.21057891845703125,B00DEE3LC8,0.32186388969421387,0.005888223648071289
shirt,B00AX46SOA,B00D83LFBO,700,0.10821313410997391,B006OYGCKS,0.3250633478164673,0.01631695032119751
shirt,B008KAC0E6,B007POR2M8,28,0.30149006843566895,B00BUIZB1O,0.3901015520095825,0.030764281749725342
shirt,B001MX8V8C,B00B5TV78E,4154,0.007017605006694794,B003ZKB0O2,0.3362898826599121,0.05142843723297119
shirt,B00CC0TY1W,B00AZLH99O,21,0.2994655966758728,B003K1MIYW,0.35348302125930786,0.0025178492069244385
shirt,B0096LL2W4,B001M1JBYW,196,0.14975684881210327,B00FM5WA1K,0.2827480137348175,0.025770634412765503
shirt,B007KDY2GI,B004U9INTW,88,0.2001011073589325,B009PXV0JS,0.2685233950614929,0.0046021342277526855
shirt,B004GB3XJ4,B004QU6XU6,508,0.11153626441955566,B0052IW6MU,0.2725239396095276,0.008769184350967407
shirt,B0085X0R6Q,B006H4JR84,32,0.2840901017189026,B007AEUC98,0.3635284900665283,0.008952349424362183
shirt,B009OKKA5W,B0058JIFRI,41,0.24821904301643372,B003QCGEVS,0.3526986837387085,0.014764755964279175
shirt,B003AQQ370,B0012ECKFG,3028,0.048209451138973236,B003UWAHE4,0.29512545466423035,0.008986681699752808
shirt,B005GL63X6,B00667268A,787,0.10611314326524734,B0077DT5SG,0.3073121905326843,0.0007758736610412598
shirt,B001YIOAOE,B008C72B7S,1004,0.08361242711544037,B004RRB10U,0.3090919256210327,0.02749311923980713
shirt,B0068549E4,B00DVX894M,51,0.24687416851520538,B00CLZVGAA,0.3653814196586609,0.007353425025939941
shirt,B005X5L6SC,B00BF6L5HA,41,0.25041621923446655,B00C96U8RI,0.35509413480758667,0.010017365217208862
shirt,B002X115DK,B000SXEG5Y,376,0.1299288421869278,B0002X4R18,0.3597482740879059,0.0009315907955169678
shirt,B00AFJTU0M,B00AFJQH0I,48,0.24712029099464417,B00B27IIPE,0.39031869173049927,0.03518956899642944
shirt,B0074TVTM8,B002UKTZM2,1,0.3380696177482605,B002UKTZM2,0.3380696177482605,0.00238955020904541
shirt,B0080WWFFS,B00BSJZ7HS,5,0.35595452785491943,B000VTIGTC,0.368685781955719,0.003888726234436035
shirt,B00916YLW2,B007ZOLQC0,5413,-0.022170720621943474,B004JHM9E0,0.3106744885444641,3.832578659057617e-05
shirt,B000GA5YPK,B000MN87D2,1,0.3496413230895996,B000MN87D2,0.3496413230895996,0.02152007818222046
shirt,B000TFWVQ2,B004EPYKO4,56,0.22264236211776733,B00A2BE440,0.3239767253398895,0.035444825887680054
shirt,B00BIFZU4C,B007CGRWWY,62,0.2738485336303711,B008FVT2Y6,0.36143192648887634,0.010068923234939575
shirt,B0079K0YBO,B00E3WVAD2,97,0.21016952395439148,B009XWWJV4,0.36360710859298706,0.019336968660354614
shirt,B004VUFJK6,B0041IVTJ8,66,0.22356712818145752,B005NYBNEU,0.3582457900047302,0.024418920278549194
shirt,B003IT639C,B0098GE6OI,7,0.3100009858608246,B009W84IN6,0.3653853237628937,0.029292166233062744
shirt,B004YZINB0,B00AZIAY1W,104,0.22781500220298767,B00AOJHF8M,0.34209078550338745,0.0005677342414855957
shirt,B006FSM7V6,B002CIZP3K,4705,-0.004438134375959635,B008F9SIZ2,0.31298965215682983,0.03321400284767151
shirt,B004OYVAIY,B007RAZYIO,62,0.2599593698978424,B003QCGEVS,0.40613341331481934,0.0013315677642822266
shirt,B004L6PSCO,B007PET9GA,21,0.2805172801017761,B00CBU9L4I,0.3432875871658325,0.0036603212356567383
shirt,B004N86414,B005U1WRFK,156,0.17141306400299072,B00E3Z2XFS,0.3441586494445801,0.03492632508277893
shirt,B007KREYFI,B008FRAUFU,24,0.22901588678359985,B0071BTE94,0.3447984457015991,0.011870086193084717
shirt,B002RL9T2U,B00801Q8P2,1854,0.06678125262260437,B001682VCU,0.34936070442199707,0.02236121892929077
shirt,B006ZZV0L2,B00BW5K82C,80,0.20863863825798035,B004O3ZBXU,0.31776997447013855,0.0011296272277832031
shirt,B0053DV6AW,B007Q8O26C,9,0.3389781713485718,B006042IYG,0.3698388934135437,0.0071697235107421875
shirt,B00BGVS61W,B008RMD8M0,78,0.19972491264343262,B00AVMPTQM,0.3102714717388153,0.02071678638458252
shirt,B00BIFZU4C,B00CAL68WQ,28,0.2548743188381195,B00699EPO8,0.3101150393486023,0.004736661911010742
shirt,B009LJPSV2,B00DNQCFP6,6023,-0.05343322455883026,B008K1QJ5G,0.3537524938583374,0.01207992434501648
shirt,B00517ABLA,B00CUL3A2M,1117,0.07570242881774902,B00A474TQU,0.3500503599643707,0.0035474002361297607
shirt,B00DSOHOBI,B00AWA4RF2,40,0.2619403302669525,B0085TF5BM,0.3693948984146118,0.015929698944091797
shirt,B001COZVCU,B000QHEOR2,71,0.2270122766494751,B007XJBPT6,0.2915138602256775,0.0004933178424835205
shirt,B000MYC2YG,B0057XC4P4,79,0.2601017653942108,B004308MPI,0.3585593104362488,0.006459951400756836
shirt,B001G0D1TA,B00GA1Q00M,961,0.08988439291715622,B00AAG5H5C,0.2580322027206421,0.008432462811470032
shirt,B00AZIB1DM,B008ZB50KG,63,0.26749634742736816,B002OV5EJU,0.3526478409767151,0.013027667999267578
shirt,B004MYFRVW,B005407FGI,1,0.3450944423675537,B005407FGI,0.3450944423675537,0.017351984977722168
shirt,B005XIGH92,B005XIGOL8,46,0.20276597142219543,B004B70D8M,0.286970317363739,0.012150853872299194
shirt,B001BISBCY,B00F96M5LC,68,0.25461259484291077,B000E22CFA,0.3510875105857849,0.006537437438964844
shirt,B00A9YBC0Y,B007Y4P08W,51,0.2996227741241455,B007LVJSW2,0.3620171546936035,0.003279447555541992
shirt,B009XE4MIA,B005FSOBZW,1,0.31206759810447693,B005FSOBZW,0.31206759810447693,0.005025893449783325
shirt,B001G0TKF4,B004PKPM2C,214,0.14883990585803986,B006BEONRA,0.3013378381729126,0.0273207426071167
shirt,B00AY2G1MU,B003ZKB0O2,2378,0.051263146102428436,B007TRAE4O,0.3501918613910675,0.0070077478885650635
shirt,B00BGVUTBC,B00AYGEYL6,10,0.33476904034614563,B009W84IN6,0.389390766620636,0.008429110050201416
shirt,B001S2PP5E,B001S2PQ0S,138,0.16851438581943512,B009L4ZBNM,0.26249250769615173,0.005534827709197998
shirt,B007XX6790,B00A7DSIHM,35,0.28891777992248535,B00853SE8E,0.357967346906662,0.00854751467704773
shirt,B009B5OVU0,B006CWV270,1631,0.06694614887237549,B00C51HF46,0.32974836230278015,0.01595744490623474
shirt,B00A2URGOG,B008EZTK2M,80,0.21377357840538025,B001AN3MOC,0.328226238489151,0.012130439281463623
shirt,B0033BGD0E,B00B4YIHJ2,279,0.15023690462112427,B00DDNCO2I,0.3274259567260742,0.004919648170471191
shirt,B008E0UE6I,B0076S3F88,4,0.3016496002674103,B003C7NPA0,0.32461175322532654,0.0026052892208099365
shirt,B009279FB2,B006RI31XW,5514,-0.012882119975984097,B002AT6HYM,0.3492690324783325,0.028360217809677124
shirt,B0038OVKR2,B001MDCLH4,30,0.2766572833061218,B00ARCXAHG,0.33159124851226807,0.008766144514083862
shirt,B008F061QO,B004RL9ZEU,45,0.21394236385822296,B00BQ1QHVI,0.29376327991485596,0.010188490152359009
shirt,B003WEQMDU,B003WESSNM,145,0.21333929896354675,B008351BMA,0.36515846848487854,0.01036641001701355
shirt,B0017MXLL0,B00687SPR4,211,0.17029595375061035,B003SK9GCC,0.34538835287094116,0.03310081362724304
shirt,B00BOO7OLO,B0071MR88M,2126,0.04671002924442291,B009ZYWSPW,0.2951342463493347,0.017951935529708862
shirt,B00B3PKZUG,B00B3PNS5K,955,0.0962531566619873,B0084ERQFG,0.34773683547973633,0.01940479874610901
shirt,B00CFZQIUE,B00F1Z73G8,37,0.22302263975143433,B0007R8KA8,0.38416582345962524,0.050685763359069824
shirt,B007OXCG1C,B003ZU55K2,54,0.24876311421394348,B004XWMCZC,0.34667253494262695,0.004469811916351318
shirt,B00BMR73SC,B00B7E2L8W,424,0.12805402278900146,B00F9JAU98,0.30126315355300903,0.01466524600982666
shirt,B0064RL2BY,B00776GNBU,49,0.27868178486824036,B004RMP7P0,0.35694819688796997,0.0003986954689025879
shirt,B006VY6A12,B00527M7SO,30,0.2519639730453491,B005KN1S9Y,0.3836270868778229,0.02098986506462097
shirt,B008YCX6KC,B00BJJJ6YM,83,0.22871461510658264,B003WE90FW,0.3477124571800232,0.008658826351165771
shirt,B00B3PNS5K,B007JSCBD0,87,0.17833343148231506,B00BP47QWK,0.3232463002204895,0.01946359872817993
shirt,B00BK77UC8,B00AO7K6TE,56,0.2584594786167145,B000BNSGDY,0.34432268142700195,0.0009638071060180664
shirt,B00BGVS61W,B001M5E0BC,250,0.1410604566335678,B006RI34ZC,0.30934590101242065,0.018046677112579346
shirt,B00BK77UC8,B00A0M1UHA,57,0.2369895875453949,B000O5K8LC,0.3373841345310211,0.007750898599624634
shirt,B002UQJENQ,B0064OQR26,33,0.2249818593263626,B0077RS0VU,0.322277307510376,0.020759880542755127
shirt,B00593M4M0,B004N1BFR4,5924,-0.0541134774684906,B00BOO7OLO,0.30365195870399475,0.016000807285308838
shirt,B006IE7JLA,B003OYJO5Q,41,0.325289785861969,B00ATSWF9C,0.40366578102111816,0.0017928779125213623
shirt,B00018A8ZI,B003LLZBK4,853,0.10664229094982147,B00CL0541M,0.2577958106994629,0.003341764211654663
shirt,B00B71EDRC,B00DQ5PBSM,142,0.21052773296833038,B005DIKT8C,0.36058133840560913,0.009474515914916992
shirt,B008KAC0E6,B00ABU0V4Y,4886,0.003445301204919815,B009E9J5HC,0.3289198577404022,0.0009585320949554443
shirt,B009VIGPC4,B00DR5TW2M,1078,0.1022123247385025,B009LM1ZJS,0.32981860637664795,0.0012910664081573486
shirt,B0050TEWVO,B0060H4ZWQ,244,0.1626904010772705,B00BSM4OC4,0.3101831078529358,0.0006319880485534668
shirt,B009PTECLU,B0090OIMUW,3,0.2927934527397156,B00DM8KA7U,0.35889461636543274,0.05497080087661743
shirt,B0052D1RXE,B009QR8LS6,156,0.1895880252122879,B005J0Q8SE,0.3153265118598938,0.002217233180999756
shirt,B00C3TWRM0,B0084NYJ5C,18,0.2549458146095276,B003TP2GXM,0.2962862551212311,0.006701827049255371
shirt,B003BWWH8M,B0060K7MEG,46,0.18962308764457703,B007XX6790,0.26185524463653564,0.007865190505981445
shirt,B003YUBTBM,B008VI0ZP8,35,0.2517600357532501,B0006GH2C2,0.35521790385246277,0.011256307363510132
shirt,B00AREPLXK,B00AWK9TGE,29,0.30450159311294556,B00C96U8RI,0.37938952445983887,0.006204068660736084
shirt,B003EEN7MM,B007ZU2UVU,4813,-0.0029525822028517723,B00GXFHVYE,0.3172779083251953,0.01739451289176941
shirt,B002BOHPNS,B008AXCUF2,140,0.1871957778930664,B00EW46JWS,0.2991178035736084,0.001842200756072998
shirt,B0049EODT2,B00BBSZEQ0,55,0.24404247105121613,B00EDT0SME,0.3296900987625122,0.0038812458515167236
shirt,B000CP9TY6,B0007R8KA8,7,0.2762419581413269,B007VYSBSG,0.37688571214675903,0.006262689828872681
shirt,B00B71EDRC,B009DCZT8Y,55,0.26541367173194885,B00CYMFFVQ,0.3496333360671997,0.000579833984375
shirt,B006QSYMFO,B009E9J5HC,11,0.32178744673728943,B0085TF48G,0.3775235414505005,0.02003917098045349
shirt,B004XASV0O,B004Z5EMUK,5,0.3204200565814972,B00B3PNS5K,0.34345656633377075,0.000905156135559082
shirt,B00DV4AIL8,B00BIFZU4C,2686,0.07595169544219971,B0077B81O2,0.2805943489074707,0.00694197416305542
shirt,B004M45KQ4,B00A8RGFO0,139,0.19144205749034882,B00AR0ARLK,0.3250941038131714,0.003853738307952881
shirt,B0058XVNC8,B0058Y7AYM,16,0.3363324999809265,B007VN04BO,0.4057745337486267,0.0031197071075439453
shirt,B009G0S8CM,B008135X1Y,15,0.3147112727165222,B006FKPRU2,0.36219117045402527,0.018054157495498657
shirt,B000Q53KRE,B004GIZYTE,44,0.2669076919555664,B003XRDBAS,0.39652425050735474,0.00893479585647583
shirt,B005W44GZO,B007PZ3WIA,14,0.3086259663105011,B009UWS7EK,0.3653179407119751,0.0017417073249816895
shirt,B00F96M5LC,B0081TJWXI,11,0.2619905471801758,B001WAL2UE,0.3108336329460144,0.006602883338928223
shirt,B0077RZYKA,B001QSG162,69,0.2742879390716553,B004LZFT42,0.36863845586776733,0.0017285346984863281
shirt,B00D9ZW3I0,B00FXJ5T22,2275,0.05318107828497887,B000GRA0YS,0.28005850315093994,0.017355382442474365
shirt,B0085HCN82,B0085HBOPA,17,0.35724830627441406,B00C40UY28,0.4115339517593384,0.0038645267486572266
shirt,B00166XERS,B008B10SOS,3492,0.02531856670975685,B004UVBZ6I,0.3252626061439514,0.01921766996383667
shirt,B00AHAH7B8,B0085UC7EY,320,0.15279443562030792,B008FWE8AS,0.3471643924713135,0.018720030784606934
shirt,B00066ZKS0,B003T0G1LU,4,0.3185361623764038,B003FGW8MO,0.34442681074142456,0.002731531858444214
shirt,B0089ODSU8,B002RV2BWA,162,0.17407283186912537,B005HIQ9KA,0.3395914137363434,0.01983851194381714
shirt,B003INE0Q6,B000MX1M98,1115,0.08690888434648514,B00B5BR0RY,0.25064805150032043,0.012101143598556519
shirt,B004VSE9CM,B009PPO9KI,314,0.12875066697597504,B001W2M4PE,0.26550325751304626,0.002030789852142334
shirt,B000U6KLMG,B005TF42KA,54,0.23378194868564606,B004CSBQAY,0.3579552173614502,0.018524169921875
shirt,B007P28IKK,B004GGUA9U,49,0.2280852496623993,B005LC6BWS,0.33731335401535034,0.025161564350128174
shirt,B00G6UFA94,B0096SKKJS,742,0.10547949373722076,B001MX8V8C,0.31792151927948,0.00919380784034729
shirt,B005TG0JTW,B00AHEZ29I,2,0.31746262311935425,B000YICIYE,0.3303420841693878,0.01287946105003357
shirt,B001MIMB1A,B000JOVTW0,71,0.26815974712371826,B005HWTURA,0.3458614945411682,0.020610421895980835
shirt,B00BJO34NG,B002GCIN54,31,0.2428017109632492,B001DIKL4I,0.3193786144256592,0.015521407127380371
shirt,B00318CIIA,B003LYYQF2,403,0.13966767489910126,B009L4ZBNM,0.31465762853622437,0.0002943277359008789
shirt,B002UQJENQ,B0085VJ4Y4,864,0.08488934487104416,B004UHPEU0,0.3638438582420349,0.01543360948562622
shirt,B000TYT49U,B00CADKWXK,66,0.22163420915603638,B00C68VOYA,0.305098295211792,0.02414381504058838
shirt,B0011MNWSI,B005OCDS94,142,0.14597371220588684,B003UPUYIA,0.24756821990013123,0.01828177273273468
shirt,B00CH1JZ92,B008HK470O,364,0.13072335720062256,B000REM4EE,0.28636080026626587,0.008757591247558594
shirt,B004KV0604,B0040NB3PE,70,0.2059294581413269,B004KSSKXW,0.30588769912719727,0.03295022249221802
shirt,B0085HBOPA,B00AAQTMT4,37,0.2552802562713623,B0068YW1EA,0.33587443828582764,0.014672517776489258
shirt,B004HTURAS,B00DS5HO0S,981,0.11763755232095718,B009X97PHK,0.3019908368587494,0.013552576303482056
shirt,B000F5LTXW,B000ID2PZ2,30,0.21720916032791138,B009ZYOM60,0.3241162598133087,0.020471692085266113
shirt,B00C40RA8Y,B00842GMLW,21,0.3055325150489807,B00BSM4OC4,0.37572425603866577,0.0035130679607391357
shirt,B00EUEB41G,B003XCKD3G,1005,0.08419178426265717,B00CWJ5K16,0.24415668845176697,0.0002693980932235718
shirt,B00AOJHF8M,B00AOJG2QS,42,0.26325827836990356,B007JH7A1E,0.3498055040836334,0.0035283267498016357
shirt,B004OKFF7K,B00774HYH4,70,0.19109919667243958,B0071N0J8M,0.2965106964111328,0.020062923431396484
shirt,B00C6A4LL6,B004XWMCZC,5,0.33519577980041504,B005VN36Q6,0.35540229082107544,0.010791152715682983
shirt,B00BCLMPQS,B004E5OGAM,2295,0.06052108481526375,B007UMCO3W,0.28172385692596436,0.005786240100860596
shirt,B009279FB2,B006RI34ZC,1550,0.08164489269256592,B000LVSFX2,0.29979032278060913,0.001961261034011841
shirt,B008135X1Y,B0024YV8R4,42,0.21079453825950623,B002DP8NB8,0.28630998730659485,0.0014844834804534912
shirt,B007JQKD7S,B00BFWJK0S,279,0.16604387760162354,B001S9X34W,0.34190312027931213,0.008778363466262817
shirt,B009IUQ4R6,B0038298J6,2645,0.051327913999557495,B003QCGEVS,0.38061314821243286,0.017052650451660156
shirt,B0013PPA8S,B0068UB0XC,397,0.12874968349933624,B0099812DI,0.2994670271873474,0.01028144359588623
shirt,B001G0D1TA,B008DXKT9S,546,0.0927964374423027,B002AT6HYM,0.31380921602249146,0.025654077529907227
shirt,B008MC2GY6,B007E4SN6S,4228,0.012166781350970268,B004M17U88,0.3078398108482361,0.014007598161697388
shirt,B005C91FL2,B005W8LMAC,664,0.1081993579864502,B008OUBLWO,0.3071407973766327,0.006691664457321167
shirt,B001WNSTAW,B0041YRX6K,4237,0.004412338137626648,B0064R5VW0,0.3520260453224182,0.009614527225494385
shirt,B008L40DC2,B006DUMY1O,2426,0.0497092641890049,B005N6Z3VW,0.3172234892845154,0.023091375827789307
shirt,B008H1MLOW,B008P4ZQMU,202,0.18053580820560455,B0041D811M,0.35631319880485535,0.015987664461135864
shirt,B00CACXSU0,B005OJ9D32,56,0.2068864107131958,B00861KWY4,0.283933162689209,0.0068270862102508545
shirt,B004G09IXK,B00842GS3O,78,0.2563444674015045,B007F85LVI,0.3763371706008911,0.016706347465515137
shirt,B001UFZIJ2,B00CC3WCLI,12,0.3286799192428589,B00079ZZA4,0.3796657621860504,0.008183062076568604
shirt,B004LYSV9I,B005HF6TGW,147,0.17111609876155853,B004BNNGUS,0.2879300117492676,0.0014911890029907227
shirt,B007T5JNJ8,B0089823LY,829,0.10190694779157639,B00CQLJ1Y2,0.40103679895401,0.07751977443695068
shirt,B007X4OJCQ,B006AD5HJA,439,0.13152897357940674,B0078SAF4S,0.29195183515548706,0.00749659538269043
shirt,B008F9SIZ2,B003RWG8KO,910,0.11084415018558502,B0058RUUH8,0.38698017597198486,0.06489431858062744
shirt,B003JY6WY2,B005CT0T8C,1,0.36773818731307983,B005CT0T8C,0.36773818731307983,0.021844089031219482
shirt,B0090UWAVI,B0099RQYTQ,1,0.3688485026359558,B0099RQYTQ,0.3688485026359558,0.024446934461593628
shirt,B00FV0FKXQ,B00B2856XA,302,0.13906165957450867,B00BQ1QHVI,0.35706087946891785,0.042409926652908325
shirt,B00DAMLQKS,B006QNBXC4,1333,0.06495921313762665,B007TZ3DNA,0.2851960062980652,0.00031816959381103516
shirt,B008MON3NC,B004G7LM8C,24,0.23753026127815247,B004OYVAIY,0.2991065979003906,0.011683344841003418
shirt,B00256FLCO,B003C9Z1L4,15,0.24794471263885498,B007UP0B4S,0.3144570291042328,0.021754354238510132
shirt,B001RXMRKU,B005ESA9SG,78,0.23524297773838043,B005S2A9SI,0.3637761175632477,0.02682223916053772
shirt,B0094J9WPM,B00CL4JTB4,1991,0.07026948779821396,B001S2PQ4O,0.33410894870758057,0.02481389045715332
shirt,B00EDKJAUE,B0087RWANS,11,0.3134492039680481,B00256FLCO,0.3500009775161743,0.006784707307815552
shirt,B00BFCV6A0,B003CMQITA,592,0.10354688763618469,B005J0Q8SE,0.35869264602661133,0.0327683687210083
shirt,B003U02384,B003UHLGZI,7,0.27519017457962036,B004JKDNB0,0.35073962807655334,0.051079005002975464
shirt,B009R7SGQW,B009H4RRGA,25,0.31929314136505127,B0067F9J1I,0.37073010206222534,0.00523829460144043
shirt,B007E9RDH8,B005I4MIO4,2844,0.044803667813539505,B007I6HU02,0.3971807360649109,0.03732508420944214
shirt,B0032HJXKG,B0089MW1E4,72,0.20757031440734863,B004KB7T18,0.3405478596687317,0.02308642864227295
shirt,B00CXMYX2E,B00DLBISG8,1549,0.07377466559410095,B00FXJ5QMA,0.29480305314064026,0.019547075033187866
shirt,B009IH5M86,B003DEBW70,3363,0.033161647617816925,B00A6X1ZHS,0.27231770753860474,0.004738867282867432
shirt,B00CDT7FHM,B00CKZ5XIW,1750,0.07000064104795456,B0018TCBXG,0.3002857267856598,0.013109773397445679
shirt,B00B3PNS5K,B0086EK3XG,424,0.12288056313991547,B00CDL2BX8,0.35189467668533325,0.00580260157585144
shirt,B002U0K0XA,B0032FPQ86,3755,0.02249244786798954,B00C7C7UT8,0.29180216789245605,0.023392915725708008
shirt,B0084ERQFG,B008392XJ6,290,0.13344724476337433,B006ZP4RPI,0.2661513388156891,0.00683709979057312
shirt,B005PQ02G6,B008D6Q7DC,4736,0.002036549150943756,B004QYK7I6,0.3314847946166992,0.005742847919464111
shirt,B005JQ2GP2,B000YHF5K4,6,0.25934165716171265,B004322WPW,0.2944662570953369,0.018899768590927124
shirt,B003C1R750,B00BCX3WRC,298,0.15150612592697144,B0065K71Z6,0.353418231010437,0.0229339599609375
shirt,B00AF3YKSA,B007E5DGBO,214,0.16568933427333832,B005F0NY26,0.4061267673969269,0.08475962281227112
shirt,B0087DW93S,B00851M3YW,990,0.07152695953845978,B008P8A022,0.2798842787742615,0.019920766353607178
shirt,B0042ZB3PA,B00479681K,391,0.11390089988708496,B00FM5WA1K,0.27547645568847656,0.0033486485481262207
shirt,B005LXFXIA,B00A0XKK98,489,0.12239351868629456,B001WSRW6Y,0.32725510001182556,0.03442546725273132
shirt,B008VD5WE2,B004XN5L1S,1,0.3823625445365906,B004XN5L1S,0.3823625445365906,0.01176556944847107
shirt,B004QZB40K,B0048KPZO4,9,0.3135964274406433,B004YHS8CW,0.35602042078971863,0.005741983652114868
shirt,B008PHCDA0,B00DNTZ00U,116,0.1764034628868103,B00BF9GWMU,0.3462941646575928,0.031295597553253174
shirt,B00C3TELTM,B00FOR1WUQ,43,0.23303928971290588,B00CQ9P4Q8,0.28818172216415405,0.001184999942779541
shirt,B00BGVUTBC,B00A163QXG,780,0.10330519080162048,B005KGF70M,0.3099825978279114,0.012375295162200928
shirt,B0019IT79C,B003OUW9KW,83,0.1967468410730362,B005LC6BWS,0.31162500381469727,0.02055180072784424
shirt,B004R6IQG8,B007PVC4R4,440,0.13783353567123413,B000FVAJZU,0.2868025302886963,0.004121690988540649
shirt,B004IWS9C2,B00CTSW4B4,22,0.25884124636650085,B005LBX3C0,0.3417583107948303,0.005657613277435303
shirt,B000VX05IS,B000S6TI72,108,0.21994495391845703,B007JQKPXA,0.37322384119033813,0.03728914260864258
shirt,B003WF2ECW,B00BXXX3PM,8,0.31674131751060486,B00CYMFFVQ,0.36386555433273315,0.019023418426513672
shirt,B002DQYGFE,B0088B8CM6,172,0.15810513496398926,B0096A37SW,0.301568865776062,0.0069595277309417725
shirt,B000ULWMIC,B00DTZAZUS,39,0.19229450821876526,B002ACG7TY,0.2973152697086334,0.02092108130455017
shirt,B0037A2O7W,B0067N9P32,4,0.34092167019844055,B001TB6OR2,0.3746311068534851,0.009932219982147217
shirt,B0089MUPWO,B00CS97P2C,119,0.2076570689678192,B007AHADCG,0.31840306520462036,0.002326101064682007
shirt,B001SN7QH8,B000XTO4KK,103,0.2008989453315735,B004KVG9TG,0.33344167470932007,0.005827784538269043
shirt,B00E5IEY3C,B004HZQTXG,20,0.2857745587825775,B00256FLCO,0.34836387634277344,0.00043770670890808105
shirt,B00AEJPFL6,B00AEJOVYS,107,0.16138046979904175,B0081365S4,0.30359381437301636,0.0435638427734375
shirt,B00A476WU6,B00C9VY1XU,13,0.30989623069763184,B0009X7URY,0.327698290348053,0.0054402947425842285
shirt,B000XK9KKI,B009RV4US6,3,0.3118157386779785,B000PNTVAC,0.32992255687713623,0.01788651943206787
shirt,B00C5KHZTM,B006Y5SM2I,135,0.18588000535964966,B006W969LW,0.34385377168655396,0.008860290050506592
shirt,B008QT38YW,B0009PRMSE,10,0.2470041811466217,B00BHIZILK,0.3225793242454529,0.04322689771652222
shirt,B002TSURL8,B000GG5PDK,170,0.18546897172927856,B004JVANK8,0.27829375863075256,0.0010121464729309082
shirt,B00GKENI2W,B00CJLMHKO,377,0.1430111825466156,B00A9WRDY0,0.3236117660999298,0.015560746192932129
shirt,B005F0JPDI,B008D8R4NC,171,0.18133269250392914,B003TW4V2Y,0.3117954432964325,0.0037429630756378174
shirt,B005O76QW0,B006O69E8S,1668,0.07457966357469559,B00DS3DSRS,0.300251841545105,0.01392906904220581
shirt,B005SYP7WO,B005LW3XZ6,16,0.2516530156135559,B00A1W30WW,0.28525158762931824,0.009929567575454712
shirt,B0094D2LWE,B0044BCR2U,4,0.34961238503456116,B005LBX3C0,0.3608379364013672,0.010121405124664307
shirt,B00A0NDRUC,B0048KRAWE,513,0.1304076910018921,B004DB7JYC,0.30347681045532227,0.0015140175819396973
shirt,B006042IYG,B006OK7ZM6,17,0.3455732762813568,B006ZZHEU8,0.3948672413825989,1.946091651916504e-05
shirt,B00BGKZEKY,B00DU8PH9I,498,0.13110609352588654,B006CWV270,0.3158659338951111,0.009779602289199829
shirt,B0096UD3FO,B00C3AD6OC,27,0.24781829118728638,B00A3G9HBO,0.312879741191864,0.0012385845184326172
shirt,B005G22KO6,B00D8V7G64,174,0.16323021054267883,B008BSWH22,0.30162566900253296,0.028694450855255127
shirt,B0084YZBAI,B005BSLCWQ,123,0.18011939525604248,B00861KWY4,0.26896777749061584,0.0038041770458221436
shirt,B00D2VC7VY,B001710FXS,173,0.15998253226280212,B000INV8FK,0.28954577445983887,0.00267106294631958
shirt,B005MKSBAE,B008MT8ASA,18,0.2371470332145691,B008GE8R34,0.3330721855163574,0.03254437446594238
shirt,B00CDT7FHM,B004ZI7LFU,142,0.17171163856983185,B001BWCHLG,0.27696508169174194,0.0009219050407409668
shirt,B004K2NSGM,B004U7I0SI,2,0.38071930408477783,B004BNNGUS,0.4055114984512329,0.024792194366455078
shirt,B00AK46JK6,B009EOL9ZI,10,0.34801149368286133,B00729O5LM,0.4084694981575012,0.021038442850112915
shirt,B00166XERS,B00CN9LEQK,40,0.27257853746414185,B0038MLMHC,0.3893298804759979,0.02943935990333557
shirt,B007T5JNJ8,B004C43LO2,57,0.21609732508659363,B00A1AFOFK,0.2926653027534485,0.004053562879562378
shirt,B00854N5U0,B009N29AO8,39,0.24909944832324982,B004IWHEAU,0.3369641900062561,0.005486518144607544
shirt,B004OKFF7K,B0071BJQVU,2,0.30701956152915955,B00774HYH4,0.3260345757007599,0.019015014171600342
shirt,B0068VM5T4,B003Y74AOI,13,0.32786595821380615,B00BUZKLF8,0.36288881301879883,0.015854328870773315
shirt,B00DEO35PQ,B009M1QCLE,1030,0.0675947368144989,B001S9X34W,0.3064170479774475,0.018923580646514893
shirt,B009G0S8CM,B00BJO34NG,33,0.26616764068603516,B0085O4Q7Q,0.3516232371330261,0.004417717456817627
shirt,B00BV2QNUM,B006WFFTTO,18,0.22134345769882202,B007P88LU6,0.3368184268474579,0.0007996559143066406
shirt,B000FQ9R62,B000B8K9MK,3,0.31527090072631836,B0084NYEPW,0.3201868236064911,0.003474682569503784
shirt,B0053OI72G,B007MD9MN4,179,0.22370386123657227,B005XXYY2O,0.34715837240219116,0.004855096340179443
shirt,B00BYIN01I,B004L6ZSVU,27,0.2704463601112366,B00C51HF46,0.32971251010894775,0.0018837451934814453
shirt,B006PGW58I,B007G1ZE0W,43,0.21850472688674927,B006QS2JEK,0.3074541687965393,0.009654492139816284
shirt,B000OFIYP4,B000EMUCTS,2,0.30332016944885254,B001CSIEPM,0.3132195472717285,0.009899377822875977
shirt,B0081GC10M,B009BHEGLM,87,0.20563291013240814,B002AT6HYM,0.32399773597717285,0.003391653299331665
shirt,B00974VG2G,B009DEHF2K,494,0.11884361505508423,B0073VMNT0,0.3337687849998474,0.001702427864074707
shirt,B005Y4L6KK,B00812S67S,3267,0.04265407472848892,B00G6VTGVQ,0.3180583715438843,0.020220577716827393
shirt,B00CH59Q38,B00AGEIWZK,126,0.18379825353622437,B0084DEM2W,0.3647967576980591,0.0055890679359436035
shirt,B0030DG7TC,B00C2O3K72,639,0.11905951797962189,B00CQA4HPQ,0.2735896706581116,0.00904315710067749
shirt,B00C2AXB66,B00A1QJ1TE,23,0.28078457713127136,B001SERZCS,0.3625677227973938,0.017111361026763916
shirt,B00680K0D8,B0050TB14K,33,0.29469066858291626,B0081PJDYA,0.39544761180877686,0.010715186595916748
shirt,B005AJ1Q7M,B006PGE428,80,0.18626785278320312,B0076IL5D0,0.2725945711135864,0.016162127256393433
shirt,B00CH1JZ92,B006U6ENVK,1,0.3878267705440521,B006U6ENVK,0.3878267705440521,0.01997441053390503
shirt,B005173VTO,B00BK77UC8,3192,0.03102564439177513,B00AK43YKO,0.3841840922832489,0.02908465266227722
shirt,B004F9QDFS,B008588ZPQ,7,0.29264524579048157,B006ZP4VBS,0.31347420811653137,0.015356689691543579
shirt,B00FN9J26Q,B004Y4G6XI,32,0.20642094314098358,B001QXC89G,0.25555384159088135,0.0048978328704833984
shirt,B006YDMYCY,B0099RSPBG,256,0.18339714407920837,B005174882,0.3632058799266815,0.020745903253555298
shirt,B001GW76D0,B00DBAV1K4,85,0.22654125094413757,B007LVJSW2,0.3349264860153198,0.00044867396354675293
shirt,B00CH59Q38,B004AHLE0Y,99,0.25032925605773926,B00729O5LM,0.34500381350517273,0.0006400644779205322
shirt,B00750Y3DI,B0083WOL16,8,0.32348018884658813,B003BZ8D8M,0.3668820261955261,0.020766466856002808
shirt,B001PLAIAU,B0084OPP72,156,0.21894848346710205,B005CZM4XE,0.3782140016555786,0.02047044038772583
shirt,B000RQO9S6,B007P88LU6,2715,0.036555420607328415,B008NZWUB6,0.3138846158981323,0.054117679595947266
shirt,B004R9DY4E,B005UZEMT0,51,0.24486896395683289,B000JM3A1A,0.346447229385376,0.012099623680114746
shirt,B003IWGZQA,B006SHCSEU,38,0.26152825355529785,B001KU855Q,0.3472896218299866,0.016327202320098877
shirt,B00B4XUVKG,B008L0BEAQ,126,0.22329792380332947,B00CSUPE4M,0.3556172251701355,0.0030977725982666016
shirt,B001LNGY1E,B00A81MMOS,3083,0.023928046226501465,B0031XDI1G,0.3338848650455475,0.0008060634136199951
shirt,B008B18A8Y,B0043EVFC6,92,0.2259327471256256,B004YO7ZNS,0.356712281703949,0.016420453786849976
shirt,B0064POSPI,B003UKCZBE,1688,0.08422007411718369,B004NIZR44,0.2944292724132538,0.004318356513977051
shirt,B004YOAT9A,B0048KPWFG,25,0.27985700964927673,B0051D3GF2,0.3789139986038208,0.026931196451187134
shirt,B0081D7EQQ,B007F85FQO,288,0.1637287437915802,B00EB0AN6Q,0.3362020254135132,0.04111063480377197
shirt,B005TON8VA,B004XVTPJO,32,0.21502353250980377,B0007R8KA8,0.3007487654685974,0.01865929365158081
shirt,B0085709D8,B0094S1AG2,49,0.23758158087730408,B00A8D0RMU,0.33818739652633667,0.002970188856124878
shirt,B00C3TJJ9E,B007ETIW0U,692,0.1203756183385849,B004A0BU3C,0.33521103858947754,0.006403416395187378
shirt,B0036SQCKK,B003ZHBS0Q,8,0.3271370828151703,B004SFV0ZC,0.34603628516197205,0.002493053674697876
shirt,B009QCMOO8,B005IYZ57Q,635,0.1200038492679596,B009170LGG,0.32532429695129395,0.007426053285598755
shirt,B009BDY8AA,B00BIXSATQ,1137,0.08479584008455276,B006WY71OQ,0.28491294384002686,0.0021473169326782227
shirt,B007VHEYAM,B0009ALW8U,2048,0.06721971929073334,B0054PCK4U,0.34330207109451294,0.020994365215301514
shirt,B00A87A77Q,B004LETUB6,31,0.2023807168006897,B002DP8NB8,0.2487301528453827,0.005640700459480286
shirt,B005R961PM,B00BXAFQ3W,506,0.11491797864437103,B009CGHQNW,0.28973156213760376,0.017578601837158203
shirt,B008JY0X4W,B004ORSH1E,8,0.28844884037971497,B00E6O0TO8,0.31042566895484924,0.00010925531387329102
shirt,B004YWBYNW,B008TQRQCM,11,0.3280791640281677,B007C3JGIU,0.35186439752578735,0.0035986900329589844
shirt,B009SNIEGW,B00ASK9HGA,3,0.26740753650665283,B007BRMYGS,0.3018414378166199,0.014269411563873291
shirt,B00AKYDNFA,B0083I6W08,146,0.19848547875881195,B00BL5C9FM,0.32431599497795105,0.004371315240859985
shirt,B005G4XMFK,B0095BJB1Y,673,0.09742109477519989,B008EF1L5G,0.3176359236240387,0.022393852472305298
shirt,B00BJXOE36,B004QQJAF0,8,0.2535020411014557,B00906L8L0,0.31722110509872437,0.027187854051589966
shirt,B008MATC54,B0096A1FVS,793,0.09920185059309006,B001PCBN9O,0.2999618947505951,0.011168092489242554
shirt,B0042RUEJY,B002MA2CMA,84,0.19771362841129303,B0091HI4VK,0.3124253749847412,0.022060811519622803
shirt,B009WVHAXI,B000FQ9R62,647,0.10244283080101013,B003XZ4HPI,0.3119223117828369,0.00045233964920043945
shirt,B003QAKA2Y,B000F49R5A,29,0.21246382594108582,B004UTATIU,0.2772218585014343,0.000823676586151123
shirt,B004VPW6HU,B004VPW5Y4,38,0.22166767716407776,B00BGVPUWK,0.2976887822151184,0.0049645304679870605
shirt,B0026HE9CU,B007U24CJ6,5661,-0.025956401601433754,B00D3DB5KU,0.3334125876426697,0.03738504648208618
shirt,B00CB7F3E8,B008R7FA3K,42,0.23089537024497986,B0041FZUL4,0.32249289751052856,0.01917177438735962
shirt,B004U9F624,B003NUSAYC,12,0.3628040552139282,B008H3VS94,0.393471360206604,0.008224785327911377
shirt,B00AGEIWZK,B005KWPGNE,14,0.25741469860076904,B008BZANP8,0.2938876152038574,0.0078105926513671875
shirt,B0083KGFLC,B005F4O56G,48,0.19895757734775543,B009RCOZGW,0.292679101228714,0.013654053211212158
shirt,B0042P6BVG,B00D78EKUS,78,0.2521742582321167,B0094IWPZM,0.34645986557006836,0.003172159194946289
